record_date,facility_id,region_type,blood_group,product_name,units_requested,current_inventory,forecast_demand,recommended_stock,inventory_gap,predicted_shortage_probability,shortage_risk_level,wastage_rate,expiry_risk,inventory_status,recommended_action
2023-02-01,BB_0077,urban,A_pos,group_O_neg_emergency,286,171.0,286.0,313.9,142.9,0.25,Moderate,7.02,Low,Adequate,Reorder Immediately
2023-06-01,BB_0118,urban,B_pos,cryoprecipitate,293,179.0,293.0,318.0,139.0,0.29,Critical,20.11,Moderate,Adequate,Reorder Immediately
2024-11-01,BB_0012,peri_urban,A_pos,fresh_frozen_plasma,291,178.0,291.0,316.0,138.0,0.23,Moderate,22.47,Moderate,Adequate,Reorder Immediately
2023-05-01,BB_0138,peri_urban,O_neg,packed_RBC,267,160.0,267.0,294.5,134.5,0.28,High,11.25,Low,Recovered,Reorder Immediately
2024-11-01,BB_0063,peri_urban,B_pos,whole_blood,277,169.0,277.0,302.8,133.8,0.29,High,21.3,High,Adequate,Reorder Immediately
2024-04-01,BB_0001,urban,O_neg,platelet_concentrate,283,179.0,283.0,310.9,131.9,0.31,Critical,20.67,High,Adequate,Reorder Immediately
2023-05-01,BB_0146,urban,A_pos,cryoprecipitate,283,180.33,284.33,310.7,130.4,0.18,Low,15.87,Moderate,Low Stock,Reorder Immediately
2024-10-01,BB_0041,urban,B_neg,packed_RBC,284,183.0,284.0,312.9,129.9,0.2,Low,14.75,Moderate,Adequate,Reorder Immediately
2023-12-01,BB_0014,urban,A_pos,packed_RBC,286,183.0,286.0,312.4,129.4,0.27,High,24.04,High,Low Stock,Reorder Immediately
2023-01-01,BB_0133,peri_urban,B_pos,whole_blood,280,177.0,280.0,305.8,128.8,0.22,Low,23.73,High,Low Stock,Reorder Immediately
2023-01-01,BB_0051,rural,A_pos,cryoprecipitate,283,181.0,283.0,309.4,128.4,0.31,Critical,17.13,Moderate,Adequate,Reorder Immediately
2023-08-01,BB_0013,peri_urban,A_neg,platelet_concentrate,288,185.0,288.0,313.2,128.2,0.29,Critical,10.81,Low,Adequate,Reorder Immediately
2024-11-01,BB_0097,urban,B_pos,cryoprecipitate,291,188.0,291.0,316.0,128.0,0.27,High,20.21,Moderate,Critical,Reorder Immediately
2023-12-01,BB_0088,peri_urban,B_neg,group_O_neg_emergency,280,180.0,280.0,307.1,127.1,0.32,Critical,25.0,High,Adequate,Reorder Immediately
2022-01-01,BB_0055,urban,O_neg,whole_blood,285,184.0,285.0,310.0,126.0,0.24,Moderate,20.11,High,Adequate,Reorder Immediately
2022-07-01,BB_0005,rural,AB_neg,fresh_frozen_plasma,286,190.0,286.0,315.7,125.7,0.27,High,22.63,Moderate,Recovered,Reorder Immediately
2021-06-01,BB_0120,peri_urban,B_neg,whole_blood,266,164.0,266.0,289.7,125.7,0.26,High,14.02,Moderate,Low Stock,Reorder Immediately
2024-01-01,BB_0141,urban,AB_pos,platelet_concentrate,272,170.0,272.0,295.6,125.6,0.27,High,14.12,Moderate,Recovered,Reorder Immediately
2023-03-01,BB_0122,rural,B_neg,group_O_neg_emergency,282,184.0,282.0,309.1,125.1,0.26,High,12.5,Low,Critical,Reorder Immediately
2024-01-01,BB_0009,rural,AB_neg,whole_blood,288,192.0,288.0,317.1,125.1,0.27,High,14.06,Moderate,Adequate,Reorder Immediately
2023-12-01,BB_0014,rural,B_pos,fresh_frozen_plasma,283,184.0,283.0,309.0,125.0,0.27,High,17.93,Moderate,Low Stock,Reorder Immediately
2022-05-01,BB_0035,urban,O_neg,platelet_concentrate,296,199.0,296.0,323.9,124.9,0.24,Moderate,14.07,Moderate,Recovered,Reorder Immediately
2023-07-01,BB_0096,urban,AB_pos,group_O_neg_emergency,293,195.0,293.0,319.4,124.4,0.23,Moderate,18.46,Moderate,Critical,Reorder Immediately
2024-07-01,BB_0107,rural,A_pos,cryoprecipitate,263,165.0,263.0,289.4,124.4,0.23,Moderate,17.58,Moderate,Low Stock,Reorder Immediately
2022-04-01,BB_0130,urban,A_neg,group_O_neg_emergency,269,170.0,269.0,294.2,124.2,0.27,High,18.24,Moderate,Adequate,Reorder Immediately
2022-10-01,BB_0008,peri_urban,AB_pos,platelet_concentrate,280,180.0,280.0,303.6,123.6,0.28,High,16.11,Moderate,Adequate,Reorder Immediately
2022-01-01,BB_0119,peri_urban,B_pos,packed_RBC,276,178.0,276.0,301.5,123.5,0.22,Low,19.66,High,Adequate,Reorder Immediately
2024-11-01,BB_0043,urban,B_pos,group_O_neg_emergency,276,182.0,280.0,305.3,123.3,0.25,Moderate,17.81,Moderate,Recovered,Reorder Immediately
2023-08-01,BB_0041,urban,B_pos,fresh_frozen_plasma,281,196.0,293.0,319.0,123.0,0.2,Low,11.6,Low,Adequate,Reorder Immediately
2024-05-01,BB_0136,urban,O_pos,group_O_neg_emergency,279,182.8,254.0,304.1,121.3,0.33,Critical,17.08,Moderate,Recovered,Reorder Immediately
2024-01-01,BB_0104,peri_urban,A_neg,platelet_concentrate,291,195.0,291.0,316.2,121.2,0.22,Moderate,20.51,High,Low Stock,Reorder Immediately
2022-01-01,BB_0058,rural,AB_pos,packed_RBC,283,191.0,283.0,311.7,120.7,0.21,Low,28.27,High,Adequate,Reorder Immediately
2023-11-01,BB_0029,urban,B_pos,packed_RBC,250,155.0,250.0,275.5,120.5,0.16,Low,21.29,High,Recovered,Reorder Immediately
2022-01-01,BB_0058,peri_urban,O_neg,fresh_frozen_plasma,294,198.0,294.0,318.3,120.3,0.21,Low,18.69,Moderate,Recovered,Reorder Immediately
2021-04-01,BB_0052,urban,B_pos,cryoprecipitate,284,189.0,284.0,309.0,120.0,0.19,Low,21.69,Moderate,Recovered,Reorder Immediately
2021-05-01,BB_0008,urban,A_neg,whole_blood,274,182.0,274.0,301.8,119.8,0.28,High,20.88,High,Low Stock,Reorder Immediately
2024-03-01,BB_0037,urban,A_neg,cryoprecipitate,276,180.0,276.0,299.5,119.5,0.21,Low,17.78,Moderate,Adequate,Reorder Immediately
2023-04-01,BB_0074,peri_urban,O_neg,whole_blood,286,192.0,286.0,311.0,119.0,0.25,High,22.4,High,Adequate,Reorder Immediately
2023-08-01,BB_0074,urban,A_neg,fresh_frozen_plasma,271,178.0,271.0,296.8,118.8,0.25,High,19.66,Moderate,Recovered,Reorder Immediately
2023-09-01,BB_0040,peri_urban,O_neg,cryoprecipitate,280,189.0,280.0,307.8,118.8,0.28,High,14.29,Moderate,Recovered,Reorder Immediately
2024-03-01,BB_0135,urban,AB_pos,packed_RBC,292,202.0,292.0,320.7,118.7,0.25,Moderate,14.36,Moderate,Critical,Reorder Immediately
2022-12-01,BB_0065,peri_urban,AB_pos,packed_RBC,282,192.0,282.0,310.7,118.7,0.32,Critical,11.98,Low,Adequate,Reorder Immediately
2023-08-01,BB_0070,urban,AB_pos,fresh_frozen_plasma,272,179.0,272.0,297.6,118.6,0.22,Moderate,18.44,Moderate,Adequate,Reorder Immediately
2024-06-01,BB_0127,urban,A_pos,fresh_frozen_plasma,272,179.0,272.0,297.0,118.0,0.24,Moderate,5.59,Low,Adequate,Reorder Immediately
2023-06-01,BB_0027,peri_urban,A_neg,group_O_neg_emergency,276,184.0,276.0,301.2,117.2,0.35,Critical,16.3,Moderate,Adequate,Reorder Immediately
2023-04-01,BB_0078,peri_urban,A_neg,group_O_neg_emergency,262,170.0,262.0,287.2,117.2,0.25,Moderate,13.53,Low,Adequate,Reorder Immediately
2023-12-01,BB_0075,urban,O_neg,platelet_concentrate,269,180.0,269.0,296.9,116.9,0.28,High,14.44,Moderate,Adequate,Reorder Immediately
2022-07-01,BB_0093,rural,B_neg,platelet_concentrate,274,182.0,274.0,298.9,116.9,0.29,High,10.99,Low,Recovered,Reorder Immediately
2024-07-01,BB_0114,peri_urban,A_neg,fresh_frozen_plasma,260,169.0,260.0,285.8,116.8,0.21,Low,14.2,Moderate,Adequate,Reorder Immediately
2024-12-01,BB_0090,rural,AB_neg,fresh_frozen_plasma,265,178.0,265.0,294.7,116.7,0.2,Low,22.47,Moderate,Adequate,Reorder Immediately
2023-07-01,BB_0083,peri_urban,AB_pos,fresh_frozen_plasma,282,191.0,282.0,307.6,116.6,0.29,Critical,11.52,Low,Recovered,Reorder Immediately
2022-12-01,BB_0147,urban,O_neg,packed_RBC,282,193.0,282.0,309.5,116.5,0.24,Moderate,21.24,High,Low Stock,Reorder Immediately
2022-01-01,BB_0040,urban,A_neg,group_O_neg_emergency,282,191.0,282.0,307.2,116.2,0.28,High,17.8,Moderate,Low Stock,Reorder Immediately
2024-05-01,BB_0064,urban,B_pos,whole_blood,298,193.5,283.5,309.3,115.8,0.12,Low,21.7,High,Low Stock,Reorder Immediately
2024-12-01,BB_0061,peri_urban,AB_pos,fresh_frozen_plasma,244,154.0,244.0,269.6,115.6,0.27,High,16.88,Moderate,Low Stock,Reorder Immediately
2023-09-01,BB_0104,peri_urban,AB_pos,platelet_concentrate,277,185.0,277.0,300.6,115.6,0.22,Moderate,11.89,Low,Recovered,Reorder Immediately
2022-02-01,BB_0094,urban,O_neg,packed_RBC,281,193.0,281.0,308.5,115.5,0.3,Critical,20.73,High,Recovered,Reorder Immediately
2022-08-01,BB_0107,urban,A_neg,cryoprecipitate,282,190.0,282.0,305.5,115.5,0.23,Moderate,22.11,Moderate,Adequate,Reorder Immediately
2022-11-01,BB_0030,peri_urban,AB_pos,whole_blood,245,152.0,245.0,267.5,115.5,0.27,High,19.74,High,Critical,Reorder Immediately
2024-09-01,BB_0011,rural,O_neg,group_O_neg_emergency,270,181.0,270.0,296.0,115.0,0.2,Low,18.78,Moderate,Critical,Reorder Immediately
2022-02-01,BB_0074,peri_urban,B_pos,cryoprecipitate,271,181.0,271.0,296.0,115.0,0.25,High,16.02,Moderate,Adequate,Reorder Immediately
2022-03-01,BB_0147,urban,B_pos,cryoprecipitate,268,178.0,268.0,293.0,115.0,0.24,Moderate,13.48,Low,Recovered,Reorder Immediately
2022-04-01,BB_0011,rural,A_pos,group_O_neg_emergency,293,206.0,293.0,320.9,114.9,0.2,Low,16.02,Moderate,Adequate,Reorder Immediately
2021-09-01,BB_0099,urban,A_pos,platelet_concentrate,278,189.0,278.0,303.7,114.7,0.15,Low,23.28,High,Adequate,Reorder Immediately
2022-09-01,BB_0112,peri_urban,O_pos,cryoprecipitate,292,178.67,267.0,293.3,114.6,0.28,High,16.06,Moderate,Recovered,Reorder Immediately
2023-05-01,BB_0019,rural,B_neg,cryoprecipitate,278,188.0,278.0,302.5,114.5,0.33,Critical,8.51,Low,Adequate,Reorder Immediately
2024-09-01,BB_0119,rural,A_pos,platelet_concentrate,274,186.8,261.0,301.3,114.5,0.22,Low,15.11,Moderate,Low Stock,Reorder Immediately
2023-07-01,BB_0126,urban,B_pos,packed_RBC,271,182.0,271.0,296.5,114.5,0.28,High,22.53,High,Critical,Reorder Immediately
2024-06-01,BB_0139,urban,A_pos,cryoprecipitate,271,178.0,266.0,292.4,114.4,0.25,Moderate,15.64,Moderate,Adequate,Reorder Immediately
2023-07-01,BB_0005,urban,A_pos,cryoprecipitate,263,175.0,263.0,289.4,114.4,0.27,High,14.86,Moderate,Critical,Reorder Immediately
2023-02-01,BB_0042,urban,B_pos,platelet_concentrate,259,171.0,259.0,285.3,114.3,0.24,Moderate,23.98,High,Adequate,Reorder Immediately
2023-05-01,BB_0136,peri_urban,A_neg,whole_blood,258,172.0,258.0,285.8,113.8,0.33,Critical,25.0,High,Adequate,Reorder Immediately
2023-04-01,BB_0116,urban,B_pos,group_O_neg_emergency,268,180.0,268.0,293.3,113.3,0.29,High,15.56,Moderate,Adequate,Reorder Immediately
2022-11-01,BB_0121,urban,B_pos,fresh_frozen_plasma,270,173.5,260.5,286.5,113.0,0.24,Moderate,19.61,Moderate,Critical,Reorder Immediately
2023-05-01,BB_0145,peri_urban,O_pos,whole_blood,228,182.0,251.8,294.9,112.9,0.22,Moderate,18.76,Moderate,Recovered,Reorder Immediately
2023-02-01,BB_0069,peri_urban,A_neg,fresh_frozen_plasma,256,169.0,256.0,281.8,112.8,0.15,Low,5.92,Low,Adequate,Reorder Immediately
2022-04-01,BB_0133,peri_urban,A_pos,platelet_concentrate,287,200.0,287.0,312.7,112.7,0.22,Low,15.5,Moderate,Adequate,Reorder Immediately
2024-04-01,BB_0087,urban,AB_pos,cryoprecipitate,260,175.0,260.0,287.5,112.5,0.21,Low,17.14,Moderate,Adequate,Reorder Immediately
2024-06-01,BB_0070,urban,A_pos,cryoprecipitate,260,174.0,260.0,286.4,112.4,0.22,Moderate,14.94,Moderate,Recovered,Reorder Immediately
2023-06-01,BB_0019,rural,A_neg,group_O_neg_emergency,262,173.5,260.5,285.7,112.2,0.33,Critical,18.34,Moderate,Adequate,Reorder Immediately
2024-08-01,BB_0129,peri_urban,A_pos,platelet_concentrate,201,196.67,258.0,308.8,112.1,0.28,High,19.49,High,Adequate,Reorder Immediately
2024-04-01,BB_0097,urban,B_neg,group_O_neg_emergency,269,184.0,269.0,296.1,112.1,0.27,High,19.02,High,Low Stock,Reorder Immediately
2024-03-01,BB_0052,urban,AB_neg,fresh_frozen_plasma,268,186.0,268.0,297.7,111.7,0.19,Low,18.28,Moderate,Adequate,Reorder Immediately
2022-01-01,BB_0025,urban,B_pos,group_O_neg_emergency,264,178.0,264.0,289.3,111.3,0.3,Critical,19.1,High,Critical,Reorder Immediately
2024-11-01,BB_0129,urban,B_pos,platelet_concentrate,250,165.0,250.0,276.3,111.3,0.28,High,4.85,Low,Adequate,Reorder Immediately
2023-12-01,BB_0089,rural,A_pos,whole_blood,281,189.67,274.0,300.8,111.1,0.29,Critical,10.83,Low,Recovered,Reorder Immediately
2022-02-01,BB_0117,rural,A_pos,group_O_neg_emergency,273,190.0,273.0,300.9,110.9,0.23,Moderate,22.11,High,Recovered,Reorder Immediately
2023-12-01,BB_0138,urban,A_pos,packed_RBC,280,191.0,275.0,301.4,110.4,0.28,High,11.68,Low,Adequate,Reorder Immediately
2022-06-01,BB_0028,urban,B_pos,group_O_neg_emergency,286,201.0,286.0,311.3,110.3,0.19,Low,3.48,Low,Adequate,Reorder Immediately
2024-04-01,BB_0069,urban,O_pos,packed_RBC,262,176.0,259.5,286.3,110.3,0.15,Low,17.61,Moderate,Low Stock,Reorder Immediately
2023-11-01,BB_0132,rural,B_pos,cryoprecipitate,256,171.0,256.0,281.0,110.0,0.23,Moderate,22.22,Moderate,Low Stock,Reorder Immediately
2022-03-01,BB_0030,urban,B_pos,cryoprecipitate,279,194.0,279.0,304.0,110.0,0.27,High,19.07,Moderate,Adequate,Reorder Immediately
2024-10-01,BB_0117,urban,O_neg,platelet_concentrate,268,186.0,268.0,295.9,109.9,0.23,Moderate,22.04,High,Adequate,Reorder Immediately
2024-12-01,BB_0073,peri_urban,A_neg,whole_blood,262,180.0,262.0,289.8,109.8,0.21,Low,20.0,High,Adequate,Reorder Immediately
2023-05-01,BB_0106,peri_urban,A_neg,cryoprecipitate,259,173.0,259.0,282.5,109.5,0.22,Low,17.34,Moderate,Low Stock,Reorder Immediately
2024-10-01,BB_0134,rural,AB_pos,group_O_neg_emergency,275,192.0,275.0,301.4,109.4,0.25,Moderate,15.63,Moderate,Adequate,Reorder Immediately
2024-10-01,BB_0142,rural,O_neg,fresh_frozen_plasma,279,194.0,279.0,303.3,109.3,0.2,Low,17.53,Moderate,Low Stock,Reorder Immediately
2023-05-01,BB_0042,urban,B_neg,group_O_neg_emergency,271,189.0,271.0,298.1,109.1,0.24,Moderate,12.17,Low,Low Stock,Reorder Immediately
2024-06-01,BB_0017,peri_urban,O_pos,whole_blood,274,193.0,276.5,301.8,108.8,0.26,High,20.14,High,Recovered,Reorder Immediately
2024-05-01,BB_0076,urban,AB_neg,whole_blood,283,182.0,261.5,290.6,108.6,0.21,Low,15.82,Moderate,Adequate,Reorder Immediately
2023-10-01,BB_0132,urban,AB_neg,group_O_neg_emergency,283,199.0,283.0,307.4,108.4,0.23,Moderate,23.12,High,Adequate,Reorder Immediately
2022-12-01,BB_0066,urban,O_neg,fresh_frozen_plasma,260,176.0,260.0,284.3,108.3,0.22,Moderate,11.36,Low,Adequate,Reorder Immediately
2022-10-01,BB_0144,urban,B_pos,group_O_neg_emergency,277,188.0,271.0,296.3,108.3,0.25,Moderate,17.33,Moderate,Adequate,Reorder Immediately
2023-03-01,BB_0080,peri_urban,A_pos,whole_blood,254,182.0,263.5,290.3,108.3,0.27,High,21.13,High,Adequate,Reorder Immediately
2022-08-01,BB_0042,urban,A_pos,group_O_neg_emergency,261,181.0,261.0,288.9,107.9,0.24,Moderate,11.05,Low,Recovered,Reorder Immediately
2024-05-01,BB_0070,urban,O_pos,cryoprecipitate,255,190.8,262.4,298.7,107.9,0.22,Moderate,19.31,Moderate,Adequate,Reorder Immediately
2022-03-01,BB_0097,peri_urban,A_pos,group_O_neg_emergency,258,178.0,258.0,285.9,107.9,0.27,High,15.17,Moderate,Low Stock,Reorder Immediately
2021-07-01,BB_0009,peri_urban,O_neg,cryoprecipitate,268,188.0,268.0,295.8,107.8,0.27,High,18.62,Moderate,Adequate,Reorder Immediately
2024-03-01,BB_0140,urban,B_pos,whole_blood,264,192.5,274.5,300.3,107.8,0.2,Low,13.86,Low,Low Stock,Reorder Immediately
2023-04-01,BB_0054,urban,A_pos,platelet_concentrate,269,187.0,269.0,294.7,107.7,0.28,High,13.9,Low,Recovered,Reorder Immediately
2024-05-01,BB_0051,urban,AB_pos,packed_RBC,291,212.0,291.0,319.7,107.7,0.31,Critical,11.79,Low,Adequate,Reorder Immediately
2022-05-01,BB_0100,urban,B_pos,group_O_neg_emergency,267,185.0,267.0,292.3,107.3,0.27,High,8.65,Low,Recovered,Reorder Immediately
2024-07-01,BB_0006,urban,A_pos,group_O_neg_emergency,271,190.25,269.5,297.4,107.1,0.22,Low,13.71,Low,Adequate,Reorder Immediately
2023-12-01,BB_0098,rural,O_neg,packed_RBC,260,191.0,270.5,298.0,107.0,0.23,Moderate,21.14,High,Low Stock,Reorder Immediately
2023-05-01,BB_0010,peri_urban,O_neg,platelet_concentrate,285,206.0,285.0,312.9,106.9,0.25,Moderate,16.5,Moderate,Low Stock,Reorder Immediately
2022-01-01,BB_0066,urban,B_neg,platelet_concentrate,251,169.0,251.0,275.9,106.9,0.22,Moderate,18.93,Moderate,Adequate,Reorder Immediately
2024-05-01,BB_0091,peri_urban,O_neg,platelet_concentrate,263,184.0,263.0,290.9,106.9,0.22,Low,20.65,High,Adequate,Reorder Immediately
2024-07-01,BB_0052,rural,A_pos,whole_blood,275,195.0,275.0,301.8,106.8,0.19,Low,14.87,Moderate,Adequate,Reorder Immediately
2021-01-01,BB_0005,rural,B_neg,whole_blood,256,173.0,256.0,279.7,106.7,0.27,High,12.72,Low,Adequate,Reorder Immediately
2024-06-01,BB_0146,urban,A_pos,platelet_concentrate,270,189.0,270.0,295.7,106.7,0.18,Low,12.17,Low,Adequate,Reorder Immediately
2022-06-01,BB_0021,peri_urban,B_pos,platelet_concentrate,274,194.0,274.0,300.3,106.3,0.26,High,17.01,Moderate,Low Stock,Reorder Immediately
2022-12-01,BB_0014,urban,AB_neg,whole_blood,268,191.0,268.0,297.1,106.1,0.27,High,17.8,Moderate,Low Stock,Reorder Immediately
2023-10-01,BB_0081,urban,O_neg,group_O_neg_emergency,276,196.0,276.0,302.0,106.0,0.26,High,9.18,Low,Adequate,Reorder Immediately
2023-07-01,BB_0117,urban,B_pos,cryoprecipitate,288,187.5,268.5,293.5,106.0,0.23,Moderate,19.48,Moderate,Adequate,Reorder Immediately
2022-12-01,BB_0036,peri_urban,A_pos,fresh_frozen_plasma,232,151.0,232.0,257.0,106.0,0.32,Critical,8.61,Low,Recovered,Reorder Immediately
2022-05-01,BB_0096,urban,A_pos,fresh_frozen_plasma,271,190.0,271.0,296.0,106.0,0.23,Moderate,5.79,Low,Adequate,Reorder Immediately
2023-05-01,BB_0060,rural,B_pos,cryoprecipitate,268,187.0,268.0,293.0,106.0,0.25,Moderate,20.86,Moderate,Recovered,Reorder Immediately
2024-06-01,BB_0079,urban,O_pos,cryoprecipitate,295,199.33,278.67,305.0,105.7,0.39,Critical,16.27,Moderate,Adequate,Reorder Immediately
2024-03-01,BB_0005,peri_urban,A_pos,platelet_concentrate,252,172.0,252.0,277.7,105.7,0.27,High,12.79,Low,Critical,Reorder Immediately
2021-08-01,BB_0060,urban,AB_pos,packed_RBC,276,199.0,276.0,304.7,105.7,0.25,Moderate,4.52,Low,Critical,Reorder Immediately
2024-03-01,BB_0120,urban,B_pos,packed_RBC,274,194.0,274.0,299.5,105.5,0.26,High,8.76,Low,Critical,Reorder Immediately
2023-05-01,BB_0121,rural,B_neg,fresh_frozen_plasma,263,188.0,263.0,293.5,105.5,0.24,Moderate,21.28,Moderate,Adequate,Reorder Immediately
2024-01-01,BB_0026,urban,B_neg,fresh_frozen_plasma,278,203.0,278.0,308.5,105.5,0.28,High,9.36,Low,Recovered,Reorder Immediately
2023-01-01,BB_0116,rural,B_neg,cryoprecipitate,253,172.0,253.0,277.5,105.5,0.29,High,2.33,Low,Adequate,Reorder Immediately
2024-11-01,BB_0039,urban,A_neg,fresh_frozen_plasma,263,185.5,265.0,290.8,105.3,0.32,Critical,18.26,Moderate,Adequate,Reorder Immediately
2021-08-01,BB_0064,urban,B_pos,group_O_neg_emergency,282,202.0,282.0,307.3,105.3,0.12,Low,18.32,Moderate,Recovered,Reorder Immediately
2024-11-01,BB_0041,peri_urban,A_pos,packed_RBC,276,188.5,267.0,293.4,104.9,0.2,Low,19.98,High,Recovered,Reorder Immediately
2023-09-01,BB_0110,urban,B_neg,packed_RBC,258,182.0,258.0,286.9,104.9,0.29,Critical,23.08,High,Critical,Reorder Immediately
2023-07-01,BB_0077,peri_urban,B_neg,platelet_concentrate,272,192.0,272.0,296.9,104.9,0.25,Moderate,15.1,Moderate,Adequate,Reorder Immediately
2024-05-01,BB_0054,rural,A_pos,packed_RBC,277,190.5,268.75,295.2,104.7,0.28,High,17.69,Moderate,Recovered,Reorder Immediately
2024-12-01,BB_0120,rural,A_pos,group_O_neg_emergency,276,193.5,270.25,298.2,104.7,0.26,High,11.57,Low,Adequate,Reorder Immediately
2023-05-01,BB_0113,peri_urban,AB_pos,packed_RBC,277,201.0,277.0,305.7,104.7,0.25,Moderate,24.38,High,Adequate,Reorder Immediately
2024-04-01,BB_0078,urban,AB_pos,platelet_concentrate,237,156.0,237.0,260.6,104.6,0.25,Moderate,19.87,High,Recovered,Reorder Immediately
2022-11-01,BB_0101,urban,B_neg,fresh_frozen_plasma,263,189.0,263.0,293.5,104.5,0.19,Low,20.63,Moderate,Low Stock,Reorder Immediately
2021-01-01,BB_0011,urban,AB_pos,cryoprecipitate,267,190.0,267.0,294.5,104.5,0.2,Low,15.79,Moderate,Adequate,Reorder Immediately
2024-04-01,BB_0088,rural,O_neg,packed_RBC,269,192.0,269.0,296.5,104.5,0.32,Critical,25.0,High,Low Stock,Reorder Immediately
2024-04-01,BB_0058,peri_urban,AB_pos,cryoprecipitate,279,202.0,279.0,306.5,104.5,0.21,Low,10.89,Low,Adequate,Reorder Immediately
2023-11-01,BB_0142,urban,AB_pos,cryoprecipitate,283,206.0,283.0,310.5,104.5,0.2,Low,30.1,Moderate,Adequate,Reorder Immediately
2024-09-01,BB_0065,urban,A_pos,packed_RBC,271,177.5,255.5,281.9,104.4,0.32,Critical,13.28,Low,Low Stock,Reorder Immediately
2024-04-01,BB_0124,urban,A_pos,packed_RBC,274,183.0,261.0,287.4,104.4,0.22,Low,18.49,Moderate,Adequate,Reorder Immediately
2022-03-01,BB_0122,peri_urban,AB_pos,group_O_neg_emergency,262,184.0,262.0,288.4,104.4,0.26,High,21.2,High,Low Stock,Reorder Immediately
2022-07-01,BB_0057,urban,B_pos,platelet_concentrate,252,174.0,252.0,278.3,104.3,0.21,Low,20.11,High,Adequate,Reorder Immediately
2023-10-01,BB_0052,urban,O_pos,packed_RBC,247,199.4,269.6,303.6,104.2,0.19,Low,17.92,Moderate,Recovered,Reorder Immediately
2022-08-01,BB_0088,urban,B_neg,whole_blood,265,190.5,271.0,294.7,104.2,0.32,Critical,12.55,Low,Adequate,Reorder Immediately
2023-02-01,BB_0129,urban,AB_neg,packed_RBC,262,181.0,262.0,285.0,104.0,0.28,High,12.71,Low,Recovered,Reorder Immediately
2024-01-01,BB_0072,peri_urban,O_pos,whole_blood,247,184.0,262.67,288.0,104.0,0.28,High,15.22,Moderate,Adequate,Reorder Immediately
2021-11-01,BB_0080,peri_urban,O_neg,whole_blood,280,201.0,280.0,305.0,104.0,0.27,High,18.91,Moderate,Adequate,Reorder Immediately
2021-12-01,BB_0025,rural,A_pos,group_O_neg_emergency,262,186.0,262.0,289.9,103.9,0.3,Critical,26.34,High,Adequate,Reorder Immediately
2024-04-01,BB_0107,urban,O_pos,whole_blood,247,190.17,253.17,294.0,103.8,0.23,Moderate,17.49,Moderate,Critical,Reorder Immediately
2023-07-01,BB_0022,rural,B_pos,group_O_neg_emergency,287,182.5,261.0,286.3,103.8,0.19,Low,22.56,High,Adequate,Reorder Immediately
2024-07-01,BB_0133,urban,O_pos,group_O_neg_emergency,272,194.0,272.0,297.7,103.7,0.22,Low,18.56,Moderate,Adequate,Reorder Immediately
2023-05-01,BB_0100,peri_urban,AB_pos,fresh_frozen_plasma,275,197.0,275.0,300.6,103.6,0.27,High,19.29,Moderate,Adequate,Reorder Immediately
2022-01-01,BB_0077,peri_urban,B_pos,packed_RBC,258,180.0,258.0,283.5,103.5,0.25,Moderate,21.67,High,Critical,Reorder Immediately
2022-10-01,BB_0092,urban,B_neg,fresh_frozen_plasma,256,183.0,256.0,286.5,103.5,0.18,Low,6.01,Low,Adequate,Reorder Immediately
2023-08-01,BB_0040,peri_urban,A_pos,fresh_frozen_plasma,260,187.0,265.5,290.5,103.5,0.28,High,24.97,Moderate,Adequate,Reorder Immediately
2024-05-01,BB_0082,urban,O_neg,packed_RBC,264,188.0,264.0,291.5,103.5,0.33,Critical,9.57,Low,Critical,Reorder Immediately
2021-01-01,BB_0121,peri_urban,A_pos,cryoprecipitate,273,196.0,273.0,299.4,103.4,0.24,Moderate,15.82,Moderate,Low Stock,Reorder Immediately
2021-04-01,BB_0094,rural,A_pos,cryoprecipitate,251,174.0,251.0,277.4,103.4,0.3,Critical,21.26,Moderate,Recovered,Reorder Immediately
2022-05-01,BB_0130,rural,AB_pos,group_O_neg_emergency,260,183.0,260.0,286.4,103.4,0.27,High,20.77,High,Adequate,Reorder Immediately
2023-08-01,BB_0056,peri_urban,O_pos,cryoprecipitate,263,187.0,264.0,290.3,103.3,0.32,Critical,18.4,Moderate,Adequate,Reorder Immediately
2022-07-01,BB_0112,urban,O_neg,fresh_frozen_plasma,270,191.0,270.0,294.3,103.3,0.28,High,22.51,Moderate,Adequate,Reorder Immediately
2023-07-01,BB_0127,urban,B_pos,group_O_neg_emergency,264,186.0,264.0,289.3,103.3,0.24,Moderate,26.34,High,Adequate,Reorder Immediately
2024-02-01,BB_0071,urban,B_pos,group_O_neg_emergency,292,193.5,271.5,296.8,103.3,0.16,Low,12.12,Low,Low Stock,Reorder Immediately
2024-08-01,BB_0041,peri_urban,B_pos,group_O_neg_emergency,250,192.75,270.75,296.0,103.2,0.2,Low,13.04,Low,Adequate,Reorder Immediately
2021-07-01,BB_0023,urban,O_pos,platelet_concentrate,258,181.0,258.0,284.1,103.1,0.18,Low,16.57,Moderate,Adequate,Reorder Immediately
2024-04-01,BB_0017,rural,AB_pos,fresh_frozen_plasma,270,182.5,260.0,285.6,103.1,0.26,High,14.3,Moderate,Recovered,Reorder Immediately
2024-01-01,BB_0024,urban,O_neg,whole_blood,289,211.0,289.0,314.0,103.0,0.24,Moderate,15.17,Moderate,Adequate,Reorder Immediately
2022-04-01,BB_0077,urban,O_neg,group_O_neg_emergency,264,190.5,267.5,293.5,103.0,0.25,Moderate,18.28,Moderate,Adequate,Reorder Immediately
2021-08-01,BB_0146,urban,B_pos,cryoprecipitate,262,184.0,262.0,287.0,103.0,0.18,Low,13.04,Low,Low Stock,Reorder Immediately
2023-08-01,BB_0078,urban,O_neg,group_O_neg_emergency,268,191.0,268.0,294.0,103.0,0.25,Moderate,15.71,Moderate,Recovered,Reorder Immediately
2023-05-01,BB_0053,peri_urban,O_neg,whole_blood,263,185.0,263.0,288.0,103.0,0.28,High,7.03,Low,Adequate,Reorder Immediately
2023-08-01,BB_0096,urban,A_pos,whole_blood,258,182.0,258.0,284.8,102.8,0.23,Moderate,8.79,Low,Adequate,Reorder Immediately
2022-10-01,BB_0080,peri_urban,O_neg,cryoprecipitate,246,171.0,246.0,273.8,102.8,0.27,High,14.04,Moderate,Adequate,Reorder Immediately
2022-05-01,BB_0058,urban,A_pos,whole_blood,259,183.0,259.0,285.8,102.8,0.21,Low,17.49,Moderate,Adequate,Reorder Immediately
2022-06-01,BB_0073,urban,AB_neg,fresh_frozen_plasma,258,185.0,258.0,287.7,102.7,0.21,Low,12.43,Low,Recovered,Reorder Immediately
2021-04-01,BB_0083,urban,B_neg,whole_blood,261,182.0,261.0,284.7,102.7,0.29,Critical,25.27,High,Adequate,Reorder Immediately
2024-12-01,BB_0056,urban,A_pos,cryoprecipitate,276,180.67,257.0,283.4,102.7,0.32,Critical,15.98,Moderate,Recovered,Reorder Immediately
2023-08-01,BB_0114,urban,AB_pos,cryoprecipitate,251,176.0,251.0,278.5,102.5,0.21,Low,9.66,Low,Recovered,Reorder Immediately
2023-02-01,BB_0051,urban,A_pos,platelet_concentrate,275,187.33,264.0,289.7,102.4,0.31,Critical,13.52,Low,Adequate,Reorder Immediately
2024-07-01,BB_0064,urban,A_pos,cryoprecipitate,266,190.0,266.0,292.4,102.4,0.12,Low,16.32,Moderate,Adequate,Reorder Immediately
2022-02-01,BB_0134,urban,A_pos,group_O_neg_emergency,247,188.5,263.0,290.9,102.4,0.25,Moderate,12.7,Low,Low Stock,Reorder Immediately
2023-06-01,BB_0142,urban,A_pos,cryoprecipitate,280,187.33,263.33,289.7,102.4,0.2,Low,16.94,Moderate,Recovered,Reorder Immediately
2023-08-01,BB_0033,urban,A_pos,whole_blood,226,174.0,249.5,276.3,102.3,0.23,Moderate,12.98,Low,Adequate,Reorder Immediately
2023-09-01,BB_0063,peri_urban,B_pos,platelet_concentrate,263,187.0,263.0,289.3,102.3,0.29,High,8.02,Low,Adequate,Reorder Immediately
2023-12-01,BB_0007,urban,A_pos,platelet_concentrate,276,187.33,263.67,289.4,102.1,0.36,Critical,17.67,Moderate,Adequate,Reorder Immediately
2024-10-01,BB_0016,urban,O_pos,fresh_frozen_plasma,253,184.5,260.0,286.6,102.1,0.23,Moderate,17.13,Moderate,Low Stock,Reorder Immediately
2024-12-01,BB_0140,urban,O_pos,fresh_frozen_plasma,258,180.0,255.5,282.1,102.1,0.2,Low,18.7,Moderate,Adequate,Reorder Immediately
2024-12-01,BB_0097,peri_urban,O_pos,whole_blood,228,181.25,258.0,283.3,102.1,0.27,High,15.38,Moderate,Adequate,Reorder Immediately
2022-10-01,BB_0136,peri_urban,B_pos,fresh_frozen_plasma,250,174.0,250.0,276.0,102.0,0.33,Critical,3.45,Low,Adequate,Reorder Immediately
2024-03-01,BB_0078,urban,O_neg,whole_blood,266,189.0,266.0,291.0,102.0,0.25,Moderate,11.11,Low,Adequate,Reorder Immediately
2023-07-01,BB_0032,urban,O_neg,whole_blood,256,179.0,256.0,281.0,102.0,0.29,High,29.05,High,Adequate,Reorder Immediately
2024-08-01,BB_0053,rural,A_pos,group_O_neg_emergency,253,183.5,257.5,285.4,101.9,0.28,High,10.09,Low,Critical,Reorder Immediately
2023-09-01,BB_0032,rural,B_neg,packed_RBC,260,187.0,260.0,288.9,101.9,0.29,High,7.49,Low,Critical,Reorder Immediately
2023-12-01,BB_0137,peri_urban,A_pos,packed_RBC,258,178.0,253.5,279.9,101.9,0.28,High,13.34,Low,Critical,Reorder Immediately
2023-12-01,BB_0031,urban,O_neg,platelet_concentrate,240,166.0,240.0,267.9,101.9,0.24,Moderate,10.84,Low,Recovered,Reorder Immediately
2022-03-01,BB_0104,rural,B_pos,platelet_concentrate,248,178.5,254.0,280.3,101.8,0.22,Moderate,11.64,Low,Critical,Reorder Immediately
2024-04-01,BB_0061,urban,B_pos,whole_blood,263,186.5,262.5,288.3,101.8,0.27,High,9.09,Low,Adequate,Reorder Immediately
2024-08-01,BB_0088,urban,O_pos,packed_RBC,264,207.2,254.6,309.0,101.8,0.32,Critical,14.11,Moderate,Low Stock,Reorder Immediately
2022-12-01,BB_0020,peri_urban,A_neg,fresh_frozen_plasma,268,192.0,268.0,293.8,101.8,0.3,Critical,10.94,Low,Recovered,Reorder Immediately
2024-09-01,BB_0127,urban,O_pos,platelet_concentrate,270,194.67,270.33,296.4,101.7,0.24,Moderate,11.93,Low,Adequate,Reorder Immediately
2022-10-01,BB_0111,urban,B_neg,whole_blood,260,182.0,260.0,283.7,101.7,0.21,Low,18.68,Moderate,Recovered,Reorder Immediately
2024-11-01,BB_0148,urban,O_pos,platelet_concentrate,262,191.14,253.14,292.7,101.6,0.27,High,21.2,High,Adequate,Reorder Immediately
2022-06-01,BB_0030,peri_urban,AB_pos,fresh_frozen_plasma,259,183.0,259.0,284.6,101.6,0.27,High,16.94,Moderate,Recovered,Reorder Immediately
2024-05-01,BB_0059,urban,O_pos,platelet_concentrate,252,187.5,263.0,289.1,101.6,0.37,Critical,13.58,Low,Recovered,Reorder Immediately
2024-07-01,BB_0130,rural,A_neg,cryoprecipitate,241,178.0,256.0,279.5,101.5,0.27,High,18.24,Moderate,Recovered,Reorder Immediately
2022-06-01,BB_0089,urban,A_neg,cryoprecipitate,262,184.0,262.0,285.5,101.5,0.29,Critical,9.24,Low,Adequate,Reorder Immediately
2023-10-01,BB_0095,urban,AB_pos,group_O_neg_emergency,281,206.0,281.0,307.4,101.4,0.3,Critical,15.05,Moderate,Adequate,Reorder Immediately
2023-07-01,BB_0096,peri_urban,AB_neg,platelet_concentrate,278,197.0,278.0,298.4,101.4,0.23,Moderate,15.23,Moderate,Adequate,Reorder Immediately
2024-12-01,BB_0099,urban,A_pos,group_O_neg_emergency,286,199.5,273.0,300.9,101.4,0.15,Low,9.88,Low,Adequate,Reorder Immediately
2024-07-01,BB_0008,urban,B_pos,fresh_frozen_plasma,264,197.33,272.67,298.7,101.4,0.28,High,17.77,Moderate,Adequate,Reorder Immediately
2023-03-01,BB_0125,urban,B_pos,fresh_frozen_plasma,267,191.33,266.67,292.7,101.4,0.29,Critical,12.07,Low,Adequate,Reorder Immediately
2024-09-01,BB_0020,urban,AB_pos,group_O_neg_emergency,284,209.0,284.0,310.4,101.4,0.3,Critical,11.0,Low,Recovered,Reorder Immediately
2024-03-01,BB_0018,urban,O_neg,fresh_frozen_plasma,272,195.0,272.0,296.3,101.3,0.2,Low,19.49,Moderate,Critical,Reorder Immediately
2024-03-01,BB_0011,peri_urban,A_pos,cryoprecipitate,253,189.0,263.75,290.2,101.2,0.2,Low,14.97,Moderate,Critical,Reorder Immediately
2024-10-01,BB_0011,urban,O_pos,cryoprecipitate,273,187.5,262.25,288.6,101.1,0.2,Low,14.46,Moderate,Low Stock,Reorder Immediately
2024-08-01,BB_0039,urban,B_pos,cryoprecipitate,287,199.8,263.2,300.9,101.1,0.32,Critical,16.34,Moderate,Adequate,Reorder Immediately
2023-05-01,BB_0065,peri_urban,B_pos,fresh_frozen_plasma,266,181.0,256.0,282.0,101.0,0.32,Critical,16.3,Moderate,Low Stock,Reorder Immediately
2024-09-01,BB_0030,urban,B_pos,fresh_frozen_plasma,267,192.0,267.0,293.0,101.0,0.27,High,20.83,Moderate,Critical,Reorder Immediately
2024-10-01,BB_0045,urban,A_pos,fresh_frozen_plasma,253,177.0,253.0,278.0,101.0,0.22,Low,19.77,Moderate,Recovered,Reorder Immediately
2024-08-01,BB_0140,rural,O_pos,cryoprecipitate,257,182.75,257.25,283.6,100.9,0.2,Low,20.23,Moderate,Low Stock,Reorder Immediately
2023-04-01,BB_0045,urban,O_neg,platelet_concentrate,252,189.5,262.5,290.4,100.9,0.22,Low,21.63,High,Adequate,Reorder Immediately
2024-02-01,BB_0125,urban,O_neg,platelet_concentrate,267,194.0,267.0,294.9,100.9,0.29,Critical,6.19,Low,Adequate,Reorder Immediately
2022-10-01,BB_0131,urban,B_pos,whole_blood,259,184.0,259.0,284.8,100.8,0.25,Moderate,17.39,Moderate,Adequate,Reorder Immediately
2023-01-01,BB_0091,rural,A_neg,whole_blood,267,194.0,267.0,294.8,100.8,0.22,Low,16.49,Moderate,Adequate,Reorder Immediately
2024-08-01,BB_0115,urban,B_pos,platelet_concentrate,242,191.0,265.5,291.8,100.8,0.27,High,18.07,Moderate,Adequate,Reorder Immediately
2024-06-01,BB_0108,urban,A_pos,group_O_neg_emergency,269,195.0,267.67,295.6,100.6,0.22,Moderate,14.2,Moderate,Adequate,Reorder Immediately
2024-05-01,BB_0006,peri_urban,AB_pos,fresh_frozen_plasma,245,170.0,245.0,270.6,100.6,0.22,Low,13.53,Low,Adequate,Reorder Immediately
2022-05-01,BB_0031,rural,AB_pos,fresh_frozen_plasma,300,189.0,264.0,289.6,100.6,0.24,Moderate,13.01,Low,Recovered,Reorder Immediately
2024-12-01,BB_0138,urban,O_pos,cryoprecipitate,266,196.86,255.43,297.5,100.6,0.28,High,20.16,Moderate,Adequate,Reorder Immediately
2023-11-01,BB_0142,urban,B_neg,cryoprecipitate,258,182.0,258.0,282.5,100.5,0.2,Low,12.09,Low,Adequate,Reorder Immediately
2024-11-01,BB_0109,rural,O_pos,platelet_concentrate,259,192.56,259.22,293.1,100.5,0.19,Low,17.34,Moderate,Adequate,Reorder Immediately
2024-01-01,BB_0125,urban,A_pos,packed_RBC,259,185.0,259.0,285.4,100.4,0.29,Critical,26.49,High,Low Stock,Reorder Immediately
2024-04-01,BB_0148,urban,AB_pos,group_O_neg_emergency,262,188.0,262.0,288.4,100.4,0.27,High,6.91,Low,Adequate,Reorder Immediately
2021-05-01,BB_0107,urban,AB_pos,group_O_neg_emergency,266,192.0,266.0,292.4,100.4,0.23,Moderate,17.71,Moderate,Recovered,Reorder Immediately
2024-12-01,BB_0113,urban,A_pos,group_O_neg_emergency,244,180.0,252.5,280.4,100.4,0.25,Moderate,14.84,Moderate,Adequate,Reorder Immediately
2024-12-01,BB_0100,rural,A_pos,packed_RBC,271,187.33,261.33,287.7,100.4,0.27,High,13.18,Low,Low Stock,Reorder Immediately
2023-11-01,BB_0046,urban,AB_pos,group_O_neg_emergency,269,195.0,269.0,295.4,100.4,0.29,Critical,11.79,Low,Adequate,Reorder Immediately
2023-09-01,BB_0100,urban,A_pos,group_O_neg_emergency,272,205.0,277.5,305.4,100.4,0.27,High,17.6,Moderate,Recovered,Reorder Immediately
2024-02-01,BB_0127,peri_urban,B_pos,platelet_concentrate,264,190.0,264.0,290.3,100.3,0.24,Moderate,12.11,Low,Adequate,Reorder Immediately
2023-02-01,BB_0093,urban,B_pos,group_O_neg_emergency,260,185.0,260.0,285.3,100.3,0.29,High,22.7,High,Recovered,Reorder Immediately
2024-10-01,BB_0077,peri_urban,O_pos,platelet_concentrate,263,189.0,254.33,289.2,100.2,0.25,Moderate,15.45,Moderate,Recovered,Reorder Immediately
2024-06-01,BB_0033,urban,O_pos,group_O_neg_emergency,257,185.33,259.67,285.4,100.1,0.23,Moderate,10.99,Low,Low Stock,Reorder Immediately
2024-09-01,BB_0146,peri_urban,O_neg,whole_blood,251,176.0,251.0,276.0,100.0,0.18,Low,18.18,Moderate,Adequate,Reorder Immediately
2021-01-01,BB_0028,rural,A_pos,fresh_frozen_plasma,262,187.0,262.0,287.0,100.0,0.19,Low,16.04,Moderate,Adequate,Reorder Immediately
2021-01-01,BB_0122,urban,B_pos,fresh_frozen_plasma,266,192.0,266.0,292.0,100.0,0.26,High,9.38,Low,Adequate,Reorder Immediately
2024-02-01,BB_0072,rural,O_neg,whole_blood,261,186.0,261.0,286.0,100.0,0.28,High,15.05,Moderate,Adequate,Reorder Immediately
2024-01-01,BB_0027,urban,B_neg,platelet_concentrate,266,191.0,266.0,290.9,99.9,0.35,Critical,9.95,Low,Adequate,Reorder Immediately
2021-08-01,BB_0087,peri_urban,B_neg,platelet_concentrate,251,176.0,251.0,275.9,99.9,0.21,Low,13.07,Low,Low Stock,Reorder Immediately
2023-04-01,BB_0037,urban,A_pos,whole_blood,267,194.0,267.0,293.8,99.8,0.21,Low,10.31,Low,Low Stock,Reorder Immediately
2023-06-01,BB_0055,urban,B_pos,whole_blood,271,197.0,271.0,296.8,99.8,0.24,Moderate,27.92,High,Adequate,Reorder Immediately
2023-08-01,BB_0067,peri_urban,A_pos,whole_blood,273,191.5,264.5,291.3,99.8,0.28,High,20.76,High,Adequate,Reorder Immediately
2021-04-01,BB_0027,peri_urban,AB_neg,fresh_frozen_plasma,274,204.0,274.0,303.7,99.7,0.35,Critical,12.25,Low,Adequate,Reorder Immediately
2024-07-01,BB_0131,urban,O_pos,group_O_neg_emergency,254,191.67,265.67,291.4,99.7,0.25,Moderate,17.54,Moderate,Adequate,Reorder Immediately
2024-12-01,BB_0112,urban,O_pos,packed_RBC,236,190.0,261.8,289.7,99.7,0.28,High,15.35,Moderate,Low Stock,Reorder Immediately
2023-06-01,BB_0079,rural,O_pos,group_O_neg_emergency,281,196.0,270.0,295.7,99.7,0.39,Critical,20.04,High,Low Stock,Reorder Immediately
2022-03-01,BB_0067,urban,A_pos,platelet_concentrate,273,199.0,273.0,298.7,99.7,0.28,High,16.08,Moderate,Adequate,Reorder Immediately
2024-12-01,BB_0113,peri_urban,O_pos,cryoprecipitate,263,199.62,259.12,299.2,99.6,0.25,Moderate,14.37,Moderate,Recovered,Reorder Immediately
2022-10-01,BB_0134,peri_urban,AB_pos,cryoprecipitate,273,201.0,273.0,300.5,99.5,0.25,Moderate,8.96,Low,Critical,Reorder Immediately
2024-12-01,BB_0020,urban,O_pos,packed_RBC,287,187.5,258.0,287.0,99.5,0.3,Critical,20.45,High,Adequate,Reorder Immediately
2024-11-01,BB_0072,peri_urban,B_pos,platelet_concentrate,270,191.4,264.0,290.9,99.5,0.28,High,15.01,Moderate,Low Stock,Reorder Immediately
2024-06-01,BB_0071,rural,AB_pos,cryoprecipitate,272,200.0,272.0,299.5,99.5,0.16,Low,23.0,Moderate,Low Stock,Reorder Immediately
2023-11-01,BB_0001,rural,O_neg,whole_blood,269,179.0,253.5,278.5,99.5,0.31,Critical,18.92,Moderate,Adequate,Reorder Immediately
2024-03-01,BB_0009,peri_urban,A_pos,packed_RBC,319,209.0,282.0,308.4,99.4,0.27,High,17.25,Moderate,Adequate,Reorder Immediately
2024-12-01,BB_0135,urban,A_pos,cryoprecipitate,263,197.75,270.75,297.2,99.4,0.25,Moderate,21.9,Moderate,Low Stock,Reorder Immediately
2024-11-01,BB_0061,rural,A_pos,packed_RBC,267,183.5,256.5,282.9,99.4,0.27,High,19.64,High,Critical,Reorder Immediately
2022-01-01,BB_0046,peri_urban,A_pos,whole_blood,289,210.5,283.0,309.8,99.3,0.29,Critical,23.3,High,Adequate,Reorder Immediately
2023-12-01,BB_0002,peri_urban,B_pos,platelet_concentrate,277,204.0,277.0,303.3,99.3,0.23,Moderate,23.04,High,Adequate,Reorder Immediately
2024-01-01,BB_0119,urban,A_neg,group_O_neg_emergency,264,190.0,264.0,289.2,99.2,0.22,Low,25.26,High,Adequate,Reorder Immediately
2022-04-01,BB_0141,urban,A_neg,platelet_concentrate,243,169.0,243.0,268.2,99.2,0.27,High,12.43,Low,Adequate,Reorder Immediately
2022-02-01,BB_0066,peri_urban,AB_neg,whole_blood,263,193.0,263.0,292.1,99.1,0.22,Moderate,12.95,Low,Adequate,Reorder Immediately
2024-09-01,BB_0129,urban,O_pos,fresh_frozen_plasma,225,185.75,258.25,284.8,99.1,0.28,High,14.2,Moderate,Critical,Reorder Immediately
2022-06-01,BB_0093,rural,O_neg,group_O_neg_emergency,272,199.0,272.0,298.0,99.0,0.29,High,10.55,Low,Adequate,Reorder Immediately
2023-10-01,BB_0130,urban,A_pos,cryoprecipitate,257,182.5,255.0,281.4,98.9,0.27,High,16.71,Moderate,Adequate,Reorder Immediately
2024-12-01,BB_0039,rural,A_pos,cryoprecipitate,251,178.0,250.5,276.9,98.9,0.32,Critical,20.24,Moderate,Critical,Reorder Immediately
2022-07-01,BB_0087,rural,O_neg,platelet_concentrate,263,192.0,263.0,290.9,98.9,0.21,Low,22.4,High,Adequate,Reorder Immediately
2024-09-01,BB_0083,urban,O_pos,platelet_concentrate,245,191.75,250.75,290.6,98.9,0.29,Critical,14.8,Moderate,Recovered,Reorder Immediately
2023-03-01,BB_0127,rural,B_pos,whole_blood,246,190.0,263.0,288.8,98.8,0.24,Moderate,15.28,Moderate,Adequate,Reorder Immediately
2022-03-01,BB_0063,rural,O_neg,cryoprecipitate,270,199.0,270.0,297.8,98.8,0.29,High,19.6,Moderate,Low Stock,Reorder Immediately
2024-11-01,BB_0076,urban,A_pos,whole_blood,291,200.0,272.0,298.8,98.8,0.21,Low,11.54,Low,Adequate,Reorder Immediately
2024-11-01,BB_0044,urban,A_pos,whole_blood,276,204.0,276.0,302.8,98.8,0.25,Moderate,13.73,Low,Recovered,Reorder Immediately
2023-07-01,BB_0136,rural,O_neg,cryoprecipitate,263,192.0,263.0,290.8,98.8,0.33,Critical,17.71,Moderate,Adequate,Reorder Immediately
2023-12-01,BB_0125,urban,O_pos,group_O_neg_emergency,255,201.2,263.6,299.9,98.7,0.29,Critical,14.99,Moderate,Adequate,Reorder Immediately
2024-02-01,BB_0040,urban,A_pos,platelet_concentrate,254,181.0,254.0,279.7,98.7,0.28,High,18.78,Moderate,Adequate,Reorder Immediately
2024-12-01,BB_0119,peri_urban,O_pos,packed_RBC,254,194.33,258.33,293.0,98.7,0.22,Low,13.79,Low,Adequate,Reorder Immediately
2024-02-01,BB_0054,urban,O_pos,packed_RBC,260,184.4,247.6,283.0,98.6,0.28,High,21.76,High,Adequate,Reorder Immediately
2024-10-01,BB_0010,urban,O_neg,packed_RBC,252,181.0,252.0,279.5,98.5,0.25,Moderate,19.34,High,Recovered,Reorder Immediately
2022-04-01,BB_0117,urban,B_pos,packed_RBC,257,188.0,261.0,286.5,98.5,0.23,Moderate,7.94,Low,Adequate,Reorder Immediately
2024-10-01,BB_0075,urban,AB_pos,group_O_neg_emergency,255,183.0,255.0,281.4,98.4,0.28,High,20.22,High,Recovered,Reorder Immediately
2024-11-01,BB_0007,rural,AB_pos,group_O_neg_emergency,255,185.0,257.0,283.4,98.4,0.36,Critical,23.55,High,Low Stock,Reorder Immediately
2024-09-01,BB_0036,urban,O_pos,platelet_concentrate,232,197.6,249.4,296.0,98.4,0.32,Critical,10.04,Low,Recovered,Reorder Immediately
2024-01-01,BB_0029,urban,O_neg,fresh_frozen_plasma,262,188.0,262.0,286.3,98.3,0.16,Low,19.68,Moderate,Adequate,Reorder Immediately
2023-09-01,BB_0138,rural,B_pos,platelet_concentrate,258,186.0,258.0,284.3,98.3,0.28,High,20.97,High,Recovered,Reorder Immediately
2024-08-01,BB_0049,urban,O_pos,group_O_neg_emergency,266,193.5,260.12,291.7,98.2,0.37,Critical,19.49,High,Adequate,Reorder Immediately
2023-10-01,BB_0149,urban,B_neg,group_O_neg_emergency,275,192.0,263.0,290.1,98.1,0.2,Low,14.2,Moderate,Critical,Reorder Immediately
2022-11-01,BB_0148,peri_urban,AB_neg,whole_blood,262,193.0,262.0,291.1,98.1,0.27,High,12.44,Low,Recovered,Reorder Immediately
2023-03-01,BB_0117,urban,A_pos,fresh_frozen_plasma,269,196.0,269.0,294.0,98.0,0.23,Moderate,14.8,Moderate,Low Stock,Reorder Immediately
2022-04-01,BB_0115,rural,B_neg,platelet_concentrate,258,185.0,258.0,282.9,97.9,0.27,High,23.24,High,Adequate,Reorder Immediately
2023-08-01,BB_0079,urban,B_neg,packed_RBC,258,189.0,258.0,286.9,97.9,0.39,Critical,8.47,Low,Critical,Reorder Immediately
2024-02-01,BB_0117,urban,A_pos,whole_blood,257,186.0,257.0,283.8,97.8,0.23,Moderate,25.81,High,Adequate,Reorder Immediately
2022-12-01,BB_0112,urban,B_pos,whole_blood,303,231.0,303.0,328.8,97.8,0.28,High,3.46,Low,Adequate,Reorder Immediately
2024-06-01,BB_0101,urban,A_pos,whole_blood,261,190.0,261.0,287.8,97.8,0.19,Low,20.53,High,Adequate,Reorder Immediately
2024-06-01,BB_0144,peri_urban,O_pos,cryoprecipitate,254,191.4,265.4,289.2,97.8,0.25,Moderate,18.46,Moderate,Adequate,Reorder Immediately
2023-06-01,BB_0054,peri_urban,B_pos,whole_blood,267,195.0,267.0,292.8,97.8,0.28,High,11.28,Low,Low Stock,Reorder Immediately
2022-07-01,BB_0020,rural,O_pos,group_O_neg_emergency,275,184.0,256.0,281.7,97.7,0.3,Critical,8.59,Low,Critical,Reorder Immediately
2023-02-01,BB_0054,urban,A_neg,platelet_concentrate,263,192.0,264.5,289.7,97.7,0.28,High,10.13,Low,Adequate,Reorder Immediately
2024-04-01,BB_0132,rural,A_neg,packed_RBC,291,218.0,291.0,315.7,97.7,0.23,Moderate,18.81,Moderate,Critical,Reorder Immediately
2023-04-01,BB_0057,peri_urban,A_neg,packed_RBC,260,187.0,260.0,284.7,97.7,0.21,Low,17.11,Moderate,Adequate,Reorder Immediately
2022-05-01,BB_0039,urban,AB_pos,platelet_concentrate,252,178.0,252.0,275.6,97.6,0.32,Critical,23.6,High,Low Stock,Reorder Immediately
2023-11-01,BB_0043,peri_urban,B_neg,cryoprecipitate,278,205.0,278.0,302.5,97.5,0.25,Moderate,11.22,Low,Adequate,Reorder Immediately
2021-12-01,BB_0115,urban,AB_pos,cryoprecipitate,268,198.0,268.0,295.5,97.5,0.27,High,14.65,Moderate,Low Stock,Reorder Immediately
2023-05-01,BB_0016,urban,B_pos,packed_RBC,271,200.0,272.0,297.5,97.5,0.23,Moderate,13.5,Low,Adequate,Reorder Immediately
2024-02-01,BB_0042,urban,B_pos,fresh_frozen_plasma,264,202.0,273.5,299.5,97.5,0.24,Moderate,13.03,Low,Adequate,Reorder Immediately
2023-08-01,BB_0088,urban,B_neg,cryoprecipitate,257,184.0,257.0,281.5,97.5,0.32,Critical,4.89,Low,Adequate,Reorder Immediately
2022-02-01,BB_0015,urban,AB_pos,group_O_neg_emergency,278,207.0,278.0,304.4,97.4,0.25,Moderate,11.11,Low,Low Stock,Reorder Immediately
2022-02-01,BB_0040,peri_urban,A_pos,group_O_neg_emergency,275,196.5,266.0,293.9,97.4,0.28,High,14.36,Moderate,Adequate,Reorder Immediately
2024-03-01,BB_0076,urban,AB_pos,group_O_neg_emergency,255,184.0,255.0,281.4,97.4,0.21,Low,15.22,Moderate,Adequate,Reorder Immediately
2024-03-01,BB_0126,urban,A_pos,whole_blood,274,197.67,268.33,295.1,97.4,0.28,High,13.91,Low,Adequate,Reorder Immediately
2023-11-01,BB_0126,peri_urban,A_pos,group_O_neg_emergency,281,194.0,263.5,291.4,97.4,0.28,High,18.3,Moderate,Adequate,Reorder Immediately
2024-10-01,BB_0138,rural,AB_pos,group_O_neg_emergency,279,190.5,261.5,287.9,97.4,0.28,High,19.37,High,Critical,Reorder Immediately
2024-08-01,BB_0117,urban,A_pos,cryoprecipitate,250,179.0,250.0,276.4,97.4,0.23,Moderate,27.37,Moderate,Adequate,Reorder Immediately
2024-10-01,BB_0127,urban,A_pos,whole_blood,278,194.5,265.0,291.8,97.3,0.24,Moderate,12.45,Low,Low Stock,Reorder Immediately
2024-12-01,BB_0012,urban,O_pos,packed_RBC,242,192.9,259.8,290.1,97.2,0.23,Moderate,16.4,Moderate,Adequate,Reorder Immediately
2023-10-01,BB_0009,urban,A_neg,group_O_neg_emergency,259,187.0,259.0,284.2,97.2,0.27,High,20.86,High,Recovered,Reorder Immediately
2023-03-01,BB_0108,urban,O_pos,platelet_concentrate,259,189.5,260.5,286.6,97.1,0.22,Moderate,17.7,Moderate,Adequate,Reorder Immediately
2024-11-01,BB_0115,urban,A_pos,packed_RBC,252,188.33,259.0,285.4,97.1,0.27,High,13.9,Low,Recovered,Reorder Immediately
2024-05-01,BB_0043,peri_urban,O_neg,group_O_neg_emergency,245,174.0,245.0,271.0,97.0,0.25,Moderate,12.64,Low,Adequate,Reorder Immediately
2022-11-01,BB_0084,urban,O_neg,whole_blood,250,178.0,250.0,275.0,97.0,0.16,Low,16.29,Moderate,Low Stock,Reorder Immediately
2023-01-01,BB_0008,peri_urban,AB_neg,packed_RBC,269,195.0,269.0,292.0,97.0,0.28,High,10.26,Low,Recovered,Reorder Immediately
2023-02-01,BB_0009,urban,B_pos,fresh_frozen_plasma,249,181.33,252.33,278.3,97.0,0.27,High,10.43,Low,Recovered,Reorder Immediately
2024-03-01,BB_0081,urban,O_pos,fresh_frozen_plasma,286,197.2,260.6,294.2,97.0,0.26,High,11.68,Low,Recovered,Reorder Immediately
2024-12-01,BB_0046,peri_urban,B_pos,fresh_frozen_plasma,251,180.0,251.0,277.0,97.0,0.29,Critical,32.22,Moderate,Low Stock,Reorder Immediately
2023-06-01,BB_0022,peri_urban,A_pos,group_O_neg_emergency,277,198.67,267.67,295.6,96.9,0.19,Low,19.96,High,Adequate,Reorder Immediately
2021-07-01,BB_0076,rural,A_pos,group_O_neg_emergency,260,191.0,260.0,287.9,96.9,0.21,Low,14.66,Moderate,Critical,Reorder Immediately
2023-07-01,BB_0056,urban,A_pos,group_O_neg_emergency,243,195.5,264.5,292.4,96.9,0.32,Critical,14.7,Moderate,Recovered,Reorder Immediately
2024-04-01,BB_0092,rural,O_neg,platelet_concentrate,250,181.0,250.0,277.9,96.9,0.18,Low,19.34,High,Low Stock,Reorder Immediately
2024-03-01,BB_0119,rural,AB_pos,group_O_neg_emergency,273,197.0,267.5,293.9,96.9,0.22,Low,16.54,Moderate,Adequate,Reorder Immediately
2022-08-01,BB_0108,urban,A_pos,whole_blood,276,206.0,276.0,302.8,96.8,0.22,Moderate,14.56,Moderate,Critical,Reorder Immediately
2022-09-01,BB_0036,peri_urban,A_neg,whole_blood,269,200.0,269.0,296.8,96.8,0.32,Critical,17.5,Moderate,Adequate,Reorder Immediately
2021-08-01,BB_0016,peri_urban,O_neg,cryoprecipitate,289,220.0,289.0,316.8,96.8,0.23,Moderate,19.09,Moderate,Low Stock,Reorder Immediately
2024-05-01,BB_0004,rural,O_pos,whole_blood,254,183.5,255.0,280.3,96.8,0.25,High,23.49,High,Adequate,Reorder Immediately
2023-08-01,BB_0029,rural,A_pos,cryoprecipitate,275,197.33,267.67,294.1,96.8,0.16,Low,16.31,Moderate,Adequate,Reorder Immediately
2023-03-01,BB_0015,peri_urban,A_neg,packed_RBC,273,201.0,273.0,297.7,96.7,0.25,Moderate,18.91,Moderate,Low Stock,Reorder Immediately
2024-04-01,BB_0045,urban,O_pos,packed_RBC,248,194.12,251.25,290.8,96.7,0.22,Low,14.25,Moderate,Low Stock,Reorder Immediately
2021-02-01,BB_0074,urban,AB_pos,fresh_frozen_plasma,269,198.0,269.0,294.6,96.6,0.25,High,19.7,Moderate,Adequate,Reorder Immediately
2024-07-01,BB_0137,urban,A_pos,group_O_neg_emergency,225,181.0,249.67,277.6,96.6,0.28,High,13.98,Moderate,Low Stock,Reorder Immediately
2024-02-01,BB_0043,urban,AB_pos,cryoprecipitate,249,199.0,268.0,295.5,96.5,0.25,Moderate,18.7,Moderate,Low Stock,Reorder Immediately
2021-09-01,BB_0083,urban,B_neg,fresh_frozen_plasma,255,189.0,255.0,285.5,96.5,0.29,Critical,9.52,Low,Adequate,Reorder Immediately
2022-07-01,BB_0120,urban,AB_pos,whole_blood,272,198.0,272.0,294.5,96.5,0.26,High,23.23,High,Recovered,Reorder Immediately
2024-04-01,BB_0026,urban,AB_pos,cryoprecipitate,268,187.0,256.0,283.5,96.5,0.28,High,19.52,Moderate,Recovered,Reorder Immediately
2022-10-01,BB_0137,urban,AB_pos,cryoprecipitate,259,190.0,259.0,286.5,96.5,0.28,High,23.16,Moderate,Adequate,Reorder Immediately
2024-04-01,BB_0016,peri_urban,A_pos,cryoprecipitate,262,192.0,262.0,288.4,96.4,0.23,Moderate,19.79,Moderate,Adequate,Reorder Immediately
2024-07-01,BB_0110,urban,AB_neg,group_O_neg_emergency,265,193.0,265.0,289.4,96.4,0.29,Critical,24.35,High,Low Stock,Reorder Immediately
2023-10-01,BB_0062,urban,B_pos,platelet_concentrate,246,191.0,261.0,287.3,96.3,0.33,Critical,13.98,Moderate,Recovered,Reorder Immediately
2024-08-01,BB_0034,urban,O_neg,fresh_frozen_plasma,255,183.0,255.0,279.3,96.3,0.26,High,24.04,Moderate,Adequate,Reorder Immediately
2023-05-01,BB_0017,urban,O_pos,packed_RBC,244,188.0,257.5,284.3,96.3,0.26,High,17.5,Moderate,Low Stock,Reorder Immediately
2024-05-01,BB_0016,urban,O_pos,packed_RBC,273,200.5,270.0,296.8,96.3,0.23,Moderate,14.5,Moderate,Adequate,Reorder Immediately
2021-04-01,BB_0087,urban,B_pos,group_O_neg_emergency,260,189.0,260.0,285.3,96.3,0.21,Low,17.46,Moderate,Adequate,Reorder Immediately
2023-06-01,BB_0054,urban,B_pos,group_O_neg_emergency,258,187.0,258.0,283.3,96.3,0.28,High,12.83,Low,Adequate,Reorder Immediately
2022-02-01,BB_0047,urban,O_neg,fresh_frozen_plasma,264,192.0,264.0,288.3,96.3,0.33,Critical,11.98,Low,Critical,Reorder Immediately
2024-12-01,BB_0074,peri_urban,B_pos,platelet_concentrate,249,179.0,249.0,275.3,96.3,0.25,High,6.7,Low,Low Stock,Reorder Immediately
2023-03-01,BB_0114,urban,O_pos,group_O_neg_emergency,265,187.5,258.0,283.7,96.2,0.21,Low,11.35,Low,Low Stock,Reorder Immediately
2024-12-01,BB_0005,urban,A_pos,group_O_neg_emergency,276,185.0,253.33,281.2,96.2,0.27,High,15.76,Moderate,Low Stock,Reorder Immediately
2024-01-01,BB_0017,urban,AB_neg,whole_blood,254,187.0,254.0,283.1,96.1,0.26,High,12.83,Low,Adequate,Reorder Immediately
2023-12-01,BB_0127,urban,AB_neg,whole_blood,257,190.0,257.0,286.1,96.1,0.24,Moderate,20.53,High,Adequate,Reorder Immediately
2024-12-01,BB_0102,rural,O_pos,fresh_frozen_plasma,256,185.5,255.0,281.6,96.1,0.17,Low,20.49,Moderate,Recovered,Reorder Immediately
2024-07-01,BB_0016,rural,A_pos,packed_RBC,285,192.0,261.67,288.1,96.1,0.23,Moderate,16.32,Moderate,Adequate,Reorder Immediately
2021-11-01,BB_0027,urban,B_pos,fresh_frozen_plasma,268,198.0,268.0,294.0,96.0,0.35,Critical,13.64,Low,Low Stock,Reorder Immediately
2022-12-01,BB_0061,peri_urban,B_pos,cryoprecipitate,250,179.0,250.0,275.0,96.0,0.27,High,16.2,Moderate,Recovered,Reorder Immediately
2023-03-01,BB_0021,peri_urban,B_pos,fresh_frozen_plasma,271,201.0,271.0,297.0,96.0,0.26,High,12.94,Low,Adequate,Reorder Immediately
2023-09-01,BB_0097,peri_urban,O_neg,whole_blood,257,186.0,257.0,282.0,96.0,0.27,High,19.35,High,Adequate,Reorder Immediately
2022-09-01,BB_0080,peri_urban,B_pos,cryoprecipitate,271,200.0,271.0,296.0,96.0,0.27,High,12.5,Low,Adequate,Reorder Immediately
2024-05-01,BB_0105,urban,O_neg,platelet_concentrate,279,211.0,279.0,306.9,95.9,0.21,Low,22.75,High,Recovered,Reorder Immediately
2024-09-01,BB_0142,urban,B_neg,packed_RBC,248,181.0,248.0,276.9,95.9,0.2,Low,17.13,Moderate,Low Stock,Reorder Immediately
2024-12-01,BB_0083,urban,A_pos,group_O_neg_emergency,247,193.67,261.67,289.6,95.9,0.29,Critical,12.91,Low,Low Stock,Reorder Immediately
2024-09-01,BB_0120,urban,A_pos,packed_RBC,250,201.5,271.0,297.4,95.9,0.26,High,11.36,Low,Low Stock,Reorder Immediately
2024-05-01,BB_0130,urban,A_neg,fresh_frozen_plasma,255,185.0,255.0,280.8,95.8,0.27,High,12.97,Low,Adequate,Reorder Immediately
2021-04-01,BB_0029,urban,B_pos,whole_blood,262,192.0,262.0,287.8,95.8,0.16,Low,14.58,Moderate,Critical,Reorder Immediately
2021-07-01,BB_0053,urban,A_pos,whole_blood,251,190.0,259.0,285.8,95.8,0.28,High,11.37,Low,Adequate,Reorder Immediately
2023-12-01,BB_0101,urban,B_pos,whole_blood,245,175.0,245.0,270.8,95.8,0.19,Low,15.43,Moderate,Adequate,Reorder Immediately
2021-11-01,BB_0130,peri_urban,B_pos,whole_blood,268,198.0,268.0,293.8,95.8,0.27,High,10.1,Low,Low Stock,Reorder Immediately
2023-09-01,BB_0036,urban,AB_neg,fresh_frozen_plasma,241,175.0,241.0,270.7,95.7,0.32,Critical,17.14,Moderate,Adequate,Reorder Immediately
2023-12-01,BB_0136,peri_urban,A_pos,platelet_concentrate,256,185.5,255.5,281.2,95.7,0.33,Critical,19.3,High,Recovered,Reorder Immediately
2024-11-01,BB_0085,urban,AB_pos,platelet_concentrate,247,175.0,247.0,270.6,95.6,0.3,Critical,8.0,Low,Recovered,Reorder Immediately
2024-03-01,BB_0095,rural,O_pos,packed_RBC,275,194.0,262.75,289.6,95.6,0.3,Critical,13.32,Low,Critical,Reorder Immediately
2024-03-01,BB_0119,urban,A_pos,whole_blood,258,191.25,260.0,286.8,95.6,0.22,Low,18.2,Moderate,Adequate,Reorder Immediately
2023-01-01,BB_0052,rural,AB_pos,cryoprecipitate,255,187.0,255.0,282.5,95.5,0.19,Low,21.93,Moderate,Adequate,Reorder Immediately
2021-09-01,BB_0131,rural,B_neg,cryoprecipitate,261,190.0,261.0,285.5,95.5,0.25,Moderate,10.53,Low,Adequate,Reorder Immediately
2024-11-01,BB_0087,urban,A_pos,whole_blood,258,185.33,254.0,280.8,95.5,0.21,Low,20.61,High,Low Stock,Reorder Immediately
2024-12-01,BB_0020,urban,O_neg,platelet_concentrate,252,194.0,261.5,289.4,95.4,0.3,Critical,27.08,High,Low Stock,Reorder Immediately
2022-08-01,BB_0113,urban,AB_pos,group_O_neg_emergency,277,208.0,277.0,303.4,95.4,0.25,Moderate,14.9,Moderate,Adequate,Reorder Immediately
2023-10-01,BB_0092,rural,A_pos,packed_RBC,275,191.0,260.0,286.4,95.4,0.18,Low,12.57,Low,Adequate,Reorder Immediately
2024-05-01,BB_0102,peri_urban,O_pos,group_O_neg_emergency,284,195.56,261.56,291.0,95.4,0.17,Low,18.64,Moderate,Adequate,Reorder Immediately
2022-04-01,BB_0053,urban,A_pos,packed_RBC,261,192.0,261.0,287.4,95.4,0.28,High,27.08,High,Critical,Reorder Immediately
2024-04-01,BB_0019,peri_urban,O_neg,platelet_concentrate,268,188.5,256.0,283.9,95.4,0.33,Critical,20.76,High,Recovered,Reorder Immediately
2024-02-01,BB_0094,urban,A_pos,packed_RBC,250,181.0,250.0,276.4,95.4,0.3,Critical,22.65,High,Low Stock,Reorder Immediately
2024-07-01,BB_0035,urban,A_pos,platelet_concentrate,254,193.67,263.33,289.0,95.3,0.24,Moderate,15.65,Moderate,Critical,Reorder Immediately
2024-01-01,BB_0111,urban,O_pos,fresh_frozen_plasma,257,192.0,260.67,287.3,95.3,0.21,Low,13.12,Low,Adequate,Reorder Immediately
2023-05-01,BB_0010,peri_urban,B_pos,group_O_neg_emergency,262,185.67,255.67,281.0,95.3,0.25,Moderate,17.25,Moderate,Recovered,Reorder Immediately
2024-06-01,BB_0061,rural,O_pos,cryoprecipitate,250,191.6,255.0,286.8,95.2,0.27,High,20.48,Moderate,Adequate,Reorder Immediately
2024-03-01,BB_0012,urban,O_pos,fresh_frozen_plasma,252,202.6,263.0,297.8,95.2,0.23,Moderate,14.33,Moderate,Adequate,Reorder Immediately
2024-09-01,BB_0113,peri_urban,O_pos,group_O_neg_emergency,260,193.2,262.4,288.4,95.2,0.25,Moderate,21.36,High,Critical,Reorder Immediately
2024-08-01,BB_0148,rural,O_pos,whole_blood,267,193.75,263.5,288.8,95.1,0.27,High,11.78,Low,Adequate,Reorder Immediately
2024-11-01,BB_0015,peri_urban,AB_pos,platelet_concentrate,253,196.0,267.5,291.1,95.1,0.25,Moderate,15.02,Moderate,Adequate,Reorder Immediately
2021-03-01,BB_0092,peri_urban,O_neg,whole_blood,251,181.0,251.0,276.0,95.0,0.18,Low,18.23,Moderate,Recovered,Reorder Immediately
2023-04-01,BB_0105,urban,B_pos,cryoprecipitate,259,189.0,259.0,284.0,95.0,0.21,Low,19.58,Moderate,Recovered,Reorder Immediately
2024-04-01,BB_0070,urban,A_pos,fresh_frozen_plasma,274,204.0,274.0,299.0,95.0,0.22,Moderate,14.22,Moderate,Adequate,Reorder Immediately
2023-10-01,BB_0101,rural,O_pos,fresh_frozen_plasma,266,202.0,262.5,297.0,95.0,0.19,Low,15.72,Moderate,Critical,Reorder Immediately
2024-07-01,BB_0136,urban,O_neg,whole_blood,255,185.0,255.0,280.0,95.0,0.33,Critical,22.16,High,Adequate,Reorder Immediately
2024-08-01,BB_0132,peri_urban,A_pos,group_O_neg_emergency,252,186.67,253.67,281.6,94.9,0.23,Moderate,15.11,Moderate,Critical,Reorder Immediately
2024-08-01,BB_0067,urban,O_neg,platelet_concentrate,234,167.0,234.0,261.9,94.9,0.28,High,12.57,Low,Recovered,Reorder Immediately
2023-01-01,BB_0049,urban,A_pos,fresh_frozen_plasma,257,193.25,263.25,288.2,94.9,0.37,Critical,14.77,Moderate,Recovered,Reorder Immediately
2024-07-01,BB_0083,urban,B_pos,whole_blood,258,200.0,269.0,294.8,94.8,0.29,Critical,13.42,Low,Low Stock,Reorder Immediately
2022-09-01,BB_0038,rural,AB_pos,packed_RBC,259,193.0,259.0,287.7,94.7,0.23,Moderate,12.44,Low,Adequate,Reorder Immediately
2023-12-01,BB_0009,urban,AB_pos,packed_RBC,262,196.0,262.0,290.7,94.7,0.27,High,7.65,Low,Recovered,Reorder Immediately
2023-09-01,BB_0072,peri_urban,A_pos,group_O_neg_emergency,248,188.33,255.0,282.9,94.6,0.28,High,15.54,Moderate,Recovered,Reorder Immediately
2022-02-01,BB_0001,urban,AB_pos,fresh_frozen_plasma,260,191.0,260.0,285.6,94.6,0.31,Critical,21.47,Moderate,Low Stock,Reorder Immediately
2023-09-01,BB_0126,peri_urban,AB_pos,platelet_concentrate,248,177.0,248.0,271.6,94.6,0.28,High,7.91,Low,Low Stock,Reorder Immediately
2023-10-01,BB_0056,rural,O_neg,packed_RBC,262,195.0,262.0,289.5,94.5,0.32,Critical,13.33,Low,Adequate,Reorder Immediately
2021-12-01,BB_0074,peri_urban,A_neg,cryoprecipitate,272,201.0,272.0,295.5,94.5,0.25,High,11.94,Low,Recovered,Reorder Immediately
2022-02-01,BB_0105,urban,A_pos,cryoprecipitate,251,183.0,251.0,277.4,94.4,0.21,Low,12.57,Low,Adequate,Reorder Immediately
2024-11-01,BB_0090,peri_urban,A_pos,packed_RBC,251,191.67,259.67,286.1,94.4,0.2,Low,21.03,High,Adequate,Reorder Immediately
2022-06-01,BB_0116,urban,A_pos,group_O_neg_emergency,240,193.0,259.5,287.4,94.4,0.29,High,18.5,Moderate,Recovered,Reorder Immediately
2024-12-01,BB_0126,urban,B_pos,fresh_frozen_plasma,253,187.67,256.0,282.0,94.3,0.28,High,14.4,Moderate,Low Stock,Reorder Immediately
2022-10-01,BB_0095,rural,B_pos,platelet_concentrate,251,183.0,251.0,277.3,94.3,0.3,Critical,11.48,Low,Low Stock,Reorder Immediately
2024-12-01,BB_0067,rural,B_pos,platelet_concentrate,247,179.0,247.0,273.3,94.3,0.28,High,13.97,Moderate,Adequate,Reorder Immediately
2023-11-01,BB_0020,rural,O_neg,fresh_frozen_plasma,250,180.0,250.0,274.3,94.3,0.3,Critical,25.56,Moderate,Adequate,Reorder Immediately
2023-03-01,BB_0086,urban,B_pos,cryoprecipitate,249,197.0,266.33,291.3,94.3,0.41,Critical,16.0,Moderate,Recovered,Reorder Immediately
2023-03-01,BB_0087,urban,O_neg,fresh_frozen_plasma,250,180.0,250.0,274.3,94.3,0.21,Low,22.78,Moderate,Adequate,Reorder Immediately
2022-01-01,BB_0076,urban,B_pos,whole_blood,248,184.5,253.0,278.8,94.3,0.21,Low,15.04,Moderate,Adequate,Reorder Immediately
2022-10-01,BB_0035,rural,B_pos,platelet_concentrate,262,194.0,262.0,288.3,94.3,0.24,Moderate,12.37,Low,Adequate,Reorder Immediately
2023-12-01,BB_0072,urban,A_neg,group_O_neg_emergency,256,187.0,256.0,281.2,94.2,0.28,High,11.23,Low,Adequate,Reorder Immediately
2023-07-01,BB_0131,urban,A_neg,group_O_neg_emergency,256,187.0,256.0,281.2,94.2,0.25,Moderate,13.9,Low,Adequate,Reorder Immediately
2024-10-01,BB_0129,rural,A_pos,whole_blood,261,198.67,252.17,292.9,94.2,0.28,High,19.52,High,Adequate,Reorder Immediately
2024-07-01,BB_0075,urban,A_pos,platelet_concentrate,240,188.5,257.0,282.7,94.2,0.28,High,8.7,Low,Critical,Reorder Immediately
2022-07-01,BB_0137,peri_urban,A_neg,platelet_concentrate,258,186.5,255.5,280.7,94.2,0.28,High,12.8,Low,Adequate,Reorder Immediately
2024-09-01,BB_0131,rural,O_pos,cryoprecipitate,239,196.33,245.5,290.4,94.1,0.25,Moderate,16.35,Moderate,Adequate,Reorder Immediately
2024-05-01,BB_0043,urban,A_pos,packed_RBC,250,193.0,260.67,287.1,94.1,0.25,Moderate,17.31,Moderate,Adequate,Reorder Immediately
2024-12-01,BB_0064,urban,A_pos,platelet_concentrate,263,192.33,260.67,286.4,94.1,0.12,Low,18.01,Moderate,Critical,Reorder Immediately
2024-03-01,BB_0101,peri_urban,B_pos,packed_RBC,259,189.67,258.33,283.8,94.1,0.19,Low,19.02,High,Recovered,Reorder Immediately
2024-12-01,BB_0029,urban,A_pos,packed_RBC,258,186.25,254.0,280.4,94.1,0.16,Low,16.9,Moderate,Adequate,Reorder Immediately
2024-12-01,BB_0065,urban,B_pos,cryoprecipitate,265,196.0,265.0,290.0,94.0,0.32,Critical,15.31,Moderate,Adequate,Reorder Immediately
2024-06-01,BB_0054,rural,O_pos,platelet_concentrate,245,195.8,248.2,289.8,94.0,0.28,High,16.82,Moderate,Adequate,Reorder Immediately
2023-11-01,BB_0082,rural,O_pos,whole_blood,292,197.0,265.67,291.0,94.0,0.33,Critical,19.18,High,Adequate,Reorder Immediately
2023-09-01,BB_0056,peri_urban,O_neg,group_O_neg_emergency,240,172.0,240.0,266.0,94.0,0.32,Critical,20.35,High,Adequate,Reorder Immediately
2024-07-01,BB_0032,peri_urban,B_pos,fresh_frozen_plasma,270,202.0,270.0,296.0,94.0,0.29,High,15.84,Moderate,Adequate,Reorder Immediately
2024-12-01,BB_0021,urban,O_pos,cryoprecipitate,256,191.18,258.82,285.2,94.0,0.26,High,17.58,Moderate,Low Stock,Reorder Immediately
2024-04-01,BB_0123,peri_urban,B_pos,fresh_frozen_plasma,259,191.0,259.0,285.0,94.0,0.26,High,16.75,Moderate,Adequate,Reorder Immediately
2023-08-01,BB_0138,urban,B_neg,fresh_frozen_plasma,241,191.5,255.0,285.5,94.0,0.28,High,13.56,Low,Adequate,Reorder Immediately
2022-07-01,BB_0098,rural,A_pos,group_O_neg_emergency,249,183.0,249.0,276.9,93.9,0.23,Moderate,28.42,High,Recovered,Reorder Immediately
2021-04-01,BB_0048,urban,B_neg,platelet_concentrate,276,207.0,276.0,300.9,93.9,0.32,Critical,10.63,Low,Recovered,Reorder Immediately
2024-06-01,BB_0106,peri_urban,O_pos,cryoprecipitate,259,199.4,252.7,293.3,93.9,0.22,Low,16.36,Moderate,Low Stock,Reorder Immediately
2023-10-01,BB_0097,peri_urban,AB_pos,fresh_frozen_plasma,270,199.67,268.0,293.6,93.9,0.27,High,14.52,Moderate,Adequate,Reorder Immediately
2022-04-01,BB_0107,urban,B_neg,platelet_concentrate,247,178.0,247.0,271.9,93.9,0.23,Moderate,12.36,Low,Adequate,Reorder Immediately
2024-12-01,BB_0103,rural,B_pos,group_O_neg_emergency,260,175.67,244.33,269.6,93.9,0.32,Critical,18.43,Moderate,Recovered,Reorder Immediately
2024-09-01,BB_0056,rural,A_pos,whole_blood,245,178.0,245.0,271.8,93.8,0.32,Critical,20.22,High,Low Stock,Reorder Immediately
2024-01-01,BB_0009,urban,A_pos,whole_blood,267,200.0,267.0,293.8,93.8,0.27,High,8.5,Low,Critical,Reorder Immediately
2024-11-01,BB_0028,peri_urban,O_pos,cryoprecipitate,261,189.83,250.67,283.6,93.8,0.19,Low,17.32,Moderate,Recovered,Reorder Immediately
2021-08-01,BB_0021,rural,O_neg,cryoprecipitate,267,201.0,267.0,294.8,93.8,0.26,High,22.89,Moderate,Adequate,Reorder Immediately
2024-05-01,BB_0094,peri_urban,A_neg,whole_blood,247,181.0,247.0,274.8,93.8,0.3,Critical,14.92,Moderate,Low Stock,Reorder Immediately
2023-03-01,BB_0102,urban,B_pos,whole_blood,265,197.0,265.0,290.8,93.8,0.17,Low,19.29,High,Low Stock,Reorder Immediately
2022-03-01,BB_0070,urban,A_neg,whole_blood,243,177.0,243.0,270.8,93.8,0.22,Moderate,2.82,Low,Low Stock,Reorder Immediately
2021-01-01,BB_0077,urban,AB_pos,packed_RBC,255,190.0,255.0,283.7,93.7,0.25,Moderate,17.37,Moderate,Adequate,Reorder Immediately
2024-07-01,BB_0117,peri_urban,A_neg,packed_RBC,257,188.0,257.0,281.7,93.7,0.23,Moderate,19.15,High,Adequate,Reorder Immediately
2024-04-01,BB_0025,rural,B_pos,fresh_frozen_plasma,272,192.33,260.0,286.0,93.7,0.3,Critical,18.34,Moderate,Adequate,Reorder Immediately
2024-04-01,BB_0147,urban,B_pos,fresh_frozen_plasma,270,192.5,260.0,286.0,93.5,0.24,Moderate,14.92,Moderate,Adequate,Reorder Immediately
2023-12-01,BB_0070,urban,B_neg,fresh_frozen_plasma,245,182.0,245.0,275.5,93.5,0.22,Moderate,22.53,Moderate,Low Stock,Reorder Immediately
2024-09-01,BB_0033,urban,A_pos,group_O_neg_emergency,242,194.2,254.4,287.7,93.5,0.23,Moderate,12.85,Low,Adequate,Reorder Immediately
2021-05-01,BB_0060,urban,B_neg,cryoprecipitate,268,199.0,268.0,292.5,93.5,0.25,Moderate,10.55,Low,Low Stock,Reorder Immediately
2023-03-01,BB_0029,urban,AB_pos,cryoprecipitate,263,197.0,263.0,290.5,93.5,0.16,Low,17.26,Moderate,Adequate,Reorder Immediately
2023-12-01,BB_0053,urban,AB_pos,whole_blood,270,199.0,270.0,292.5,93.5,0.28,High,10.05,Low,Low Stock,Reorder Immediately
2024-11-01,BB_0126,peri_urban,B_pos,cryoprecipitate,255,185.5,254.0,279.0,93.5,0.28,High,12.45,Low,Adequate,Reorder Immediately
2022-09-01,BB_0031,urban,A_pos,packed_RBC,264,197.0,264.0,290.4,93.4,0.24,Moderate,11.68,Low,Adequate,Reorder Immediately
2023-10-01,BB_0141,rural,A_pos,group_O_neg_emergency,284,197.6,254.7,291.0,93.4,0.27,High,16.0,Moderate,Recovered,Reorder Immediately
2024-10-01,BB_0056,urban,B_pos,group_O_neg_emergency,244,184.25,252.25,277.6,93.4,0.32,Critical,19.74,High,Low Stock,Reorder Immediately
2023-10-01,BB_0063,peri_urban,O_pos,fresh_frozen_plasma,273,197.0,263.67,290.3,93.3,0.29,High,14.79,Moderate,Adequate,Reorder Immediately
2024-05-01,BB_0076,peri_urban,O_pos,platelet_concentrate,299,205.0,266.88,298.3,93.3,0.21,Low,18.59,Moderate,Adequate,Reorder Immediately
2021-10-01,BB_0092,rural,B_pos,platelet_concentrate,236,169.0,236.0,262.3,93.3,0.18,Low,10.06,Low,Adequate,Reorder Immediately
2023-09-01,BB_0006,urban,O_pos,whole_blood,267,192.0,260.0,285.3,93.3,0.22,Low,21.43,High,Adequate,Reorder Immediately
2022-12-01,BB_0075,rural,B_pos,platelet_concentrate,259,192.0,259.0,285.3,93.3,0.28,High,13.02,Low,Recovered,Reorder Immediately
2024-04-01,BB_0147,peri_urban,A_pos,packed_RBC,248,192.0,258.75,285.2,93.2,0.24,Moderate,18.14,Moderate,Adequate,Reorder Immediately
2024-04-01,BB_0134,peri_urban,B_neg,whole_blood,274,190.0,259.5,283.2,93.2,0.25,Moderate,12.01,Low,Adequate,Reorder Immediately
2024-11-01,BB_0128,urban,O_neg,packed_RBC,264,189.0,254.5,282.0,93.0,0.29,Critical,12.18,Low,Low Stock,Reorder Immediately
2023-07-01,BB_0100,peri_urban,B_pos,fresh_frozen_plasma,249,182.0,249.0,275.0,93.0,0.27,High,16.48,Moderate,Recovered,Reorder Immediately
2023-05-01,BB_0125,urban,B_pos,packed_RBC,266,191.0,258.5,284.0,93.0,0.29,Critical,18.56,Moderate,Adequate,Reorder Immediately
2023-05-01,BB_0048,urban,AB_pos,whole_blood,245,194.0,264.5,287.0,93.0,0.32,Critical,17.12,Moderate,Recovered,Reorder Immediately
2024-06-01,BB_0080,peri_urban,B_pos,fresh_frozen_plasma,257,190.0,257.0,283.0,93.0,0.27,High,11.58,Low,Adequate,Reorder Immediately
2022-10-01,BB_0105,rural,A_pos,fresh_frozen_plasma,270,202.0,270.0,295.0,93.0,0.21,Low,4.46,Low,Critical,Reorder Immediately
2024-03-01,BB_0082,peri_urban,O_pos,fresh_frozen_plasma,225,197.5,250.0,290.5,93.0,0.33,Critical,19.95,Moderate,Adequate,Reorder Immediately
2024-07-01,BB_0022,peri_urban,B_pos,fresh_frozen_plasma,274,201.0,268.0,294.0,93.0,0.19,Low,14.78,Moderate,Low Stock,Reorder Immediately
2021-04-01,BB_0148,urban,O_neg,platelet_concentrate,254,189.0,254.0,281.9,92.9,0.27,High,29.1,High,Adequate,Reorder Immediately
2021-08-01,BB_0120,urban,B_neg,platelet_concentrate,271,203.0,271.0,295.9,92.9,0.26,High,15.27,Moderate,Adequate,Reorder Immediately
2024-02-01,BB_0026,rural,A_pos,group_O_neg_emergency,251,181.0,246.0,273.9,92.9,0.28,High,17.06,Moderate,Adequate,Reorder Immediately
2024-03-01,BB_0089,urban,A_pos,packed_RBC,255,193.0,259.5,285.9,92.9,0.29,Critical,14.92,Moderate,Recovered,Reorder Immediately
2024-05-01,BB_0135,urban,A_pos,group_O_neg_emergency,276,198.0,263.0,290.9,92.9,0.25,Moderate,17.66,Moderate,Low Stock,Reorder Immediately
2022-10-01,BB_0114,urban,O_neg,platelet_concentrate,269,204.0,269.0,296.9,92.9,0.21,Low,12.25,Low,Recovered,Reorder Immediately
2024-07-01,BB_0058,urban,O_neg,cryoprecipitate,278,213.0,278.0,305.8,92.8,0.21,Low,23.0,Moderate,Adequate,Reorder Immediately
2024-06-01,BB_0118,rural,B_pos,group_O_neg_emergency,269,195.5,263.0,288.3,92.8,0.29,Critical,12.5,Low,Recovered,Reorder Immediately
2024-02-01,BB_0058,urban,A_neg,whole_blood,252,180.5,245.5,273.3,92.8,0.21,Low,13.16,Low,Adequate,Reorder Immediately
2024-04-01,BB_0134,peri_urban,O_neg,cryoprecipitate,254,189.0,254.0,281.8,92.8,0.25,Moderate,28.57,Moderate,Adequate,Reorder Immediately
2022-04-01,BB_0086,urban,O_neg,cryoprecipitate,269,204.0,269.0,296.8,92.8,0.41,Critical,5.39,Low,Adequate,Reorder Immediately
2024-05-01,BB_0030,rural,O_neg,fresh_frozen_plasma,267,197.5,266.0,290.3,92.8,0.27,High,22.36,Moderate,Low Stock,Reorder Immediately
2024-04-01,BB_0004,peri_urban,O_neg,cryoprecipitate,266,201.0,266.0,293.8,92.8,0.25,High,21.39,Moderate,Adequate,Reorder Immediately
2024-08-01,BB_0073,rural,O_neg,cryoprecipitate,247,181.0,246.0,273.8,92.8,0.21,Low,16.62,Moderate,Low Stock,Reorder Immediately
2024-11-01,BB_0098,urban,O_pos,cryoprecipitate,253,191.83,252.33,284.6,92.8,0.23,Moderate,18.51,Moderate,Recovered,Reorder Immediately
2024-10-01,BB_0011,urban,B_pos,packed_RBC,269,190.5,257.75,283.2,92.7,0.2,Low,14.53,Moderate,Low Stock,Reorder Immediately
2024-05-01,BB_0033,rural,A_pos,fresh_frozen_plasma,267,196.0,263.67,288.7,92.7,0.23,Moderate,18.19,Moderate,Critical,Reorder Immediately
2022-09-01,BB_0126,urban,AB_pos,fresh_frozen_plasma,233,166.0,233.0,258.6,92.6,0.28,High,17.47,Moderate,Low Stock,Reorder Immediately
2024-12-01,BB_0088,urban,A_pos,group_O_neg_emergency,247,194.0,258.67,286.6,92.6,0.32,Critical,18.16,Moderate,Recovered,Reorder Immediately
2024-08-01,BB_0080,urban,O_pos,whole_blood,263,195.2,250.4,287.8,92.6,0.27,High,16.68,Moderate,Critical,Reorder Immediately
2024-09-01,BB_0032,peri_urban,O_pos,fresh_frozen_plasma,257,182.5,248.5,275.1,92.6,0.29,High,18.39,Moderate,Critical,Reorder Immediately
2023-09-01,BB_0034,urban,A_pos,group_O_neg_emergency,237,193.0,257.67,285.6,92.6,0.26,High,21.08,High,Adequate,Reorder Immediately
2024-10-01,BB_0008,urban,O_pos,cryoprecipitate,241,193.25,259.5,285.8,92.6,0.28,High,25.88,Moderate,Adequate,Reorder Immediately
2024-09-01,BB_0099,urban,O_pos,fresh_frozen_plasma,271,197.0,263.0,289.6,92.6,0.15,Low,17.44,Moderate,Adequate,Reorder Immediately
2021-07-01,BB_0109,urban,B_pos,packed_RBC,249,193.0,260.0,285.5,92.5,0.19,Low,17.35,Moderate,Adequate,Reorder Immediately
2023-12-01,BB_0013,peri_urban,O_neg,group_O_neg_emergency,259,192.0,258.5,284.5,92.5,0.29,Critical,17.52,Moderate,Adequate,Reorder Immediately
2023-07-01,BB_0027,peri_urban,AB_pos,whole_blood,270,200.0,270.0,292.5,92.5,0.35,Critical,11.0,Low,Adequate,Reorder Immediately
2024-12-01,BB_0116,urban,A_pos,fresh_frozen_plasma,259,190.5,258.0,283.0,92.5,0.29,High,10.77,Low,Adequate,Reorder Immediately
2021-09-01,BB_0087,urban,B_pos,cryoprecipitate,247,192.5,260.0,285.0,92.5,0.21,Low,13.18,Low,Adequate,Reorder Immediately
2021-05-01,BB_0022,rural,AB_neg,group_O_neg_emergency,274,206.0,274.0,298.4,92.4,0.19,Low,14.56,Moderate,Adequate,Reorder Immediately
2022-12-01,BB_0032,peri_urban,AB_pos,group_O_neg_emergency,264,198.0,264.0,290.4,92.4,0.29,High,16.67,Moderate,Adequate,Reorder Immediately
2024-07-01,BB_0144,urban,O_pos,group_O_neg_emergency,225,181.33,248.0,273.7,92.4,0.25,Moderate,21.15,High,Adequate,Reorder Immediately
2023-12-01,BB_0087,urban,O_pos,platelet_concentrate,245,194.67,261.0,287.1,92.4,0.21,Low,7.35,Low,Recovered,Reorder Immediately
2023-10-01,BB_0048,urban,A_pos,cryoprecipitate,265,199.67,265.67,292.1,92.4,0.32,Critical,19.48,Moderate,Recovered,Reorder Immediately
2023-11-01,BB_0015,peri_urban,A_pos,group_O_neg_emergency,260,203.5,268.0,295.9,92.4,0.25,Moderate,14.5,Moderate,Recovered,Reorder Immediately
2024-10-01,BB_0028,urban,A_pos,group_O_neg_emergency,269,186.5,251.0,278.9,92.4,0.19,Low,17.39,Moderate,Recovered,Reorder Immediately
2022-09-01,BB_0007,urban,A_pos,group_O_neg_emergency,243,196.33,260.67,288.6,92.3,0.36,Critical,23.47,High,Low Stock,Reorder Immediately
2024-09-01,BB_0029,urban,O_pos,group_O_neg_emergency,243,190.4,249.8,282.7,92.3,0.16,Low,15.89,Moderate,Adequate,Reorder Immediately
2023-07-01,BB_0068,urban,B_pos,group_O_neg_emergency,265,198.0,265.0,290.3,92.3,0.27,High,21.72,High,Adequate,Reorder Immediately
2024-11-01,BB_0129,urban,B_pos,group_O_neg_emergency,262,189.0,256.0,281.3,92.3,0.28,High,19.74,High,Recovered,Reorder Immediately
2023-04-01,BB_0022,peri_urban,O_pos,fresh_frozen_plasma,256,183.67,245.0,276.0,92.3,0.19,Low,18.48,Moderate,Critical,Reorder Immediately
2023-06-01,BB_0046,peri_urban,O_pos,fresh_frozen_plasma,273,196.33,262.0,288.6,92.3,0.29,Critical,16.59,Moderate,Recovered,Reorder Immediately
2024-07-01,BB_0105,rural,O_pos,fresh_frozen_plasma,239,193.5,245.83,285.8,92.3,0.21,Low,19.09,Moderate,Low Stock,Reorder Immediately
2024-04-01,BB_0114,urban,B_pos,whole_blood,283,193.5,260.0,285.8,92.3,0.21,Low,20.94,High,Adequate,Reorder Immediately
2022-05-01,BB_0100,urban,A_neg,group_O_neg_emergency,256,189.0,256.0,281.2,92.2,0.27,High,14.29,Moderate,Adequate,Reorder Immediately
2024-04-01,BB_0149,urban,B_pos,packed_RBC,285,190.0,256.67,282.2,92.2,0.2,Low,19.47,High,Adequate,Reorder Immediately
2024-09-01,BB_0101,urban,A_pos,platelet_concentrate,259,200.0,266.5,292.2,92.2,0.19,Low,21.56,High,Adequate,Reorder Immediately
2024-11-01,BB_0116,urban,A_neg,platelet_concentrate,262,195.0,262.0,287.2,92.2,0.29,High,9.74,Low,Recovered,Reorder Immediately
2023-08-01,BB_0032,urban,A_pos,cryoprecipitate,259,203.0,268.67,295.1,92.1,0.29,High,17.52,Moderate,Adequate,Reorder Immediately
2024-01-01,BB_0068,rural,O_pos,platelet_concentrate,261,191.5,257.5,283.6,92.1,0.27,High,20.58,High,Recovered,Reorder Immediately
2023-08-01,BB_0013,urban,AB_pos,fresh_frozen_plasma,264,193.0,259.5,285.1,92.1,0.29,Critical,14.5,Moderate,Recovered,Reorder Immediately
2023-05-01,BB_0116,rural,B_pos,fresh_frozen_plasma,267,201.0,267.0,293.0,92.0,0.29,High,16.42,Moderate,Adequate,Reorder Immediately
2024-07-01,BB_0060,urban,O_pos,platelet_concentrate,283,194.83,252.67,286.8,92.0,0.25,Moderate,19.8,High,Adequate,Reorder Immediately
2024-10-01,BB_0125,rural,B_pos,cryoprecipitate,233,187.5,254.5,279.5,92.0,0.29,Critical,29.44,Moderate,Low Stock,Reorder Immediately
2024-08-01,BB_0008,urban,O_neg,group_O_neg_emergency,245,179.0,245.0,271.0,92.0,0.28,High,25.14,High,Recovered,Reorder Immediately
2023-07-01,BB_0016,urban,B_pos,cryoprecipitate,244,187.5,254.5,279.5,92.0,0.23,Moderate,11.28,Low,Adequate,Reorder Immediately
2023-02-01,BB_0133,rural,B_pos,cryoprecipitate,237,170.0,237.0,262.0,92.0,0.22,Low,21.18,Moderate,Adequate,Reorder Immediately
2023-06-01,BB_0122,urban,O_neg,whole_blood,259,192.0,259.0,284.0,92.0,0.26,High,13.02,Low,Adequate,Reorder Immediately
2024-07-01,BB_0035,peri_urban,O_pos,fresh_frozen_plasma,248,199.8,249.2,291.8,92.0,0.24,Moderate,18.62,Moderate,Adequate,Reorder Immediately
2024-07-01,BB_0103,rural,O_pos,platelet_concentrate,293,199.83,254.5,291.8,92.0,0.32,Critical,15.98,Moderate,Adequate,Reorder Immediately
2024-01-01,BB_0008,peri_urban,A_pos,fresh_frozen_plasma,281,198.5,265.5,290.5,92.0,0.28,High,13.86,Low,Critical,Reorder Immediately
2023-07-01,BB_0122,rural,O_pos,group_O_neg_emergency,277,193.5,256.5,285.4,91.9,0.26,High,14.82,Moderate,Adequate,Reorder Immediately
2024-05-01,BB_0041,urban,A_pos,group_O_neg_emergency,254,190.0,254.0,281.9,91.9,0.2,Low,21.05,High,Adequate,Reorder Immediately
2023-04-01,BB_0116,urban,A_pos,cryoprecipitate,253,192.0,257.5,283.9,91.9,0.29,High,17.7,Moderate,Adequate,Reorder Immediately
2024-09-01,BB_0034,urban,A_pos,platelet_concentrate,261,196.25,262.5,288.2,91.9,0.26,High,12.97,Low,Recovered,Reorder Immediately
2024-10-01,BB_0094,urban,B_pos,platelet_concentrate,254,193.0,258.5,284.8,91.8,0.3,Critical,15.24,Moderate,Adequate,Reorder Immediately
2022-05-01,BB_0067,rural,A_neg,fresh_frozen_plasma,259,193.0,259.0,284.8,91.8,0.28,High,10.88,Low,Critical,Reorder Immediately
2023-11-01,BB_0124,urban,B_pos,group_O_neg_emergency,250,194.0,260.5,285.8,91.8,0.22,Low,13.41,Low,Adequate,Reorder Immediately
2024-01-01,BB_0109,peri_urban,B_pos,whole_blood,235,193.0,259.0,284.8,91.8,0.19,Low,16.8,Moderate,Adequate,Reorder Immediately
2024-10-01,BB_0067,urban,O_pos,packed_RBC,253,187.5,252.5,279.3,91.8,0.28,High,17.85,Moderate,Recovered,Reorder Immediately
2024-11-01,BB_0042,urban,O_pos,whole_blood,230,183.86,250.71,275.7,91.8,0.24,Moderate,15.86,Moderate,Adequate,Reorder Immediately
2023-05-01,BB_0008,urban,B_pos,whole_blood,260,192.0,258.0,283.8,91.8,0.28,High,11.25,Low,Recovered,Reorder Immediately
2022-01-01,BB_0139,urban,A_pos,whole_blood,258,193.0,258.0,284.8,91.8,0.25,Moderate,25.91,High,Adequate,Reorder Immediately
2022-08-01,BB_0148,rural,A_neg,packed_RBC,264,197.0,264.0,288.7,91.7,0.27,High,27.41,High,Adequate,Reorder Immediately
2024-03-01,BB_0036,urban,A_pos,platelet_concentrate,249,191.0,257.0,282.7,91.7,0.32,Critical,7.53,Low,Low Stock,Reorder Immediately
2024-04-01,BB_0066,urban,A_pos,platelet_concentrate,252,191.0,257.0,282.7,91.7,0.22,Moderate,14.36,Moderate,Low Stock,Reorder Immediately
2023-04-01,BB_0131,peri_urban,AB_pos,packed_RBC,244,181.0,244.0,272.7,91.7,0.25,Moderate,23.76,High,Recovered,Reorder Immediately
2024-05-01,BB_0094,urban,A_neg,packed_RBC,266,199.0,266.0,290.7,91.7,0.3,Critical,18.09,Moderate,Recovered,Reorder Immediately
2024-12-01,BB_0099,rural,O_pos,packed_RBC,281,189.6,255.2,281.3,91.7,0.15,Low,21.49,High,Low Stock,Reorder Immediately
2023-03-01,BB_0127,urban,AB_pos,packed_RBC,281,193.0,256.0,284.7,91.7,0.24,Moderate,12.84,Low,Recovered,Reorder Immediately
2024-05-01,BB_0103,peri_urban,AB_pos,fresh_frozen_plasma,257,191.0,257.0,282.6,91.6,0.32,Critical,13.61,Low,Critical,Reorder Immediately
2024-05-01,BB_0009,rural,O_pos,fresh_frozen_plasma,241,196.0,261.0,287.6,91.6,0.27,High,15.61,Moderate,Adequate,Reorder Immediately
2024-03-01,BB_0114,rural,O_pos,fresh_frozen_plasma,256,188.75,253.75,280.4,91.6,0.21,Low,16.85,Moderate,Adequate,Reorder Immediately
2023-08-01,BB_0021,rural,A_pos,cryoprecipitate,239,200.4,255.8,292.0,91.6,0.26,High,19.32,Moderate,Critical,Reorder Immediately
2024-12-01,BB_0117,urban,O_pos,platelet_concentrate,261,192.75,258.25,284.4,91.6,0.23,Moderate,12.69,Low,Adequate,Reorder Immediately
2024-09-01,BB_0075,urban,O_pos,cryoprecipitate,241,182.0,247.25,273.6,91.6,0.28,High,9.07,Low,Adequate,Reorder Immediately
2021-04-01,BB_0080,urban,AB_pos,whole_blood,268,199.0,268.0,290.5,91.5,0.27,High,16.08,Moderate,Adequate,Reorder Immediately
2023-09-01,BB_0148,rural,A_pos,fresh_frozen_plasma,258,196.5,263.0,288.0,91.5,0.27,High,15.72,Moderate,Adequate,Reorder Immediately
2024-07-01,BB_0046,urban,AB_pos,cryoprecipitate,255,191.0,255.0,282.5,91.5,0.29,Critical,19.37,Moderate,Recovered,Reorder Immediately
2024-12-01,BB_0111,urban,B_pos,cryoprecipitate,268,196.0,262.5,287.5,91.5,0.21,Low,18.61,Moderate,Adequate,Reorder Immediately
2022-03-01,BB_0009,rural,B_pos,packed_RBC,255,189.0,255.0,280.5,91.5,0.27,High,10.58,Low,Adequate,Reorder Immediately
2024-02-01,BB_0016,peri_urban,O_pos,platelet_concentrate,229,198.2,246.8,289.7,91.5,0.23,Moderate,16.55,Moderate,Adequate,Reorder Immediately
2023-10-01,BB_0068,rural,O_pos,group_O_neg_emergency,264,196.0,263.67,287.5,91.5,0.27,High,18.45,Moderate,Adequate,Reorder Immediately
2024-08-01,BB_0060,urban,O_pos,fresh_frozen_plasma,270,193.2,248.6,284.7,91.5,0.25,Moderate,16.37,Moderate,Adequate,Reorder Immediately
2023-12-01,BB_0007,urban,A_pos,fresh_frozen_plasma,268,189.0,255.5,280.5,91.5,0.36,Critical,18.16,Moderate,Adequate,Reorder Immediately
2023-04-01,BB_0133,rural,AB_pos,group_O_neg_emergency,254,189.0,254.0,280.4,91.4,0.22,Low,22.22,High,Critical,Reorder Immediately
2024-04-01,BB_0002,urban,AB_neg,group_O_neg_emergency,240,173.0,240.0,264.4,91.4,0.23,Moderate,21.97,High,Adequate,Reorder Immediately
2023-03-01,BB_0013,urban,A_pos,cryoprecipitate,279,214.0,279.0,305.4,91.4,0.29,Critical,21.03,Moderate,Adequate,Reorder Immediately
2021-11-01,BB_0021,urban,O_neg,platelet_concentrate,262,197.0,260.5,288.4,91.4,0.26,High,14.46,Moderate,Recovered,Reorder Immediately
2024-05-01,BB_0087,urban,A_pos,cryoprecipitate,277,212.0,277.0,303.4,91.4,0.21,Low,12.74,Low,Adequate,Reorder Immediately
2023-06-01,BB_0002,peri_urban,A_pos,cryoprecipitate,261,196.0,261.0,287.4,91.4,0.23,Moderate,19.39,Moderate,Adequate,Reorder Immediately
2024-05-01,BB_0006,peri_urban,A_pos,whole_blood,273,206.0,270.5,297.3,91.3,0.22,Low,20.0,High,Adequate,Reorder Immediately
2024-12-01,BB_0106,urban,O_pos,group_O_neg_emergency,282,199.14,255.43,290.4,91.3,0.22,Low,15.25,Moderate,Adequate,Reorder Immediately
2021-02-01,BB_0032,urban,B_pos,platelet_concentrate,263,198.0,263.0,289.3,91.3,0.29,High,22.73,High,Low Stock,Reorder Immediately
2024-11-01,BB_0013,rural,B_pos,platelet_concentrate,268,203.0,268.0,294.3,91.3,0.29,Critical,21.67,High,Critical,Reorder Immediately
2024-02-01,BB_0093,urban,O_pos,platelet_concentrate,274,199.5,264.75,290.8,91.3,0.29,High,19.26,High,Low Stock,Reorder Immediately
2023-12-01,BB_0041,urban,A_neg,group_O_neg_emergency,263,197.0,263.0,288.2,91.2,0.2,Low,5.08,Low,Low Stock,Reorder Immediately
2023-10-01,BB_0057,urban,A_neg,platelet_concentrate,255,189.0,255.0,280.2,91.2,0.21,Low,19.05,High,Adequate,Reorder Immediately
2023-09-01,BB_0037,urban,B_pos,packed_RBC,254,189.33,255.0,280.5,91.2,0.21,Low,17.02,Moderate,Recovered,Reorder Immediately
2024-12-01,BB_0143,peri_urban,O_pos,cryoprecipitate,242,201.0,256.67,292.2,91.2,0.24,Moderate,17.14,Moderate,Recovered,Reorder Immediately
2024-04-01,BB_0053,urban,O_pos,group_O_neg_emergency,271,192.5,258.0,283.7,91.2,0.28,High,19.4,High,Recovered,Reorder Immediately
2024-12-01,BB_0036,rural,O_pos,fresh_frozen_plasma,221,197.2,245.6,288.4,91.2,0.32,Critical,12.03,Low,Adequate,Reorder Immediately
2021-08-01,BB_0069,rural,A_neg,group_O_neg_emergency,257,191.0,257.0,282.2,91.2,0.15,Low,17.28,Moderate,Adequate,Reorder Immediately
2022-03-01,BB_0034,urban,A_neg,platelet_concentrate,257,191.0,257.0,282.2,91.2,0.26,High,15.71,Moderate,Low Stock,Reorder Immediately
2024-03-01,BB_0139,rural,AB_pos,fresh_frozen_plasma,270,199.5,265.0,290.6,91.1,0.25,Moderate,15.76,Moderate,Adequate,Reorder Immediately
2024-07-01,BB_0144,rural,B_pos,packed_RBC,259,190.67,256.33,281.8,91.1,0.25,Moderate,16.49,Moderate,Adequate,Reorder Immediately
2024-12-01,BB_0068,rural,O_neg,whole_blood,271,205.0,271.0,296.0,91.0,0.27,High,9.76,Low,Adequate,Reorder Immediately
2024-07-01,BB_0030,rural,O_neg,group_O_neg_emergency,241,176.0,241.0,267.0,91.0,0.27,High,23.3,High,Recovered,Reorder Immediately
2024-05-01,BB_0016,peri_urban,A_pos,fresh_frozen_plasma,258,193.0,259.0,284.0,91.0,0.23,Moderate,18.54,Moderate,Adequate,Reorder Immediately
2023-11-01,BB_0031,urban,O_neg,whole_blood,263,197.0,263.0,288.0,91.0,0.24,Moderate,10.15,Low,Adequate,Reorder Immediately
2024-07-01,BB_0016,urban,B_pos,group_O_neg_emergency,259,194.33,260.0,285.3,91.0,0.23,Moderate,17.94,Moderate,Adequate,Reorder Immediately
2023-08-01,BB_0090,urban,O_neg,group_O_neg_emergency,246,181.0,246.0,272.0,91.0,0.2,Low,12.15,Low,Adequate,Reorder Immediately
2023-07-01,BB_0140,peri_urban,A_pos,whole_blood,270,181.0,245.25,272.0,91.0,0.2,Low,16.34,Moderate,Adequate,Reorder Immediately
2024-03-01,BB_0124,peri_urban,AB_pos,whole_blood,239,191.5,260.0,282.5,91.0,0.22,Low,16.02,Moderate,Low Stock,Reorder Immediately
2024-10-01,BB_0066,rural,B_pos,fresh_frozen_plasma,254,195.0,260.0,286.0,91.0,0.22,Moderate,13.75,Low,Recovered,Reorder Immediately
2024-02-01,BB_0058,peri_urban,A_pos,group_O_neg_emergency,271,199.0,262.0,289.9,90.9,0.21,Low,21.01,High,Recovered,Reorder Immediately
2023-12-01,BB_0068,peri_urban,O_neg,platelet_concentrate,248,185.0,248.0,275.9,90.9,0.27,High,15.68,Moderate,Low Stock,Reorder Immediately
2023-01-01,BB_0001,peri_urban,A_pos,group_O_neg_emergency,257,194.0,257.0,284.9,90.9,0.31,Critical,17.01,Moderate,Recovered,Reorder Immediately
2024-06-01,BB_0078,urban,O_pos,cryoprecipitate,261,195.67,260.33,286.6,90.9,0.25,Moderate,21.22,Moderate,Adequate,Reorder Immediately
2024-04-01,BB_0122,urban,O_neg,platelet_concentrate,270,207.0,270.0,297.9,90.9,0.26,High,16.91,Moderate,Low Stock,Reorder Immediately
2024-12-01,BB_0127,urban,A_pos,group_O_neg_emergency,263,189.5,252.5,280.4,90.9,0.24,Moderate,11.98,Low,Low Stock,Reorder Immediately
2022-08-01,BB_0136,rural,A_pos,group_O_neg_emergency,244,181.0,244.0,271.9,90.9,0.33,Critical,18.78,Moderate,Critical,Reorder Immediately
2023-12-01,BB_0102,rural,AB_pos,group_O_neg_emergency,272,194.5,259.0,285.4,90.9,0.17,Low,13.6,Low,Low Stock,Reorder Immediately
2024-08-01,BB_0075,urban,B_pos,cryoprecipitate,258,191.25,257.25,282.2,90.9,0.28,High,20.18,Moderate,Adequate,Reorder Immediately
2024-01-01,BB_0075,peri_urban,A_pos,whole_blood,266,202.0,266.0,292.8,90.8,0.28,High,13.86,Low,Adequate,Reorder Immediately
2022-07-01,BB_0021,urban,A_pos,whole_blood,262,198.0,262.0,288.8,90.8,0.26,High,22.73,High,Recovered,Reorder Immediately
2024-09-01,BB_0149,peri_urban,A_pos,whole_blood,252,183.33,247.33,274.1,90.8,0.2,Low,17.72,Moderate,Adequate,Reorder Immediately
2024-12-01,BB_0117,peri_urban,O_pos,group_O_neg_emergency,253,196.0,261.0,286.7,90.7,0.23,Moderate,15.56,Moderate,Adequate,Reorder Immediately
2024-12-01,BB_0110,urban,O_pos,fresh_frozen_plasma,259,187.33,251.33,277.9,90.6,0.29,Critical,15.86,Moderate,Recovered,Reorder Immediately
2024-04-01,BB_0095,urban,O_pos,cryoprecipitate,244,200.25,256.12,290.8,90.6,0.3,Critical,17.01,Moderate,Low Stock,Reorder Immediately
2022-08-01,BB_0079,urban,O_pos,fresh_frozen_plasma,228,182.0,246.0,272.6,90.6,0.39,Critical,10.04,Low,Critical,Reorder Immediately
2024-12-01,BB_0091,peri_urban,O_pos,group_O_neg_emergency,203,192.83,241.5,283.4,90.6,0.22,Low,17.73,Moderate,Critical,Reorder Immediately
2024-09-01,BB_0024,urban,A_pos,group_O_neg_emergency,238,183.6,244.6,274.1,90.5,0.24,Moderate,17.72,Moderate,Adequate,Reorder Immediately
2024-11-01,BB_0039,urban,B_neg,cryoprecipitate,253,187.0,253.0,277.5,90.5,0.32,Critical,17.65,Moderate,Adequate,Reorder Immediately
2024-08-01,BB_0086,urban,AB_pos,whole_blood,274,189.5,257.5,280.0,90.5,0.41,Critical,20.98,High,Recovered,Reorder Immediately
2022-07-01,BB_0098,rural,B_neg,fresh_frozen_plasma,267,207.0,267.0,297.5,90.5,0.23,Moderate,26.09,Moderate,Recovered,Reorder Immediately
2024-07-01,BB_0081,rural,A_pos,fresh_frozen_plasma,243,177.0,242.5,267.5,90.5,0.26,High,14.46,Moderate,Low Stock,Reorder Immediately
2022-09-01,BB_0002,urban,AB_pos,cryoprecipitate,260,197.0,260.0,287.5,90.5,0.23,Moderate,22.84,Moderate,Adequate,Reorder Immediately
2023-11-01,BB_0134,urban,O_pos,fresh_frozen_plasma,278,200.6,264.2,291.1,90.5,0.25,Moderate,16.52,Moderate,Low Stock,Reorder Immediately
2024-04-01,BB_0007,peri_urban,B_pos,cryoprecipitate,260,201.0,266.5,291.5,90.5,0.36,Critical,15.39,Moderate,Adequate,Reorder Immediately
2021-02-01,BB_0118,rural,AB_pos,whole_blood,241,173.0,241.0,263.5,90.5,0.29,Critical,12.14,Low,Recovered,Reorder Immediately
2024-03-01,BB_0130,urban,A_pos,group_O_neg_emergency,241,194.67,257.33,285.2,90.5,0.27,High,12.02,Low,Recovered,Reorder Immediately
2024-12-01,BB_0137,urban,B_pos,cryoprecipitate,254,188.0,253.5,278.5,90.5,0.28,High,18.4,Moderate,Adequate,Reorder Immediately
2021-07-01,BB_0021,urban,AB_pos,whole_blood,247,179.0,247.0,269.5,90.5,0.26,High,16.76,Moderate,Low Stock,Reorder Immediately
2021-09-01,BB_0093,urban,B_pos,packed_RBC,264,199.0,264.0,289.5,90.5,0.29,High,19.6,High,Adequate,Reorder Immediately
2024-07-01,BB_0141,urban,B_pos,packed_RBC,246,181.0,246.0,271.5,90.5,0.27,High,22.1,High,Recovered,Reorder Immediately
2023-10-01,BB_0022,rural,A_pos,cryoprecipitate,254,196.5,260.5,286.9,90.4,0.19,Low,14.71,Moderate,Adequate,Reorder Immediately
2024-05-01,BB_0111,urban,O_pos,packed_RBC,255,201.67,265.33,292.1,90.4,0.21,Low,19.04,High,Low Stock,Reorder Immediately
2024-09-01,BB_0044,urban,O_pos,cryoprecipitate,243,199.33,261.83,289.7,90.4,0.25,Moderate,14.62,Moderate,Adequate,Reorder Immediately
2024-04-01,BB_0058,urban,A_pos,cryoprecipitate,253,187.5,251.5,277.9,90.4,0.21,Low,11.7,Low,Adequate,Reorder Immediately
2024-04-01,BB_0084,urban,O_pos,group_O_neg_emergency,253,196.75,261.5,287.2,90.4,0.16,Low,22.58,High,Adequate,Reorder Immediately
2021-01-01,BB_0032,urban,A_pos,packed_RBC,244,180.0,244.0,270.4,90.4,0.29,High,15.0,Moderate,Critical,Reorder Immediately
2024-07-01,BB_0019,urban,B_pos,fresh_frozen_plasma,258,190.33,254.67,280.7,90.4,0.33,Critical,23.59,Moderate,Adequate,Reorder Immediately
2022-01-01,BB_0112,rural,A_pos,packed_RBC,264,200.0,264.0,290.4,90.4,0.28,High,24.5,High,Adequate,Reorder Immediately
2023-04-01,BB_0033,rural,AB_neg,group_O_neg_emergency,273,207.0,273.0,297.4,90.4,0.23,Moderate,16.91,Moderate,Low Stock,Reorder Immediately
2024-08-01,BB_0128,urban,B_pos,group_O_neg_emergency,245,180.5,245.5,270.8,90.3,0.29,Critical,17.82,Moderate,Recovered,Reorder Immediately
2024-02-01,BB_0069,peri_urban,B_pos,platelet_concentrate,272,208.0,272.0,298.3,90.3,0.15,Low,15.87,Moderate,Adequate,Reorder Immediately
2023-02-01,BB_0052,urban,B_pos,platelet_concentrate,256,192.0,256.0,282.3,90.3,0.19,Low,20.31,High,Adequate,Reorder Immediately
2022-12-01,BB_0035,rural,O_pos,whole_blood,258,194.0,259.0,284.3,90.3,0.24,Moderate,16.61,Moderate,Adequate,Reorder Immediately
2023-12-01,BB_0017,urban,B_pos,fresh_frozen_plasma,255,193.0,257.33,283.3,90.3,0.26,High,17.46,Moderate,Adequate,Reorder Immediately
2024-07-01,BB_0143,urban,A_pos,whole_blood,250,202.0,265.5,292.3,90.3,0.24,Moderate,21.1,High,Low Stock,Reorder Immediately
2024-03-01,BB_0013,urban,O_neg,fresh_frozen_plasma,251,185.0,251.0,275.3,90.3,0.29,Critical,23.24,Moderate,Recovered,Reorder Immediately
2024-10-01,BB_0080,rural,O_pos,group_O_neg_emergency,271,201.0,265.5,291.2,90.2,0.27,High,12.42,Low,Adequate,Reorder Immediately
2024-01-01,BB_0092,urban,A_pos,platelet_concentrate,261,194.0,258.5,284.2,90.2,0.18,Low,20.68,High,Adequate,Reorder Immediately
2023-11-01,BB_0007,peri_urban,O_pos,fresh_frozen_plasma,256,196.6,269.4,286.8,90.2,0.36,Critical,19.6,Moderate,Adequate,Reorder Immediately
2024-11-01,BB_0018,rural,O_pos,fresh_frozen_plasma,209,195.2,240.0,285.4,90.2,0.2,Low,19.43,Moderate,Low Stock,Reorder Immediately
2024-05-01,BB_0076,urban,O_pos,cryoprecipitate,246,193.5,257.25,283.6,90.1,0.21,Low,16.69,Moderate,Recovered,Reorder Immediately
2024-05-01,BB_0141,rural,A_pos,cryoprecipitate,264,201.25,265.0,291.4,90.1,0.27,High,16.43,Moderate,Recovered,Reorder Immediately
2024-10-01,BB_0009,urban,B_neg,group_O_neg_emergency,274,211.0,274.0,301.1,90.1,0.27,High,10.43,Low,Adequate,Reorder Immediately
2022-04-01,BB_0126,peri_urban,A_pos,packed_RBC,258,194.0,257.67,284.1,90.1,0.28,High,10.64,Low,Adequate,Reorder Immediately
2023-05-01,BB_0040,urban,O_neg,whole_blood,246,181.0,246.0,271.0,90.0,0.28,High,8.84,Low,Adequate,Reorder Immediately
2023-09-01,BB_0140,rural,O_neg,whole_blood,260,195.0,260.0,285.0,90.0,0.2,Low,17.95,Moderate,Adequate,Reorder Immediately
2023-08-01,BB_0003,rural,B_pos,fresh_frozen_plasma,269,203.5,267.5,293.5,90.0,0.33,Critical,16.54,Moderate,Adequate,Reorder Immediately
2023-12-01,BB_0042,rural,A_pos,packed_RBC,289,197.33,258.17,287.3,90.0,0.24,Moderate,18.66,Moderate,Adequate,Reorder Immediately
2022-05-01,BB_0139,urban,B_pos,fresh_frozen_plasma,277,197.0,261.0,287.0,90.0,0.25,Moderate,19.1,Moderate,Low Stock,Reorder Immediately
2023-04-01,BB_0078,peri_urban,A_pos,fresh_frozen_plasma,243,178.0,243.0,268.0,90.0,0.25,Moderate,15.73,Moderate,Low Stock,Reorder Immediately
2024-10-01,BB_0118,rural,B_pos,packed_RBC,241,195.0,259.5,285.0,90.0,0.29,Critical,22.78,High,Recovered,Reorder Immediately
2022-01-01,BB_0103,urban,B_pos,packed_RBC,266,202.0,266.5,292.0,90.0,0.32,Critical,14.49,Moderate,Recovered,Reorder Immediately
2024-10-01,BB_0013,urban,B_pos,fresh_frozen_plasma,257,186.67,250.67,276.7,90.0,0.29,Critical,12.0,Low,Recovered,Reorder Immediately
2023-02-01,BB_0125,urban,A_pos,fresh_frozen_plasma,272,207.0,272.0,297.0,90.0,0.29,Critical,9.66,Low,Adequate,Reorder Immediately
2023-03-01,BB_0055,peri_urban,B_neg,platelet_concentrate,263,198.0,263.0,287.9,89.9,0.24,Moderate,11.11,Low,Recovered,Reorder Immediately
2023-10-01,BB_0067,urban,O_pos,fresh_frozen_plasma,263,193.0,256.33,282.9,89.9,0.28,High,21.43,Moderate,Critical,Reorder Immediately
2024-10-01,BB_0007,urban,B_neg,platelet_concentrate,282,217.0,282.0,306.9,89.9,0.36,Critical,11.98,Low,Critical,Reorder Immediately
2024-10-01,BB_0103,rural,O_neg,platelet_concentrate,266,204.0,266.0,293.9,89.9,0.32,Critical,28.43,High,Adequate,Reorder Immediately
2023-09-01,BB_0016,urban,A_pos,whole_blood,245,182.0,245.0,271.8,89.8,0.23,Moderate,16.48,Moderate,Low Stock,Reorder Immediately
2024-11-01,BB_0030,rural,A_neg,fresh_frozen_plasma,261,197.0,261.0,286.8,89.8,0.27,High,16.27,Moderate,Low Stock,Reorder Immediately
2023-02-01,BB_0089,urban,A_neg,whole_blood,263,194.0,256.0,283.8,89.8,0.29,Critical,22.86,High,Recovered,Reorder Immediately
2024-04-01,BB_0030,peri_urban,O_neg,cryoprecipitate,259,197.0,259.0,286.8,89.8,0.27,High,13.2,Low,Critical,Reorder Immediately
2022-12-01,BB_0092,urban,B_pos,whole_blood,238,174.0,238.0,263.8,89.8,0.18,Low,22.99,High,Adequate,Reorder Immediately
2023-12-01,BB_0015,rural,A_pos,whole_blood,260,199.33,262.33,289.1,89.8,0.25,Moderate,16.45,Moderate,Recovered,Reorder Immediately
2022-03-01,BB_0086,urban,A_neg,fresh_frozen_plasma,244,180.0,244.0,269.8,89.8,0.41,Critical,12.78,Low,Adequate,Reorder Immediately
2023-12-01,BB_0062,urban,O_pos,platelet_concentrate,270,194.78,259.67,284.6,89.8,0.33,Critical,16.94,Moderate,Low Stock,Reorder Immediately
2024-12-01,BB_0028,urban,O_pos,packed_RBC,215,191.6,249.4,281.4,89.8,0.19,Low,16.85,Moderate,Adequate,Reorder Immediately
2023-09-01,BB_0014,urban,B_pos,platelet_concentrate,244,193.25,256.75,283.0,89.8,0.27,High,21.03,High,Low Stock,Reorder Immediately
2022-09-01,BB_0022,peri_urban,A_neg,fresh_frozen_plasma,258,194.0,258.0,283.8,89.8,0.19,Low,14.95,Moderate,Recovered,Reorder Immediately
2023-06-01,BB_0013,urban,A_neg,whole_blood,247,185.0,247.0,274.8,89.8,0.29,Critical,14.05,Moderate,Adequate,Reorder Immediately
2024-06-01,BB_0002,urban,A_pos,whole_blood,250,197.5,260.5,287.3,89.8,0.23,Moderate,20.63,High,Adequate,Reorder Immediately
2024-08-01,BB_0021,rural,A_pos,fresh_frozen_plasma,258,197.33,262.0,287.0,89.7,0.26,High,13.43,Low,Low Stock,Reorder Immediately
2024-01-01,BB_0034,rural,O_pos,cryoprecipitate,276,197.33,260.67,287.0,89.7,0.26,High,17.3,Moderate,Adequate,Reorder Immediately
2022-11-01,BB_0145,urban,A_pos,cryoprecipitate,251,180.0,243.33,269.7,89.7,0.22,Moderate,20.18,Moderate,Adequate,Reorder Immediately
2023-12-01,BB_0052,peri_urban,A_neg,packed_RBC,257,192.0,257.0,281.7,89.7,0.19,Low,8.85,Low,Low Stock,Reorder Immediately
2024-11-01,BB_0077,peri_urban,O_pos,fresh_frozen_plasma,267,202.29,264.14,292.0,89.7,0.25,Moderate,20.8,Moderate,Adequate,Reorder Immediately
2024-12-01,BB_0024,peri_urban,A_pos,fresh_frozen_plasma,246,197.33,262.0,287.0,89.7,0.24,Moderate,14.8,Moderate,Adequate,Reorder Immediately
2024-09-01,BB_0016,urban,AB_pos,packed_RBC,254,192.0,253.0,281.7,89.7,0.23,Moderate,15.96,Moderate,Low Stock,Reorder Immediately
2022-12-01,BB_0072,urban,AB_neg,whole_blood,243,195.0,255.5,284.6,89.6,0.28,High,15.36,Moderate,Adequate,Reorder Immediately
2022-01-01,BB_0059,urban,AB_pos,platelet_concentrate,273,207.0,273.0,296.6,89.6,0.37,Critical,15.46,Moderate,Adequate,Reorder Immediately
2024-10-01,BB_0141,peri_urban,O_pos,whole_blood,249,202.62,260.62,292.2,89.6,0.27,High,19.97,High,Recovered,Reorder Immediately
2023-09-01,BB_0125,peri_urban,O_pos,cryoprecipitate,266,208.78,258.56,298.4,89.6,0.29,Critical,16.41,Moderate,Recovered,Reorder Immediately
2024-05-01,BB_0119,urban,AB_pos,cryoprecipitate,260,185.5,247.5,275.0,89.5,0.22,Low,20.36,Moderate,Adequate,Reorder Immediately
2021-06-01,BB_0099,peri_urban,O_neg,packed_RBC,256,194.0,256.0,283.5,89.5,0.15,Low,16.49,Moderate,Low Stock,Reorder Immediately
2021-05-01,BB_0092,rural,A_pos,fresh_frozen_plasma,246,197.5,262.0,287.0,89.5,0.18,Low,15.48,Moderate,Adequate,Reorder Immediately
2022-12-01,BB_0140,peri_urban,A_pos,fresh_frozen_plasma,270,195.5,260.0,285.0,89.5,0.2,Low,15.56,Moderate,Low Stock,Reorder Immediately
2024-07-01,BB_0011,urban,A_pos,whole_blood,268,189.33,252.0,278.8,89.5,0.2,Low,14.54,Moderate,Adequate,Reorder Immediately
2022-10-01,BB_0041,peri_urban,AB_pos,cryoprecipitate,261,199.0,261.0,288.5,89.5,0.2,Low,9.55,Low,Low Stock,Reorder Immediately
2023-10-01,BB_0054,urban,A_neg,cryoprecipitate,260,194.0,260.0,283.5,89.5,0.28,High,25.26,Moderate,Adequate,Reorder Immediately
2024-11-01,BB_0103,urban,O_pos,fresh_frozen_plasma,263,198.8,261.8,288.3,89.5,0.32,Critical,14.91,Moderate,Recovered,Reorder Immediately
2024-11-01,BB_0020,urban,A_pos,cryoprecipitate,264,192.67,255.67,282.1,89.4,0.3,Critical,15.48,Moderate,Adequate,Reorder Immediately
2022-03-01,BB_0129,urban,AB_pos,group_O_neg_emergency,255,192.0,255.0,281.4,89.4,0.28,High,35.42,High,Low Stock,Reorder Immediately
2024-09-01,BB_0053,urban,O_pos,fresh_frozen_plasma,239,197.86,246.0,287.3,89.4,0.28,High,15.9,Moderate,Low Stock,Reorder Immediately
2024-10-01,BB_0001,urban,A_pos,packed_RBC,231,186.5,249.5,275.9,89.4,0.31,Critical,15.78,Moderate,Low Stock,Reorder Immediately
2024-01-01,BB_0097,peri_urban,B_pos,group_O_neg_emergency,247,178.5,242.5,267.8,89.3,0.27,High,28.02,High,Recovered,Reorder Immediately
2021-12-01,BB_0031,peri_urban,O_pos,cryoprecipitate,255,190.0,253.0,279.3,89.3,0.24,Moderate,16.34,Moderate,Adequate,Reorder Immediately
2022-08-01,BB_0048,rural,B_pos,group_O_neg_emergency,262,192.0,256.0,281.3,89.3,0.32,Critical,19.08,High,Adequate,Reorder Immediately
2024-10-01,BB_0123,rural,O_pos,fresh_frozen_plasma,250,199.33,262.0,288.6,89.3,0.26,High,16.09,Moderate,Adequate,Reorder Immediately
2024-07-01,BB_0082,urban,O_pos,packed_RBC,223,199.67,251.67,288.9,89.2,0.33,Critical,20.52,High,Low Stock,Reorder Immediately
2024-07-01,BB_0070,urban,A_pos,group_O_neg_emergency,243,184.0,245.33,273.2,89.2,0.22,Moderate,18.23,Moderate,Critical,Reorder Immediately
2024-09-01,BB_0009,peri_urban,O_pos,packed_RBC,257,197.8,250.4,286.9,89.1,0.27,High,14.17,Moderate,Adequate,Reorder Immediately
2023-11-01,BB_0029,urban,AB_pos,fresh_frozen_plasma,261,191.5,255.0,280.6,89.1,0.16,Low,18.3,Moderate,Low Stock,Reorder Immediately
2023-12-01,BB_0078,urban,O_pos,packed_RBC,272,200.25,262.5,289.3,89.1,0.25,Moderate,20.33,High,Adequate,Reorder Immediately
2024-09-01,BB_0080,rural,A_pos,fresh_frozen_plasma,265,196.5,260.5,285.5,89.0,0.27,High,17.85,Moderate,Low Stock,Reorder Immediately
2023-04-01,BB_0062,urban,B_pos,cryoprecipitate,266,194.0,258.0,283.0,89.0,0.33,Critical,16.0,Moderate,Recovered,Reorder Immediately
2024-12-01,BB_0003,urban,O_pos,whole_blood,264,196.8,249.0,285.8,89.0,0.33,Critical,15.16,Moderate,Adequate,Reorder Immediately
2022-03-01,BB_0143,rural,B_pos,fresh_frozen_plasma,242,179.0,242.0,268.0,89.0,0.24,Moderate,11.73,Low,Low Stock,Reorder Immediately
2024-12-01,BB_0118,rural,O_pos,fresh_frozen_plasma,252,195.67,252.0,284.7,89.0,0.29,Critical,13.47,Low,Adequate,Reorder Immediately
2024-06-01,BB_0084,peri_urban,A_pos,fresh_frozen_plasma,237,176.5,240.5,265.5,89.0,0.16,Low,15.56,Moderate,Adequate,Reorder Immediately
2023-03-01,BB_0085,peri_urban,O_pos,group_O_neg_emergency,237,186.5,249.75,275.4,88.9,0.3,Critical,17.98,Moderate,Adequate,Reorder Immediately
2023-01-01,BB_0098,peri_urban,O_neg,platelet_concentrate,243,191.0,252.0,279.9,88.9,0.23,Moderate,23.37,High,Adequate,Reorder Immediately
2024-05-01,BB_0139,urban,B_pos,packed_RBC,253,198.33,261.67,287.2,88.9,0.25,Moderate,19.81,High,Adequate,Reorder Immediately
2023-10-01,BB_0100,urban,A_pos,cryoprecipitate,253,197.5,260.0,286.4,88.9,0.27,High,15.43,Moderate,Low Stock,Reorder Immediately
2024-11-01,BB_0070,peri_urban,O_pos,group_O_neg_emergency,226,197.8,251.4,286.7,88.9,0.22,Moderate,20.34,High,Adequate,Reorder Immediately
2024-07-01,BB_0087,rural,B_neg,packed_RBC,266,206.0,266.0,294.9,88.9,0.21,Low,27.67,High,Adequate,Reorder Immediately
2023-03-01,BB_0040,rural,A_pos,whole_blood,268,206.0,268.0,294.8,88.8,0.28,High,25.24,High,Adequate,Reorder Immediately
2024-08-01,BB_0056,urban,O_pos,group_O_neg_emergency,251,194.33,254.5,283.1,88.8,0.32,Critical,16.32,Moderate,Adequate,Reorder Immediately
2021-11-01,BB_0078,rural,A_pos,whole_blood,248,186.0,248.0,274.8,88.8,0.25,Moderate,22.58,High,Adequate,Reorder Immediately
2023-11-01,BB_0093,rural,A_pos,whole_blood,234,178.5,240.5,267.3,88.8,0.29,High,20.62,High,Adequate,Reorder Immediately
2022-02-01,BB_0094,urban,B_pos,whole_blood,244,181.0,244.0,269.8,88.8,0.3,Critical,13.26,Low,Adequate,Reorder Immediately
2023-09-01,BB_0027,peri_urban,B_pos,group_O_neg_emergency,244,189.5,253.0,278.3,88.8,0.35,Critical,16.09,Moderate,Recovered,Reorder Immediately
2024-02-01,BB_0114,rural,B_pos,group_O_neg_emergency,266,183.0,246.5,271.8,88.8,0.21,Low,20.2,High,Critical,Reorder Immediately
2024-04-01,BB_0147,rural,O_neg,cryoprecipitate,273,212.0,273.0,300.8,88.8,0.24,Moderate,17.92,Moderate,Recovered,Reorder Immediately
2024-06-01,BB_0107,rural,O_neg,cryoprecipitate,268,207.0,268.0,295.8,88.8,0.23,Moderate,14.01,Moderate,Critical,Reorder Immediately
2024-09-01,BB_0012,urban,O_pos,cryoprecipitate,244,198.56,259.56,287.4,88.8,0.23,Moderate,18.07,Moderate,Recovered,Reorder Immediately
2024-05-01,BB_0011,rural,B_pos,fresh_frozen_plasma,271,201.5,264.25,290.2,88.7,0.2,Low,16.64,Moderate,Adequate,Reorder Immediately
2023-05-01,BB_0118,peri_urban,O_pos,group_O_neg_emergency,246,195.67,260.75,284.4,88.7,0.29,Critical,15.44,Moderate,Adequate,Reorder Immediately
2024-10-01,BB_0118,rural,B_neg,whole_blood,252,187.0,252.0,275.7,88.7,0.29,Critical,21.39,High,Adequate,Reorder Immediately
2024-12-01,BB_0021,peri_urban,O_pos,fresh_frozen_plasma,259,194.43,247.14,283.1,88.7,0.26,High,13.59,Low,Adequate,Reorder Immediately
2023-09-01,BB_0104,urban,A_pos,packed_RBC,281,200.67,263.0,289.4,88.7,0.22,Moderate,11.02,Low,Adequate,Reorder Immediately
2024-02-01,BB_0141,urban,O_pos,packed_RBC,242,201.8,255.4,290.5,88.7,0.27,High,19.58,High,Adequate,Reorder Immediately
2023-05-01,BB_0108,peri_urban,A_neg,packed_RBC,252,188.0,252.0,276.7,88.7,0.22,Moderate,18.09,Moderate,Adequate,Reorder Immediately
2024-07-01,BB_0112,urban,B_pos,platelet_concentrate,240,194.0,250.4,282.7,88.7,0.28,High,14.34,Moderate,Adequate,Reorder Immediately
2023-12-01,BB_0136,peri_urban,AB_pos,packed_RBC,243,183.0,243.0,271.7,88.7,0.33,Critical,24.04,High,Low Stock,Reorder Immediately
2024-08-01,BB_0028,urban,O_pos,group_O_neg_emergency,282,199.17,261.5,287.9,88.7,0.19,Low,18.24,Moderate,Adequate,Reorder Immediately
2023-08-01,BB_0057,rural,O_pos,packed_RBC,266,198.0,259.75,286.6,88.6,0.21,Low,20.49,High,Adequate,Reorder Immediately
2024-06-01,BB_0012,urban,B_pos,platelet_concentrate,280,206.67,269.0,295.3,88.6,0.23,Moderate,14.35,Moderate,Adequate,Reorder Immediately
2024-03-01,BB_0076,peri_urban,B_pos,platelet_concentrate,237,193.0,255.25,281.6,88.6,0.21,Low,17.26,Moderate,Adequate,Reorder Immediately
2024-03-01,BB_0127,urban,AB_pos,fresh_frozen_plasma,260,183.5,246.5,272.1,88.6,0.24,Moderate,14.22,Moderate,Low Stock,Reorder Immediately
2023-06-01,BB_0091,peri_urban,AB_pos,platelet_concentrate,253,188.0,253.0,276.6,88.6,0.22,Low,7.98,Low,Recovered,Reorder Immediately
2024-07-01,BB_0108,urban,O_pos,packed_RBC,260,206.83,252.33,295.4,88.6,0.22,Moderate,16.1,Moderate,Adequate,Reorder Immediately
2023-02-01,BB_0060,peri_urban,AB_pos,fresh_frozen_plasma,253,190.0,253.0,278.6,88.6,0.25,Moderate,26.84,Moderate,Recovered,Reorder Immediately
2022-09-01,BB_0067,urban,AB_pos,whole_blood,269,203.0,269.0,291.5,88.5,0.28,High,19.21,High,Adequate,Reorder Immediately
2022-05-01,BB_0001,rural,O_neg,packed_RBC,250,189.0,250.0,277.5,88.5,0.31,Critical,10.05,Low,Critical,Reorder Immediately
2021-01-01,BB_0073,urban,B_pos,packed_RBC,270,207.0,270.0,295.5,88.5,0.21,Low,17.39,Moderate,Adequate,Reorder Immediately
2022-08-01,BB_0114,urban,B_neg,cryoprecipitate,260,196.0,260.0,284.5,88.5,0.21,Low,16.33,Moderate,Recovered,Reorder Immediately
2024-07-01,BB_0029,urban,O_neg,group_O_neg_emergency,254,192.0,254.5,280.5,88.5,0.16,Low,16.67,Moderate,Adequate,Reorder Immediately
2024-08-01,BB_0136,rural,A_pos,fresh_frozen_plasma,265,197.5,261.0,286.0,88.5,0.33,Critical,13.76,Low,Low Stock,Reorder Immediately
2021-07-01,BB_0136,rural,A_pos,cryoprecipitate,260,198.0,260.0,286.4,88.4,0.33,Critical,16.16,Moderate,Adequate,Reorder Immediately
2024-06-01,BB_0109,rural,A_pos,packed_RBC,245,189.75,251.75,278.2,88.4,0.19,Low,16.42,Moderate,Low Stock,Reorder Immediately
2021-08-01,BB_0104,urban,AB_neg,group_O_neg_emergency,264,200.0,264.0,288.4,88.4,0.22,Moderate,20.0,High,Critical,Reorder Immediately
2022-04-01,BB_0030,rural,AB_pos,group_O_neg_emergency,233,171.0,233.0,259.4,88.4,0.27,High,23.39,High,Adequate,Reorder Immediately
2023-10-01,BB_0094,peri_urban,B_pos,fresh_frozen_plasma,237,188.33,250.67,276.7,88.4,0.3,Critical,15.69,Moderate,Adequate,Reorder Immediately
2024-06-01,BB_0074,urban,B_pos,fresh_frozen_plasma,253,199.67,262.0,288.0,88.3,0.25,High,19.52,Moderate,Adequate,Reorder Immediately
2022-08-01,BB_0003,rural,B_pos,platelet_concentrate,268,206.0,268.0,294.3,88.3,0.33,Critical,23.79,High,Recovered,Reorder Immediately
2022-06-01,BB_0053,urban,B_pos,group_O_neg_emergency,269,186.33,249.33,274.6,88.3,0.28,High,17.38,Moderate,Adequate,Reorder Immediately
2024-12-01,BB_0101,peri_urban,B_pos,platelet_concentrate,276,198.5,260.5,286.8,88.3,0.19,Low,14.22,Moderate,Adequate,Reorder Immediately
2023-08-01,BB_0008,urban,B_pos,platelet_concentrate,267,205.0,267.0,293.3,88.3,0.28,High,24.88,High,Adequate,Reorder Immediately
2024-03-01,BB_0146,urban,O_pos,cryoprecipitate,258,194.33,256.33,282.6,88.3,0.18,Low,8.34,Low,Low Stock,Reorder Immediately
2023-07-01,BB_0120,urban,B_pos,platelet_concentrate,271,209.0,271.0,297.3,88.3,0.26,High,12.44,Low,Adequate,Reorder Immediately
2024-02-01,BB_0107,urban,B_pos,platelet_concentrate,292,197.0,259.0,285.3,88.3,0.23,Moderate,17.99,Moderate,Adequate,Reorder Immediately
2022-05-01,BB_0099,urban,B_pos,group_O_neg_emergency,258,195.0,258.0,283.3,88.3,0.15,Low,6.67,Low,Recovered,Reorder Immediately
2024-01-01,BB_0004,urban,O_pos,cryoprecipitate,252,203.0,265.0,291.3,88.3,0.25,High,19.13,Moderate,Recovered,Reorder Immediately
2024-07-01,BB_0075,peri_urban,O_pos,platelet_concentrate,256,200.5,244.83,288.7,88.2,0.28,High,16.47,Moderate,Recovered,Reorder Immediately
2023-06-01,BB_0149,peri_urban,A_pos,group_O_neg_emergency,267,203.67,264.0,291.9,88.2,0.2,Low,22.87,High,Low Stock,Reorder Immediately
2024-11-01,BB_0045,urban,O_pos,fresh_frozen_plasma,270,191.6,255.2,279.8,88.2,0.22,Low,10.7,Low,Low Stock,Reorder Immediately
2023-11-01,BB_0025,urban,A_neg,group_O_neg_emergency,261,198.0,261.0,286.2,88.2,0.3,Critical,16.67,Moderate,Recovered,Reorder Immediately
2024-06-01,BB_0015,rural,B_pos,packed_RBC,276,196.33,259.0,284.5,88.2,0.25,Moderate,18.61,Moderate,Adequate,Reorder Immediately
2024-07-01,BB_0089,rural,O_pos,whole_blood,251,198.62,252.12,286.7,88.1,0.29,Critical,17.6,Moderate,Adequate,Reorder Immediately
2024-04-01,BB_0149,rural,O_pos,packed_RBC,265,195.5,256.75,283.6,88.1,0.2,Low,13.48,Low,Adequate,Reorder Immediately
2022-09-01,BB_0046,urban,O_pos,platelet_concentrate,258,202.0,264.0,290.1,88.1,0.29,Critical,13.4,Low,Recovered,Reorder Immediately
2022-11-01,BB_0122,urban,B_pos,cryoprecipitate,256,193.0,256.0,281.0,88.0,0.26,High,17.1,Moderate,Adequate,Reorder Immediately
2024-12-01,BB_0138,peri_urban,O_pos,packed_RBC,235,203.0,262.0,291.0,88.0,0.28,High,16.42,Moderate,Adequate,Reorder Immediately
2024-11-01,BB_0048,urban,O_pos,packed_RBC,235,196.12,253.0,284.1,88.0,0.32,Critical,16.17,Moderate,Adequate,Reorder Immediately
2023-08-01,BB_0115,rural,B_pos,cryoprecipitate,249,186.0,249.0,274.0,88.0,0.27,High,17.2,Moderate,Recovered,Reorder Immediately
2022-09-01,BB_0031,urban,B_pos,cryoprecipitate,258,195.0,258.0,283.0,88.0,0.24,Moderate,13.33,Low,Adequate,Reorder Immediately
2024-08-01,BB_0146,rural,O_pos,whole_blood,267,195.78,251.44,283.8,88.0,0.18,Low,20.84,High,Adequate,Reorder Immediately
2023-12-01,BB_0127,peri_urban,B_pos,packed_RBC,267,210.5,273.0,298.5,88.0,0.24,Moderate,17.14,Moderate,Low Stock,Reorder Immediately
2024-03-01,BB_0015,urban,O_pos,fresh_frozen_plasma,262,185.67,247.0,273.6,87.9,0.25,Moderate,18.44,Moderate,Adequate,Reorder Immediately
2024-09-01,BB_0074,rural,A_pos,group_O_neg_emergency,228,197.67,257.67,285.6,87.9,0.25,High,16.68,Moderate,Adequate,Reorder Immediately
2022-03-01,BB_0106,peri_urban,O_neg,platelet_concentrate,231,171.0,231.0,258.9,87.9,0.22,Low,20.47,High,Recovered,Reorder Immediately
2024-10-01,BB_0141,rural,O_pos,group_O_neg_emergency,257,193.75,256.0,281.7,87.9,0.27,High,12.84,Low,Low Stock,Reorder Immediately
2023-05-01,BB_0137,rural,O_neg,platelet_concentrate,271,211.0,271.0,298.9,87.9,0.28,High,15.64,Moderate,Recovered,Reorder Immediately
2024-02-01,BB_0115,peri_urban,B_pos,whole_blood,253,191.0,253.0,278.8,87.8,0.27,High,7.33,Low,Adequate,Reorder Immediately
2023-07-01,BB_0031,urban,B_pos,group_O_neg_emergency,231,190.0,252.5,277.8,87.8,0.24,Moderate,18.27,Moderate,Low Stock,Reorder Immediately
2023-05-01,BB_0125,rural,A_neg,whole_blood,252,192.0,252.0,279.8,87.8,0.29,Critical,18.75,Moderate,Adequate,Reorder Immediately
2022-01-01,BB_0024,urban,A_pos,whole_blood,253,192.0,253.0,279.8,87.8,0.24,Moderate,17.19,Moderate,Adequate,Reorder Immediately
2022-01-01,BB_0066,urban,A_neg,whole_blood,269,209.0,269.0,296.8,87.8,0.22,Moderate,26.79,High,Adequate,Reorder Immediately
2024-04-01,BB_0065,peri_urban,B_pos,whole_blood,245,183.0,245.0,270.8,87.8,0.32,Critical,9.29,Low,Adequate,Reorder Immediately
2024-10-01,BB_0015,urban,B_pos,group_O_neg_emergency,257,193.0,255.5,280.8,87.8,0.25,Moderate,17.28,Moderate,Adequate,Reorder Immediately
2024-12-01,BB_0095,rural,A_neg,whole_blood,254,194.0,254.0,281.8,87.8,0.3,Critical,14.43,Moderate,Low Stock,Reorder Immediately
2023-09-01,BB_0122,urban,A_pos,whole_blood,252,199.5,260.5,287.3,87.8,0.26,High,14.5,Moderate,Adequate,Reorder Immediately
2024-12-01,BB_0020,urban,O_pos,cryoprecipitate,245,199.33,260.67,287.0,87.7,0.3,Critical,13.58,Low,Adequate,Reorder Immediately
2022-11-01,BB_0080,rural,A_pos,platelet_concentrate,249,187.0,249.0,274.7,87.7,0.27,High,13.9,Low,Recovered,Reorder Immediately
2024-03-01,BB_0093,urban,A_pos,platelet_concentrate,252,190.0,252.0,277.7,87.7,0.29,High,17.89,Moderate,Recovered,Reorder Immediately
2022-04-01,BB_0124,rural,B_neg,whole_blood,250,186.0,250.0,273.7,87.7,0.22,Low,12.37,Low,Recovered,Reorder Immediately
2024-12-01,BB_0106,rural,O_pos,packed_RBC,238,188.4,250.8,276.0,87.6,0.22,Low,13.17,Low,Adequate,Reorder Immediately
2023-12-01,BB_0084,peri_urban,O_pos,whole_blood,251,194.0,256.33,281.6,87.6,0.16,Low,16.61,Moderate,Low Stock,Reorder Immediately
2024-02-01,BB_0009,urban,AB_pos,platelet_concentrate,250,186.0,250.0,273.6,87.6,0.27,High,19.89,High,Recovered,Reorder Immediately
2024-05-01,BB_0003,rural,AB_pos,fresh_frozen_plasma,248,186.0,248.0,273.6,87.6,0.33,Critical,23.66,Moderate,Low Stock,Reorder Immediately
2024-04-01,BB_0138,urban,AB_pos,fresh_frozen_plasma,259,193.5,255.5,281.1,87.6,0.28,High,23.98,Moderate,Adequate,Reorder Immediately
2023-08-01,BB_0116,urban,O_pos,packed_RBC,261,198.0,258.67,285.5,87.5,0.29,High,20.04,High,Adequate,Reorder Immediately
2023-01-01,BB_0131,peri_urban,AB_pos,cryoprecipitate,255,195.0,255.0,282.5,87.5,0.25,Moderate,12.31,Low,Adequate,Reorder Immediately
2024-09-01,BB_0058,rural,O_neg,group_O_neg_emergency,247,189.0,250.5,276.5,87.5,0.21,Low,19.7,High,Low Stock,Reorder Immediately
2023-05-01,BB_0144,urban,O_pos,packed_RBC,266,196.33,257.0,283.8,87.5,0.25,Moderate,17.38,Moderate,Adequate,Reorder Immediately
2024-09-01,BB_0016,urban,O_pos,group_O_neg_emergency,282,195.83,246.67,283.3,87.5,0.23,Moderate,17.53,Moderate,Low Stock,Reorder Immediately
2024-03-01,BB_0007,rural,AB_pos,cryoprecipitate,251,191.0,251.0,278.5,87.5,0.36,Critical,12.57,Low,Adequate,Reorder Immediately
2024-11-01,BB_0054,peri_urban,O_pos,fresh_frozen_plasma,271,194.5,258.9,282.0,87.5,0.28,High,13.92,Low,Low Stock,Reorder Immediately
2022-09-01,BB_0081,urban,A_pos,packed_RBC,253,196.0,257.0,283.4,87.4,0.26,High,14.91,Moderate,Low Stock,Reorder Immediately
2024-07-01,BB_0054,urban,A_pos,cryoprecipitate,257,202.0,263.0,289.4,87.4,0.28,High,16.04,Moderate,Adequate,Reorder Immediately
2024-11-01,BB_0023,urban,O_pos,whole_blood,268,192.17,248.33,279.6,87.4,0.18,Low,16.64,Moderate,Adequate,Reorder Immediately
2023-11-01,BB_0003,rural,A_pos,cryoprecipitate,266,205.0,266.0,292.4,87.4,0.33,Critical,17.07,Moderate,Recovered,Reorder Immediately
2024-05-01,BB_0119,peri_urban,O_pos,group_O_neg_emergency,259,200.8,255.0,288.2,87.4,0.22,Low,16.94,Moderate,Recovered,Reorder Immediately
2021-12-01,BB_0061,peri_urban,B_pos,group_O_neg_emergency,246,184.0,246.0,271.3,87.3,0.27,High,11.96,Low,Critical,Reorder Immediately
2024-02-01,BB_0086,peri_urban,B_pos,whole_blood,272,190.0,251.5,277.3,87.3,0.41,Critical,25.94,High,Recovered,Reorder Immediately
2022-06-01,BB_0079,rural,A_pos,whole_blood,250,186.5,247.0,273.8,87.3,0.39,Critical,17.03,Moderate,Adequate,Reorder Immediately
2024-10-01,BB_0093,urban,O_pos,whole_blood,264,204.0,266.0,291.3,87.3,0.29,High,22.12,High,Low Stock,Reorder Immediately
2023-12-01,BB_0074,rural,O_pos,whole_blood,258,196.0,258.0,283.3,87.3,0.25,High,4.08,Low,Low Stock,Reorder Immediately
2024-06-01,BB_0082,rural,A_pos,whole_blood,243,203.0,263.5,290.3,87.3,0.33,Critical,18.2,Moderate,Adequate,Reorder Immediately
2021-01-01,BB_0040,urban,A_neg,platelet_concentrate,256,194.0,256.0,281.2,87.2,0.28,High,10.82,Low,Adequate,Reorder Immediately
2021-11-01,BB_0059,urban,B_pos,packed_RBC,294,196.33,258.0,283.5,87.2,0.37,Critical,11.54,Low,Adequate,Reorder Immediately
2023-04-01,BB_0023,urban,A_neg,platelet_concentrate,254,192.0,254.0,279.2,87.2,0.18,Low,23.44,High,Adequate,Reorder Immediately
2024-11-01,BB_0104,urban,A_neg,group_O_neg_emergency,242,180.0,242.0,267.2,87.2,0.22,Moderate,13.89,Low,Recovered,Reorder Immediately
2024-08-01,BB_0140,peri_urban,A_pos,group_O_neg_emergency,257,195.67,255.0,282.9,87.2,0.2,Low,13.11,Low,Adequate,Reorder Immediately
2024-02-01,BB_0037,rural,B_pos,whole_blood,280,193.67,255.0,280.8,87.1,0.21,Low,16.23,Moderate,Critical,Reorder Immediately
2024-01-01,BB_0073,rural,AB_neg,whole_blood,266,208.0,266.0,295.1,87.1,0.21,Low,23.08,High,Adequate,Reorder Immediately
2024-10-01,BB_0138,urban,O_pos,fresh_frozen_plasma,241,197.0,251.4,284.1,87.1,0.28,High,15.35,Moderate,Adequate,Reorder Immediately
2024-10-01,BB_0040,urban,O_pos,platelet_concentrate,236,196.75,260.5,283.8,87.1,0.28,High,15.32,Moderate,Adequate,Reorder Immediately
2024-11-01,BB_0138,rural,B_pos,whole_blood,225,198.5,259.75,285.6,87.1,0.28,High,16.3,Moderate,Recovered,Reorder Immediately
2023-04-01,BB_0018,urban,B_pos,group_O_neg_emergency,251,189.0,254.4,276.1,87.1,0.2,Low,16.69,Moderate,Recovered,Reorder Immediately
2024-07-01,BB_0047,urban,O_pos,cryoprecipitate,254,196.25,257.0,283.3,87.1,0.33,Critical,17.56,Moderate,Recovered,Reorder Immediately
2023-06-01,BB_0109,urban,A_pos,group_O_neg_emergency,280,203.25,262.5,290.4,87.1,0.19,Low,11.12,Low,Critical,Reorder Immediately
2024-02-01,BB_0035,rural,B_pos,cryoprecipitate,248,187.67,249.67,274.7,87.0,0.24,Moderate,8.66,Low,Critical,Reorder Immediately
2024-09-01,BB_0105,urban,AB_neg,packed_RBC,253,189.0,253.0,276.0,87.0,0.21,Low,11.64,Low,Adequate,Reorder Immediately
2024-01-01,BB_0078,urban,A_pos,platelet_concentrate,263,194.0,255.33,281.0,87.0,0.25,Moderate,18.55,Moderate,Low Stock,Reorder Immediately
2022-09-01,BB_0115,peri_urban,B_pos,fresh_frozen_plasma,246,185.0,246.0,272.0,87.0,0.27,High,14.59,Moderate,Adequate,Reorder Immediately
2023-07-01,BB_0009,rural,O_neg,group_O_neg_emergency,244,183.0,244.0,270.0,87.0,0.27,High,21.31,High,Adequate,Reorder Immediately
2023-06-01,BB_0087,rural,B_pos,fresh_frozen_plasma,261,200.0,261.0,287.0,87.0,0.21,Low,18.5,Moderate,Adequate,Reorder Immediately
2023-08-01,BB_0090,urban,AB_neg,packed_RBC,275,211.0,275.0,298.0,87.0,0.2,Low,20.38,High,Recovered,Reorder Immediately
2024-06-01,BB_0027,urban,A_pos,group_O_neg_emergency,235,192.33,251.33,279.2,86.9,0.35,Critical,19.8,High,Critical,Reorder Immediately
2024-07-01,BB_0083,urban,O_pos,whole_blood,257,195.67,257.33,282.6,86.9,0.29,Critical,17.92,Moderate,Low Stock,Reorder Immediately
2024-03-01,BB_0070,peri_urban,AB_pos,group_O_neg_emergency,257,191.0,251.5,277.9,86.9,0.22,Moderate,18.44,Moderate,Recovered,Reorder Immediately
2024-10-01,BB_0121,urban,B_pos,group_O_neg_emergency,265,204.5,266.0,291.3,86.8,0.24,Moderate,13.32,Low,Adequate,Reorder Immediately
2023-03-01,BB_0087,peri_urban,A_neg,whole_blood,264,205.0,264.0,291.8,86.8,0.21,Low,10.73,Low,Adequate,Reorder Immediately
2022-03-01,BB_0132,rural,B_pos,packed_RBC,259,193.67,255.0,280.5,86.8,0.23,Moderate,17.03,Moderate,Recovered,Reorder Immediately
2024-06-01,BB_0045,urban,A_neg,whole_blood,242,183.0,242.0,269.8,86.8,0.22,Low,9.29,Low,Low Stock,Reorder Immediately
2023-06-01,BB_0054,rural,O_neg,fresh_frozen_plasma,266,198.0,260.5,284.8,86.8,0.28,High,22.3,Moderate,Adequate,Reorder Immediately
2024-12-01,BB_0050,urban,B_pos,platelet_concentrate,244,185.0,245.5,271.8,86.8,0.16,Low,13.78,Low,Adequate,Reorder Immediately
2022-01-01,BB_0022,rural,A_pos,whole_blood,276,216.0,276.0,302.8,86.8,0.19,Low,12.04,Low,Adequate,Reorder Immediately
2021-02-01,BB_0023,urban,B_pos,whole_blood,270,209.0,270.0,295.8,86.8,0.18,Low,20.57,High,Adequate,Reorder Immediately
2024-04-01,BB_0033,urban,O_pos,packed_RBC,254,197.0,257.12,283.8,86.8,0.23,Moderate,17.89,Moderate,Recovered,Reorder Immediately
2022-03-01,BB_0051,rural,AB_neg,fresh_frozen_plasma,237,180.0,237.0,266.7,86.7,0.31,Critical,9.44,Low,Adequate,Reorder Immediately
2023-08-01,BB_0009,peri_urban,B_neg,whole_blood,259,196.0,259.0,282.7,86.7,0.27,High,20.41,High,Adequate,Reorder Immediately
2023-06-01,BB_0132,urban,AB_pos,packed_RBC,272,205.0,263.0,291.7,86.7,0.23,Moderate,20.03,High,Low Stock,Reorder Immediately
2021-01-01,BB_0049,rural,B_neg,whole_blood,268,205.0,268.0,291.7,86.7,0.37,Critical,26.83,High,Adequate,Reorder Immediately
2024-01-01,BB_0023,urban,O_pos,group_O_neg_emergency,245,186.0,247.0,272.7,86.7,0.18,Low,21.74,High,Low Stock,Reorder Immediately
2024-04-01,BB_0108,peri_urban,AB_neg,cryoprecipitate,250,185.0,250.0,271.7,86.7,0.22,Moderate,17.84,Moderate,Recovered,Reorder Immediately
2024-08-01,BB_0133,rural,B_pos,fresh_frozen_plasma,229,189.33,250.0,276.0,86.7,0.22,Low,13.86,Low,Recovered,Reorder Immediately
2024-03-01,BB_0135,urban,AB_neg,cryoprecipitate,233,168.0,233.0,254.7,86.7,0.25,Moderate,14.88,Moderate,Adequate,Reorder Immediately
2024-07-01,BB_0129,rural,O_pos,group_O_neg_emergency,247,201.0,255.5,287.6,86.6,0.28,High,13.4,Low,Adequate,Reorder Immediately
2023-05-01,BB_0020,rural,AB_pos,fresh_frozen_plasma,251,190.0,251.0,276.6,86.6,0.3,Critical,23.16,Moderate,Adequate,Reorder Immediately
2024-03-01,BB_0087,peri_urban,O_pos,fresh_frozen_plasma,251,196.5,254.33,283.1,86.6,0.21,Low,16.74,Moderate,Adequate,Reorder Immediately
2023-06-01,BB_0104,urban,O_pos,group_O_neg_emergency,253,191.0,254.43,277.6,86.6,0.22,Moderate,14.8,Moderate,Adequate,Reorder Immediately
2024-03-01,BB_0094,urban,A_pos,group_O_neg_emergency,243,190.33,249.0,276.9,86.6,0.3,Critical,16.31,Moderate,Adequate,Reorder Immediately
2022-01-01,BB_0050,rural,O_neg,packed_RBC,256,197.0,256.0,283.5,86.5,0.16,Low,25.89,High,Adequate,Investigate High Wastage
2021-11-01,BB_0124,rural,B_pos,packed_RBC,271,210.0,271.0,296.5,86.5,0.22,Low,24.29,High,Recovered,Investigate High Wastage
2023-03-01,BB_0051,peri_urban,B_pos,packed_RBC,241,180.0,241.0,266.5,86.5,0.31,Critical,8.33,Low,Low Stock,Reorder Soon
2022-06-01,BB_0117,urban,B_neg,fresh_frozen_plasma,259,203.0,259.0,289.5,86.5,0.23,Moderate,11.82,Low,Low Stock,Reorder Soon
2022-10-01,BB_0013,peri_urban,AB_pos,cryoprecipitate,255,196.0,255.0,282.5,86.5,0.29,Critical,15.82,Moderate,Recovered,Reorder Soon
2023-03-01,BB_0114,urban,A_neg,cryoprecipitate,253,190.0,253.0,276.5,86.5,0.21,Low,17.37,Moderate,Adequate,Reorder Soon
2022-09-01,BB_0111,rural,AB_pos,cryoprecipitate,253,194.0,253.0,280.5,86.5,0.21,Low,18.04,Moderate,Low Stock,Reorder Soon
2022-03-01,BB_0092,urban,B_pos,packed_RBC,234,173.0,234.0,259.5,86.5,0.18,Low,15.61,Moderate,Adequate,Reorder Soon
2023-03-01,BB_0079,urban,B_pos,fresh_frozen_plasma,263,198.0,258.5,284.5,86.5,0.39,Critical,16.58,Moderate,Adequate,Monitor Closely
2024-07-01,BB_0147,urban,A_pos,platelet_concentrate,241,190.5,251.25,277.0,86.5,0.24,Moderate,16.12,Moderate,Adequate,Reorder Soon
2023-10-01,BB_0146,rural,O_pos,packed_RBC,245,193.5,247.83,280.0,86.5,0.18,Low,16.66,Moderate,Adequate,Reorder Soon
2023-02-01,BB_0126,urban,A_neg,cryoprecipitate,264,201.0,264.0,287.5,86.5,0.28,High,12.94,Low,Low Stock,Reorder Soon
2023-06-01,BB_0107,urban,B_pos,packed_RBC,275,214.0,275.0,300.5,86.5,0.23,Moderate,17.29,Moderate,Adequate,Reorder Soon
2024-12-01,BB_0085,urban,A_neg,group_O_neg_emergency,262,189.67,251.0,276.2,86.5,0.3,Critical,18.63,Moderate,Adequate,Reorder Soon
2023-07-01,BB_0134,rural,AB_neg,group_O_neg_emergency,254,192.0,254.0,278.4,86.4,0.25,Moderate,27.6,High,Recovered,Investigate High Wastage
2024-03-01,BB_0101,peri_urban,O_pos,cryoprecipitate,257,190.25,250.25,276.6,86.4,0.19,Low,12.4,Low,Adequate,Reorder Soon
2024-11-01,BB_0033,urban,A_pos,packed_RBC,224,199.33,259.33,285.7,86.4,0.23,Moderate,18.75,Moderate,Low Stock,Reorder Soon
2024-12-01,BB_0098,rural,A_pos,cryoprecipitate,238,184.0,244.0,270.4,86.4,0.23,Moderate,11.63,Low,Recovered,Reorder Soon
2021-03-01,BB_0035,peri_urban,AB_pos,group_O_neg_emergency,252,192.0,252.0,278.4,86.4,0.24,Moderate,8.85,Low,Recovered,Reorder Soon
2023-12-01,BB_0106,rural,B_pos,platelet_concentrate,251,198.5,258.5,284.8,86.3,0.22,Low,14.14,Moderate,Recovered,Reorder Soon
2023-11-01,BB_0074,peri_urban,O_pos,packed_RBC,250,190.5,259.83,276.8,86.3,0.25,High,19.38,High,Adequate,Investigate High Wastage
2023-09-01,BB_0135,rural,B_pos,group_O_neg_emergency,233,193.5,254.5,279.8,86.3,0.25,Moderate,17.95,Moderate,Adequate,Reorder Soon
2024-01-01,BB_0020,urban,O_pos,whole_blood,275,188.33,249.33,274.6,86.3,0.3,Critical,16.23,Moderate,Recovered,Reorder Soon
2024-07-01,BB_0112,rural,O_pos,platelet_concentrate,258,197.9,251.5,284.2,86.3,0.28,High,14.72,Moderate,Adequate,Reorder Soon
2024-11-01,BB_0065,peri_urban,O_pos,whole_blood,229,195.67,248.89,282.0,86.3,0.32,Critical,13.53,Low,Adequate,Reorder Soon
2022-04-01,BB_0122,rural,B_pos,group_O_neg_emergency,272,203.0,264.0,289.3,86.3,0.26,High,13.58,Low,Adequate,Reorder Soon
2024-12-01,BB_0116,urban,B_pos,platelet_concentrate,260,200.5,260.5,286.8,86.3,0.29,High,5.69,Low,Adequate,Reorder Soon
2023-10-01,BB_0108,urban,B_pos,packed_RBC,280,201.4,254.0,287.7,86.3,0.22,Moderate,14.22,Moderate,Adequate,Reorder Soon
2023-10-01,BB_0123,urban,O_pos,whole_blood,244,197.0,258.0,283.3,86.3,0.26,High,17.74,Moderate,Adequate,Reorder Soon
2024-09-01,BB_0119,urban,O_pos,cryoprecipitate,267,195.0,255.0,281.3,86.3,0.22,Low,16.82,Moderate,Adequate,Reorder Soon
2024-10-01,BB_0095,urban,B_pos,cryoprecipitate,264,201.75,263.0,288.0,86.2,0.3,Critical,14.87,Moderate,Adequate,Reorder Soon
2024-12-01,BB_0098,urban,AB_neg,whole_blood,251,194.0,251.0,280.1,86.1,0.23,Moderate,18.56,Moderate,Adequate,Reorder Soon
2024-10-01,BB_0029,rural,O_pos,platelet_concentrate,242,200.0,260.0,286.1,86.1,0.16,Low,19.82,High,Critical,Prioritize Near-Expiry Usage
2024-12-01,BB_0145,rural,O_pos,packed_RBC,229,195.71,245.86,281.8,86.1,0.22,Moderate,17.89,Moderate,Critical,Reorder Soon
2024-12-01,BB_0062,urban,O_pos,packed_RBC,275,198.83,254.83,284.9,86.1,0.33,Critical,18.96,High,Recovered,Investigate High Wastage
2023-09-01,BB_0078,urban,AB_pos,fresh_frozen_plasma,283,202.0,262.5,288.1,86.1,0.25,Moderate,17.62,Moderate,Adequate,Reorder Soon
2023-06-01,BB_0060,urban,AB_pos,group_O_neg_emergency,253,193.33,253.0,279.4,86.1,0.25,Moderate,16.8,Moderate,Adequate,Reorder Soon
2023-11-01,BB_0131,peri_urban,O_pos,whole_blood,229,187.2,247.4,273.2,86.0,0.25,Moderate,14.95,Moderate,Low Stock,Reorder Soon
2024-06-01,BB_0099,peri_urban,O_neg,whole_blood,259,199.5,260.5,285.5,86.0,0.15,Low,10.34,Low,Adequate,Reorder Soon
2024-10-01,BB_0127,rural,B_pos,cryoprecipitate,266,198.5,259.5,284.5,86.0,0.24,Moderate,13.34,Low,Adequate,Reorder Soon
2023-10-01,BB_0081,urban,O_neg,whole_blood,251,190.5,251.5,276.5,86.0,0.26,High,10.22,Low,Recovered,Reorder Soon
2022-08-01,BB_0149,peri_urban,B_pos,cryoprecipitate,269,201.67,262.67,287.7,86.0,0.2,Low,17.85,Moderate,Adequate,Reorder Soon
2024-04-01,BB_0090,urban,B_pos,fresh_frozen_plasma,255,189.5,249.5,275.5,86.0,0.2,Low,19.42,Moderate,Adequate,Reorder Soon
2024-03-01,BB_0126,rural,A_pos,fresh_frozen_plasma,261,191.0,252.0,277.0,86.0,0.28,High,16.35,Moderate,Low Stock,Reorder Soon
2024-10-01,BB_0105,urban,AB_pos,whole_blood,241,176.0,239.5,262.0,86.0,0.21,Low,15.68,Moderate,Recovered,Reorder Soon
2024-08-01,BB_0022,urban,B_pos,cryoprecipitate,254,193.0,254.0,279.0,86.0,0.19,Low,15.54,Moderate,Low Stock,Reorder Soon
2023-09-01,BB_0145,peri_urban,B_pos,cryoprecipitate,264,203.0,264.0,289.0,86.0,0.22,Moderate,25.12,Moderate,Adequate,Reorder Soon
2024-05-01,BB_0100,peri_urban,O_pos,platelet_concentrate,240,190.83,247.17,276.7,85.9,0.27,High,18.0,Moderate,Adequate,Reorder Soon
2022-05-01,BB_0063,urban,O_neg,platelet_concentrate,259,201.0,259.0,286.9,85.9,0.29,High,22.89,High,Adequate,Prioritize Near-Expiry Usage
2024-04-01,BB_0118,urban,A_pos,group_O_neg_emergency,242,184.0,242.0,269.9,85.9,0.29,Critical,7.07,Low,Adequate,Reorder Soon
2024-11-01,BB_0125,rural,B_pos,group_O_neg_emergency,238,190.75,251.25,276.6,85.9,0.29,Critical,13.31,Low,Adequate,Reorder Soon
2024-01-01,BB_0096,urban,B_neg,packed_RBC,271,214.0,271.0,299.9,85.9,0.23,Moderate,21.96,High,Adequate,Investigate High Wastage
2022-07-01,BB_0032,rural,O_neg,fresh_frozen_plasma,243,197.0,258.5,282.8,85.8,0.29,High,20.13,Moderate,Low Stock,Reorder Soon
2024-12-01,BB_0115,peri_urban,O_pos,packed_RBC,248,195.43,252.43,281.2,85.8,0.27,High,16.62,Moderate,Low Stock,Reorder Soon
2023-07-01,BB_0144,rural,B_pos,platelet_concentrate,259,195.0,254.5,280.8,85.8,0.25,Moderate,21.02,High,Adequate,Prioritize Near-Expiry Usage
2022-07-01,BB_0130,urban,A_pos,whole_blood,259,200.0,259.0,285.8,85.8,0.27,High,15.5,Moderate,Recovered,Reorder Soon
2024-06-01,BB_0009,urban,A_pos,platelet_concentrate,238,183.5,243.5,269.2,85.7,0.27,High,21.18,High,Adequate,Prioritize Near-Expiry Usage
2023-12-01,BB_0012,peri_urban,AB_neg,fresh_frozen_plasma,251,195.0,251.0,280.7,85.7,0.23,Moderate,24.1,Moderate,Recovered,Reorder Soon
2024-09-01,BB_0033,urban,O_pos,cryoprecipitate,269,187.33,246.67,273.0,85.7,0.23,Moderate,19.18,Moderate,Low Stock,Reorder Soon
2023-10-01,BB_0077,peri_urban,A_pos,packed_RBC,269,191.6,247.0,277.3,85.7,0.25,Moderate,18.37,Moderate,Adequate,Reorder Soon
2023-12-01,BB_0041,rural,A_pos,platelet_concentrate,257,194.0,254.0,279.7,85.7,0.2,Low,15.56,Moderate,Adequate,Reorder Soon
2024-01-01,BB_0017,peri_urban,AB_pos,packed_RBC,260,203.0,260.0,288.7,85.7,0.26,High,25.62,High,Adequate,Investigate High Wastage
2024-04-01,BB_0106,urban,A_pos,cryoprecipitate,224,192.0,251.33,277.7,85.7,0.22,Low,16.53,Moderate,Recovered,Reorder Soon
2023-04-01,BB_0103,urban,A_pos,platelet_concentrate,237,189.5,249.5,275.2,85.7,0.32,Critical,15.39,Moderate,Adequate,Reorder Soon
2023-12-01,BB_0021,urban,B_pos,cryoprecipitate,247,201.0,261.67,286.7,85.7,0.26,High,14.12,Moderate,Critical,Reorder Soon
2023-05-01,BB_0148,urban,B_pos,whole_blood,250,191.25,251.0,276.8,85.6,0.27,High,15.07,Moderate,Recovered,Reorder Soon
2023-09-01,BB_0064,rural,AB_pos,fresh_frozen_plasma,255,195.0,255.0,280.6,85.6,0.12,Low,10.26,Low,Adequate,Reorder Soon
2023-07-01,BB_0116,urban,AB_pos,platelet_concentrate,249,187.0,249.0,272.6,85.6,0.29,High,18.18,Moderate,Adequate,Reorder Soon
2023-07-01,BB_0057,urban,O_pos,fresh_frozen_plasma,269,195.0,254.0,280.6,85.6,0.21,Low,18.55,Moderate,Recovered,Reorder Soon
2023-02-01,BB_0107,urban,AB_pos,fresh_frozen_plasma,260,200.0,260.0,285.6,85.6,0.23,Moderate,15.0,Moderate,Low Stock,Reorder Soon
2024-05-01,BB_0072,rural,O_pos,group_O_neg_emergency,229,197.75,257.75,283.4,85.6,0.28,High,18.58,Moderate,Adequate,Reorder Soon
2022-04-01,BB_0079,rural,AB_pos,platelet_concentrate,261,199.0,261.0,284.6,85.6,0.39,Critical,15.58,Moderate,Adequate,Monitor Closely
2024-07-01,BB_0128,urban,AB_pos,whole_blood,254,191.0,254.0,276.5,85.5,0.29,Critical,12.04,Low,Adequate,Reorder Soon
2024-06-01,BB_0113,peri_urban,B_pos,cryoprecipitate,250,198.0,258.5,283.5,85.5,0.25,Moderate,19.9,Moderate,Adequate,Reorder Soon
2023-11-01,BB_0005,peri_urban,B_neg,fresh_frozen_plasma,270,215.0,270.0,300.5,85.5,0.27,High,18.6,Moderate,Adequate,Reorder Soon
2024-05-01,BB_0015,urban,O_pos,platelet_concentrate,242,190.33,249.67,275.8,85.5,0.25,Moderate,11.12,Low,Low Stock,Reorder Soon
2021-03-01,BB_0022,urban,AB_pos,whole_blood,246,183.0,246.0,268.5,85.5,0.19,Low,17.49,Moderate,Adequate,Reorder Soon
2024-10-01,BB_0141,peri_urban,O_pos,cryoprecipitate,260,198.0,251.5,283.5,85.5,0.27,High,15.4,Moderate,Adequate,Reorder Soon
2023-11-01,BB_0002,urban,B_neg,cryoprecipitate,239,178.0,239.0,263.5,85.5,0.23,Moderate,15.17,Moderate,Adequate,Reorder Soon
2023-03-01,BB_0068,urban,A_pos,packed_RBC,264,205.0,264.0,290.4,85.4,0.27,High,38.54,High,Low Stock,Investigate High Wastage
2024-03-01,BB_0084,urban,B_pos,packed_RBC,229,183.75,243.75,269.2,85.4,0.16,Low,17.01,Moderate,Adequate,Reorder Soon
2024-10-01,BB_0080,urban,A_pos,cryoprecipitate,273,212.0,271.0,297.4,85.4,0.27,High,16.38,Moderate,Adequate,Reorder Soon
2024-07-01,BB_0006,urban,O_pos,group_O_neg_emergency,236,204.4,251.0,289.8,85.4,0.22,Low,9.96,Low,Critical,Reorder Soon
2022-11-01,BB_0032,peri_urban,O_pos,packed_RBC,241,201.25,259.75,286.6,85.4,0.29,High,19.6,High,Adequate,Investigate High Wastage
2023-11-01,BB_0123,peri_urban,A_pos,cryoprecipitate,245,186.0,245.0,271.4,85.4,0.26,High,14.52,Moderate,Low Stock,Reorder Soon
2023-07-01,BB_0101,urban,A_pos,packed_RBC,270,211.0,270.0,296.4,85.4,0.19,Low,10.9,Low,Recovered,Reorder Soon
2022-12-01,BB_0057,rural,A_pos,packed_RBC,286,216.0,275.0,301.4,85.4,0.21,Low,16.64,Moderate,Adequate,Reorder Soon
2024-10-01,BB_0025,urban,A_pos,packed_RBC,266,201.0,260.0,286.4,85.4,0.3,Critical,16.56,Moderate,Recovered,Reorder Soon
2024-06-01,BB_0079,urban,A_pos,group_O_neg_emergency,261,200.0,257.5,285.4,85.4,0.39,Critical,14.99,Moderate,Recovered,Monitor Closely
2024-09-01,BB_0110,rural,A_pos,platelet_concentrate,261,194.67,254.33,280.0,85.3,0.29,Critical,14.54,Moderate,Recovered,Reorder Soon
2024-04-01,BB_0028,urban,A_pos,whole_blood,246,194.0,252.5,279.3,85.3,0.19,Low,13.63,Low,Recovered,Reorder Soon
2024-07-01,BB_0036,urban,B_pos,group_O_neg_emergency,270,195.0,255.0,280.3,85.3,0.32,Critical,17.68,Moderate,Recovered,Reorder Soon
2023-10-01,BB_0036,peri_urban,O_pos,cryoprecipitate,265,185.5,244.5,270.8,85.3,0.32,Critical,16.06,Moderate,Adequate,Reorder Soon
2023-06-01,BB_0060,urban,O_neg,fresh_frozen_plasma,247,186.0,247.0,271.3,85.3,0.25,Moderate,18.28,Moderate,Recovered,Reorder Soon
2023-01-01,BB_0105,peri_urban,O_pos,whole_blood,258,194.5,254.5,279.8,85.3,0.21,Low,15.5,Moderate,Recovered,Reorder Soon
2022-10-01,BB_0026,urban,O_pos,cryoprecipitate,253,192.0,251.0,277.3,85.3,0.28,High,15.31,Moderate,Recovered,Reorder Soon
2024-09-01,BB_0129,rural,B_pos,fresh_frozen_plasma,258,193.0,252.33,278.3,85.3,0.28,High,13.13,Low,Low Stock,Reorder Soon
2023-01-01,BB_0074,peri_urban,A_neg,platelet_concentrate,254,194.0,254.0,279.2,85.2,0.25,High,14.95,Moderate,Adequate,Reorder Soon
2023-06-01,BB_0046,peri_urban,O_pos,packed_RBC,247,194.88,254.88,280.1,85.2,0.29,Critical,19.81,High,Adequate,Investigate High Wastage
2024-12-01,BB_0011,urban,O_pos,packed_RBC,267,200.33,258.67,285.5,85.2,0.2,Low,15.69,Moderate,Recovered,Reorder Soon
2024-11-01,BB_0138,urban,A_pos,whole_blood,246,197.0,255.33,282.1,85.1,0.28,High,19.43,High,Recovered,Investigate High Wastage
2024-04-01,BB_0091,urban,O_pos,whole_blood,229,202.86,255.86,288.0,85.1,0.22,Low,16.74,Moderate,Low Stock,Reorder Soon
2024-11-01,BB_0063,rural,O_pos,whole_blood,259,203.11,258.56,288.2,85.1,0.29,High,15.0,Moderate,Adequate,Reorder Soon
2024-04-01,BB_0097,peri_urban,B_pos,fresh_frozen_plasma,247,188.0,247.0,273.0,85.0,0.27,High,21.28,Moderate,Recovered,Reorder Soon
2023-12-01,BB_0119,urban,B_pos,cryoprecipitate,253,193.0,253.0,278.0,85.0,0.22,Low,6.74,Low,Recovered,Reorder Soon
2024-08-01,BB_0026,rural,B_pos,cryoprecipitate,236,197.5,257.5,282.5,85.0,0.28,High,19.22,Moderate,Adequate,Reorder Soon
2024-08-01,BB_0073,rural,A_pos,packed_RBC,252,189.67,248.33,274.7,85.0,0.21,Low,11.92,Low,Adequate,Reorder Soon
2024-05-01,BB_0049,urban,A_pos,cryoprecipitate,256,197.0,255.5,281.9,84.9,0.37,Critical,15.86,Moderate,Low Stock,Monitor Closely
2023-09-01,BB_0124,urban,A_pos,group_O_neg_emergency,265,208.0,265.0,292.9,84.9,0.22,Low,21.63,High,Recovered,Investigate High Wastage
2023-06-01,BB_0142,urban,O_pos,whole_blood,243,192.67,252.33,277.6,84.9,0.2,Low,17.49,Moderate,Adequate,Reorder Soon
2024-03-01,BB_0107,rural,B_neg,packed_RBC,259,203.0,259.0,287.9,84.9,0.23,Moderate,7.39,Low,Adequate,Reorder Soon
2024-02-01,BB_0007,urban,B_pos,packed_RBC,277,206.0,258.2,290.9,84.9,0.36,Critical,16.94,Moderate,Adequate,Monitor Closely
2024-11-01,BB_0072,rural,AB_pos,whole_blood,251,193.33,255.67,278.2,84.9,0.28,High,11.39,Low,Adequate,Reorder Soon
2024-11-01,BB_0034,peri_urban,O_pos,group_O_neg_emergency,240,200.0,254.83,284.9,84.9,0.26,High,16.94,Moderate,Recovered,Reorder Soon
2021-04-01,BB_0007,rural,A_neg,whole_blood,254,197.0,254.0,281.8,84.8,0.36,Critical,28.43,High,Low Stock,Monitor Closely
2023-03-01,BB_0036,urban,A_pos,packed_RBC,266,204.33,262.67,289.1,84.8,0.32,Critical,19.45,High,Recovered,Investigate High Wastage
2024-08-01,BB_0047,urban,A_pos,whole_blood,224,196.4,248.8,281.2,84.8,0.33,Critical,18.01,Moderate,Adequate,Monitor Closely
2021-10-01,BB_0148,peri_urban,O_neg,cryoprecipitate,252,197.0,254.0,281.8,84.8,0.27,High,16.56,Moderate,Recovered,Reorder Soon
2022-11-01,BB_0061,peri_urban,B_pos,platelet_concentrate,254,194.5,253.0,279.3,84.8,0.27,High,22.82,High,Low Stock,Prioritize Near-Expiry Usage
2023-05-01,BB_0031,rural,B_pos,platelet_concentrate,250,190.5,249.0,275.3,84.8,0.24,Moderate,20.72,High,Adequate,Prioritize Near-Expiry Usage
2024-05-01,BB_0138,rural,B_pos,fresh_frozen_plasma,251,191.75,250.5,276.5,84.8,0.28,High,20.32,Moderate,Adequate,Reorder Soon
2023-05-01,BB_0025,urban,B_pos,whole_blood,237,186.0,245.0,270.8,84.8,0.3,Critical,18.18,Moderate,Adequate,Reorder Soon
2024-02-01,BB_0083,urban,O_pos,cryoprecipitate,245,192.25,250.75,277.0,84.8,0.29,Critical,14.5,Moderate,Low Stock,Reorder Soon
2024-05-01,BB_0105,urban,O_neg,cryoprecipitate,257,200.0,257.0,284.8,84.8,0.21,Low,24.5,Moderate,Adequate,Reorder Soon
2024-12-01,BB_0098,peri_urban,O_pos,packed_RBC,211,193.92,246.67,278.7,84.8,0.23,Moderate,15.44,Moderate,Adequate,Reorder Soon
2022-12-01,BB_0062,rural,A_pos,whole_blood,247,189.0,247.0,273.8,84.8,0.33,Critical,28.04,High,Low Stock,Investigate High Wastage
2022-08-01,BB_0090,urban,A_pos,platelet_concentrate,243,184.0,243.0,268.7,84.7,0.2,Low,17.93,Moderate,Low Stock,Reorder Soon
2024-04-01,BB_0054,rural,B_pos,fresh_frozen_plasma,225,190.2,250.4,274.9,84.7,0.28,High,25.21,Moderate,Adequate,Reorder Soon
2023-04-01,BB_0148,urban,A_pos,platelet_concentrate,249,201.0,260.0,285.7,84.7,0.27,High,13.01,Low,Adequate,Reorder Soon
2024-04-01,BB_0119,rural,A_pos,packed_RBC,253,204.0,262.33,288.7,84.7,0.22,Low,10.27,Low,Critical,Reorder Soon
2021-05-01,BB_0115,urban,A_pos,platelet_concentrate,253,194.0,253.0,278.7,84.7,0.27,High,18.04,Moderate,Low Stock,Reorder Soon
2024-11-01,BB_0063,peri_urban,A_pos,whole_blood,266,203.33,269.17,288.0,84.7,0.29,High,10.28,Low,Adequate,Reorder Soon
2023-04-01,BB_0116,urban,O_pos,whole_blood,265,194.33,253.67,279.0,84.7,0.29,High,15.97,Moderate,Low Stock,Reorder Soon
2023-09-01,BB_0086,urban,O_pos,packed_RBC,238,185.25,243.0,269.8,84.6,0.41,Critical,18.92,Moderate,Adequate,Monitor Closely
2023-10-01,BB_0099,peri_urban,A_pos,packed_RBC,266,199.0,257.25,283.6,84.6,0.15,Low,18.52,Moderate,Adequate,Reorder Soon
2024-01-01,BB_0038,urban,O_pos,fresh_frozen_plasma,242,193.25,251.25,277.8,84.6,0.23,Moderate,16.94,Moderate,Recovered,Reorder Soon
2023-03-01,BB_0065,urban,AB_pos,platelet_concentrate,259,198.0,259.0,282.6,84.6,0.32,Critical,17.68,Moderate,Adequate,Reorder Soon
2024-06-01,BB_0116,peri_urban,O_pos,fresh_frozen_plasma,245,205.5,263.5,290.1,84.6,0.29,High,23.61,Moderate,Adequate,Reorder Soon
2021-05-01,BB_0031,peri_urban,A_neg,cryoprecipitate,268,207.0,268.0,291.5,84.5,0.24,Moderate,16.91,Moderate,Recovered,Reorder Soon
2024-01-01,BB_0098,peri_urban,AB_pos,whole_blood,270,203.5,265.5,288.0,84.5,0.23,Moderate,13.16,Low,Critical,Reorder Soon
2024-04-01,BB_0133,urban,B_pos,packed_RBC,216,184.5,243.5,269.0,84.5,0.22,Low,22.9,High,Adequate,Investigate High Wastage
2022-07-01,BB_0112,peri_urban,A_neg,cryoprecipitate,252,191.0,252.0,275.5,84.5,0.28,High,23.56,Moderate,Adequate,Reorder Soon
2022-10-01,BB_0008,urban,B_pos,packed_RBC,249,198.0,257.0,282.5,84.5,0.28,High,18.67,Moderate,Recovered,Reorder Soon
2023-01-01,BB_0148,rural,AB_pos,cryoprecipitate,250,193.0,250.0,277.5,84.5,0.27,High,4.15,Low,Adequate,Reorder Soon
2024-10-01,BB_0101,urban,O_pos,platelet_concentrate,265,198.7,257.0,283.2,84.5,0.19,Low,17.63,Moderate,Adequate,Reorder Soon
2022-09-01,BB_0069,urban,B_neg,fresh_frozen_plasma,257,203.0,257.0,287.5,84.5,0.15,Low,23.15,Moderate,Adequate,Reorder Soon
2023-03-01,BB_0034,rural,A_pos,whole_blood,251,193.5,251.25,278.0,84.5,0.26,High,19.6,High,Critical,Investigate High Wastage
2024-11-01,BB_0014,urban,B_pos,packed_RBC,262,201.0,260.0,285.5,84.5,0.27,High,20.94,High,Adequate,Investigate High Wastage
2024-08-01,BB_0122,peri_urban,A_pos,fresh_frozen_plasma,258,199.0,258.5,283.5,84.5,0.26,High,15.92,Moderate,Critical,Reorder Soon
2024-06-01,BB_0042,rural,O_pos,group_O_neg_emergency,269,196.6,252.0,281.1,84.5,0.24,Moderate,20.13,High,Recovered,Investigate High Wastage
2023-06-01,BB_0129,urban,O_neg,packed_RBC,252,192.0,249.0,276.5,84.5,0.28,High,14.06,Moderate,Adequate,Reorder Soon
2024-10-01,BB_0136,rural,A_pos,packed_RBC,227,189.0,247.0,273.4,84.4,0.33,Critical,15.52,Moderate,Recovered,Reorder Soon
2021-05-01,BB_0147,rural,AB_pos,group_O_neg_emergency,269,211.0,269.0,295.4,84.4,0.24,Moderate,13.74,Low,Critical,Reorder Soon
2024-08-01,BB_0118,urban,O_pos,packed_RBC,282,200.67,258.33,285.1,84.4,0.29,Critical,26.14,High,Recovered,Investigate High Wastage
2024-10-01,BB_0093,rural,AB_pos,group_O_neg_emergency,267,209.0,267.0,293.4,84.4,0.29,High,12.44,Low,Recovered,Reorder Soon
2024-09-01,BB_0086,urban,O_pos,platelet_concentrate,278,199.88,266.38,284.3,84.4,0.41,Critical,17.09,Moderate,Low Stock,Monitor Closely
2024-06-01,BB_0128,peri_urban,A_pos,cryoprecipitate,260,196.67,254.67,281.1,84.4,0.29,Critical,13.07,Low,Recovered,Reorder Soon
2024-02-01,BB_0008,peri_urban,AB_neg,group_O_neg_emergency,280,220.0,280.0,304.4,84.4,0.28,High,22.27,High,Recovered,Investigate High Wastage
2024-06-01,BB_0037,urban,A_pos,group_O_neg_emergency,261,201.5,258.0,285.9,84.4,0.21,Low,14.35,Moderate,Low Stock,Reorder Soon
2024-09-01,BB_0073,rural,B_pos,cryoprecipitate,273,197.33,256.67,281.7,84.4,0.21,Low,14.92,Moderate,Recovered,Reorder Soon
2024-12-01,BB_0036,peri_urban,A_pos,cryoprecipitate,239,189.0,247.0,273.4,84.4,0.32,Critical,13.06,Low,Adequate,Reorder Soon
2023-12-01,BB_0126,peri_urban,A_pos,cryoprecipitate,242,206.67,264.67,291.1,84.4,0.28,High,16.34,Moderate,Adequate,Reorder Soon
2024-09-01,BB_0149,rural,O_pos,cryoprecipitate,235,198.14,253.14,282.4,84.3,0.2,Low,16.08,Moderate,Adequate,Reorder Soon
2023-03-01,BB_0020,peri_urban,B_pos,group_O_neg_emergency,235,176.0,235.0,260.3,84.3,0.3,Critical,21.02,High,Recovered,Investigate High Wastage
2024-02-01,BB_0135,urban,B_pos,platelet_concentrate,261,189.5,247.5,273.8,84.3,0.25,Moderate,17.05,Moderate,Critical,Reorder Soon
2022-08-01,BB_0114,urban,O_pos,packed_RBC,235,203.0,260.5,287.3,84.3,0.21,Low,14.32,Moderate,Adequate,Reorder Soon
2024-09-01,BB_0012,urban,A_pos,whole_blood,252,202.0,259.5,286.3,84.3,0.23,Moderate,22.16,High,Adequate,Investigate High Wastage
2024-02-01,BB_0018,urban,A_pos,whole_blood,244,189.0,246.5,273.3,84.3,0.2,Low,20.35,High,Adequate,Investigate High Wastage
2022-07-01,BB_0093,urban,B_neg,whole_blood,254,194.0,254.5,278.2,84.2,0.29,High,17.55,Moderate,Adequate,Reorder Soon
2024-07-01,BB_0140,peri_urban,A_neg,group_O_neg_emergency,258,199.0,258.0,283.2,84.2,0.2,Low,12.56,Low,Low Stock,Reorder Soon
2024-10-01,BB_0091,rural,B_pos,whole_blood,261,203.75,262.25,288.0,84.2,0.22,Low,11.79,Low,Adequate,Reorder Soon
2024-07-01,BB_0124,rural,O_pos,platelet_concentrate,264,197.17,257.0,281.4,84.2,0.22,Low,18.38,Moderate,Recovered,Reorder Soon
2023-05-01,BB_0120,urban,O_pos,fresh_frozen_plasma,271,192.67,257.5,276.8,84.1,0.26,High,12.04,Low,Recovered,Reorder Soon
2024-01-01,BB_0064,urban,A_pos,group_O_neg_emergency,279,201.75,258.0,285.9,84.1,0.12,Low,17.6,Moderate,Adequate,Reorder Soon
2024-09-01,BB_0043,rural,AB_pos,fresh_frozen_plasma,261,212.0,270.5,296.1,84.1,0.25,Moderate,12.2,Low,Adequate,Reorder Soon
2024-04-01,BB_0122,urban,O_pos,fresh_frozen_plasma,239,193.75,251.25,277.8,84.1,0.26,High,13.53,Low,Low Stock,Reorder Soon
2024-09-01,BB_0114,rural,O_pos,cryoprecipitate,273,204.75,262.5,288.8,84.1,0.21,Low,16.99,Moderate,Critical,Reorder Soon
2023-07-01,BB_0063,urban,O_neg,whole_blood,265,206.0,265.0,290.0,84.0,0.29,High,17.48,Moderate,Adequate,Reorder Soon
2024-05-01,BB_0120,urban,O_pos,cryoprecipitate,230,198.0,255.67,282.0,84.0,0.26,High,18.57,Moderate,Recovered,Reorder Soon
2023-07-01,BB_0074,peri_urban,A_pos,packed_RBC,264,200.67,258.33,284.7,84.0,0.25,High,15.42,Moderate,Low Stock,Reorder Soon
2023-12-01,BB_0006,rural,B_pos,fresh_frozen_plasma,258,199.5,257.5,283.5,84.0,0.22,Low,18.54,Moderate,Adequate,Reorder Soon
2024-01-01,BB_0044,urban,B_pos,fresh_frozen_plasma,245,194.67,252.67,278.7,84.0,0.25,Moderate,13.48,Low,Low Stock,Reorder Soon
2024-10-01,BB_0028,peri_urban,B_pos,cryoprecipitate,235,193.0,252.0,277.0,84.0,0.19,Low,7.54,Low,Adequate,Reorder Soon
2021-11-01,BB_0004,peri_urban,O_neg,whole_blood,252,193.0,252.0,277.0,84.0,0.25,High,25.91,High,Critical,Investigate High Wastage
2024-11-01,BB_0043,urban,B_pos,cryoprecipitate,249,193.67,252.67,277.7,84.0,0.25,Moderate,16.83,Moderate,Low Stock,Reorder Soon
2024-01-01,BB_0057,rural,B_pos,fresh_frozen_plasma,273,198.5,256.5,282.5,84.0,0.21,Low,14.78,Moderate,Low Stock,Reorder Soon
2021-02-01,BB_0026,peri_urban,O_neg,whole_blood,249,190.0,249.0,274.0,84.0,0.28,High,10.0,Low,Adequate,Reorder Soon
2024-05-01,BB_0072,peri_urban,B_neg,platelet_concentrate,246,187.0,246.0,270.9,83.9,0.28,High,16.58,Moderate,Critical,Reorder Soon
2024-06-01,BB_0066,peri_urban,B_pos,group_O_neg_emergency,237,198.67,257.33,282.6,83.9,0.22,Moderate,17.25,Moderate,Low Stock,Reorder Soon
2024-10-01,BB_0128,urban,O_pos,fresh_frozen_plasma,275,199.36,258.55,283.3,83.9,0.29,Critical,14.96,Moderate,Adequate,Reorder Soon
2024-08-01,BB_0011,urban,O_pos,platelet_concentrate,244,196.67,256.5,280.6,83.9,0.2,Low,19.12,High,Adequate,Prioritize Near-Expiry Usage
2024-05-01,BB_0105,peri_urban,A_pos,group_O_neg_emergency,268,202.0,258.0,285.9,83.9,0.21,Low,17.06,Moderate,Adequate,Reorder Soon
2024-04-01,BB_0084,urban,O_pos,packed_RBC,242,193.12,248.25,277.0,83.9,0.16,Low,17.71,Moderate,Adequate,Reorder Soon
2024-04-01,BB_0065,peri_urban,B_pos,platelet_concentrate,237,197.75,255.25,281.6,83.9,0.32,Critical,18.44,Moderate,Recovered,Reorder Soon
2024-06-01,BB_0013,urban,O_pos,whole_blood,271,199.89,254.22,283.7,83.8,0.29,Critical,17.88,Moderate,Adequate,Reorder Soon
2024-09-01,BB_0032,urban,B_pos,whole_blood,262,196.0,254.0,279.8,83.8,0.29,High,14.5,Moderate,Low Stock,Reorder Soon
2023-06-01,BB_0048,urban,O_neg,cryoprecipitate,259,203.0,259.0,286.8,83.8,0.32,Critical,12.81,Low,Adequate,Reorder Soon
2024-03-01,BB_0006,rural,O_pos,platelet_concentrate,240,201.75,253.0,285.5,83.8,0.22,Low,16.78,Moderate,Adequate,Reorder Soon
2023-10-01,BB_0020,urban,B_pos,whole_blood,258,203.0,261.0,286.8,83.8,0.3,Critical,20.97,High,Adequate,Investigate High Wastage
2024-10-01,BB_0123,peri_urban,A_pos,platelet_concentrate,250,197.25,255.25,281.0,83.8,0.26,High,14.99,Moderate,Critical,Reorder Soon
2023-01-01,BB_0034,urban,A_neg,fresh_frozen_plasma,281,204.0,262.0,287.8,83.8,0.26,High,19.32,Moderate,Recovered,Reorder Soon
2024-08-01,BB_0133,rural,A_pos,whole_blood,262,201.0,258.0,284.8,83.8,0.22,Low,13.67,Low,Adequate,Reorder Soon
2024-06-01,BB_0066,peri_urban,O_pos,cryoprecipitate,267,203.8,259.8,287.6,83.8,0.22,Moderate,15.34,Moderate,Adequate,Reorder Soon
2023-04-01,BB_0118,urban,O_pos,whole_blood,274,200.5,259.0,284.3,83.8,0.29,Critical,24.42,High,Recovered,Investigate High Wastage
2024-09-01,BB_0020,urban,B_pos,platelet_concentrate,272,198.5,256.0,282.3,83.8,0.3,Critical,15.32,Moderate,Adequate,Reorder Soon
2024-10-01,BB_0137,urban,B_pos,fresh_frozen_plasma,264,203.2,235.6,287.0,83.8,0.28,High,20.37,Moderate,Adequate,Reorder Soon
2024-08-01,BB_0002,urban,O_pos,whole_blood,264,194.75,249.38,278.5,83.8,0.23,Moderate,14.45,Moderate,Adequate,Reorder Soon
2024-12-01,BB_0046,urban,O_pos,group_O_neg_emergency,257,190.67,248.67,274.4,83.7,0.29,Critical,21.37,High,Adequate,Investigate High Wastage
2022-10-01,BB_0008,urban,AB_pos,packed_RBC,259,204.0,259.0,287.7,83.7,0.28,High,26.47,High,Adequate,Investigate High Wastage
2024-04-01,BB_0145,urban,A_pos,packed_RBC,238,195.67,253.0,279.4,83.7,0.22,Moderate,12.31,Low,Recovered,Reorder Soon
2022-03-01,BB_0122,urban,AB_pos,packed_RBC,252,197.0,252.0,280.7,83.7,0.26,High,20.81,High,Critical,Investigate High Wastage
2024-08-01,BB_0045,urban,B_neg,whole_blood,260,200.0,260.0,283.7,83.7,0.22,Low,14.5,Moderate,Adequate,Reorder Soon
2023-04-01,BB_0079,urban,AB_pos,fresh_frozen_plasma,262,204.0,262.0,287.6,83.6,0.39,Critical,14.71,Moderate,Adequate,Monitor Closely
2024-08-01,BB_0083,urban,B_pos,platelet_concentrate,278,203.67,261.0,287.3,83.6,0.29,Critical,16.49,Moderate,Recovered,Reorder Soon
2024-07-01,BB_0021,rural,O_pos,platelet_concentrate,260,199.75,257.25,283.4,83.6,0.26,High,14.83,Moderate,Recovered,Reorder Soon
2024-07-01,BB_0057,peri_urban,A_pos,whole_blood,220,188.25,245.0,271.8,83.6,0.21,Low,9.94,Low,Low Stock,Reorder Soon
2022-02-01,BB_0082,urban,AB_pos,fresh_frozen_plasma,263,205.0,263.0,288.6,83.6,0.33,Critical,10.73,Low,Adequate,Monitor Closely
2024-03-01,BB_0137,peri_urban,O_pos,cryoprecipitate,249,192.75,250.0,276.3,83.6,0.28,High,21.02,Moderate,Recovered,Reorder Soon
2024-09-01,BB_0110,rural,O_pos,group_O_neg_emergency,263,196.75,254.75,280.4,83.6,0.29,Critical,17.26,Moderate,Adequate,Reorder Soon
2022-08-01,BB_0131,urban,AB_pos,fresh_frozen_plasma,261,203.0,261.0,286.6,83.6,0.25,Moderate,17.24,Moderate,Adequate,Reorder Soon
2023-01-01,BB_0109,urban,AB_pos,platelet_concentrate,237,177.0,237.0,260.6,83.6,0.19,Low,28.81,High,Adequate,Prioritize Near-Expiry Usage
2021-04-01,BB_0030,urban,B_neg,cryoprecipitate,261,202.0,261.0,285.5,83.5,0.27,High,19.8,Moderate,Low Stock,Reorder Soon
2024-12-01,BB_0079,urban,O_neg,group_O_neg_emergency,254,196.5,254.0,280.0,83.5,0.39,Critical,12.24,Low,Low Stock,Monitor Closely
2022-10-01,BB_0072,urban,B_neg,cryoprecipitate,246,187.0,246.0,270.5,83.5,0.28,High,17.11,Moderate,Adequate,Reorder Soon
2023-05-01,BB_0013,rural,B_pos,packed_RBC,257,199.0,257.0,282.5,83.5,0.29,Critical,8.54,Low,Adequate,Reorder Soon
2023-03-01,BB_0037,urban,O_neg,packed_RBC,238,182.0,238.0,265.5,83.5,0.21,Low,17.03,Moderate,Adequate,Reorder Soon
2024-11-01,BB_0071,urban,O_pos,packed_RBC,259,202.33,259.0,285.8,83.5,0.16,Low,13.23,Low,Adequate,Reorder Soon
2023-04-01,BB_0105,urban,O_neg,packed_RBC,252,196.0,252.0,279.5,83.5,0.21,Low,21.43,High,Low Stock,Investigate High Wastage
2024-09-01,BB_0086,peri_urban,O_pos,cryoprecipitate,236,194.22,252.89,277.7,83.5,0.41,Critical,17.74,Moderate,Adequate,Monitor Closely
2023-06-01,BB_0088,urban,B_neg,fresh_frozen_plasma,277,224.0,277.0,307.5,83.5,0.32,Critical,14.29,Moderate,Adequate,Reorder Soon
2021-10-01,BB_0108,urban,B_neg,fresh_frozen_plasma,253,200.0,253.0,283.5,83.5,0.22,Moderate,22.0,Moderate,Adequate,Reorder Soon
2024-05-01,BB_0024,urban,AB_pos,group_O_neg_emergency,269,194.0,251.0,277.4,83.4,0.24,Moderate,16.48,Moderate,Recovered,Reorder Soon
2024-07-01,BB_0059,peri_urban,O_pos,group_O_neg_emergency,269,203.6,244.6,287.0,83.4,0.37,Critical,17.9,Moderate,Adequate,Monitor Closely
2024-05-01,BB_0071,rural,O_pos,fresh_frozen_plasma,247,200.0,256.75,283.4,83.4,0.16,Low,18.11,Moderate,Low Stock,Reorder Soon
2024-09-01,BB_0061,urban,A_pos,cryoprecipitate,244,201.0,258.0,284.4,83.4,0.27,High,15.44,Moderate,Recovered,Reorder Soon
2024-08-01,BB_0007,urban,O_pos,cryoprecipitate,217,199.1,245.9,282.5,83.4,0.36,Critical,16.42,Moderate,Adequate,Monitor Closely
2024-11-01,BB_0050,rural,A_pos,packed_RBC,263,199.25,256.25,282.6,83.4,0.16,Low,19.34,High,Adequate,Investigate High Wastage
2024-02-01,BB_0109,urban,AB_pos,group_O_neg_emergency,251,194.0,251.0,277.4,83.4,0.19,Low,4.12,Low,Low Stock,Reorder Soon
2024-11-01,BB_0101,rural,O_neg,fresh_frozen_plasma,265,206.0,265.0,289.3,83.3,0.19,Low,8.25,Low,Adequate,Reorder Soon
2023-09-01,BB_0115,urban,O_pos,whole_blood,247,190.33,248.33,273.6,83.3,0.27,High,22.47,High,Adequate,Investigate High Wastage
2022-06-01,BB_0090,peri_urban,B_pos,platelet_concentrate,244,187.0,244.0,270.3,83.3,0.2,Low,16.58,Moderate,Adequate,Reorder Soon
2024-11-01,BB_0056,urban,O_pos,fresh_frozen_plasma,275,191.7,249.5,275.0,83.3,0.32,Critical,16.01,Moderate,Recovered,Reorder Soon
2023-07-01,BB_0119,peri_urban,O_pos,whole_blood,258,199.0,257.0,282.3,83.3,0.22,Low,16.42,Moderate,Adequate,Reorder Soon
2024-08-01,BB_0068,urban,O_pos,whole_blood,254,190.83,250.17,274.0,83.2,0.27,High,18.72,Moderate,Adequate,Reorder Soon
2022-05-01,BB_0117,urban,A_neg,group_O_neg_emergency,258,200.0,258.0,283.2,83.2,0.23,Moderate,19.0,High,Low Stock,Investigate High Wastage
2021-11-01,BB_0119,rural,A_neg,platelet_concentrate,260,202.0,260.0,285.2,83.2,0.22,Low,23.76,High,Adequate,Prioritize Near-Expiry Usage
2024-11-01,BB_0072,rural,O_pos,packed_RBC,240,199.3,251.0,282.5,83.2,0.28,High,17.36,Moderate,Adequate,Reorder Soon
2024-12-01,BB_0083,peri_urban,A_pos,platelet_concentrate,260,201.0,258.5,284.2,83.2,0.29,Critical,19.92,High,Critical,Prioritize Near-Expiry Usage
2023-09-01,BB_0018,urban,A_neg,group_O_neg_emergency,249,191.0,249.0,274.2,83.2,0.2,Low,22.51,High,Adequate,Investigate High Wastage
2024-03-01,BB_0039,urban,O_pos,group_O_neg_emergency,250,187.5,245.0,270.7,83.2,0.32,Critical,11.5,Low,Low Stock,Reorder Soon
2024-04-01,BB_0111,rural,A_pos,platelet_concentrate,268,207.0,264.5,290.2,83.2,0.21,Low,18.84,Moderate,Low Stock,Reorder Soon
2021-11-01,BB_0145,urban,B_neg,group_O_neg_emergency,251,195.0,251.0,278.1,83.1,0.22,Moderate,23.59,High,Adequate,Investigate High Wastage
2024-09-01,BB_0042,urban,B_pos,packed_RBC,251,198.67,256.33,281.8,83.1,0.24,Moderate,14.41,Moderate,Low Stock,Reorder Soon
2024-06-01,BB_0020,rural,O_pos,platelet_concentrate,252,198.5,255.5,281.6,83.1,0.3,Critical,16.86,Moderate,Low Stock,Reorder Soon
2022-11-01,BB_0094,peri_urban,B_pos,cryoprecipitate,246,188.0,246.0,271.0,83.0,0.3,Critical,13.3,Low,Adequate,Reorder Soon
2021-02-01,BB_0044,rural,B_pos,cryoprecipitate,258,200.0,258.0,283.0,83.0,0.25,Moderate,13.0,Low,Adequate,Reorder Soon
2024-10-01,BB_0069,urban,O_neg,group_O_neg_emergency,245,201.5,258.5,284.5,83.0,0.15,Low,17.1,Moderate,Critical,Reorder Soon
2023-02-01,BB_0029,peri_urban,B_pos,cryoprecipitate,280,205.0,263.0,288.0,83.0,0.16,Low,18.65,Moderate,Adequate,Reorder Soon
2021-05-01,BB_0060,urban,A_pos,fresh_frozen_plasma,261,203.0,261.0,286.0,83.0,0.25,Moderate,13.3,Low,Low Stock,Reorder Soon
2022-05-01,BB_0147,peri_urban,AB_neg,packed_RBC,254,194.0,254.0,277.0,83.0,0.24,Moderate,10.82,Low,Adequate,Reorder Soon
2023-02-01,BB_0061,rural,B_pos,packed_RBC,278,198.0,255.5,281.0,83.0,0.27,High,17.42,Moderate,Adequate,Reorder Soon
2024-06-01,BB_0025,rural,B_pos,cryoprecipitate,270,191.0,249.0,274.0,83.0,0.3,Critical,22.19,Moderate,Adequate,Reorder Soon
2024-06-01,BB_0135,peri_urban,O_neg,packed_RBC,270,212.5,268.0,295.5,83.0,0.25,Moderate,14.39,Moderate,Recovered,Reorder Soon
2024-04-01,BB_0067,rural,B_pos,cryoprecipitate,247,197.0,255.0,280.0,83.0,0.28,High,18.14,Moderate,Low Stock,Reorder Soon
2024-12-01,BB_0089,urban,A_pos,fresh_frozen_plasma,259,201.0,259.0,284.0,83.0,0.29,Critical,24.88,Moderate,Adequate,Reorder Soon
2024-04-01,BB_0143,urban,O_pos,whole_blood,261,197.83,254.33,280.8,83.0,0.24,Moderate,21.4,High,Adequate,Investigate High Wastage
2024-10-01,BB_0018,peri_urban,B_pos,platelet_concentrate,256,194.67,251.33,277.6,82.9,0.2,Low,17.46,Moderate,Adequate,Reorder Soon
2021-03-01,BB_0063,peri_urban,B_neg,platelet_concentrate,248,190.0,248.0,272.9,82.9,0.29,High,13.68,Low,Adequate,Reorder Soon
2023-07-01,BB_0002,urban,O_neg,platelet_concentrate,246,191.0,246.0,273.9,82.9,0.23,Moderate,23.56,High,Adequate,Prioritize Near-Expiry Usage
2024-06-01,BB_0017,urban,B_pos,packed_RBC,257,188.5,244.38,271.4,82.9,0.26,High,16.54,Moderate,Adequate,Reorder Soon
2022-08-01,BB_0111,rural,A_pos,group_O_neg_emergency,261,206.5,261.5,289.4,82.9,0.21,Low,21.82,High,Low Stock,Investigate High Wastage
2024-03-01,BB_0140,urban,B_pos,fresh_frozen_plasma,263,185.6,245.0,268.4,82.8,0.2,Low,17.8,Moderate,Adequate,Reorder Soon
2024-02-01,BB_0039,rural,B_pos,whole_blood,249,192.0,249.0,274.8,82.8,0.32,Critical,4.17,Low,Adequate,Reorder Soon
2023-07-01,BB_0107,urban,B_pos,whole_blood,264,192.0,249.0,274.8,82.8,0.23,Moderate,13.53,Low,Adequate,Reorder Soon
2024-10-01,BB_0017,peri_urban,B_pos,group_O_neg_emergency,254,195.0,252.5,277.8,82.8,0.26,High,13.04,Low,Adequate,Reorder Soon
2024-06-01,BB_0062,rural,O_pos,cryoprecipitate,264,200.2,257.6,283.0,82.8,0.33,Critical,15.92,Moderate,Recovered,Reorder Soon
2023-08-01,BB_0078,rural,O_neg,cryoprecipitate,235,180.0,235.0,262.8,82.8,0.25,Moderate,24.44,Moderate,Recovered,Reorder Soon
2024-09-01,BB_0044,urban,O_pos,group_O_neg_emergency,273,199.83,252.83,282.6,82.8,0.25,Moderate,13.95,Low,Recovered,Reorder Soon
2022-08-01,BB_0087,peri_urban,B_pos,whole_blood,239,200.5,257.5,283.3,82.8,0.21,Low,22.79,High,Low Stock,Investigate High Wastage
2024-01-01,BB_0078,urban,AB_pos,packed_RBC,257,203.0,257.0,285.7,82.7,0.25,Moderate,10.34,Low,Adequate,Reorder Soon
2024-09-01,BB_0128,urban,B_pos,cryoprecipitate,251,191.5,249.25,274.2,82.7,0.29,Critical,13.84,Low,Adequate,Reorder Soon
2024-06-01,BB_0044,rural,O_pos,packed_RBC,278,196.5,262.33,279.2,82.7,0.25,Moderate,16.57,Moderate,Adequate,Reorder Soon
2024-04-01,BB_0006,peri_urban,A_pos,platelet_concentrate,254,201.5,258.5,284.2,82.7,0.22,Low,18.99,High,Adequate,Prioritize Near-Expiry Usage
2024-03-01,BB_0049,urban,O_pos,whole_blood,245,196.33,253.67,279.0,82.7,0.37,Critical,23.7,High,Recovered,Monitor Closely
2023-05-01,BB_0067,urban,AB_pos,packed_RBC,248,194.0,248.0,276.7,82.7,0.28,High,9.28,Low,Adequate,Reorder Soon
2024-06-01,BB_0125,urban,AB_pos,packed_RBC,253,197.67,251.67,280.4,82.7,0.29,Critical,11.9,Low,Adequate,Reorder Soon
2023-01-01,BB_0068,rural,A_pos,whole_blood,220,191.4,247.4,274.0,82.6,0.27,High,23.21,High,Low Stock,Investigate High Wastage
2023-07-01,BB_0119,urban,B_neg,group_O_neg_emergency,266,201.0,256.5,283.6,82.6,0.22,Low,16.67,Moderate,Recovered,Reorder Soon
2024-07-01,BB_0125,urban,O_pos,fresh_frozen_plasma,241,190.4,253.0,273.0,82.6,0.29,Critical,12.96,Low,Adequate,Reorder Soon
2024-10-01,BB_0041,peri_urban,O_pos,group_O_neg_emergency,255,197.75,254.75,280.4,82.6,0.2,Low,12.8,Low,Low Stock,Reorder Soon
2023-07-01,BB_0103,peri_urban,A_pos,group_O_neg_emergency,282,210.0,264.67,292.6,82.6,0.32,Critical,20.9,High,Critical,Investigate High Wastage
2022-09-01,BB_0018,rural,B_pos,packed_RBC,244,187.0,244.0,269.5,82.5,0.2,Low,10.7,Low,Adequate,Reorder Soon
2023-01-01,BB_0090,urban,B_pos,group_O_neg_emergency,269,199.5,256.75,282.0,82.5,0.2,Low,10.44,Low,Adequate,Reorder Soon
2023-09-01,BB_0101,rural,B_pos,cryoprecipitate,253,197.5,255.0,280.0,82.5,0.19,Low,15.16,Moderate,Adequate,Reorder Soon
2024-07-01,BB_0062,urban,B_pos,fresh_frozen_plasma,229,190.5,247.0,273.0,82.5,0.33,Critical,25.46,Moderate,Adequate,Reorder Soon
2024-11-01,BB_0144,rural,B_pos,cryoprecipitate,242,192.5,250.0,275.0,82.5,0.25,Moderate,12.55,Low,Adequate,Reorder Soon
2021-03-01,BB_0099,rural,A_neg,cryoprecipitate,263,204.0,263.0,286.5,82.5,0.15,Low,15.69,Moderate,Adequate,Reorder Soon
2024-11-01,BB_0096,rural,O_pos,platelet_concentrate,231,194.83,247.0,277.3,82.5,0.23,Moderate,15.86,Moderate,Low Stock,Reorder Soon
2024-01-01,BB_0028,peri_urban,A_neg,cryoprecipitate,250,191.0,250.0,273.5,82.5,0.19,Low,24.08,Moderate,Adequate,Reorder Soon
2021-09-01,BB_0034,rural,B_neg,cryoprecipitate,275,217.0,275.0,299.5,82.5,0.26,High,26.27,Moderate,Adequate,Reorder Soon
2024-10-01,BB_0098,urban,A_neg,cryoprecipitate,254,195.0,254.0,277.5,82.5,0.23,Moderate,11.79,Low,Adequate,Reorder Soon
2024-06-01,BB_0026,urban,O_pos,group_O_neg_emergency,270,195.33,252.0,277.7,82.4,0.28,High,18.02,Moderate,Low Stock,Reorder Soon
2022-03-01,BB_0034,urban,A_pos,cryoprecipitate,253,197.0,253.0,279.4,82.4,0.26,High,11.17,Low,Adequate,Reorder Soon
2024-03-01,BB_0039,urban,O_pos,fresh_frozen_plasma,250,207.3,262.2,289.7,82.4,0.32,Critical,15.99,Moderate,Adequate,Reorder Soon
2024-11-01,BB_0023,urban,B_pos,packed_RBC,262,200.75,257.75,283.2,82.4,0.18,Low,16.94,Moderate,Recovered,Reorder Soon
2023-03-01,BB_0002,peri_urban,AB_pos,group_O_neg_emergency,245,189.0,245.0,271.4,82.4,0.23,Moderate,20.63,High,Adequate,Investigate High Wastage
2023-06-01,BB_0048,urban,B_pos,fresh_frozen_plasma,255,197.33,257.17,279.7,82.4,0.32,Critical,18.4,Moderate,Recovered,Reorder Soon
2023-11-01,BB_0115,peri_urban,B_pos,group_O_neg_emergency,266,209.0,266.0,291.3,82.3,0.27,High,13.88,Low,Adequate,Reorder Soon
2023-09-01,BB_0040,peri_urban,B_pos,platelet_concentrate,267,211.0,267.0,293.3,82.3,0.28,High,29.38,High,Adequate,Prioritize Near-Expiry Usage
2023-03-01,BB_0124,urban,B_pos,platelet_concentrate,261,197.0,253.0,279.3,82.3,0.22,Low,16.23,Moderate,Low Stock,Reorder Soon
2022-10-01,BB_0095,urban,B_pos,whole_blood,265,198.5,255.0,280.8,82.3,0.3,Critical,17.12,Moderate,Adequate,Reorder Soon
2024-03-01,BB_0002,urban,B_pos,group_O_neg_emergency,256,190.67,247.67,273.0,82.3,0.23,Moderate,15.56,Moderate,Adequate,Reorder Soon
2023-11-01,BB_0002,rural,A_neg,platelet_concentrate,244,187.0,244.0,269.2,82.2,0.23,Moderate,16.04,Moderate,Recovered,Reorder Soon
2022-09-01,BB_0061,urban,A_neg,platelet_concentrate,241,184.0,241.0,266.2,82.2,0.27,High,25.0,High,Adequate,Prioritize Near-Expiry Usage
2024-06-01,BB_0042,rural,O_pos,packed_RBC,277,200.33,255.67,282.5,82.2,0.24,Moderate,20.61,High,Adequate,Investigate High Wastage
2022-03-01,BB_0137,urban,AB_pos,packed_RBC,244,201.5,255.0,283.7,82.2,0.28,High,17.38,Moderate,Low Stock,Reorder Soon
2023-10-01,BB_0087,urban,O_pos,cryoprecipitate,253,190.75,246.75,273.0,82.2,0.21,Low,20.87,Moderate,Adequate,Reorder Soon
2023-08-01,BB_0004,urban,B_neg,group_O_neg_emergency,268,213.0,268.0,295.1,82.1,0.25,High,10.8,Low,Adequate,Reorder Soon
2024-11-01,BB_0056,peri_urban,B_pos,packed_RBC,235,198.67,255.33,280.8,82.1,0.32,Critical,15.08,Moderate,Critical,Reorder Soon
2024-12-01,BB_0007,rural,O_pos,packed_RBC,266,198.18,252.82,280.3,82.1,0.36,Critical,16.33,Moderate,Adequate,Monitor Closely
2024-07-01,BB_0142,urban,A_pos,whole_blood,233,202.0,254.0,284.1,82.1,0.2,Low,18.66,Moderate,Adequate,Reorder Soon
2024-11-01,BB_0057,rural,B_pos,whole_blood,266,206.0,262.33,288.1,82.1,0.21,Low,19.73,High,Low Stock,Investigate High Wastage
2024-08-01,BB_0148,urban,O_pos,fresh_frozen_plasma,221,191.5,247.0,273.6,82.1,0.27,High,16.25,Moderate,Adequate,Reorder Soon
2022-08-01,BB_0034,peri_urban,O_pos,fresh_frozen_plasma,265,199.5,255.0,281.6,82.1,0.26,High,18.26,Moderate,Adequate,Reorder Soon
2024-11-01,BB_0130,urban,O_pos,fresh_frozen_plasma,262,200.55,250.82,282.6,82.1,0.27,High,13.15,Low,Adequate,Reorder Soon
2023-04-01,BB_0074,urban,A_pos,platelet_concentrate,261,193.33,249.67,275.4,82.1,0.25,High,9.9,Low,Adequate,Reorder Soon
2023-02-01,BB_0089,rural,B_neg,group_O_neg_emergency,256,201.0,256.0,283.1,82.1,0.29,Critical,19.9,High,Low Stock,Investigate High Wastage
2024-04-01,BB_0093,urban,O_pos,group_O_neg_emergency,234,190.0,246.25,272.0,82.0,0.29,High,14.92,Moderate,Recovered,Reorder Soon
2021-04-01,BB_0124,urban,A_pos,fresh_frozen_plasma,256,199.0,256.0,281.0,82.0,0.22,Low,13.57,Low,Adequate,Reorder Soon
2024-02-01,BB_0145,urban,O_pos,platelet_concentrate,278,198.0,257.12,280.0,82.0,0.22,Moderate,15.58,Moderate,Low Stock,Reorder Soon
2024-12-01,BB_0121,peri_urban,O_pos,whole_blood,245,195.0,245.73,277.0,82.0,0.24,Moderate,17.32,Moderate,Adequate,Reorder Soon
2024-11-01,BB_0058,urban,O_pos,fresh_frozen_plasma,266,193.86,245.86,275.9,82.0,0.21,Low,15.54,Moderate,Low Stock,Reorder Soon
2024-01-01,BB_0014,rural,O_neg,whole_blood,236,179.0,236.0,261.0,82.0,0.27,High,3.91,Low,Adequate,Reorder Soon
2024-06-01,BB_0145,urban,B_pos,platelet_concentrate,254,197.33,253.0,279.3,82.0,0.22,Moderate,20.28,High,Low Stock,Prioritize Near-Expiry Usage
2024-11-01,BB_0075,peri_urban,A_pos,packed_RBC,239,206.8,248.8,288.8,82.0,0.28,High,15.28,Moderate,Adequate,Reorder Soon
2023-07-01,BB_0007,urban,B_pos,platelet_concentrate,244,193.75,249.25,275.6,81.9,0.36,Critical,19.9,High,Adequate,Monitor Closely
2023-12-01,BB_0100,urban,O_pos,whole_blood,274,200.14,255.0,282.0,81.9,0.27,High,16.65,Moderate,Recovered,Reorder Soon
2024-10-01,BB_0101,urban,O_pos,group_O_neg_emergency,290,200.5,251.25,282.4,81.9,0.19,Low,17.7,Moderate,Adequate,Reorder Soon
2024-07-01,BB_0090,urban,A_pos,cryoprecipitate,252,195.0,250.5,276.9,81.9,0.2,Low,20.12,Moderate,Adequate,Reorder Soon
2021-09-01,BB_0122,urban,A_pos,group_O_neg_emergency,260,206.0,260.0,287.9,81.9,0.26,High,22.82,High,Recovered,Investigate High Wastage
2024-02-01,BB_0088,urban,A_pos,cryoprecipitate,233,192.5,248.0,274.4,81.9,0.32,Critical,4.84,Low,Adequate,Reorder Soon
2023-12-01,BB_0038,urban,B_pos,packed_RBC,260,197.33,253.67,279.2,81.9,0.23,Moderate,15.04,Moderate,Low Stock,Reorder Soon
2022-12-01,BB_0028,urban,O_neg,platelet_concentrate,264,210.0,264.0,291.9,81.9,0.19,Low,10.95,Low,Adequate,Reorder Soon
2023-04-01,BB_0034,peri_urban,A_pos,packed_RBC,266,205.0,260.5,286.9,81.9,0.26,High,14.66,Moderate,Adequate,Reorder Soon
2024-07-01,BB_0148,urban,A_pos,cryoprecipitate,264,200.5,256.0,282.4,81.9,0.27,High,17.46,Moderate,Critical,Reorder Soon
2024-04-01,BB_0028,urban,B_pos,packed_RBC,257,199.67,246.33,281.6,81.9,0.19,Low,17.79,Moderate,Adequate,Reorder Soon
2024-10-01,BB_0149,urban,O_pos,fresh_frozen_plasma,256,192.83,249.17,274.7,81.9,0.2,Low,17.94,Moderate,Low Stock,Reorder Soon
2024-07-01,BB_0109,urban,O_pos,fresh_frozen_plasma,221,196.5,249.0,278.3,81.8,0.19,Low,15.33,Moderate,Adequate,Reorder Soon
2023-06-01,BB_0119,rural,B_pos,platelet_concentrate,274,203.0,258.5,284.8,81.8,0.22,Low,20.9,High,Recovered,Prioritize Near-Expiry Usage
2024-12-01,BB_0085,urban,O_pos,whole_blood,266,197.0,253.5,278.8,81.8,0.3,Critical,14.46,Moderate,Adequate,Reorder Soon
2024-12-01,BB_0041,rural,O_pos,packed_RBC,249,184.5,249.33,266.3,81.8,0.2,Low,16.24,Moderate,Adequate,Reorder Soon
2021-12-01,BB_0030,urban,B_pos,platelet_concentrate,257,191.5,247.0,273.3,81.8,0.27,High,17.0,Moderate,Adequate,Reorder Soon
2023-03-01,BB_0087,peri_urban,AB_pos,packed_RBC,236,183.0,236.0,264.7,81.7,0.21,Low,22.4,High,Low Stock,Investigate High Wastage
2024-11-01,BB_0056,peri_urban,O_pos,platelet_concentrate,240,198.8,252.2,280.5,81.7,0.32,Critical,14.12,Moderate,Recovered,Reorder Soon
2024-11-01,BB_0018,urban,A_pos,platelet_concentrate,260,204.0,260.0,285.7,81.7,0.2,Low,22.06,High,Adequate,Prioritize Near-Expiry Usage
2021-12-01,BB_0135,urban,AB_pos,fresh_frozen_plasma,249,193.0,249.0,274.6,81.6,0.25,Moderate,19.17,Moderate,Adequate,Reorder Soon
2022-07-01,BB_0041,urban,AB_pos,fresh_frozen_plasma,250,194.0,250.0,275.6,81.6,0.2,Low,20.62,Moderate,Recovered,Reorder Soon
2023-11-01,BB_0005,urban,AB_neg,whole_blood,263,205.0,257.5,286.6,81.6,0.27,High,12.01,Low,Critical,Reorder Soon
2023-07-01,BB_0007,urban,B_pos,whole_blood,273,208.33,264.0,289.8,81.5,0.36,Critical,14.18,Moderate,Recovered,Monitor Closely
2024-08-01,BB_0143,urban,B_pos,whole_blood,237,188.33,244.0,269.8,81.5,0.24,Moderate,15.23,Moderate,Adequate,Reorder Soon
2022-06-01,BB_0012,urban,B_pos,fresh_frozen_plasma,256,202.5,258.0,284.0,81.5,0.23,Moderate,16.81,Moderate,Adequate,Reorder Soon
2023-10-01,BB_0080,rural,B_pos,packed_RBC,270,201.5,257.5,283.0,81.5,0.27,High,21.1,High,Adequate,Investigate High Wastage
2024-02-01,BB_0131,peri_urban,A_pos,fresh_frozen_plasma,248,191.0,247.5,272.5,81.5,0.25,Moderate,15.92,Moderate,Critical,Reorder Soon
2024-08-01,BB_0027,rural,B_pos,cryoprecipitate,273,206.0,262.5,287.5,81.5,0.35,Critical,15.45,Moderate,Recovered,Monitor Closely
2024-01-01,BB_0148,peri_urban,B_pos,packed_RBC,238,199.5,255.5,281.0,81.5,0.27,High,25.66,High,Adequate,Investigate High Wastage
2024-06-01,BB_0115,urban,A_pos,cryoprecipitate,250,194.6,258.8,276.1,81.5,0.27,High,19.46,Moderate,Recovered,Reorder Soon
2024-09-01,BB_0060,rural,O_pos,group_O_neg_emergency,245,193.33,249.0,274.7,81.4,0.25,Moderate,16.96,Moderate,Adequate,Reorder Soon
2024-11-01,BB_0088,peri_urban,A_pos,packed_RBC,226,171.0,226.0,252.4,81.4,0.32,Critical,19.88,High,Adequate,Investigate High Wastage
2024-11-01,BB_0104,peri_urban,O_pos,whole_blood,272,194.7,252.1,276.1,81.4,0.22,Moderate,19.18,High,Recovered,Investigate High Wastage
2024-12-01,BB_0068,urban,AB_neg,group_O_neg_emergency,241,184.0,241.0,265.4,81.4,0.27,High,0.54,Low,Adequate,Reorder Soon
2024-09-01,BB_0139,urban,A_pos,group_O_neg_emergency,228,192.5,246.0,273.9,81.4,0.25,Moderate,18.73,Moderate,Adequate,Reorder Soon
2023-12-01,BB_0127,peri_urban,A_pos,packed_RBC,252,193.5,248.5,274.9,81.4,0.24,Moderate,11.17,Low,Recovered,Reorder Soon
2024-07-01,BB_0146,peri_urban,O_pos,fresh_frozen_plasma,264,205.0,248.57,286.4,81.4,0.18,Low,19.63,Moderate,Adequate,Reorder Soon
2023-09-01,BB_0036,peri_urban,B_pos,fresh_frozen_plasma,250,198.33,253.67,279.7,81.4,0.32,Critical,10.03,Low,Low Stock,Reorder Soon
2023-11-01,BB_0018,urban,O_pos,group_O_neg_emergency,234,195.43,247.86,276.8,81.4,0.2,Low,17.92,Moderate,Critical,Reorder Soon
2022-12-01,BB_0050,rural,O_pos,cryoprecipitate,247,194.0,249.0,275.3,81.3,0.16,Low,20.66,Moderate,Critical,Reorder Soon
2024-05-01,BB_0073,urban,A_pos,fresh_frozen_plasma,252,195.67,252.0,277.0,81.3,0.21,Low,14.07,Moderate,Adequate,Reorder Soon
2024-02-01,BB_0054,urban,A_pos,whole_blood,260,202.5,257.0,283.8,81.3,0.28,High,21.54,High,Adequate,Investigate High Wastage
2024-06-01,BB_0053,urban,O_pos,packed_RBC,233,203.5,258.0,284.8,81.3,0.28,High,17.82,Moderate,Low Stock,Reorder Soon
2024-07-01,BB_0007,urban,B_pos,fresh_frozen_plasma,273,196.67,252.0,278.0,81.3,0.36,Critical,15.41,Moderate,Adequate,Monitor Closely
2024-02-01,BB_0084,peri_urban,A_pos,packed_RBC,242,199.0,251.4,280.2,81.2,0.16,Low,16.66,Moderate,Adequate,Reorder Soon
2024-07-01,BB_0078,peri_urban,A_neg,platelet_concentrate,259,191.5,247.5,272.7,81.2,0.25,Moderate,11.76,Low,Adequate,Reorder Soon
2023-01-01,BB_0128,peri_urban,A_pos,platelet_concentrate,266,194.5,250.0,275.7,81.2,0.29,Critical,14.9,Moderate,Adequate,Reorder Soon
2024-09-01,BB_0017,rural,A_pos,group_O_neg_emergency,255,196.0,249.33,277.2,81.2,0.26,High,10.67,Low,Adequate,Reorder Soon
2023-02-01,BB_0067,urban,A_neg,platelet_concentrate,264,208.0,264.0,289.2,81.2,0.28,High,31.25,High,Critical,Prioritize Near-Expiry Usage
2023-04-01,BB_0068,rural,B_pos,packed_RBC,268,207.0,262.75,288.2,81.2,0.27,High,27.64,High,Adequate,Investigate High Wastage
2024-12-01,BB_0063,peri_urban,O_pos,group_O_neg_emergency,263,193.0,253.17,274.2,81.2,0.29,High,13.17,Low,Adequate,Reorder Soon
2024-11-01,BB_0101,peri_urban,O_pos,packed_RBC,258,193.8,253.8,275.0,81.2,0.19,Low,14.23,Moderate,Recovered,Reorder Soon
2024-08-01,BB_0043,urban,A_pos,group_O_neg_emergency,262,202.5,255.75,283.6,81.1,0.25,Moderate,16.41,Moderate,Adequate,Reorder Soon
2021-05-01,BB_0013,urban,O_pos,platelet_concentrate,266,211.0,266.0,292.1,81.1,0.29,Critical,21.33,High,Adequate,Prioritize Near-Expiry Usage
2021-11-01,BB_0030,urban,B_neg,group_O_neg_emergency,276,222.0,276.0,303.1,81.1,0.27,High,16.67,Moderate,Adequate,Reorder Soon
2024-07-01,BB_0027,peri_urban,B_pos,packed_RBC,259,197.0,252.5,278.0,81.0,0.35,Critical,14.1,Moderate,Recovered,Monitor Closely
2024-07-01,BB_0016,peri_urban,O_pos,whole_blood,247,193.0,248.75,274.0,81.0,0.23,Moderate,22.16,High,Adequate,Investigate High Wastage
2022-12-01,BB_0004,peri_urban,O_neg,group_O_neg_emergency,246,191.0,246.0,272.0,81.0,0.25,High,12.04,Low,Low Stock,Reorder Soon
2024-12-01,BB_0043,rural,O_neg,whole_blood,249,193.0,249.0,274.0,81.0,0.25,Moderate,9.84,Low,Adequate,Reorder Soon
2024-01-01,BB_0072,urban,A_pos,fresh_frozen_plasma,247,199.5,255.5,280.5,81.0,0.28,High,18.05,Moderate,Critical,Reorder Soon
2021-07-01,BB_0145,urban,A_pos,fresh_frozen_plasma,252,196.0,252.0,277.0,81.0,0.22,Moderate,22.45,Moderate,Low Stock,Reorder Soon
2023-03-01,BB_0012,urban,B_pos,cryoprecipitate,254,198.0,254.0,279.0,81.0,0.23,Moderate,12.12,Low,Low Stock,Reorder Soon
2021-09-01,BB_0077,urban,O_neg,platelet_concentrate,247,194.0,247.0,274.9,80.9,0.25,Moderate,23.71,High,Adequate,Prioritize Near-Expiry Usage
2024-11-01,BB_0130,urban,O_neg,platelet_concentrate,256,203.0,256.0,283.9,80.9,0.27,High,23.15,High,Adequate,Prioritize Near-Expiry Usage
2023-06-01,BB_0029,peri_urban,B_neg,platelet_concentrate,235,179.0,235.0,259.9,80.9,0.16,Low,10.06,Low,Adequate,Reorder Soon
2023-04-01,BB_0114,rural,A_pos,group_O_neg_emergency,268,215.0,268.0,295.9,80.9,0.21,Low,23.26,High,Adequate,Investigate High Wastage
2024-08-01,BB_0065,peri_urban,A_pos,group_O_neg_emergency,247,194.0,247.0,274.9,80.9,0.32,Critical,20.1,High,Recovered,Investigate High Wastage
2023-07-01,BB_0117,urban,B_pos,group_O_neg_emergency,234,188.5,244.0,269.3,80.8,0.23,Moderate,26.77,High,Low Stock,Investigate High Wastage
2024-01-01,BB_0039,rural,A_pos,whole_blood,270,201.33,255.33,282.1,80.8,0.32,Critical,10.82,Low,Low Stock,Reorder Soon
2024-08-01,BB_0038,rural,O_pos,packed_RBC,254,205.0,259.0,285.8,80.8,0.23,Moderate,15.08,Moderate,Low Stock,Reorder Soon
2021-12-01,BB_0066,peri_urban,B_pos,packed_RBC,242,201.67,257.0,282.5,80.8,0.22,Moderate,14.87,Moderate,Adequate,Reorder Soon
2022-05-01,BB_0013,peri_urban,B_pos,whole_blood,264,196.67,251.67,277.5,80.8,0.29,Critical,20.51,High,Low Stock,Investigate High Wastage
2024-09-01,BB_0067,urban,A_pos,packed_RBC,248,194.33,248.67,275.1,80.8,0.28,High,17.76,Moderate,Adequate,Reorder Soon
2024-10-01,BB_0079,urban,A_neg,whole_blood,264,211.0,264.0,291.8,80.8,0.39,Critical,18.96,High,Adequate,Monitor Closely
2024-12-01,BB_0014,urban,B_pos,group_O_neg_emergency,245,204.0,259.5,284.8,80.8,0.27,High,19.57,High,Adequate,Investigate High Wastage
2024-02-01,BB_0145,urban,A_pos,whole_blood,264,210.33,264.33,291.1,80.8,0.22,Moderate,21.51,High,Low Stock,Investigate High Wastage
2024-01-01,BB_0029,urban,B_pos,group_O_neg_emergency,271,197.5,253.0,278.3,80.8,0.16,Low,13.65,Low,Adequate,Reorder Soon
2022-12-01,BB_0034,peri_urban,A_neg,packed_RBC,272,216.0,272.0,296.7,80.7,0.26,High,15.28,Moderate,Adequate,Reorder Soon
2024-01-01,BB_0134,peri_urban,B_pos,group_O_neg_emergency,235,206.33,261.67,287.0,80.7,0.25,Moderate,12.63,Low,Adequate,Reorder Soon
2024-05-01,BB_0102,urban,A_pos,platelet_concentrate,235,192.5,247.5,273.2,80.7,0.17,Low,17.3,Moderate,Adequate,Reorder Soon
2024-02-01,BB_0036,urban,O_pos,group_O_neg_emergency,272,197.1,253.7,277.8,80.7,0.32,Critical,15.92,Moderate,Adequate,Reorder Soon
2023-04-01,BB_0134,urban,AB_neg,fresh_frozen_plasma,264,213.0,264.0,293.7,80.7,0.25,Moderate,16.9,Moderate,Low Stock,Reorder Soon
2021-05-01,BB_0105,urban,AB_pos,packed_RBC,264,212.0,264.0,292.7,80.7,0.21,Low,19.34,High,Recovered,Investigate High Wastage
2024-12-01,BB_0083,urban,A_pos,fresh_frozen_plasma,235,198.0,253.67,278.7,80.7,0.29,Critical,17.94,Moderate,Recovered,Reorder Soon
2023-08-01,BB_0011,urban,AB_neg,cryoprecipitate,278,219.0,278.0,299.7,80.7,0.2,Low,9.13,Low,Low Stock,Reorder Soon
2024-02-01,BB_0020,urban,AB_pos,packed_RBC,259,207.0,259.0,287.7,80.7,0.3,Critical,16.43,Moderate,Adequate,Reorder Soon
2024-05-01,BB_0069,peri_urban,A_pos,platelet_concentrate,273,207.0,262.0,287.7,80.7,0.15,Low,19.18,High,Adequate,Prioritize Near-Expiry Usage
2024-07-01,BB_0137,peri_urban,AB_pos,platelet_concentrate,262,205.0,262.0,285.6,80.6,0.28,High,13.66,Low,Adequate,Reorder Soon
2023-11-01,BB_0131,urban,A_pos,cryoprecipitate,256,199.25,253.5,279.9,80.6,0.25,Moderate,14.06,Moderate,Low Stock,Reorder Soon
2022-11-01,BB_0034,peri_urban,B_pos,packed_RBC,259,202.67,257.67,283.2,80.5,0.26,High,19.9,High,Adequate,Investigate High Wastage
2022-11-01,BB_0078,peri_urban,AB_pos,cryoprecipitate,261,208.0,261.0,288.5,80.5,0.25,Moderate,13.94,Low,Adequate,Reorder Soon
2023-12-01,BB_0009,rural,O_neg,packed_RBC,258,205.0,258.0,285.5,80.5,0.27,High,11.22,Low,Critical,Reorder Soon
2021-02-01,BB_0113,urban,O_neg,packed_RBC,236,183.0,236.0,263.5,80.5,0.25,Moderate,13.11,Low,Recovered,Reorder Soon
2024-04-01,BB_0104,urban,O_neg,whole_blood,256,194.5,250.0,275.0,80.5,0.22,Moderate,23.4,High,Adequate,Investigate High Wastage
2023-09-01,BB_0086,urban,B_pos,packed_RBC,247,200.0,255.0,280.5,80.5,0.41,Critical,16.94,Moderate,Low Stock,Monitor Closely
2024-05-01,BB_0091,urban,AB_pos,cryoprecipitate,235,185.0,238.0,265.5,80.5,0.22,Low,14.87,Moderate,Recovered,Reorder Soon
2022-06-01,BB_0044,rural,B_neg,cryoprecipitate,237,181.0,237.0,261.5,80.5,0.25,Moderate,16.02,Moderate,Adequate,Reorder Soon
2024-05-01,BB_0034,peri_urban,O_pos,packed_RBC,255,210.83,258.17,291.3,80.5,0.26,High,14.21,Moderate,Critical,Reorder Soon
2024-01-01,BB_0098,urban,B_pos,packed_RBC,244,199.33,254.33,279.8,80.5,0.23,Moderate,21.58,High,Recovered,Investigate High Wastage
2024-11-01,BB_0143,urban,O_pos,platelet_concentrate,227,195.75,250.0,276.1,80.4,0.24,Moderate,11.79,Low,Low Stock,Reorder Soon
2023-09-01,BB_0143,rural,B_pos,group_O_neg_emergency,262,199.25,254.25,279.6,80.4,0.24,Moderate,18.3,Moderate,Adequate,Reorder Soon
2024-11-01,BB_0037,urban,AB_pos,group_O_neg_emergency,252,198.0,252.0,278.4,80.4,0.21,Low,11.11,Low,Low Stock,Reorder Soon
2024-08-01,BB_0143,peri_urban,O_pos,packed_RBC,247,200.71,255.14,281.1,80.4,0.24,Moderate,20.02,High,Adequate,Investigate High Wastage
2023-06-01,BB_0125,rural,A_pos,cryoprecipitate,234,180.0,234.0,260.4,80.4,0.29,Critical,12.78,Low,Adequate,Reorder Soon
2024-02-01,BB_0097,peri_urban,O_pos,fresh_frozen_plasma,274,201.33,247.0,281.7,80.4,0.27,High,19.14,Moderate,Adequate,Reorder Soon
2023-05-01,BB_0072,urban,O_neg,cryoprecipitate,253,199.5,252.0,279.8,80.3,0.28,High,18.0,Moderate,Adequate,Reorder Soon
2022-12-01,BB_0050,urban,O_pos,group_O_neg_emergency,287,209.8,253.0,290.1,80.3,0.16,Low,12.4,Low,Adequate,Reorder Soon
2024-04-01,BB_0051,urban,B_pos,group_O_neg_emergency,258,187.0,242.0,267.3,80.3,0.31,Critical,16.38,Moderate,Adequate,Reorder Soon
2024-02-01,BB_0120,urban,A_pos,fresh_frozen_plasma,222,204.0,259.33,284.3,80.3,0.26,High,14.39,Moderate,Low Stock,Reorder Soon
2024-12-01,BB_0146,rural,A_pos,group_O_neg_emergency,246,210.57,254.86,290.9,80.3,0.18,Low,13.96,Moderate,Adequate,Reorder Soon
2022-10-01,BB_0091,urban,B_pos,group_O_neg_emergency,260,205.0,260.0,285.3,80.3,0.22,Low,6.34,Low,Adequate,Reorder Soon
2024-11-01,BB_0117,rural,B_pos,fresh_frozen_plasma,246,203.67,258.0,284.0,80.3,0.23,Moderate,22.39,Moderate,Adequate,Reorder Soon
2024-06-01,BB_0005,urban,B_pos,platelet_concentrate,254,209.0,263.0,289.3,80.3,0.27,High,15.12,Moderate,Adequate,Reorder Soon
2022-02-01,BB_0025,urban,O_neg,fresh_frozen_plasma,272,216.0,272.0,296.3,80.3,0.3,Critical,19.44,Moderate,Recovered,Reorder Soon
2022-06-01,BB_0058,peri_urban,B_pos,group_O_neg_emergency,253,201.5,256.5,281.8,80.3,0.21,Low,13.06,Low,Low Stock,Reorder Soon
2024-02-01,BB_0100,rural,O_pos,cryoprecipitate,249,187.4,247.0,267.7,80.3,0.27,High,16.92,Moderate,Adequate,Reorder Soon
2022-12-01,BB_0076,peri_urban,A_pos,fresh_frozen_plasma,248,194.0,249.33,274.3,80.3,0.21,Low,13.4,Low,Adequate,Reorder Soon
2024-03-01,BB_0037,urban,AB_neg,cryoprecipitate,242,193.5,252.0,273.7,80.2,0.21,Low,14.46,Moderate,Recovered,Reorder Soon
2024-06-01,BB_0090,urban,O_pos,cryoprecipitate,250,197.0,248.33,277.2,80.2,0.2,Low,12.8,Low,Low Stock,Reorder Soon
2024-06-01,BB_0121,urban,A_pos,platelet_concentrate,239,191.0,245.5,271.2,80.2,0.24,Moderate,18.76,Moderate,Recovered,Reorder Soon
2022-01-01,BB_0002,urban,A_neg,group_O_neg_emergency,265,210.0,265.0,290.2,80.2,0.23,Moderate,20.95,High,Recovered,Investigate High Wastage
2023-12-01,BB_0025,peri_urban,A_neg,fresh_frozen_plasma,233,191.67,246.0,271.8,80.1,0.3,Critical,12.11,Low,Adequate,Reorder Soon
2023-11-01,BB_0098,peri_urban,B_neg,group_O_neg_emergency,253,200.0,253.0,280.1,80.1,0.23,Moderate,20.0,High,Recovered,Investigate High Wastage
2024-12-01,BB_0079,urban,B_pos,platelet_concentrate,236,195.6,248.4,275.7,80.1,0.39,Critical,17.07,Moderate,Recovered,Monitor Closely
2023-08-01,BB_0066,urban,O_pos,whole_blood,250,197.5,252.25,277.6,80.1,0.22,Moderate,13.2,Low,Recovered,Reorder Soon
2024-12-01,BB_0061,urban,O_pos,group_O_neg_emergency,242,202.71,255.0,282.8,80.1,0.27,High,13.7,Low,Adequate,Reorder Soon
2024-06-01,BB_0094,urban,O_pos,group_O_neg_emergency,268,199.0,257.1,279.1,80.1,0.3,Critical,18.83,Moderate,Adequate,Reorder Soon
2024-10-01,BB_0023,urban,A_pos,whole_blood,244,198.0,251.33,278.1,80.1,0.18,Low,12.1,Low,Adequate,Reorder Soon
2024-02-01,BB_0070,peri_urban,O_pos,platelet_concentrate,239,185.0,239.0,265.1,80.1,0.22,Moderate,7.03,Low,Recovered,Reorder Soon
2023-05-01,BB_0086,urban,A_pos,cryoprecipitate,238,197.33,251.0,277.4,80.1,0.41,Critical,12.76,Low,Adequate,Monitor Closely
2024-03-01,BB_0110,urban,O_pos,platelet_concentrate,256,197.5,251.5,277.6,80.1,0.29,Critical,16.97,Moderate,Recovered,Reorder Soon
2024-04-01,BB_0084,urban,O_pos,platelet_concentrate,240,194.4,256.0,274.5,80.1,0.16,Low,14.49,Moderate,Adequate,Reorder Soon
2024-05-01,BB_0034,rural,O_pos,whole_blood,258,199.14,246.43,279.1,80.0,0.26,High,18.04,Moderate,Low Stock,Reorder Soon
2024-10-01,BB_0130,urban,B_pos,packed_RBC,250,198.5,253.0,278.5,80.0,0.27,High,11.27,Low,Adequate,Reorder Soon
2023-11-01,BB_0025,urban,AB_pos,whole_blood,276,208.0,265.5,288.0,80.0,0.3,Critical,16.38,Moderate,Low Stock,Reorder Soon
2024-03-01,BB_0050,peri_urban,B_pos,cryoprecipitate,227,204.83,253.83,284.8,80.0,0.16,Low,14.86,Moderate,Adequate,Reorder Soon
2023-04-01,BB_0029,urban,A_pos,fresh_frozen_plasma,267,201.5,256.5,281.5,80.0,0.16,Low,16.79,Moderate,Adequate,Reorder Soon
2024-10-01,BB_0083,rural,O_neg,group_O_neg_emergency,259,205.0,259.0,285.0,80.0,0.29,Critical,19.51,High,Low Stock,Investigate High Wastage
2022-09-01,BB_0099,rural,B_pos,cryoprecipitate,255,200.0,255.0,280.0,80.0,0.15,Low,17.0,Moderate,Adequate,Reorder Soon
2023-08-01,BB_0004,urban,A_pos,fresh_frozen_plasma,238,192.5,247.5,272.5,80.0,0.25,High,15.45,Moderate,Recovered,Reorder Soon
2023-08-01,BB_0004,rural,AB_pos,cryoprecipitate,276,187.5,240.0,267.5,80.0,0.25,High,23.18,Moderate,Adequate,Reorder Soon
2023-11-01,BB_0121,urban,B_pos,cryoprecipitate,252,196.0,251.0,276.0,80.0,0.24,Moderate,7.67,Low,Recovered,Reorder Soon
2024-05-01,BB_0110,urban,O_pos,cryoprecipitate,248,193.0,246.0,273.0,80.0,0.29,Critical,16.27,Moderate,Recovered,Reorder Soon
2024-12-01,BB_0139,urban,O_pos,platelet_concentrate,263,194.78,253.78,274.7,79.9,0.25,Moderate,15.21,Moderate,Adequate,Reorder Soon
2023-08-01,BB_0001,rural,B_pos,group_O_neg_emergency,239,189.67,244.33,269.6,79.9,0.31,Critical,16.33,Moderate,Low Stock,Reorder Soon
2022-08-01,BB_0148,peri_urban,O_pos,cryoprecipitate,233,197.4,249.6,277.3,79.9,0.27,High,19.82,Moderate,Recovered,Reorder Soon
2024-06-01,BB_0058,urban,O_pos,packed_RBC,264,198.43,253.43,278.3,79.9,0.21,Low,13.69,Low,Recovered,Reorder Soon
2022-01-01,BB_0029,urban,A_pos,group_O_neg_emergency,240,188.0,240.0,267.9,79.9,0.16,Low,13.3,Low,Adequate,Reorder Soon
2024-07-01,BB_0015,urban,O_pos,whole_blood,229,195.62,250.5,275.5,79.9,0.25,Moderate,14.15,Moderate,Recovered,Reorder Soon
2021-01-01,BB_0059,urban,A_pos,group_O_neg_emergency,251,199.0,251.0,278.9,79.9,0.37,Critical,5.03,Low,Adequate,Monitor Closely
2024-07-01,BB_0132,urban,A_pos,cryoprecipitate,250,195.33,248.67,275.1,79.8,0.23,Moderate,10.03,Low,Adequate,Reorder Soon
2024-04-01,BB_0105,rural,O_pos,packed_RBC,259,201.11,259.0,280.9,79.8,0.21,Low,15.08,Moderate,Adequate,Reorder Soon
2024-09-01,BB_0006,peri_urban,B_pos,platelet_concentrate,249,198.0,251.5,277.8,79.8,0.22,Low,22.98,High,Recovered,Prioritize Near-Expiry Usage
2023-06-01,BB_0065,rural,B_pos,group_O_neg_emergency,273,212.0,266.5,291.8,79.8,0.32,Critical,12.66,Low,Adequate,Reorder Soon
2024-06-01,BB_0121,peri_urban,O_pos,cryoprecipitate,234,194.5,248.0,274.3,79.8,0.24,Moderate,17.17,Moderate,Low Stock,Reorder Soon
2021-02-01,BB_0146,urban,A_pos,whole_blood,245,192.0,245.0,271.8,79.8,0.18,Low,14.58,Moderate,Adequate,Reorder Soon
2023-02-01,BB_0074,rural,B_pos,group_O_neg_emergency,255,203.0,257.5,282.8,79.8,0.25,High,11.6,Low,Adequate,Reorder Soon
2024-08-01,BB_0131,rural,A_pos,group_O_neg_emergency,205,194.5,240.33,274.3,79.8,0.25,Moderate,14.48,Moderate,Adequate,Reorder Soon
2022-07-01,BB_0097,peri_urban,A_pos,cryoprecipitate,240,195.33,248.67,275.1,79.8,0.27,High,15.29,Moderate,Adequate,Reorder Soon
2024-02-01,BB_0012,urban,B_pos,group_O_neg_emergency,262,201.5,256.0,281.3,79.8,0.23,Moderate,12.82,Low,Adequate,Reorder Soon
2024-11-01,BB_0084,urban,A_pos,whole_blood,247,195.0,248.0,274.8,79.8,0.16,Low,16.49,Moderate,Critical,Reorder Soon
2024-06-01,BB_0146,rural,B_pos,whole_blood,253,194.0,248.0,273.8,79.8,0.18,Low,16.46,Moderate,Adequate,Reorder Soon
2022-11-01,BB_0069,urban,B_pos,group_O_neg_emergency,256,202.5,257.0,282.3,79.8,0.15,Low,10.06,Low,Adequate,Reorder Soon
2024-08-01,BB_0026,rural,O_pos,fresh_frozen_plasma,277,200.5,262.17,280.3,79.8,0.28,High,16.92,Moderate,Adequate,Reorder Soon
2024-05-01,BB_0037,peri_urban,A_pos,fresh_frozen_plasma,240,185.0,239.75,264.8,79.8,0.21,Low,17.05,Moderate,Adequate,Reorder Soon
2023-07-01,BB_0109,urban,B_pos,group_O_neg_emergency,236,192.5,247.0,272.3,79.8,0.19,Low,20.68,High,Adequate,Investigate High Wastage
2024-01-01,BB_0135,urban,A_pos,whole_blood,259,206.0,259.0,285.8,79.8,0.25,Moderate,15.05,Moderate,Recovered,Reorder Soon
2023-12-01,BB_0052,urban,B_pos,whole_blood,251,198.0,252.0,277.8,79.8,0.19,Low,24.24,High,Critical,Investigate High Wastage
2024-05-01,BB_0077,rural,O_pos,cryoprecipitate,256,194.22,252.89,273.9,79.7,0.25,Moderate,21.19,Moderate,Adequate,Reorder Soon
2024-10-01,BB_0088,peri_urban,A_pos,platelet_concentrate,250,196.0,250.0,275.7,79.7,0.32,Critical,18.89,Moderate,Adequate,Reorder Soon
2024-09-01,BB_0018,urban,O_pos,packed_RBC,250,196.4,260.2,276.1,79.7,0.2,Low,22.34,High,Adequate,Investigate High Wastage
2022-03-01,BB_0101,urban,AB_pos,packed_RBC,269,218.0,269.0,297.7,79.7,0.19,Low,10.09,Low,Recovered,Reorder Soon
2024-12-01,BB_0069,urban,O_pos,whole_blood,280,200.0,255.2,279.7,79.7,0.15,Low,11.95,Low,Recovered,Reorder Soon
2023-07-01,BB_0124,rural,A_pos,platelet_concentrate,259,205.0,259.0,284.7,79.7,0.22,Low,11.22,Low,Adequate,Reorder Soon
2024-07-01,BB_0040,urban,O_pos,group_O_neg_emergency,242,200.33,254.33,280.0,79.7,0.28,High,15.84,Moderate,Adequate,Reorder Soon
2024-04-01,BB_0019,peri_urban,B_pos,cryoprecipitate,250,193.0,247.67,272.7,79.7,0.33,Critical,18.49,Moderate,Adequate,Reorder Soon
2024-10-01,BB_0018,urban,O_pos,whole_blood,256,200.33,249.0,280.0,79.7,0.2,Low,20.2,High,Adequate,Investigate High Wastage
2022-08-01,BB_0052,rural,B_neg,whole_blood,246,190.0,246.0,269.7,79.7,0.19,Low,22.11,High,Adequate,Investigate High Wastage
2024-12-01,BB_0053,urban,O_pos,cryoprecipitate,224,194.4,244.6,274.1,79.7,0.28,High,16.38,Moderate,Recovered,Reorder Soon
2024-10-01,BB_0001,rural,O_pos,packed_RBC,286,206.8,257.6,286.5,79.7,0.31,Critical,16.45,Moderate,Adequate,Reorder Soon
2024-12-01,BB_0041,peri_urban,O_pos,fresh_frozen_plasma,240,193.0,251.6,272.6,79.6,0.2,Low,17.5,Moderate,Low Stock,Reorder Soon
2024-11-01,BB_0074,urban,O_pos,group_O_neg_emergency,248,200.86,252.0,280.5,79.6,0.25,High,14.63,Moderate,Recovered,Reorder Soon
2024-09-01,BB_0125,rural,A_pos,group_O_neg_emergency,258,195.33,247.0,274.9,79.6,0.29,Critical,17.97,Moderate,Adequate,Reorder Soon
2024-12-01,BB_0037,peri_urban,O_pos,whole_blood,225,202.29,250.14,281.9,79.6,0.21,Low,16.74,Moderate,Critical,Reorder Soon
2024-07-01,BB_0019,urban,O_pos,cryoprecipitate,271,198.67,252.0,278.3,79.6,0.33,Critical,17.14,Moderate,Low Stock,Reorder Soon
2024-02-01,BB_0051,urban,O_pos,group_O_neg_emergency,260,199.4,253.6,279.0,79.6,0.31,Critical,14.74,Moderate,Low Stock,Reorder Soon
2024-08-01,BB_0047,urban,O_pos,whole_blood,277,206.83,259.33,286.4,79.6,0.33,Critical,16.72,Moderate,Adequate,Monitor Closely
2022-01-01,BB_0123,urban,O_neg,packed_RBC,262,210.0,262.0,289.5,79.5,0.26,High,23.81,High,Recovered,Investigate High Wastage
2024-06-01,BB_0014,urban,B_pos,whole_blood,263,187.5,241.25,267.0,79.5,0.27,High,16.8,Moderate,Adequate,Reorder Soon
2024-03-01,BB_0056,urban,AB_pos,cryoprecipitate,263,211.0,263.0,290.5,79.5,0.32,Critical,14.69,Moderate,Adequate,Reorder Soon
2022-11-01,BB_0058,urban,B_pos,packed_RBC,266,212.0,266.0,291.5,79.5,0.21,Low,12.74,Low,Adequate,Reorder Soon
2024-12-01,BB_0025,peri_urban,O_pos,fresh_frozen_plasma,268,204.11,247.33,283.6,79.5,0.3,Critical,17.02,Moderate,Adequate,Reorder Soon
2024-04-01,BB_0094,rural,O_pos,platelet_concentrate,246,197.8,253.2,277.3,79.5,0.3,Critical,12.85,Low,Recovered,Reorder Soon
2023-03-01,BB_0067,urban,O_neg,packed_RBC,237,185.0,237.0,264.5,79.5,0.28,High,24.32,High,Adequate,Investigate High Wastage
2021-01-01,BB_0066,rural,AB_pos,cryoprecipitate,252,200.0,252.0,279.5,79.5,0.22,Moderate,16.5,Moderate,Recovered,Reorder Soon
2024-08-01,BB_0146,peri_urban,O_pos,group_O_neg_emergency,247,188.5,245.0,267.9,79.4,0.18,Low,17.69,Moderate,Recovered,Reorder Soon
2024-04-01,BB_0028,urban,A_pos,packed_RBC,262,209.0,262.0,288.4,79.4,0.19,Low,11.0,Low,Adequate,Reorder Soon
2024-08-01,BB_0127,rural,O_pos,cryoprecipitate,259,201.33,253.0,280.7,79.4,0.24,Moderate,14.28,Moderate,Adequate,Reorder Soon
2024-10-01,BB_0129,urban,A_pos,packed_RBC,249,201.0,247.4,280.4,79.4,0.28,High,16.15,Moderate,Adequate,Reorder Soon
2024-04-01,BB_0073,urban,O_pos,platelet_concentrate,250,191.4,253.0,270.8,79.4,0.21,Low,15.07,Moderate,Critical,Reorder Soon
2024-10-01,BB_0029,urban,A_pos,whole_blood,291,208.0,249.5,287.4,79.4,0.16,Low,16.11,Moderate,Adequate,Reorder Soon
2021-11-01,BB_0004,peri_urban,A_pos,cryoprecipitate,270,217.0,270.0,296.4,79.4,0.25,High,22.12,Moderate,Adequate,Reorder Soon
2024-07-01,BB_0076,peri_urban,A_pos,cryoprecipitate,239,191.0,244.0,270.4,79.4,0.21,Low,18.74,Moderate,Adequate,Reorder Soon
2023-05-01,BB_0122,rural,O_pos,packed_RBC,256,202.0,254.5,281.3,79.3,0.26,High,14.44,Moderate,Adequate,Reorder Soon
2023-05-01,BB_0090,urban,O_neg,fresh_frozen_plasma,239,184.0,239.0,263.3,79.3,0.2,Low,13.59,Low,Adequate,Reorder Soon
2024-08-01,BB_0032,urban,O_pos,platelet_concentrate,240,201.8,254.6,281.1,79.3,0.29,High,22.39,High,Adequate,Prioritize Near-Expiry Usage
2024-09-01,BB_0104,rural,B_pos,group_O_neg_emergency,252,197.0,251.0,276.3,79.3,0.22,Moderate,15.98,Moderate,Recovered,Reorder Soon
2024-02-01,BB_0070,peri_urban,B_pos,group_O_neg_emergency,244,190.0,244.0,269.3,79.3,0.22,Moderate,25.26,High,Adequate,Investigate High Wastage
2024-06-01,BB_0041,urban,A_pos,whole_blood,255,194.0,246.5,273.3,79.3,0.2,Low,18.28,Moderate,Low Stock,Reorder Soon
2024-10-01,BB_0089,rural,B_pos,whole_blood,242,208.0,261.5,287.3,79.3,0.29,Critical,17.58,Moderate,Low Stock,Reorder Soon
2023-08-01,BB_0049,peri_urban,B_pos,group_O_neg_emergency,252,197.5,251.5,276.8,79.3,0.37,Critical,15.61,Moderate,Recovered,Monitor Closely
2024-08-01,BB_0077,urban,A_pos,whole_blood,234,199.0,251.5,278.3,79.3,0.25,Moderate,13.1,Low,Adequate,Reorder Soon
2024-10-01,BB_0007,urban,O_neg,fresh_frozen_plasma,279,224.0,279.0,303.3,79.3,0.36,Critical,13.84,Low,Low Stock,Monitor Closely
2022-10-01,BB_0004,rural,A_pos,platelet_concentrate,244,211.0,264.5,290.2,79.2,0.25,High,14.54,Moderate,Adequate,Reorder Soon
2023-12-01,BB_0014,peri_urban,A_pos,cryoprecipitate,268,200.0,252.75,279.2,79.2,0.27,High,14.2,Moderate,Adequate,Reorder Soon
2024-01-01,BB_0094,rural,A_pos,platelet_concentrate,227,195.5,249.0,274.7,79.2,0.3,Critical,20.45,High,Recovered,Prioritize Near-Expiry Usage
2022-09-01,BB_0006,urban,A_neg,group_O_neg_emergency,248,206.5,260.5,285.7,79.2,0.22,Low,17.74,Moderate,Recovered,Reorder Soon
2024-11-01,BB_0116,urban,O_pos,cryoprecipitate,275,198.29,252.57,277.5,79.2,0.29,High,18.64,Moderate,Low Stock,Reorder Soon
2024-04-01,BB_0087,rural,A_pos,group_O_neg_emergency,258,196.67,248.0,275.9,79.2,0.21,Low,16.12,Moderate,Adequate,Reorder Soon
2024-05-01,BB_0039,urban,B_neg,group_O_neg_emergency,257,216.0,268.0,295.1,79.1,0.32,Critical,21.48,High,Adequate,Investigate High Wastage
2024-09-01,BB_0053,urban,AB_pos,platelet_concentrate,263,199.5,255.0,278.6,79.1,0.28,High,17.66,Moderate,Low Stock,Reorder Soon
2024-08-01,BB_0037,urban,O_pos,fresh_frozen_plasma,224,203.0,255.5,282.1,79.1,0.21,Low,25.23,Moderate,Adequate,Reorder Soon
2023-09-01,BB_0092,urban,B_neg,group_O_neg_emergency,255,203.0,255.0,282.1,79.1,0.18,Low,4.93,Low,Adequate,Reorder Soon
2024-12-01,BB_0055,rural,A_pos,group_O_neg_emergency,231,204.2,249.2,283.3,79.1,0.24,Moderate,16.36,Moderate,Adequate,Reorder Soon
2024-11-01,BB_0033,urban,O_pos,whole_blood,228,201.71,248.14,280.7,79.0,0.23,Moderate,17.41,Moderate,Adequate,Reorder Soon
2024-08-01,BB_0099,rural,B_pos,fresh_frozen_plasma,252,199.0,252.0,278.0,79.0,0.15,Low,19.6,Moderate,Low Stock,Reorder Soon
2024-06-01,BB_0096,urban,B_pos,cryoprecipitate,243,189.0,243.0,268.0,79.0,0.23,Moderate,17.46,Moderate,Adequate,Reorder Soon
2024-09-01,BB_0068,urban,O_pos,cryoprecipitate,264,202.14,265.29,281.1,79.0,0.27,High,20.85,Moderate,Critical,Reorder Soon
2023-04-01,BB_0108,urban,A_pos,platelet_concentrate,274,206.0,259.33,285.0,79.0,0.22,Moderate,16.47,Moderate,Adequate,Reorder Soon
2024-10-01,BB_0028,urban,O_pos,fresh_frozen_plasma,241,198.1,252.9,277.1,79.0,0.19,Low,14.68,Moderate,Adequate,Reorder Soon
2023-07-01,BB_0106,urban,B_pos,fresh_frozen_plasma,244,191.0,244.0,270.0,79.0,0.22,Low,16.75,Moderate,Adequate,Reorder Soon
2024-02-01,BB_0019,urban,O_pos,whole_blood,254,198.0,251.75,277.0,79.0,0.33,Critical,17.45,Moderate,Adequate,Reorder Soon
2022-10-01,BB_0060,rural,O_neg,whole_blood,283,204.5,258.5,283.5,79.0,0.25,Moderate,19.84,High,Recovered,Investigate High Wastage
2023-06-01,BB_0091,urban,A_pos,fresh_frozen_plasma,240,203.5,257.5,282.5,79.0,0.22,Low,18.68,Moderate,Adequate,Reorder Soon
2024-01-01,BB_0018,rural,O_pos,platelet_concentrate,265,203.12,251.88,282.1,79.0,0.2,Low,14.87,Moderate,Adequate,Reorder Soon
2023-06-01,BB_0103,urban,O_neg,whole_blood,261,201.5,255.5,280.5,79.0,0.32,Critical,7.58,Low,Adequate,Reorder Soon
2024-02-01,BB_0145,urban,B_pos,fresh_frozen_plasma,249,196.0,249.0,275.0,79.0,0.22,Moderate,17.35,Moderate,Recovered,Reorder Soon
2021-07-01,BB_0134,urban,A_pos,fresh_frozen_plasma,250,196.0,250.0,275.0,79.0,0.25,Moderate,11.73,Low,Adequate,Reorder Soon
2023-08-01,BB_0096,urban,A_pos,group_O_neg_emergency,234,181.0,232.0,259.9,78.9,0.23,Moderate,19.95,High,Adequate,Investigate High Wastage
2024-12-01,BB_0074,urban,O_pos,fresh_frozen_plasma,256,197.75,251.12,276.6,78.9,0.25,High,18.41,Moderate,Adequate,Reorder Soon
2021-12-01,BB_0023,urban,A_pos,group_O_neg_emergency,253,202.0,253.0,280.9,78.9,0.18,Low,26.73,High,Adequate,Investigate High Wastage
2023-03-01,BB_0147,peri_urban,O_neg,platelet_concentrate,272,221.0,272.0,299.9,78.9,0.24,Moderate,19.46,High,Adequate,Prioritize Near-Expiry Usage
2024-09-01,BB_0133,urban,A_pos,packed_RBC,232,195.0,247.5,273.9,78.9,0.22,Low,11.53,Low,Adequate,Reorder Soon
2024-08-01,BB_0048,urban,AB_pos,group_O_neg_emergency,255,217.0,269.5,295.9,78.9,0.32,Critical,15.56,Moderate,Adequate,Reorder Soon
2022-02-01,BB_0078,peri_urban,B_neg,platelet_concentrate,269,215.0,269.0,293.9,78.9,0.25,Moderate,10.23,Low,Adequate,Reorder Soon
2024-08-01,BB_0089,urban,O_pos,group_O_neg_emergency,254,202.75,256.0,281.7,78.9,0.29,Critical,17.39,Moderate,Recovered,Reorder Soon
2024-04-01,BB_0097,urban,O_pos,packed_RBC,228,188.5,240.5,267.3,78.8,0.27,High,15.02,Moderate,Adequate,Reorder Soon
2022-08-01,BB_0106,urban,B_pos,packed_RBC,267,200.25,253.5,279.0,78.8,0.22,Low,16.63,Moderate,Adequate,Reorder Soon
2022-12-01,BB_0055,urban,O_pos,packed_RBC,231,194.0,246.0,272.8,78.8,0.24,Moderate,16.3,Moderate,Low Stock,Reorder Soon
2022-02-01,BB_0001,urban,B_pos,whole_blood,253,200.0,253.0,278.8,78.8,0.31,Critical,8.5,Low,Adequate,Reorder Soon
2024-02-01,BB_0106,urban,O_pos,platelet_concentrate,268,191.33,247.0,270.1,78.8,0.22,Low,17.18,Moderate,Adequate,Reorder Soon
2024-11-01,BB_0023,rural,O_pos,cryoprecipitate,269,200.8,253.3,279.6,78.8,0.18,Low,18.1,Moderate,Adequate,Reorder Soon
2021-01-01,BB_0009,peri_urban,B_pos,whole_blood,251,198.0,251.0,276.8,78.8,0.27,High,15.15,Moderate,Adequate,Reorder Soon
2024-08-01,BB_0049,urban,A_pos,whole_blood,245,197.67,249.67,276.5,78.8,0.37,Critical,15.06,Moderate,Recovered,Monitor Closely
2022-06-01,BB_0041,rural,A_neg,fresh_frozen_plasma,271,218.0,271.0,296.8,78.8,0.2,Low,11.01,Low,Recovered,Reorder Soon
2023-12-01,BB_0012,urban,A_neg,fresh_frozen_plasma,255,202.0,255.0,280.8,78.8,0.23,Moderate,26.24,Moderate,Adequate,Reorder Soon
2023-06-01,BB_0067,urban,B_pos,whole_blood,259,190.5,243.5,269.3,78.8,0.28,High,13.78,Low,Adequate,Reorder Soon
2024-07-01,BB_0024,urban,B_pos,platelet_concentrate,271,198.5,263.67,277.3,78.8,0.24,Moderate,16.66,Moderate,Adequate,Reorder Soon
2023-06-01,BB_0036,urban,A_pos,whole_blood,273,199.5,251.5,278.3,78.8,0.32,Critical,21.32,High,Adequate,Investigate High Wastage
2024-05-01,BB_0103,urban,A_pos,packed_RBC,260,196.67,249.0,275.4,78.7,0.32,Critical,21.85,High,Low Stock,Investigate High Wastage
2024-10-01,BB_0044,urban,O_pos,platelet_concentrate,227,205.4,247.2,284.1,78.7,0.25,Moderate,19.18,High,Adequate,Prioritize Near-Expiry Usage
2024-11-01,BB_0125,rural,B_pos,platelet_concentrate,281,202.6,259.0,281.3,78.7,0.29,Critical,20.77,High,Recovered,Prioritize Near-Expiry Usage
2024-04-01,BB_0130,rural,O_pos,whole_blood,246,188.33,241.67,267.0,78.7,0.27,High,16.32,Moderate,Recovered,Reorder Soon
2024-06-01,BB_0004,urban,O_pos,platelet_concentrate,250,201.57,253.14,280.3,78.7,0.25,High,15.27,Moderate,Adequate,Reorder Soon
2024-11-01,BB_0055,urban,A_pos,platelet_concentrate,261,208.0,261.0,286.7,78.7,0.24,Moderate,15.38,Moderate,Recovered,Reorder Soon
2023-08-01,BB_0009,urban,O_pos,group_O_neg_emergency,250,206.0,259.0,284.7,78.7,0.27,High,12.26,Low,Critical,Reorder Soon
2023-10-01,BB_0134,urban,A_neg,packed_RBC,242,188.0,242.0,266.7,78.7,0.25,Moderate,18.09,Moderate,Low Stock,Reorder Soon
2024-09-01,BB_0145,urban,AB_neg,cryoprecipitate,247,190.0,247.0,268.7,78.7,0.22,Moderate,12.11,Low,Adequate,Reorder Soon
2022-10-01,BB_0040,urban,AB_pos,fresh_frozen_plasma,255,202.0,255.0,280.6,78.6,0.28,High,9.9,Low,Recovered,Reorder Soon
2024-08-01,BB_0136,peri_urban,B_pos,group_O_neg_emergency,227,198.25,251.5,276.8,78.6,0.33,Critical,16.43,Moderate,Adequate,Reorder Soon
2023-09-01,BB_0054,rural,O_pos,whole_blood,250,193.67,247.44,272.3,78.6,0.28,High,17.08,Moderate,Adequate,Reorder Soon
2023-05-01,BB_0127,peri_urban,O_pos,whole_blood,235,202.0,255.33,280.6,78.6,0.24,Moderate,14.81,Moderate,Recovered,Reorder Soon
2024-12-01,BB_0145,urban,O_pos,group_O_neg_emergency,253,191.2,260.4,269.8,78.6,0.22,Moderate,15.37,Moderate,Adequate,Reorder Soon
2024-07-01,BB_0035,urban,B_pos,packed_RBC,241,207.17,256.5,285.7,78.5,0.24,Moderate,14.12,Moderate,Adequate,Reorder Soon
2021-05-01,BB_0051,rural,AB_pos,whole_blood,264,208.0,264.0,286.5,78.5,0.31,Critical,9.62,Low,Recovered,Reorder Soon
2024-03-01,BB_0022,urban,O_pos,packed_RBC,238,196.4,250.4,274.9,78.5,0.19,Low,17.57,Moderate,Low Stock,Reorder Soon
2024-06-01,BB_0010,peri_urban,B_pos,packed_RBC,271,201.67,254.67,280.2,78.5,0.25,Moderate,20.22,High,Recovered,Investigate High Wastage
2023-11-01,BB_0059,urban,O_neg,whole_blood,237,194.5,248.0,273.0,78.5,0.37,Critical,15.9,Moderate,Adequate,Monitor Closely
2024-12-01,BB_0063,urban,O_pos,packed_RBC,240,203.6,251.2,282.1,78.5,0.29,High,16.09,Moderate,Low Stock,Reorder Soon
2023-02-01,BB_0124,urban,B_pos,fresh_frozen_plasma,259,206.5,259.0,285.0,78.5,0.22,Low,20.8,Moderate,Recovered,Reorder Soon
2024-11-01,BB_0031,urban,B_pos,fresh_frozen_plasma,252,188.86,250.86,267.4,78.5,0.24,Moderate,18.77,Moderate,Low Stock,Reorder Soon
2024-04-01,BB_0064,rural,AB_pos,cryoprecipitate,248,197.0,248.0,275.5,78.5,0.12,Low,19.8,Moderate,Recovered,Reorder Soon
2021-03-01,BB_0106,urban,AB_pos,cryoprecipitate,240,189.0,240.0,267.5,78.5,0.22,Low,19.05,Moderate,Adequate,Reorder Soon
2024-01-01,BB_0099,urban,AB_pos,cryoprecipitate,255,204.0,255.0,282.5,78.5,0.15,Low,9.8,Low,Adequate,Reorder Soon
2023-02-01,BB_0083,urban,AB_pos,cryoprecipitate,254,203.0,254.0,281.5,78.5,0.29,Critical,16.75,Moderate,Adequate,Reorder Soon
2024-10-01,BB_0046,urban,B_pos,packed_RBC,241,188.0,241.0,266.5,78.5,0.29,Critical,14.89,Moderate,Adequate,Reorder Soon
2024-12-01,BB_0081,peri_urban,AB_pos,whole_blood,239,183.0,239.0,261.5,78.5,0.26,High,13.11,Low,Adequate,Reorder Soon
2022-12-01,BB_0052,peri_urban,A_pos,platelet_concentrate,243,183.33,236.0,261.7,78.4,0.19,Low,21.73,High,Critical,Prioritize Near-Expiry Usage
2024-09-01,BB_0093,urban,O_pos,cryoprecipitate,278,200.6,251.0,279.0,78.4,0.29,High,20.29,Moderate,Adequate,Reorder Soon
2023-04-01,BB_0121,urban,A_pos,packed_RBC,250,209.0,261.0,287.4,78.4,0.24,Moderate,15.51,Moderate,Low Stock,Reorder Soon
2024-07-01,BB_0047,peri_urban,B_pos,cryoprecipitate,261,201.0,258.6,279.4,78.4,0.33,Critical,15.66,Moderate,Recovered,Monitor Closely
2024-03-01,BB_0127,rural,O_pos,fresh_frozen_plasma,244,206.67,244.33,285.1,78.4,0.24,Moderate,20.16,Moderate,Low Stock,Reorder Soon
2023-12-01,BB_0069,urban,A_pos,packed_RBC,259,207.0,259.0,285.4,78.4,0.15,Low,19.81,High,Adequate,Investigate High Wastage
2022-09-01,BB_0027,urban,A_pos,cryoprecipitate,247,193.5,245.5,271.9,78.4,0.35,Critical,19.05,Moderate,Critical,Monitor Closely
2023-09-01,BB_0135,peri_urban,O_neg,platelet_concentrate,262,204.5,255.0,282.9,78.4,0.25,Moderate,19.34,High,Adequate,Prioritize Near-Expiry Usage
2024-01-01,BB_0085,urban,A_pos,group_O_neg_emergency,248,195.5,246.0,273.9,78.4,0.3,Critical,22.25,High,Adequate,Investigate High Wastage
2024-07-01,BB_0095,urban,A_pos,platelet_concentrate,273,211.8,262.4,290.2,78.4,0.3,Critical,15.77,Moderate,Recovered,Reorder Soon
2024-01-01,BB_0046,urban,AB_neg,group_O_neg_emergency,242,188.0,242.0,266.4,78.4,0.29,Critical,6.38,Low,Recovered,Reorder Soon
2024-11-01,BB_0081,peri_urban,O_pos,packed_RBC,239,192.2,252.6,270.6,78.4,0.26,High,16.05,Moderate,Recovered,Reorder Soon
2022-06-01,BB_0019,peri_urban,A_pos,cryoprecipitate,249,199.5,251.5,277.9,78.4,0.33,Critical,13.47,Low,Adequate,Reorder Soon
2023-04-01,BB_0114,rural,A_pos,fresh_frozen_plasma,254,198.75,252.25,277.2,78.4,0.21,Low,19.9,Moderate,Adequate,Reorder Soon
2023-11-01,BB_0145,urban,AB_neg,group_O_neg_emergency,243,189.0,243.0,267.4,78.4,0.22,Moderate,6.88,Low,Adequate,Reorder Soon
2024-07-01,BB_0087,peri_urban,AB_pos,group_O_neg_emergency,250,199.5,251.5,277.9,78.4,0.21,Low,17.64,Moderate,Adequate,Reorder Soon
2023-03-01,BB_0046,urban,A_pos,cryoprecipitate,232,180.0,232.0,258.4,78.4,0.29,Critical,16.11,Moderate,Low Stock,Reorder Soon
2024-05-01,BB_0103,urban,A_pos,cryoprecipitate,249,197.0,249.0,275.4,78.4,0.32,Critical,16.75,Moderate,Adequate,Reorder Soon
2022-06-01,BB_0052,rural,A_pos,packed_RBC,230,178.0,230.0,256.4,78.4,0.19,Low,23.03,High,Adequate,Investigate High Wastage
2022-05-01,BB_0011,urban,O_neg,fresh_frozen_plasma,268,214.0,268.0,292.3,78.3,0.2,Low,20.09,Moderate,Recovered,Reorder Soon
2024-08-01,BB_0083,urban,B_pos,fresh_frozen_plasma,231,193.67,246.0,272.0,78.3,0.29,Critical,20.6,Moderate,Low Stock,Reorder Soon
2023-04-01,BB_0055,urban,B_pos,platelet_concentrate,233,189.5,241.5,267.8,78.3,0.24,Moderate,13.48,Low,Low Stock,Reorder Soon
2023-07-01,BB_0129,urban,O_neg,fresh_frozen_plasma,250,196.0,250.0,274.3,78.3,0.28,High,10.2,Low,Adequate,Reorder Soon
2024-07-01,BB_0042,urban,B_pos,whole_blood,281,207.0,259.5,285.3,78.3,0.24,Moderate,22.68,High,Recovered,Investigate High Wastage
2024-06-01,BB_0145,urban,A_pos,platelet_concentrate,269,204.67,257.33,283.0,78.3,0.22,Moderate,20.79,High,Adequate,Prioritize Near-Expiry Usage
2024-11-01,BB_0136,peri_urban,B_pos,platelet_concentrate,244,199.75,251.75,278.0,78.2,0.33,Critical,17.73,Moderate,Critical,Reorder Soon
2024-03-01,BB_0139,peri_urban,B_pos,whole_blood,251,197.33,249.67,275.5,78.2,0.25,Moderate,17.31,Moderate,Low Stock,Reorder Soon
2023-08-01,BB_0081,peri_urban,B_pos,packed_RBC,249,199.33,252.0,277.5,78.2,0.26,High,14.6,Moderate,Adequate,Reorder Soon
2024-02-01,BB_0081,urban,A_pos,group_O_neg_emergency,235,201.67,252.0,279.9,78.2,0.26,High,18.5,Moderate,Low Stock,Reorder Soon
2024-05-01,BB_0143,rural,A_pos,platelet_concentrate,263,200.5,253.0,278.7,78.2,0.24,Moderate,21.0,High,Recovered,Prioritize Near-Expiry Usage
2024-12-01,BB_0125,rural,O_pos,platelet_concentrate,263,190.75,248.38,269.0,78.2,0.29,Critical,19.07,High,Adequate,Prioritize Near-Expiry Usage
2024-09-01,BB_0147,peri_urban,A_pos,fresh_frozen_plasma,273,198.83,255.17,276.9,78.1,0.24,Moderate,17.97,Moderate,Adequate,Reorder Soon
2023-09-01,BB_0057,rural,A_pos,cryoprecipitate,240,202.75,254.5,280.9,78.1,0.21,Low,14.94,Moderate,Adequate,Reorder Soon
2024-11-01,BB_0096,urban,A_pos,cryoprecipitate,253,209.6,252.4,287.7,78.1,0.23,Moderate,19.92,Moderate,Adequate,Reorder Soon
2021-08-01,BB_0097,urban,A_pos,fresh_frozen_plasma,268,215.0,268.0,293.0,78.0,0.27,High,12.56,Low,Low Stock,Reorder Soon
2022-11-01,BB_0118,rural,O_neg,group_O_neg_emergency,272,220.0,272.0,298.0,78.0,0.29,Critical,20.0,High,Adequate,Investigate High Wastage
2024-05-01,BB_0056,urban,A_pos,platelet_concentrate,243,206.0,258.33,284.0,78.0,0.32,Critical,8.68,Low,Recovered,Reorder Soon
2024-10-01,BB_0025,peri_urban,A_pos,fresh_frozen_plasma,263,204.0,257.0,282.0,78.0,0.3,Critical,15.68,Moderate,Adequate,Reorder Soon
2024-11-01,BB_0031,urban,O_pos,group_O_neg_emergency,260,204.29,261.43,282.3,78.0,0.24,Moderate,13.91,Low,Recovered,Reorder Soon
2024-08-01,BB_0072,rural,B_pos,group_O_neg_emergency,264,194.0,246.75,272.0,78.0,0.28,High,18.8,Moderate,Adequate,Reorder Soon
2024-01-01,BB_0076,urban,B_pos,fresh_frozen_plasma,252,197.33,249.33,275.3,78.0,0.21,Low,18.34,Moderate,Adequate,Reorder Soon
2023-05-01,BB_0014,peri_urban,O_neg,group_O_neg_emergency,269,217.0,269.0,295.0,78.0,0.27,High,17.51,Moderate,Low Stock,Reorder Soon
2024-11-01,BB_0132,urban,O_pos,packed_RBC,263,191.0,253.12,269.0,78.0,0.23,Moderate,13.94,Low,Adequate,Reorder Soon
2024-04-01,BB_0074,urban,B_pos,packed_RBC,244,201.5,254.0,279.5,78.0,0.25,High,17.73,Moderate,Critical,Reorder Soon
2023-06-01,BB_0110,urban,O_neg,whole_blood,244,197.5,250.5,275.5,78.0,0.29,Critical,14.69,Moderate,Recovered,Reorder Soon
2024-12-01,BB_0118,peri_urban,O_neg,platelet_concentrate,262,212.0,262.0,289.9,77.9,0.29,Critical,16.04,Moderate,Adequate,Reorder Soon
2023-10-01,BB_0024,peri_urban,O_pos,whole_blood,257,202.75,255.25,280.6,77.9,0.24,Moderate,17.75,Moderate,Adequate,Reorder Soon
2024-04-01,BB_0025,peri_urban,O_pos,platelet_concentrate,247,196.25,248.0,274.1,77.9,0.3,Critical,16.27,Moderate,Critical,Reorder Soon
2024-11-01,BB_0049,urban,B_pos,packed_RBC,231,196.33,248.67,274.2,77.9,0.37,Critical,19.54,High,Adequate,Monitor Closely
2021-11-01,BB_0079,urban,A_pos,packed_RBC,263,205.5,257.0,283.4,77.9,0.39,Critical,13.98,Moderate,Recovered,Monitor Closely
2024-01-01,BB_0053,rural,B_pos,cryoprecipitate,241,190.4,249.8,268.3,77.9,0.28,High,10.4,Low,Adequate,Reorder Soon
2024-05-01,BB_0123,urban,O_pos,group_O_neg_emergency,251,198.25,250.5,276.2,77.9,0.26,High,15.46,Moderate,Adequate,Reorder Soon
2024-04-01,BB_0071,urban,A_pos,cryoprecipitate,259,198.0,249.5,275.9,77.9,0.16,Low,14.8,Moderate,Adequate,Reorder Soon
2024-09-01,BB_0136,urban,O_pos,packed_RBC,236,195.25,246.25,273.0,77.8,0.33,Critical,14.02,Moderate,Adequate,Reorder Soon
2024-01-01,BB_0130,urban,O_pos,cryoprecipitate,276,209.0,260.5,286.8,77.8,0.27,High,15.94,Moderate,Adequate,Reorder Soon
2022-03-01,BB_0056,urban,B_pos,whole_blood,218,184.0,236.0,261.8,77.8,0.32,Critical,18.23,Moderate,Adequate,Reorder Soon
2024-02-01,BB_0047,peri_urban,A_pos,packed_RBC,254,189.33,240.67,267.1,77.8,0.33,Critical,15.37,Moderate,Low Stock,Monitor Closely
2022-06-01,BB_0109,urban,O_neg,cryoprecipitate,250,200.0,250.0,277.8,77.8,0.19,Low,18.5,Moderate,Adequate,Reorder Soon
2023-12-01,BB_0144,urban,B_pos,whole_blood,246,200.0,252.0,277.8,77.8,0.25,Moderate,12.88,Low,Adequate,Reorder Soon
2023-01-01,BB_0040,urban,O_pos,cryoprecipitate,259,197.5,249.0,275.3,77.8,0.28,High,13.44,Low,Adequate,Reorder Soon
2024-01-01,BB_0123,peri_urban,A_neg,whole_blood,268,201.0,251.0,278.8,77.8,0.26,High,21.1,High,Low Stock,Investigate High Wastage
2024-11-01,BB_0100,peri_urban,B_pos,platelet_concentrate,257,192.5,244.0,270.3,77.8,0.27,High,8.28,Low,Adequate,Reorder Soon
2024-07-01,BB_0108,peri_urban,O_pos,whole_blood,259,199.5,252.0,277.3,77.8,0.22,Moderate,9.76,Low,Adequate,Reorder Soon
2024-12-01,BB_0040,rural,B_pos,whole_blood,247,191.5,243.5,269.3,77.8,0.28,High,23.84,High,Adequate,Investigate High Wastage
2024-10-01,BB_0144,peri_urban,A_pos,platelet_concentrate,241,189.0,241.0,266.7,77.7,0.25,Moderate,23.28,High,Recovered,Prioritize Near-Expiry Usage
2024-11-01,BB_0119,peri_urban,O_pos,platelet_concentrate,230,196.67,248.33,274.4,77.7,0.22,Low,10.55,Low,Adequate,Reorder Soon
2024-03-01,BB_0037,peri_urban,A_neg,packed_RBC,261,199.5,252.5,277.2,77.7,0.21,Low,18.6,Moderate,Recovered,Reorder Soon
2024-10-01,BB_0128,urban,O_pos,group_O_neg_emergency,227,187.5,239.5,265.2,77.7,0.29,Critical,15.05,Moderate,Recovered,Reorder Soon
2022-07-01,BB_0003,rural,AB_neg,cryoprecipitate,261,205.0,261.0,282.7,77.7,0.33,Critical,13.17,Low,Adequate,Reorder Soon
2024-12-01,BB_0060,urban,O_pos,whole_blood,216,202.6,253.3,280.3,77.7,0.25,Moderate,16.7,Moderate,Adequate,Reorder Soon
2024-09-01,BB_0058,urban,O_pos,group_O_neg_emergency,254,206.0,248.83,283.7,77.7,0.21,Low,17.84,Moderate,Recovered,Reorder Soon
2024-09-01,BB_0095,urban,O_pos,fresh_frozen_plasma,268,195.7,250.8,273.4,77.7,0.3,Critical,16.82,Moderate,Recovered,Reorder Soon
2022-07-01,BB_0111,peri_urban,A_neg,packed_RBC,251,198.0,251.0,275.7,77.7,0.21,Low,27.27,High,Low Stock,Investigate High Wastage
2024-10-01,BB_0080,urban,B_pos,group_O_neg_emergency,256,201.67,254.0,279.3,77.6,0.27,High,12.45,Low,Adequate,Reorder Soon
2024-11-01,BB_0039,urban,B_pos,group_O_neg_emergency,234,199.67,252.0,277.3,77.6,0.32,Critical,17.98,Moderate,Adequate,Reorder Soon
2023-12-01,BB_0067,peri_urban,AB_pos,fresh_frozen_plasma,236,184.0,236.0,261.6,77.6,0.28,High,17.93,Moderate,Adequate,Reorder Soon
2022-07-01,BB_0033,rural,AB_pos,fresh_frozen_plasma,247,195.0,247.0,272.6,77.6,0.23,Moderate,18.46,Moderate,Adequate,Reorder Soon
2024-12-01,BB_0026,rural,A_pos,packed_RBC,275,202.0,259.0,279.6,77.6,0.28,High,17.41,Moderate,Recovered,Reorder Soon
2024-02-01,BB_0073,urban,O_pos,whole_blood,235,200.25,252.5,277.8,77.6,0.21,Low,15.76,Moderate,Adequate,Reorder Soon
2022-09-01,BB_0134,peri_urban,A_neg,cryoprecipitate,251,197.0,251.0,274.5,77.5,0.25,Moderate,18.27,Moderate,Adequate,Reorder Soon
2024-11-01,BB_0013,peri_urban,O_pos,cryoprecipitate,241,197.4,250.73,274.9,77.5,0.29,Critical,16.38,Moderate,Recovered,Reorder Soon
2024-09-01,BB_0123,peri_urban,B_pos,packed_RBC,255,205.0,257.0,282.5,77.5,0.26,High,23.1,High,Low Stock,Investigate High Wastage
2024-09-01,BB_0079,urban,O_neg,packed_RBC,230,180.0,230.0,257.5,77.5,0.39,Critical,13.89,Low,Low Stock,Monitor Closely
2023-07-01,BB_0050,urban,B_pos,packed_RBC,242,190.0,242.0,267.5,77.5,0.16,Low,12.63,Low,Adequate,Reorder Soon
2024-10-01,BB_0147,rural,O_pos,packed_RBC,255,200.5,251.25,278.0,77.5,0.24,Moderate,19.84,High,Low Stock,Investigate High Wastage
2023-10-01,BB_0078,urban,A_neg,cryoprecipitate,243,200.5,254.5,278.0,77.5,0.25,Moderate,18.6,Moderate,Adequate,Reorder Soon
2023-09-01,BB_0075,urban,B_pos,packed_RBC,250,200.0,252.0,277.5,77.5,0.28,High,17.36,Moderate,Low Stock,Reorder Soon
2024-11-01,BB_0054,rural,B_pos,packed_RBC,245,196.5,248.5,274.0,77.5,0.28,High,16.83,Moderate,Low Stock,Reorder Soon
2024-10-01,BB_0066,peri_urban,A_pos,group_O_neg_emergency,255,200.67,250.33,278.2,77.5,0.22,Moderate,13.31,Low,Adequate,Reorder Soon
2023-09-01,BB_0071,urban,B_pos,fresh_frozen_plasma,264,202.33,253.67,279.7,77.4,0.16,Low,18.13,Moderate,Recovered,Reorder Soon
2023-09-01,BB_0057,rural,O_pos,platelet_concentrate,272,201.67,253.0,279.1,77.4,0.21,Low,16.48,Moderate,Critical,Reorder Soon
2024-12-01,BB_0050,urban,O_pos,fresh_frozen_plasma,235,196.12,248.0,273.5,77.4,0.16,Low,15.96,Moderate,Adequate,Reorder Soon
2024-12-01,BB_0013,rural,A_pos,platelet_concentrate,254,201.0,252.75,278.4,77.4,0.29,Critical,14.17,Moderate,Low Stock,Reorder Soon
2024-06-01,BB_0113,urban,A_pos,fresh_frozen_plasma,262,202.33,254.67,279.7,77.4,0.25,Moderate,11.51,Low,Critical,Reorder Soon
2024-04-01,BB_0116,urban,AB_neg,platelet_concentrate,249,192.0,249.0,269.4,77.4,0.29,High,10.42,Low,Recovered,Reorder Soon
2022-12-01,BB_0015,peri_urban,B_pos,whole_blood,258,208.67,260.33,286.1,77.4,0.25,Moderate,18.79,Moderate,Adequate,Reorder Soon
2024-01-01,BB_0079,urban,O_pos,packed_RBC,259,199.67,248.89,277.0,77.3,0.39,Critical,17.16,Moderate,Adequate,Monitor Closely
2022-12-01,BB_0118,rural,B_pos,platelet_concentrate,269,207.5,258.5,284.8,77.3,0.29,Critical,17.38,Moderate,Adequate,Reorder Soon
2022-10-01,BB_0060,peri_urban,B_pos,group_O_neg_emergency,243,191.0,243.0,268.3,77.3,0.25,Moderate,19.37,High,Adequate,Investigate High Wastage
2023-06-01,BB_0017,peri_urban,A_pos,whole_blood,263,208.0,258.5,285.3,77.3,0.26,High,12.18,Low,Low Stock,Reorder Soon
2024-12-01,BB_0055,urban,O_pos,cryoprecipitate,234,202.83,256.5,280.1,77.3,0.24,Moderate,18.5,Moderate,Adequate,Reorder Soon
2024-06-01,BB_0032,urban,O_pos,cryoprecipitate,265,198.67,248.83,276.0,77.3,0.29,High,15.52,Moderate,Adequate,Reorder Soon
2023-11-01,BB_0006,peri_urban,B_pos,group_O_neg_emergency,287,199.0,251.0,276.3,77.3,0.22,Low,15.83,Moderate,Low Stock,Reorder Soon
2024-12-01,BB_0045,urban,B_pos,platelet_concentrate,237,186.0,237.0,263.3,77.3,0.22,Low,24.73,High,Adequate,Prioritize Near-Expiry Usage
2024-11-01,BB_0031,peri_urban,O_pos,platelet_concentrate,253,190.88,250.12,268.2,77.3,0.24,Moderate,15.07,Moderate,Adequate,Reorder Soon
2024-08-01,BB_0057,rural,A_neg,whole_blood,245,196.0,245.5,273.3,77.3,0.21,Low,9.72,Low,Low Stock,Reorder Soon
2024-12-01,BB_0144,urban,A_pos,group_O_neg_emergency,262,204.67,254.0,281.9,77.2,0.25,Moderate,15.29,Moderate,Critical,Reorder Soon
2023-03-01,BB_0088,rural,B_pos,packed_RBC,241,193.0,244.67,270.2,77.2,0.32,Critical,14.79,Moderate,Adequate,Reorder Soon
2024-06-01,BB_0110,peri_urban,B_pos,packed_RBC,261,199.25,251.0,276.5,77.2,0.29,Critical,20.8,High,Adequate,Investigate High Wastage
2024-03-01,BB_0081,urban,A_neg,packed_RBC,230,178.0,230.5,255.2,77.2,0.26,High,17.31,Moderate,Recovered,Reorder Soon
2024-06-01,BB_0121,urban,O_pos,group_O_neg_emergency,245,198.0,249.5,275.2,77.2,0.24,Moderate,21.82,High,Recovered,Investigate High Wastage
2023-06-01,BB_0133,urban,A_neg,platelet_concentrate,243,191.0,243.0,268.2,77.2,0.22,Low,24.08,High,Adequate,Prioritize Near-Expiry Usage
2024-12-01,BB_0079,peri_urban,B_pos,cryoprecipitate,230,191.75,244.0,269.0,77.2,0.39,Critical,13.94,Low,Recovered,Monitor Closely
2022-02-01,BB_0009,peri_urban,A_neg,platelet_concentrate,254,202.0,254.0,279.2,77.2,0.27,High,20.3,High,Recovered,Prioritize Near-Expiry Usage
2024-03-01,BB_0005,urban,O_pos,whole_blood,264,192.86,248.14,270.0,77.1,0.27,High,13.55,Low,Adequate,Reorder Soon
2024-12-01,BB_0089,urban,A_pos,cryoprecipitate,235,201.5,252.25,278.6,77.1,0.29,Critical,18.19,Moderate,Adequate,Reorder Soon
2024-10-01,BB_0108,peri_urban,A_pos,cryoprecipitate,240,199.0,249.67,276.1,77.1,0.22,Moderate,13.53,Low,Low Stock,Reorder Soon
2024-08-01,BB_0044,rural,O_pos,whole_blood,256,200.88,251.12,278.0,77.1,0.25,Moderate,16.88,Moderate,Recovered,Reorder Soon
2022-05-01,BB_0045,urban,A_pos,whole_blood,254,193.67,244.0,270.8,77.1,0.22,Low,19.25,High,Low Stock,Investigate High Wastage
2024-05-01,BB_0067,urban,AB_pos,platelet_concentrate,255,196.0,249.5,273.1,77.1,0.28,High,19.92,High,Recovered,Prioritize Near-Expiry Usage
2023-07-01,BB_0099,urban,A_pos,whole_blood,253,198.2,254.2,275.3,77.1,0.15,Low,22.99,High,Low Stock,Investigate High Wastage
2022-11-01,BB_0108,urban,B_pos,fresh_frozen_plasma,245,194.0,245.0,271.0,77.0,0.22,Moderate,17.53,Moderate,Adequate,Reorder Soon
2023-11-01,BB_0002,peri_urban,B_pos,cryoprecipitate,251,189.5,241.5,266.5,77.0,0.23,Moderate,11.01,Low,Adequate,Reorder Soon
2024-12-01,BB_0051,urban,O_pos,whole_blood,233,199.5,248.33,276.5,77.0,0.31,Critical,19.05,High,Adequate,Investigate High Wastage
2021-03-01,BB_0109,urban,B_pos,fresh_frozen_plasma,254,203.0,254.0,280.0,77.0,0.19,Low,12.81,Low,Critical,Reorder Soon
2024-12-01,BB_0105,urban,O_pos,group_O_neg_emergency,263,201.45,250.64,278.5,77.0,0.21,Low,17.09,Moderate,Low Stock,Reorder Soon
2022-02-01,BB_0100,urban,A_pos,fresh_frozen_plasma,243,191.0,243.0,268.0,77.0,0.27,High,17.28,Moderate,Adequate,Reorder Soon
2024-09-01,BB_0032,rural,O_neg,packed_RBC,221,192.5,242.0,269.5,77.0,0.29,High,19.93,High,Recovered,Investigate High Wastage
2024-09-01,BB_0096,rural,B_pos,packed_RBC,257,194.5,246.0,271.5,77.0,0.23,Moderate,22.61,High,Low Stock,Investigate High Wastage
2024-01-01,BB_0011,urban,A_pos,fresh_frozen_plasma,238,205.0,257.0,282.0,77.0,0.2,Low,10.3,Low,Adequate,Reorder Soon
2024-03-01,BB_0137,peri_urban,O_pos,packed_RBC,270,202.2,255.0,279.2,77.0,0.28,High,13.49,Low,Low Stock,Reorder Soon
2021-04-01,BB_0089,urban,B_pos,fresh_frozen_plasma,238,187.0,238.0,264.0,77.0,0.29,Critical,17.11,Moderate,Adequate,Reorder Soon
2024-11-01,BB_0037,urban,O_pos,cryoprecipitate,269,207.38,256.12,284.4,77.0,0.21,Low,14.53,Moderate,Adequate,Reorder Soon
2024-08-01,BB_0056,urban,O_pos,whole_blood,226,198.25,242.75,275.2,76.9,0.32,Critical,18.01,Moderate,Adequate,Reorder Soon
2024-07-01,BB_0130,urban,A_pos,packed_RBC,262,209.5,260.0,286.4,76.9,0.27,High,17.42,Moderate,Low Stock,Reorder Soon
2023-10-01,BB_0097,urban,O_pos,group_O_neg_emergency,253,195.6,251.6,272.5,76.9,0.27,High,9.83,Low,Low Stock,Reorder Soon
2024-08-01,BB_0113,peri_urban,O_pos,fresh_frozen_plasma,248,185.5,235.75,262.4,76.9,0.25,Moderate,16.34,Moderate,Low Stock,Reorder Soon
2024-03-01,BB_0014,rural,O_pos,group_O_neg_emergency,236,200.3,251.0,277.2,76.9,0.27,High,17.66,Moderate,Adequate,Reorder Soon
2023-02-01,BB_0072,rural,A_pos,whole_blood,252,199.25,249.25,276.0,76.8,0.28,High,16.08,Moderate,Adequate,Reorder Soon
2024-06-01,BB_0088,peri_urban,O_pos,platelet_concentrate,227,199.33,250.0,276.1,76.8,0.32,Critical,20.67,High,Adequate,Prioritize Near-Expiry Usage
2024-02-01,BB_0132,urban,B_pos,whole_blood,253,216.33,267.33,293.1,76.8,0.23,Moderate,9.34,Low,Low Stock,Reorder Soon
2024-08-01,BB_0043,urban,O_pos,packed_RBC,269,219.0,269.0,295.8,76.8,0.25,Moderate,14.16,Moderate,Adequate,Reorder Soon
2024-06-01,BB_0030,urban,O_pos,packed_RBC,243,196.71,249.0,273.4,76.7,0.27,High,14.58,Moderate,Adequate,Reorder Soon
2021-04-01,BB_0001,urban,B_neg,whole_blood,246,193.0,246.0,269.7,76.7,0.31,Critical,13.99,Moderate,Low Stock,Reorder Soon
2022-01-01,BB_0107,rural,A_neg,packed_RBC,244,192.0,244.0,268.7,76.7,0.23,Moderate,11.46,Low,Adequate,Reorder Soon
2024-08-01,BB_0111,peri_urban,A_pos,packed_RBC,263,199.0,249.25,275.6,76.6,0.21,Low,17.57,Moderate,Recovered,Reorder Soon
2024-10-01,BB_0136,urban,O_pos,fresh_frozen_plasma,256,199.64,251.64,276.2,76.6,0.33,Critical,15.91,Moderate,Critical,Reorder Soon
2023-12-01,BB_0080,peri_urban,AB_pos,fresh_frozen_plasma,261,210.0,261.0,286.6,76.6,0.27,High,7.14,Low,Critical,Reorder Soon
2024-02-01,BB_0072,urban,AB_pos,platelet_concentrate,254,201.0,254.0,277.6,76.6,0.28,High,17.91,Moderate,Low Stock,Reorder Soon
2023-09-01,BB_0134,urban,B_pos,packed_RBC,256,205.0,256.0,281.5,76.5,0.25,Moderate,18.05,Moderate,Low Stock,Reorder Soon
2024-07-01,BB_0114,rural,O_pos,platelet_concentrate,239,207.17,249.67,283.7,76.5,0.21,Low,18.46,Moderate,Adequate,Reorder Soon
2021-01-01,BB_0045,peri_urban,B_pos,packed_RBC,246,195.0,246.0,271.5,76.5,0.22,Low,16.92,Moderate,Adequate,Reorder Soon
2024-01-01,BB_0023,rural,AB_pos,whole_blood,243,189.0,243.0,265.5,76.5,0.18,Low,7.41,Low,Adequate,Reorder Soon
2022-08-01,BB_0089,urban,AB_pos,whole_blood,243,189.0,243.0,265.5,76.5,0.29,Critical,20.11,High,Adequate,Investigate High Wastage
2024-10-01,BB_0021,peri_urban,O_pos,whole_blood,263,207.0,249.67,283.5,76.5,0.26,High,15.64,Moderate,Critical,Reorder Soon
2022-04-01,BB_0032,urban,AB_pos,whole_blood,241,187.0,241.0,263.5,76.5,0.29,High,22.46,High,Adequate,Investigate High Wastage
2023-12-01,BB_0034,rural,AB_pos,whole_blood,263,204.5,258.5,281.0,76.5,0.26,High,16.06,Moderate,Adequate,Reorder Soon
2024-08-01,BB_0069,rural,O_pos,fresh_frozen_plasma,264,200.83,249.67,277.3,76.5,0.15,Low,14.93,Moderate,Adequate,Reorder Soon
2022-01-01,BB_0124,urban,A_neg,cryoprecipitate,251,198.0,251.0,274.5,76.5,0.22,Low,10.61,Low,Adequate,Reorder Soon
2024-02-01,BB_0008,peri_urban,O_pos,platelet_concentrate,261,199.43,246.14,275.9,76.5,0.28,High,14.55,Moderate,Adequate,Reorder Soon
2024-06-01,BB_0006,rural,O_pos,packed_RBC,254,199.78,250.33,276.3,76.5,0.22,Low,18.62,Moderate,Recovered,Reorder Soon
2023-10-01,BB_0105,urban,O_pos,cryoprecipitate,254,194.0,252.67,270.5,76.5,0.21,Low,14.22,Moderate,Adequate,Reorder Soon
2024-11-01,BB_0092,urban,O_pos,packed_RBC,255,197.25,245.88,273.6,76.4,0.18,Low,20.05,High,Low Stock,Investigate High Wastage
2024-12-01,BB_0031,peri_urban,A_pos,platelet_concentrate,263,205.25,256.0,281.7,76.4,0.24,Moderate,24.73,High,Adequate,Prioritize Near-Expiry Usage
2024-12-01,BB_0143,urban,A_pos,group_O_neg_emergency,237,196.5,245.0,272.9,76.4,0.24,Moderate,17.35,Moderate,Adequate,Reorder Soon
2024-08-01,BB_0008,urban,O_pos,group_O_neg_emergency,253,197.9,252.0,274.3,76.4,0.28,High,18.26,Moderate,Critical,Reorder Soon
2024-12-01,BB_0044,peri_urban,A_pos,cryoprecipitate,239,194.5,244.5,270.9,76.4,0.25,Moderate,14.68,Moderate,Adequate,Reorder Soon
2024-05-01,BB_0095,urban,A_pos,packed_RBC,236,194.5,244.5,270.9,76.4,0.3,Critical,16.78,Moderate,Adequate,Reorder Soon
2024-09-01,BB_0085,urban,A_pos,packed_RBC,256,206.0,256.0,282.4,76.4,0.3,Critical,15.05,Moderate,Adequate,Reorder Soon
2024-03-01,BB_0109,urban,A_pos,platelet_concentrate,260,206.0,256.67,282.4,76.4,0.19,Low,16.77,Moderate,Adequate,Reorder Soon
2024-04-01,BB_0114,urban,A_pos,packed_RBC,257,201.5,251.5,277.9,76.4,0.21,Low,12.55,Low,Recovered,Reorder Soon
2022-12-01,BB_0031,urban,A_pos,cryoprecipitate,260,210.0,260.0,286.4,76.4,0.24,Moderate,19.52,Moderate,Adequate,Reorder Soon
2023-11-01,BB_0128,rural,B_pos,platelet_concentrate,243,193.0,243.0,269.3,76.3,0.29,Critical,19.17,High,Adequate,Prioritize Near-Expiry Usage
2024-08-01,BB_0073,rural,B_pos,platelet_concentrate,224,174.0,224.0,250.3,76.3,0.21,Low,14.37,Moderate,Adequate,Reorder Soon
2024-06-01,BB_0009,urban,O_pos,cryoprecipitate,249,201.33,251.33,277.6,76.3,0.27,High,11.58,Low,Recovered,Reorder Soon
2024-08-01,BB_0123,urban,A_pos,group_O_neg_emergency,266,198.33,246.67,274.6,76.3,0.26,High,12.03,Low,Adequate,Reorder Soon
2023-05-01,BB_0140,urban,B_pos,group_O_neg_emergency,242,191.0,242.0,267.3,76.3,0.2,Low,4.19,Low,Recovered,Reorder Soon
2024-11-01,BB_0019,urban,B_pos,packed_RBC,261,198.2,253.2,274.5,76.3,0.33,Critical,14.34,Moderate,Adequate,Reorder Soon
2022-09-01,BB_0111,urban,B_pos,platelet_concentrate,244,194.0,244.0,270.3,76.3,0.21,Low,10.31,Low,Low Stock,Reorder Soon
2024-04-01,BB_0144,urban,O_pos,platelet_concentrate,256,198.6,258.0,274.9,76.3,0.25,Moderate,17.35,Moderate,Adequate,Reorder Soon
2022-09-01,BB_0005,peri_urban,B_pos,group_O_neg_emergency,241,190.0,241.0,266.3,76.3,0.27,High,10.53,Low,Adequate,Reorder Soon
2024-10-01,BB_0141,peri_urban,B_pos,group_O_neg_emergency,258,201.5,252.5,277.8,76.3,0.27,High,17.6,Moderate,Adequate,Reorder Soon
2024-11-01,BB_0142,urban,O_pos,packed_RBC,239,204.0,252.67,280.3,76.3,0.2,Low,17.22,Moderate,Adequate,Reorder Soon
2023-08-01,BB_0142,peri_urban,B_pos,platelet_concentrate,243,193.0,243.0,269.3,76.3,0.2,Low,15.03,Moderate,Adequate,Reorder Soon
2024-06-01,BB_0087,urban,B_pos,platelet_concentrate,260,198.0,248.0,274.3,76.3,0.21,Low,15.94,Moderate,Adequate,Reorder Soon
2023-03-01,BB_0011,urban,A_pos,platelet_concentrate,246,204.5,255.0,280.7,76.2,0.2,Low,13.86,Low,Adequate,Reorder Soon
2021-11-01,BB_0047,peri_urban,A_neg,group_O_neg_emergency,256,205.0,256.0,281.2,76.2,0.33,Critical,19.02,High,Recovered,Monitor Closely
2024-10-01,BB_0129,peri_urban,O_pos,whole_blood,264,199.75,250.75,276.0,76.2,0.28,High,14.76,Moderate,Recovered,Reorder Soon
2024-05-01,BB_0149,urban,B_pos,fresh_frozen_plasma,262,205.0,255.25,281.2,76.2,0.2,Low,16.37,Moderate,Recovered,Reorder Soon
2024-10-01,BB_0029,peri_urban,A_pos,platelet_concentrate,244,204.5,255.0,280.7,76.2,0.16,Low,16.25,Moderate,Adequate,Reorder Soon
2024-05-01,BB_0027,urban,A_pos,packed_RBC,255,196.75,246.5,272.9,76.1,0.35,Critical,16.11,Moderate,Low Stock,Monitor Closely
2023-11-01,BB_0103,urban,B_pos,whole_blood,230,202.25,252.5,278.3,76.1,0.32,Critical,14.97,Moderate,Recovered,Reorder Soon
2023-12-01,BB_0110,rural,A_pos,cryoprecipitate,233,200.75,250.5,276.9,76.1,0.29,Critical,17.62,Moderate,Critical,Reorder Soon
2024-11-01,BB_0015,peri_urban,B_pos,platelet_concentrate,261,198.67,257.83,274.8,76.1,0.25,Moderate,13.34,Low,Low Stock,Reorder Soon
2024-09-01,BB_0021,rural,B_pos,packed_RBC,269,202.67,253.33,278.8,76.1,0.26,High,17.13,Moderate,Adequate,Reorder Soon
2024-10-01,BB_0129,rural,O_pos,platelet_concentrate,255,205.17,258.5,281.3,76.1,0.28,High,15.04,Moderate,Adequate,Reorder Soon
2024-10-01,BB_0006,urban,A_pos,cryoprecipitate,236,193.0,242.67,269.1,76.1,0.22,Low,17.47,Moderate,Adequate,Reorder Soon
2023-12-01,BB_0035,urban,A_pos,packed_RBC,257,194.33,244.0,270.4,76.1,0.24,Moderate,8.48,Low,Adequate,Reorder Soon
2024-05-01,BB_0102,urban,O_pos,cryoprecipitate,245,202.82,249.55,278.8,76.0,0.17,Low,16.57,Moderate,Adequate,Reorder Soon
2022-11-01,BB_0045,urban,B_pos,fresh_frozen_plasma,249,205.33,255.33,281.3,76.0,0.22,Low,15.38,Moderate,Adequate,Reorder Soon
2024-10-01,BB_0138,peri_urban,O_pos,whole_blood,268,196.0,258.6,272.0,76.0,0.28,High,16.11,Moderate,Adequate,Reorder Soon
2024-08-01,BB_0135,urban,B_pos,fresh_frozen_plasma,256,205.5,255.5,281.5,76.0,0.25,Moderate,17.42,Moderate,Adequate,Reorder Soon
2024-03-01,BB_0059,urban,A_pos,fresh_frozen_plasma,254,204.0,255.0,280.0,76.0,0.37,Critical,21.58,Moderate,Adequate,Monitor Closely
2023-06-01,BB_0141,urban,AB_neg,packed_RBC,260,207.0,260.0,283.0,76.0,0.27,High,12.08,Low,Adequate,Reorder Soon
2024-04-01,BB_0115,urban,AB_pos,packed_RBC,254,202.0,249.33,278.0,76.0,0.27,High,16.61,Moderate,Recovered,Reorder Soon
2024-11-01,BB_0012,urban,O_pos,whole_blood,238,202.17,252.83,278.2,76.0,0.23,Moderate,18.0,Moderate,Low Stock,Reorder Soon
2024-05-01,BB_0045,urban,A_pos,group_O_neg_emergency,217,205.0,253.0,280.9,75.9,0.22,Low,16.36,Moderate,Adequate,Reorder Soon
2024-10-01,BB_0128,urban,B_pos,whole_blood,251,201.6,260.6,277.5,75.9,0.29,Critical,16.99,Moderate,Adequate,Reorder Soon
2024-01-01,BB_0048,peri_urban,O_pos,group_O_neg_emergency,230,195.5,245.75,271.4,75.9,0.32,Critical,14.14,Moderate,Recovered,Reorder Soon
2024-07-01,BB_0107,rural,O_pos,fresh_frozen_plasma,259,197.67,247.0,273.6,75.9,0.23,Moderate,10.2,Low,Low Stock,Reorder Soon
2022-07-01,BB_0093,rural,A_pos,cryoprecipitate,254,199.0,248.5,274.9,75.9,0.29,High,13.84,Low,Recovered,Reorder Soon
2024-10-01,BB_0013,urban,O_pos,fresh_frozen_plasma,222,203.5,252.75,279.4,75.9,0.29,Critical,16.61,Moderate,Recovered,Reorder Soon
2024-09-01,BB_0047,urban,O_pos,packed_RBC,255,194.44,250.11,270.3,75.9,0.33,Critical,14.44,Moderate,Adequate,Monitor Closely
2023-01-01,BB_0081,urban,AB_pos,group_O_neg_emergency,234,191.0,240.5,266.9,75.9,0.26,High,18.91,Moderate,Low Stock,Reorder Soon
2023-10-01,BB_0137,rural,A_pos,cryoprecipitate,242,204.5,254.0,280.4,75.9,0.28,High,15.4,Moderate,Adequate,Reorder Soon
2024-11-01,BB_0017,urban,O_neg,cryoprecipitate,274,226.0,274.0,301.8,75.8,0.26,High,26.55,Moderate,Recovered,Reorder Soon
2024-08-01,BB_0076,urban,O_pos,packed_RBC,264,200.5,249.5,276.3,75.8,0.21,Low,15.14,Moderate,Low Stock,Reorder Soon
2023-08-01,BB_0126,rural,A_neg,fresh_frozen_plasma,253,203.0,253.0,278.8,75.8,0.28,High,22.66,Moderate,Adequate,Reorder Soon
2024-01-01,BB_0041,peri_urban,B_pos,whole_blood,260,196.5,246.5,272.3,75.8,0.2,Low,12.95,Low,Adequate,Reorder Soon
2024-12-01,BB_0031,peri_urban,O_pos,fresh_frozen_plasma,256,200.58,248.25,276.4,75.8,0.24,Moderate,12.88,Low,Adequate,Reorder Soon
2024-07-01,BB_0093,urban,B_pos,platelet_concentrate,262,196.5,246.0,272.3,75.8,0.29,High,13.76,Low,Adequate,Reorder Soon
2024-04-01,BB_0014,peri_urban,O_pos,platelet_concentrate,257,209.0,258.67,284.8,75.8,0.27,High,18.59,Moderate,Adequate,Reorder Soon
2024-08-01,BB_0081,urban,O_pos,whole_blood,254,198.25,248.75,274.0,75.8,0.26,High,18.72,Moderate,Recovered,Reorder Soon
2024-07-01,BB_0146,rural,B_pos,packed_RBC,253,197.67,248.0,273.5,75.8,0.18,Low,12.96,Low,Adequate,Reorder Soon
2024-09-01,BB_0057,urban,B_pos,packed_RBC,287,208.67,259.0,284.5,75.8,0.21,Low,21.11,High,Critical,Investigate High Wastage
2024-11-01,BB_0143,rural,A_pos,fresh_frozen_plasma,270,200.8,255.0,276.6,75.8,0.24,Moderate,14.96,Moderate,Low Stock,Reorder Soon
2024-02-01,BB_0147,urban,AB_neg,cryoprecipitate,261,207.0,261.0,282.7,75.7,0.24,Moderate,3.38,Low,Low Stock,Reorder Soon
2022-01-01,BB_0038,rural,A_neg,packed_RBC,247,196.0,247.0,271.7,75.7,0.23,Moderate,11.73,Low,Adequate,Reorder Soon
2023-09-01,BB_0013,urban,O_pos,group_O_neg_emergency,244,206.0,256.0,281.7,75.7,0.29,Critical,12.38,Low,Recovered,Reorder Soon
2022-01-01,BB_0143,urban,AB_pos,packed_RBC,238,191.0,238.0,266.7,75.7,0.24,Moderate,20.42,High,Adequate,Investigate High Wastage
2024-04-01,BB_0094,urban,AB_neg,fresh_frozen_plasma,253,207.0,253.0,282.7,75.7,0.3,Critical,12.08,Low,Adequate,Reorder Soon
2024-11-01,BB_0050,urban,B_neg,whole_blood,239,211.0,263.0,286.7,75.7,0.16,Low,13.66,Low,Adequate,Reorder Soon
2024-12-01,BB_0040,rural,A_pos,cryoprecipitate,258,200.25,249.5,275.9,75.6,0.28,High,15.04,Moderate,Adequate,Reorder Soon
2023-08-01,BB_0095,peri_urban,A_pos,group_O_neg_emergency,277,214.33,262.0,289.9,75.6,0.3,Critical,17.42,Moderate,Low Stock,Reorder Soon
2024-09-01,BB_0037,urban,AB_pos,platelet_concentrate,259,207.0,259.0,282.6,75.6,0.21,Low,15.46,Moderate,Adequate,Reorder Soon
2024-10-01,BB_0051,peri_urban,O_pos,packed_RBC,239,196.0,249.22,271.6,75.6,0.31,Critical,18.46,Moderate,Adequate,Reorder Soon
2024-09-01,BB_0067,peri_urban,O_pos,whole_blood,235,207.6,249.1,283.2,75.6,0.28,High,16.01,Moderate,Low Stock,Reorder Soon
2024-09-01,BB_0120,peri_urban,O_pos,whole_blood,225,202.67,248.33,278.2,75.5,0.26,High,16.31,Moderate,Adequate,Reorder Soon
2023-10-01,BB_0040,urban,B_pos,fresh_frozen_plasma,234,195.0,244.5,270.5,75.5,0.28,High,16.9,Moderate,Recovered,Reorder Soon
2023-02-01,BB_0112,peri_urban,AB_pos,whole_blood,263,210.0,263.0,285.5,75.5,0.28,High,16.67,Moderate,Adequate,Reorder Soon
2024-03-01,BB_0080,urban,O_pos,cryoprecipitate,240,196.43,247.43,271.9,75.5,0.27,High,14.99,Moderate,Adequate,Reorder Soon
2024-06-01,BB_0068,urban,B_neg,fresh_frozen_plasma,246,201.0,246.0,276.5,75.5,0.27,High,18.91,Moderate,Adequate,Reorder Soon
2024-09-01,BB_0092,peri_urban,A_pos,cryoprecipitate,241,200.0,257.8,275.5,75.5,0.18,Low,17.38,Moderate,Adequate,Reorder Soon
2021-05-01,BB_0042,urban,A_neg,cryoprecipitate,266,214.0,266.0,289.5,75.5,0.24,Moderate,23.36,Moderate,Low Stock,Reorder Soon
2023-05-01,BB_0061,urban,A_pos,platelet_concentrate,238,198.0,247.67,273.4,75.4,0.27,High,14.6,Moderate,Adequate,Reorder Soon
2023-11-01,BB_0083,urban,O_pos,group_O_neg_emergency,237,193.25,243.0,268.7,75.4,0.29,Critical,14.02,Moderate,Adequate,Reorder Soon
2024-08-01,BB_0021,urban,AB_pos,group_O_neg_emergency,240,191.0,240.0,266.4,75.4,0.26,High,15.71,Moderate,Adequate,Reorder Soon
2024-07-01,BB_0072,rural,A_pos,packed_RBC,242,193.0,242.0,268.4,75.4,0.28,High,5.18,Low,Low Stock,Reorder Soon
2024-07-01,BB_0101,urban,O_neg,platelet_concentrate,247,189.5,237.0,264.9,75.4,0.19,Low,14.21,Moderate,Adequate,Reorder Soon
2023-11-01,BB_0012,rural,A_pos,packed_RBC,245,196.0,245.0,271.4,75.4,0.23,Moderate,24.49,High,Recovered,Investigate High Wastage
2024-02-01,BB_0141,peri_urban,O_pos,platelet_concentrate,241,203.0,252.25,278.4,75.4,0.27,High,20.62,High,Low Stock,Prioritize Near-Expiry Usage
2024-07-01,BB_0038,peri_urban,A_pos,platelet_concentrate,272,205.33,255.0,280.7,75.4,0.23,Moderate,11.38,Low,Adequate,Reorder Soon
2024-10-01,BB_0120,urban,O_pos,group_O_neg_emergency,244,202.6,249.2,278.0,75.4,0.26,High,17.1,Moderate,Adequate,Reorder Soon
2024-05-01,BB_0131,peri_urban,B_pos,group_O_neg_emergency,259,205.67,255.67,281.0,75.3,0.25,Moderate,12.71,Low,Recovered,Reorder Soon
2022-04-01,BB_0024,rural,O_neg,fresh_frozen_plasma,258,207.0,258.0,282.3,75.3,0.24,Moderate,13.53,Low,Critical,Reorder Soon
2023-08-01,BB_0021,peri_urban,O_pos,packed_RBC,232,200.0,245.17,275.3,75.3,0.26,High,15.02,Moderate,Adequate,Reorder Soon
2024-03-01,BB_0074,peri_urban,O_pos,cryoprecipitate,245,194.4,250.4,269.7,75.3,0.25,High,12.85,Low,Adequate,Reorder Soon
2024-05-01,BB_0139,peri_urban,O_pos,cryoprecipitate,258,197.83,254.33,273.1,75.3,0.25,Moderate,13.8,Low,Adequate,Reorder Soon
2024-08-01,BB_0117,urban,A_neg,platelet_concentrate,240,190.0,240.0,265.2,75.2,0.23,Moderate,16.32,Moderate,Recovered,Reorder Soon
2024-11-01,BB_0029,urban,A_neg,group_O_neg_emergency,238,188.0,238.0,263.2,75.2,0.16,Low,24.47,High,Adequate,Investigate High Wastage
2023-09-01,BB_0020,peri_urban,A_pos,fresh_frozen_plasma,247,201.0,251.25,276.2,75.2,0.3,Critical,15.84,Moderate,Adequate,Reorder Soon
2024-12-01,BB_0046,urban,A_pos,platelet_concentrate,258,200.0,249.5,275.2,75.2,0.29,Critical,19.75,High,Adequate,Prioritize Near-Expiry Usage
2024-03-01,BB_0129,urban,O_pos,packed_RBC,248,197.4,245.0,272.6,75.2,0.28,High,16.1,Moderate,Adequate,Reorder Soon
2024-11-01,BB_0013,urban,A_pos,fresh_frozen_plasma,237,205.8,254.4,281.0,75.2,0.29,Critical,16.21,Moderate,Adequate,Reorder Soon
2024-12-01,BB_0002,urban,O_pos,packed_RBC,227,198.4,246.6,273.6,75.2,0.23,Moderate,21.14,High,Adequate,Investigate High Wastage
2024-06-01,BB_0044,urban,B_pos,group_O_neg_emergency,251,193.8,245.2,269.0,75.2,0.25,Moderate,17.05,Moderate,Adequate,Reorder Soon
2024-07-01,BB_0083,urban,A_neg,group_O_neg_emergency,261,211.0,261.0,286.2,75.2,0.29,Critical,26.54,High,Adequate,Investigate High Wastage
2024-10-01,BB_0015,peri_urban,O_pos,packed_RBC,222,200.12,236.12,275.3,75.2,0.25,Moderate,15.94,Moderate,Adequate,Reorder Soon
2023-12-01,BB_0091,urban,B_pos,cryoprecipitate,258,197.75,248.0,273.0,75.2,0.22,Low,15.14,Moderate,Adequate,Reorder Soon
2021-01-01,BB_0026,urban,AB_neg,whole_blood,224,178.0,224.0,253.1,75.1,0.28,High,14.61,Moderate,Critical,Reorder Soon
2024-06-01,BB_0062,urban,B_pos,packed_RBC,236,202.17,250.33,277.3,75.1,0.33,Critical,14.63,Moderate,Critical,Reorder Soon
2023-03-01,BB_0011,urban,B_neg,group_O_neg_emergency,252,207.0,255.0,282.1,75.1,0.2,Low,17.99,Moderate,Adequate,Reorder Soon
2023-06-01,BB_0035,peri_urban,A_pos,whole_blood,242,199.67,248.0,274.8,75.1,0.24,Moderate,21.22,High,Low Stock,Investigate High Wastage
2024-09-01,BB_0098,rural,B_pos,fresh_frozen_plasma,254,208.0,257.0,283.0,75.0,0.23,Moderate,19.76,Moderate,Adequate,Reorder Soon
2023-03-01,BB_0030,rural,O_pos,group_O_neg_emergency,258,202.4,250.6,277.4,75.0,0.27,High,14.37,Moderate,Adequate,Reorder Soon
2024-03-01,BB_0090,rural,B_pos,cryoprecipitate,245,206.0,256.0,281.0,75.0,0.2,Low,11.46,Low,Adequate,Reorder Soon
2024-02-01,BB_0097,urban,B_pos,packed_RBC,250,200.0,249.5,275.0,75.0,0.27,High,17.48,Moderate,Adequate,Reorder Soon
2023-01-01,BB_0134,peri_urban,B_pos,cryoprecipitate,226,190.67,240.67,265.7,75.0,0.25,Moderate,19.04,Moderate,Low Stock,Reorder Soon
2021-05-01,BB_0067,urban,O_neg,group_O_neg_emergency,248,199.0,248.0,274.0,75.0,0.28,High,22.11,High,Recovered,Investigate High Wastage
2024-12-01,BB_0037,rural,B_pos,cryoprecipitate,241,203.5,253.5,278.5,75.0,0.21,Low,12.03,Low,Adequate,Reorder Soon
2024-01-01,BB_0014,peri_urban,A_pos,fresh_frozen_plasma,242,192.0,242.0,267.0,75.0,0.27,High,13.66,Low,Adequate,Reorder Soon
2024-02-01,BB_0149,peri_urban,A_pos,fresh_frozen_plasma,239,196.0,246.0,271.0,75.0,0.2,Low,20.39,Moderate,Low Stock,Reorder Soon
2024-04-01,BB_0144,peri_urban,B_pos,fresh_frozen_plasma,253,204.0,253.0,279.0,75.0,0.25,Moderate,22.06,Moderate,Adequate,Reorder Soon
2023-08-01,BB_0128,peri_urban,B_pos,fresh_frozen_plasma,246,196.5,245.5,271.5,75.0,0.29,Critical,20.13,Moderate,Adequate,Reorder Soon
2022-10-01,BB_0022,urban,A_pos,platelet_concentrate,232,204.67,254.0,279.7,75.0,0.19,Low,16.26,Moderate,Adequate,Reorder Soon
2023-11-01,BB_0144,urban,A_pos,fresh_frozen_plasma,243,196.0,246.0,271.0,75.0,0.25,Moderate,13.01,Low,Adequate,Reorder Soon
2023-04-01,BB_0123,rural,A_pos,fresh_frozen_plasma,254,199.5,249.5,274.5,75.0,0.26,High,17.55,Moderate,Low Stock,Reorder Soon
2023-05-01,BB_0117,rural,O_neg,whole_blood,269,219.0,269.0,294.0,75.0,0.23,Moderate,8.22,Low,Recovered,Reorder Soon
2024-06-01,BB_0082,rural,A_pos,platelet_concentrate,232,203.83,251.67,278.7,74.9,0.33,Critical,14.73,Moderate,Adequate,Monitor Closely
2023-10-01,BB_0123,urban,B_pos,group_O_neg_emergency,252,195.67,245.33,270.6,74.9,0.26,High,20.45,High,Adequate,Investigate High Wastage
2024-10-01,BB_0088,urban,O_pos,fresh_frozen_plasma,248,199.17,250.83,274.1,74.9,0.32,Critical,14.16,Moderate,Adequate,Reorder Soon
2023-08-01,BB_0051,urban,AB_pos,cryoprecipitate,234,195.33,242.67,270.2,74.9,0.31,Critical,13.25,Low,Recovered,Reorder Soon
2024-03-01,BB_0034,urban,B_neg,platelet_concentrate,226,176.0,226.0,250.9,74.9,0.26,High,21.59,High,Adequate,Prioritize Near-Expiry Usage
2022-10-01,BB_0084,peri_urban,B_neg,packed_RBC,246,200.0,246.0,274.9,74.9,0.16,Low,20.5,High,Critical,Investigate High Wastage
2024-03-01,BB_0104,urban,O_pos,platelet_concentrate,251,192.0,254.4,266.9,74.9,0.22,Moderate,15.72,Moderate,Adequate,Reorder Soon
2023-04-01,BB_0149,rural,O_pos,platelet_concentrate,250,190.5,239.25,265.4,74.9,0.2,Low,18.69,Moderate,Low Stock,Reorder Soon
2022-09-01,BB_0131,rural,A_neg,fresh_frozen_plasma,230,181.0,230.0,255.8,74.8,0.25,Moderate,16.57,Moderate,Critical,Reorder Soon
2023-11-01,BB_0115,peri_urban,A_pos,whole_blood,259,211.0,259.0,285.8,74.8,0.27,High,20.38,High,Adequate,Investigate High Wastage
2024-08-01,BB_0044,urban,A_neg,whole_blood,240,193.0,240.0,267.8,74.8,0.25,Moderate,20.73,High,Recovered,Investigate High Wastage
2022-09-01,BB_0088,peri_urban,A_neg,whole_blood,275,228.0,275.0,302.8,74.8,0.32,Critical,7.02,Low,Adequate,Reorder Soon
2024-07-01,BB_0019,urban,A_pos,whole_blood,259,196.0,244.0,270.8,74.8,0.33,Critical,13.0,Low,Adequate,Reorder Soon
2024-09-01,BB_0097,peri_urban,A_pos,whole_blood,243,195.0,243.0,269.8,74.8,0.27,High,27.18,High,Recovered,Investigate High Wastage
2024-07-01,BB_0017,peri_urban,O_pos,platelet_concentrate,212,193.33,242.0,268.1,74.8,0.26,High,15.7,Moderate,Adequate,Reorder Soon
2024-09-01,BB_0094,peri_urban,O_pos,packed_RBC,241,198.67,246.67,273.5,74.8,0.3,Critical,15.18,Moderate,Low Stock,Reorder Soon
2024-12-01,BB_0100,peri_urban,B_pos,whole_blood,245,200.67,249.67,275.5,74.8,0.27,High,9.86,Low,Low Stock,Reorder Soon
2024-03-01,BB_0050,urban,O_neg,cryoprecipitate,264,217.0,264.0,291.8,74.8,0.16,Low,16.13,Moderate,Low Stock,Reorder Soon
2022-02-01,BB_0051,peri_urban,A_pos,whole_blood,247,199.0,247.0,273.8,74.8,0.31,Critical,35.68,High,Low Stock,Investigate High Wastage
2022-10-01,BB_0075,rural,B_pos,whole_blood,242,203.0,252.0,277.8,74.8,0.28,High,16.94,Moderate,Adequate,Reorder Soon
2024-02-01,BB_0107,rural,B_pos,group_O_neg_emergency,258,207.0,256.5,281.8,74.8,0.23,Moderate,16.43,Moderate,Low Stock,Reorder Soon
2023-10-01,BB_0123,rural,B_pos,whole_blood,259,193.0,242.0,267.8,74.8,0.26,High,18.29,Moderate,Recovered,Reorder Soon
2024-12-01,BB_0123,peri_urban,O_pos,packed_RBC,255,200.0,252.36,274.7,74.7,0.26,High,15.51,Moderate,Critical,Reorder Soon
2023-02-01,BB_0105,urban,A_pos,platelet_concentrate,240,196.0,245.0,270.7,74.7,0.21,Low,13.02,Low,Adequate,Reorder Soon
2024-12-01,BB_0062,rural,A_pos,platelet_concentrate,241,192.0,241.0,266.7,74.7,0.33,Critical,21.88,High,Adequate,Prioritize Near-Expiry Usage
2023-10-01,BB_0142,peri_urban,A_pos,platelet_concentrate,270,198.0,247.0,272.7,74.7,0.2,Low,17.88,Moderate,Recovered,Reorder Soon
2022-12-01,BB_0041,urban,A_neg,packed_RBC,238,188.0,238.0,262.7,74.7,0.2,Low,17.02,Moderate,Low Stock,Reorder Soon
2023-09-01,BB_0081,urban,AB_pos,packed_RBC,255,209.0,255.0,283.7,74.7,0.26,High,14.35,Moderate,Adequate,Reorder Soon
2024-08-01,BB_0110,urban,O_pos,whole_blood,257,203.0,259.0,277.7,74.7,0.29,Critical,16.53,Moderate,Adequate,Reorder Soon
2024-04-01,BB_0027,peri_urban,O_pos,group_O_neg_emergency,270,211.5,260.5,286.2,74.7,0.35,Critical,16.72,Moderate,Low Stock,Monitor Closely
2024-11-01,BB_0016,urban,O_pos,cryoprecipitate,268,198.4,245.73,273.1,74.7,0.23,Moderate,16.78,Moderate,Recovered,Reorder Soon
2022-09-01,BB_0142,rural,A_neg,packed_RBC,257,207.0,257.0,281.7,74.7,0.2,Low,16.91,Moderate,Adequate,Reorder Soon
2024-06-01,BB_0047,urban,AB_neg,fresh_frozen_plasma,250,205.0,250.0,279.7,74.7,0.33,Critical,22.93,Moderate,Adequate,Monitor Closely
2024-08-01,BB_0017,rural,B_pos,cryoprecipitate,247,206.5,256.25,281.2,74.7,0.26,High,13.75,Low,Low Stock,Reorder Soon
2023-01-01,BB_0143,urban,O_pos,group_O_neg_emergency,238,189.0,238.0,263.7,74.7,0.24,Moderate,19.05,High,Adequate,Investigate High Wastage
2024-08-01,BB_0131,rural,A_pos,platelet_concentrate,239,189.33,251.0,263.9,74.6,0.25,Moderate,16.42,Moderate,Adequate,Reorder Soon
2024-11-01,BB_0010,peri_urban,O_pos,fresh_frozen_plasma,243,197.0,245.0,271.6,74.6,0.25,Moderate,18.55,Moderate,Adequate,Reorder Soon
2024-08-01,BB_0030,urban,O_pos,fresh_frozen_plasma,242,194.2,244.6,268.8,74.6,0.27,High,13.43,Low,Adequate,Reorder Soon
2023-09-01,BB_0007,urban,AB_pos,fresh_frozen_plasma,255,206.0,255.0,280.6,74.6,0.36,Critical,26.21,Moderate,Adequate,Monitor Closely
2024-05-01,BB_0088,urban,AB_pos,fresh_frozen_plasma,255,206.0,255.0,280.6,74.6,0.32,Critical,16.99,Moderate,Recovered,Reorder Soon
2024-02-01,BB_0022,rural,O_pos,whole_blood,268,209.4,256.8,284.0,74.6,0.19,Low,15.18,Moderate,Adequate,Reorder Soon
2024-05-01,BB_0087,urban,AB_pos,fresh_frozen_plasma,240,191.0,240.0,265.6,74.6,0.21,Low,10.99,Low,Adequate,Reorder Soon
2024-06-01,BB_0142,urban,AB_pos,platelet_concentrate,219,168.0,219.0,242.6,74.6,0.2,Low,10.12,Low,Adequate,Reorder Soon
2024-01-01,BB_0040,urban,B_pos,group_O_neg_emergency,264,192.33,247.17,266.9,74.6,0.28,High,15.66,Moderate,Adequate,Reorder Soon
2024-04-01,BB_0113,urban,AB_pos,platelet_concentrate,233,182.0,233.0,256.6,74.6,0.25,Moderate,14.29,Moderate,Adequate,Reorder Soon
2022-02-01,BB_0048,peri_urban,AB_pos,platelet_concentrate,259,208.0,259.0,282.6,74.6,0.32,Critical,9.13,Low,Adequate,Reorder Soon
2023-03-01,BB_0044,urban,O_pos,fresh_frozen_plasma,245,195.67,243.67,270.3,74.6,0.25,Moderate,13.43,Low,Adequate,Reorder Soon
2023-05-01,BB_0052,rural,A_neg,cryoprecipitate,252,201.0,252.0,275.5,74.5,0.19,Low,18.41,Moderate,Adequate,Reorder Soon
2024-04-01,BB_0053,peri_urban,O_neg,packed_RBC,254,197.0,244.0,271.5,74.5,0.28,High,14.1,Moderate,Adequate,Reorder Soon
2023-12-01,BB_0102,peri_urban,O_neg,packed_RBC,252,205.0,252.0,279.5,74.5,0.17,Low,22.44,High,Adequate,Investigate High Wastage
2023-05-01,BB_0030,urban,A_pos,fresh_frozen_plasma,236,199.5,249.0,274.0,74.5,0.27,High,17.44,Moderate,Adequate,Reorder Soon
2024-08-01,BB_0048,rural,B_neg,cryoprecipitate,268,218.0,268.0,292.5,74.5,0.32,Critical,19.72,Moderate,Low Stock,Reorder Soon
2023-03-01,BB_0111,urban,O_neg,packed_RBC,236,189.0,236.0,263.5,74.5,0.21,Low,22.75,High,Adequate,Investigate High Wastage
2024-11-01,BB_0121,urban,B_pos,whole_blood,273,205.0,253.67,279.5,74.5,0.24,Moderate,15.74,Moderate,Adequate,Reorder Soon
2023-08-01,BB_0045,rural,O_neg,packed_RBC,242,195.0,242.0,269.5,74.5,0.22,Low,23.08,High,Low Stock,Investigate High Wastage
2022-12-01,BB_0073,urban,A_neg,cryoprecipitate,256,205.0,256.0,279.5,74.5,0.21,Low,21.46,Moderate,Adequate,Reorder Soon
2024-12-01,BB_0103,urban,O_pos,group_O_neg_emergency,277,199.5,248.25,274.0,74.5,0.32,Critical,15.41,Moderate,Adequate,Reorder Soon
2023-12-01,BB_0022,peri_urban,A_pos,fresh_frozen_plasma,265,204.0,253.5,278.5,74.5,0.19,Low,13.2,Low,Adequate,Reorder Soon
2024-05-01,BB_0018,rural,A_pos,group_O_neg_emergency,233,196.5,243.0,270.9,74.4,0.2,Low,20.35,High,Low Stock,Investigate High Wastage
2022-08-01,BB_0035,peri_urban,A_pos,cryoprecipitate,273,225.0,273.0,299.4,74.4,0.24,Moderate,15.56,Moderate,Low Stock,Reorder Soon
2024-09-01,BB_0051,urban,O_pos,fresh_frozen_plasma,266,195.62,252.25,270.0,74.4,0.31,Critical,15.41,Moderate,Adequate,Reorder Soon
2024-03-01,BB_0061,rural,O_pos,whole_blood,273,202.57,255.29,277.0,74.4,0.27,High,14.41,Moderate,Recovered,Reorder Soon
2023-12-01,BB_0025,peri_urban,A_pos,cryoprecipitate,236,196.5,244.5,270.9,74.4,0.3,Critical,22.46,Moderate,Recovered,Reorder Soon
2024-12-01,BB_0079,urban,A_pos,cryoprecipitate,274,194.0,242.0,268.4,74.4,0.39,Critical,18.78,Moderate,Low Stock,Monitor Closely
2024-06-01,BB_0123,urban,O_pos,cryoprecipitate,246,195.38,249.62,269.8,74.4,0.26,High,16.02,Moderate,Adequate,Reorder Soon
2024-04-01,BB_0111,urban,O_pos,cryoprecipitate,267,196.17,251.5,270.6,74.4,0.21,Low,16.88,Moderate,Adequate,Reorder Soon
2024-12-01,BB_0078,urban,A_pos,group_O_neg_emergency,249,208.0,254.5,282.4,74.4,0.25,Moderate,17.89,Moderate,Low Stock,Reorder Soon
2024-03-01,BB_0071,peri_urban,A_pos,packed_RBC,260,201.67,249.67,276.1,74.4,0.16,Low,17.19,Moderate,Adequate,Reorder Soon
2024-02-01,BB_0095,urban,A_pos,cryoprecipitate,251,210.0,258.0,284.4,74.4,0.3,Critical,18.43,Moderate,Adequate,Reorder Soon
2024-06-01,BB_0113,urban,A_pos,packed_RBC,238,200.0,248.0,274.4,74.4,0.25,Moderate,18.66,Moderate,Low Stock,Reorder Soon
2021-11-01,BB_0146,peri_urban,A_pos,packed_RBC,239,191.0,239.0,265.4,74.4,0.18,Low,12.04,Low,Adequate,Reorder Soon
2024-03-01,BB_0111,urban,AB_neg,platelet_concentrate,247,193.0,247.0,267.4,74.4,0.21,Low,16.06,Moderate,Adequate,Reorder Soon
2023-04-01,BB_0037,peri_urban,A_pos,cryoprecipitate,261,206.25,254.25,280.6,74.4,0.21,Low,20.91,Moderate,Low Stock,Reorder Soon
2023-01-01,BB_0060,peri_urban,A_pos,cryoprecipitate,241,190.5,238.5,264.9,74.4,0.25,Moderate,12.18,Low,Adequate,Reorder Soon
2024-01-01,BB_0130,peri_urban,O_pos,platelet_concentrate,241,189.8,245.6,264.1,74.3,0.27,High,17.53,Moderate,Adequate,Reorder Soon
2024-07-01,BB_0026,rural,A_pos,fresh_frozen_plasma,264,194.67,244.0,269.0,74.3,0.28,High,17.11,Moderate,Adequate,Reorder Soon
2022-12-01,BB_0025,peri_urban,B_pos,platelet_concentrate,254,198.67,246.67,273.0,74.3,0.3,Critical,15.49,Moderate,Low Stock,Reorder Soon
2024-06-01,BB_0149,rural,B_pos,group_O_neg_emergency,239,195.5,244.5,269.8,74.3,0.2,Low,18.55,Moderate,Low Stock,Reorder Soon
2022-11-01,BB_0026,urban,B_pos,group_O_neg_emergency,275,214.67,263.67,289.0,74.3,0.28,High,13.28,Low,Recovered,Reorder Soon
2024-09-01,BB_0058,peri_urban,B_pos,whole_blood,251,202.5,251.0,276.8,74.3,0.21,Low,17.93,Moderate,Adequate,Reorder Soon
2021-02-01,BB_0073,urban,B_pos,group_O_neg_emergency,249,200.0,249.0,274.3,74.3,0.21,Low,23.0,High,Low Stock,Investigate High Wastage
2024-05-01,BB_0130,peri_urban,O_neg,fresh_frozen_plasma,255,205.0,255.0,279.3,74.3,0.27,High,14.15,Moderate,Recovered,Reorder Soon
2022-10-01,BB_0149,urban,A_pos,platelet_concentrate,260,209.0,257.5,283.2,74.2,0.2,Low,14.54,Moderate,Adequate,Reorder Soon
2024-05-01,BB_0013,urban,A_pos,group_O_neg_emergency,261,191.5,246.0,265.7,74.2,0.29,Critical,16.22,Moderate,Adequate,Reorder Soon
2024-08-01,BB_0026,peri_urban,O_pos,whole_blood,257,201.75,250.75,276.0,74.2,0.28,High,12.58,Low,Low Stock,Reorder Soon
2024-07-01,BB_0058,urban,A_pos,platelet_concentrate,240,196.75,245.25,271.0,74.2,0.21,Low,11.7,Low,Adequate,Reorder Soon
2023-11-01,BB_0002,urban,O_pos,group_O_neg_emergency,275,198.5,247.0,272.7,74.2,0.23,Moderate,17.69,Moderate,Adequate,Reorder Soon
2024-04-01,BB_0138,peri_urban,A_pos,cryoprecipitate,210,196.0,243.75,270.2,74.2,0.28,High,13.96,Moderate,Adequate,Reorder Soon
2024-11-01,BB_0099,peri_urban,O_pos,cryoprecipitate,236,210.29,255.29,284.5,74.2,0.15,Low,13.27,Low,Adequate,Reorder Soon
2022-05-01,BB_0005,rural,A_neg,platelet_concentrate,245,196.0,245.0,270.2,74.2,0.27,High,19.9,High,Adequate,Prioritize Near-Expiry Usage
2024-10-01,BB_0072,urban,A_pos,cryoprecipitate,271,196.8,248.8,270.9,74.1,0.28,High,18.41,Moderate,Adequate,Reorder Soon
2024-08-01,BB_0038,peri_urban,B_pos,group_O_neg_emergency,234,202.75,251.5,276.8,74.1,0.23,Moderate,18.93,Moderate,Adequate,Reorder Soon
2024-10-01,BB_0070,urban,O_pos,fresh_frozen_plasma,239,196.88,247.62,271.0,74.1,0.22,Moderate,17.35,Moderate,Adequate,Reorder Soon
2023-10-01,BB_0140,urban,B_pos,packed_RBC,268,203.67,252.33,277.8,74.1,0.2,Low,17.17,Moderate,Low Stock,Reorder Soon
2024-12-01,BB_0030,urban,B_pos,whole_blood,240,196.86,256.71,271.0,74.1,0.27,High,17.11,Moderate,Low Stock,Reorder Soon
2022-01-01,BB_0094,urban,A_pos,fresh_frozen_plasma,260,211.0,260.0,285.0,74.0,0.3,Critical,18.48,Moderate,Adequate,Reorder Soon
2021-12-01,BB_0146,urban,A_pos,fresh_frozen_plasma,253,204.0,253.0,278.0,74.0,0.18,Low,17.16,Moderate,Low Stock,Reorder Soon
2024-02-01,BB_0003,urban,B_pos,cryoprecipitate,229,202.0,251.0,276.0,74.0,0.33,Critical,15.82,Moderate,Critical,Reorder Soon
2024-05-01,BB_0118,urban,B_pos,fresh_frozen_plasma,272,202.0,250.0,276.0,74.0,0.29,Critical,21.54,Moderate,Recovered,Reorder Soon
2022-03-01,BB_0038,rural,A_pos,fresh_frozen_plasma,251,202.0,251.0,276.0,74.0,0.23,Moderate,16.34,Moderate,Recovered,Reorder Soon
2024-04-01,BB_0065,rural,O_neg,whole_blood,249,200.0,249.0,274.0,74.0,0.32,Critical,24.0,High,Adequate,Investigate High Wastage
2024-04-01,BB_0075,rural,A_pos,fresh_frozen_plasma,258,210.5,259.5,284.5,74.0,0.28,High,17.06,Moderate,Critical,Reorder Soon
2024-09-01,BB_0040,urban,B_pos,packed_RBC,242,187.5,236.0,261.5,74.0,0.28,High,11.72,Low,Recovered,Reorder Soon
2024-09-01,BB_0134,peri_urban,O_pos,group_O_neg_emergency,250,199.0,247.33,273.0,74.0,0.25,Moderate,17.63,Moderate,Adequate,Reorder Soon
2024-10-01,BB_0102,peri_urban,O_pos,platelet_concentrate,232,192.5,238.83,266.5,74.0,0.17,Low,15.19,Moderate,Low Stock,Reorder Soon
2023-03-01,BB_0064,rural,B_pos,fresh_frozen_plasma,256,208.0,256.0,282.0,74.0,0.12,Low,22.12,Moderate,Adequate,Reorder Soon
2024-01-01,BB_0015,peri_urban,B_pos,cryoprecipitate,257,208.0,257.0,282.0,74.0,0.25,Moderate,16.35,Moderate,Adequate,Reorder Soon
2024-04-01,BB_0112,urban,B_pos,cryoprecipitate,260,197.0,246.0,271.0,74.0,0.28,High,15.99,Moderate,Adequate,Reorder Soon
2022-10-01,BB_0076,urban,B_pos,cryoprecipitate,261,212.0,261.0,286.0,74.0,0.21,Low,20.28,Moderate,Recovered,Reorder Soon
2024-11-01,BB_0050,urban,O_pos,whole_blood,247,192.33,245.67,266.2,73.9,0.16,Low,17.86,Moderate,Adequate,Reorder Soon
2023-12-01,BB_0100,urban,A_pos,platelet_concentrate,248,196.75,245.0,270.7,73.9,0.27,High,16.83,Moderate,Low Stock,Reorder Soon
2024-08-01,BB_0030,urban,O_pos,whole_blood,258,203.4,266.4,277.3,73.9,0.27,High,21.8,High,Low Stock,Investigate High Wastage
2024-11-01,BB_0127,peri_urban,O_pos,group_O_neg_emergency,229,201.0,249.8,274.9,73.9,0.24,Moderate,14.85,Moderate,Adequate,Reorder Soon
2022-04-01,BB_0094,rural,B_neg,packed_RBC,227,182.0,227.0,255.9,73.9,0.3,Critical,13.19,Low,Low Stock,Reorder Soon
2024-02-01,BB_0144,urban,B_neg,platelet_concentrate,251,202.0,251.0,275.9,73.9,0.25,Moderate,14.85,Moderate,Adequate,Reorder Soon
2024-06-01,BB_0104,peri_urban,A_pos,platelet_concentrate,250,209.5,257.75,283.4,73.9,0.22,Moderate,14.86,Moderate,Adequate,Reorder Soon
2024-12-01,BB_0136,peri_urban,O_pos,platelet_concentrate,246,196.43,239.29,270.3,73.9,0.33,Critical,17.51,Moderate,Adequate,Reorder Soon
2024-11-01,BB_0048,urban,O_pos,whole_blood,251,194.75,243.62,268.7,73.9,0.32,Critical,14.82,Moderate,Critical,Reorder Soon
2024-08-01,BB_0063,urban,O_pos,cryoprecipitate,243,189.0,236.5,262.8,73.8,0.29,High,19.31,Moderate,Adequate,Reorder Soon
2024-12-01,BB_0069,urban,B_pos,whole_blood,230,186.0,234.0,259.8,73.8,0.15,Low,10.76,Low,Recovered,Reorder Soon
2024-06-01,BB_0038,rural,A_pos,whole_blood,243,197.0,244.0,270.8,73.8,0.23,Moderate,15.11,Moderate,Recovered,Reorder Soon
2024-09-01,BB_0093,urban,O_pos,fresh_frozen_plasma,253,206.17,260.5,280.0,73.8,0.29,High,14.52,Moderate,Low Stock,Reorder Soon
2024-06-01,BB_0024,urban,A_neg,whole_blood,250,204.0,250.0,277.8,73.8,0.24,Moderate,16.67,Moderate,Low Stock,Reorder Soon
2024-04-01,BB_0055,urban,O_pos,whole_blood,263,204.6,260.4,278.4,73.8,0.24,Moderate,17.92,Moderate,Adequate,Reorder Soon
2024-09-01,BB_0104,rural,B_pos,cryoprecipitate,259,202.0,250.75,275.8,73.8,0.22,Moderate,15.79,Moderate,Adequate,Reorder Soon
2024-11-01,BB_0041,urban,A_pos,fresh_frozen_plasma,234,201.25,250.0,275.0,73.8,0.2,Low,14.93,Moderate,Adequate,Reorder Soon
2023-05-01,BB_0130,urban,O_pos,group_O_neg_emergency,265,206.8,251.4,280.6,73.8,0.27,High,18.76,Moderate,Recovered,Reorder Soon
2023-11-01,BB_0060,urban,A_neg,fresh_frozen_plasma,237,189.0,237.0,262.8,73.8,0.25,Moderate,19.05,Moderate,Adequate,Reorder Soon
2024-09-01,BB_0026,rural,O_pos,platelet_concentrate,260,189.67,249.0,263.5,73.8,0.28,High,20.83,High,Adequate,Prioritize Near-Expiry Usage
2024-05-01,BB_0061,rural,O_pos,platelet_concentrate,255,205.5,255.83,279.2,73.7,0.27,High,15.55,Moderate,Low Stock,Reorder Soon
2023-11-01,BB_0008,rural,O_pos,fresh_frozen_plasma,256,199.0,257.0,272.7,73.7,0.28,High,17.82,Moderate,Recovered,Reorder Soon
2023-07-01,BB_0015,urban,O_pos,cryoprecipitate,255,198.33,245.67,272.0,73.7,0.25,Moderate,12.72,Low,Adequate,Reorder Soon
2024-01-01,BB_0002,peri_urban,A_neg,packed_RBC,262,213.0,262.0,286.7,73.7,0.23,Moderate,16.43,Moderate,Recovered,Reorder Soon
2022-12-01,BB_0097,urban,A_pos,platelet_concentrate,278,205.33,253.33,279.0,73.7,0.27,High,17.64,Moderate,Low Stock,Reorder Soon
2023-02-01,BB_0134,urban,A_pos,packed_RBC,259,196.0,243.33,269.7,73.7,0.25,Moderate,14.82,Moderate,Adequate,Reorder Soon
2022-01-01,BB_0039,peri_urban,A_pos,platelet_concentrate,250,201.5,249.5,275.2,73.7,0.32,Critical,16.6,Moderate,Adequate,Reorder Soon
2024-07-01,BB_0083,urban,B_pos,cryoprecipitate,238,200.0,248.67,273.7,73.7,0.29,Critical,11.4,Low,Adequate,Reorder Soon
2024-08-01,BB_0122,urban,O_pos,whole_blood,261,213.0,261.25,286.6,73.6,0.26,High,17.56,Moderate,Recovered,Reorder Soon
2023-07-01,BB_0032,urban,A_pos,fresh_frozen_plasma,266,204.67,253.33,278.3,73.6,0.29,High,20.71,Moderate,Adequate,Reorder Soon
2023-07-01,BB_0097,peri_urban,O_pos,platelet_concentrate,207,191.75,239.25,265.4,73.6,0.27,High,14.56,Moderate,Adequate,Reorder Soon
2024-09-01,BB_0017,urban,A_pos,cryoprecipitate,264,199.0,254.4,272.6,73.6,0.26,High,20.71,Moderate,Low Stock,Reorder Soon
2024-08-01,BB_0127,rural,B_neg,group_O_neg_emergency,240,205.0,251.5,278.6,73.6,0.24,Moderate,17.6,Moderate,Adequate,Reorder Soon
2024-11-01,BB_0107,peri_urban,O_pos,platelet_concentrate,243,199.75,247.25,273.4,73.6,0.23,Moderate,15.24,Moderate,Low Stock,Reorder Soon
2023-07-01,BB_0112,urban,B_pos,group_O_neg_emergency,252,206.75,255.0,280.3,73.6,0.28,High,17.43,Moderate,Recovered,Reorder Soon
2024-08-01,BB_0024,urban,O_pos,platelet_concentrate,252,198.33,245.67,271.8,73.5,0.24,Moderate,18.29,Moderate,Adequate,Reorder Soon
2024-04-01,BB_0087,rural,B_pos,packed_RBC,238,193.0,241.0,266.5,73.5,0.21,Low,14.7,Moderate,Adequate,Reorder Soon
2024-01-01,BB_0086,urban,A_pos,group_O_neg_emergency,252,211.67,257.33,285.2,73.5,0.41,Critical,15.85,Moderate,Adequate,Monitor Closely
2024-06-01,BB_0087,urban,O_neg,whole_blood,264,203.0,251.5,276.5,73.5,0.21,Low,13.56,Low,Recovered,Reorder Soon
2022-06-01,BB_0041,peri_urban,B_neg,fresh_frozen_plasma,242,199.0,242.0,272.5,73.5,0.2,Low,17.59,Moderate,Low Stock,Reorder Soon
2024-12-01,BB_0103,rural,O_pos,whole_blood,257,206.44,252.56,279.9,73.5,0.32,Critical,15.12,Moderate,Adequate,Reorder Soon
2024-07-01,BB_0146,peri_urban,AB_pos,cryoprecipitate,263,217.0,263.0,290.5,73.5,0.18,Low,21.2,Moderate,Recovered,Reorder Soon
2021-07-01,BB_0134,urban,AB_pos,whole_blood,244,193.0,244.0,266.5,73.5,0.25,Moderate,26.42,High,Recovered,Investigate High Wastage
2023-11-01,BB_0147,urban,B_pos,packed_RBC,247,199.0,247.0,272.5,73.5,0.24,Moderate,9.55,Low,Adequate,Reorder Soon
2024-11-01,BB_0126,peri_urban,O_pos,whole_blood,243,198.2,253.0,271.7,73.5,0.28,High,15.27,Moderate,Low Stock,Reorder Soon
2024-08-01,BB_0147,urban,A_pos,group_O_neg_emergency,225,194.75,240.25,268.2,73.4,0.24,Moderate,16.2,Moderate,Adequate,Reorder Soon
2023-03-01,BB_0084,urban,A_pos,group_O_neg_emergency,253,203.5,249.0,276.9,73.4,0.16,Low,12.28,Low,Adequate,Reorder Soon
2024-11-01,BB_0055,peri_urban,AB_neg,group_O_neg_emergency,254,205.0,254.0,278.4,73.4,0.24,Moderate,10.73,Low,Adequate,Reorder Soon
2024-07-01,BB_0135,urban,AB_pos,group_O_neg_emergency,235,188.0,235.0,261.4,73.4,0.25,Moderate,23.4,High,Adequate,Investigate High Wastage
2024-07-01,BB_0047,peri_urban,O_pos,group_O_neg_emergency,241,190.75,238.5,264.2,73.4,0.33,Critical,16.85,Moderate,Adequate,Monitor Closely
2024-09-01,BB_0112,rural,AB_neg,group_O_neg_emergency,253,204.0,253.0,277.4,73.4,0.28,High,7.35,Low,Recovered,Reorder Soon
2024-05-01,BB_0090,rural,A_pos,group_O_neg_emergency,246,192.0,237.5,265.4,73.4,0.2,Low,20.72,High,Adequate,Investigate High Wastage
2024-11-01,BB_0026,urban,A_pos,cryoprecipitate,275,205.0,252.0,278.4,73.4,0.28,High,15.09,Moderate,Low Stock,Reorder Soon
2024-07-01,BB_0123,peri_urban,A_pos,packed_RBC,249,198.5,245.5,271.9,73.4,0.26,High,15.44,Moderate,Adequate,Reorder Soon
2024-08-01,BB_0137,urban,O_pos,group_O_neg_emergency,242,198.33,246.0,271.7,73.4,0.28,High,23.54,High,Critical,Investigate High Wastage
2024-08-01,BB_0105,rural,B_pos,fresh_frozen_plasma,248,196.17,235.67,269.6,73.4,0.21,Low,16.8,Moderate,Recovered,Reorder Soon
2024-11-01,BB_0038,rural,A_pos,group_O_neg_emergency,270,211.0,256.5,284.4,73.4,0.23,Moderate,20.85,High,Adequate,Investigate High Wastage
2024-12-01,BB_0015,peri_urban,A_pos,platelet_concentrate,259,209.33,257.0,282.7,73.4,0.25,Moderate,11.2,Low,Recovered,Reorder Soon
2024-03-01,BB_0003,rural,AB_pos,group_O_neg_emergency,228,181.0,228.0,254.4,73.4,0.33,Critical,20.99,High,Low Stock,Investigate High Wastage
2023-11-01,BB_0056,urban,A_pos,fresh_frozen_plasma,245,190.33,238.67,263.7,73.4,0.32,Critical,17.17,Moderate,Adequate,Reorder Soon
2022-02-01,BB_0047,rural,A_pos,cryoprecipitate,260,213.0,260.0,286.4,73.4,0.33,Critical,22.54,Moderate,Recovered,Monitor Closely
2024-03-01,BB_0051,peri_urban,B_pos,whole_blood,260,204.5,252.0,277.8,73.3,0.31,Critical,9.79,Low,Adequate,Reorder Soon
2024-08-01,BB_0029,urban,O_pos,cryoprecipitate,230,192.83,241.33,266.1,73.3,0.16,Low,20.97,Moderate,Adequate,Reorder Soon
2024-06-01,BB_0116,rural,O_pos,group_O_neg_emergency,269,206.67,254.33,280.0,73.3,0.29,High,14.53,Moderate,Adequate,Reorder Soon
2024-05-01,BB_0010,peri_urban,O_pos,cryoprecipitate,236,189.0,236.0,262.3,73.3,0.25,Moderate,12.7,Low,Low Stock,Reorder Soon
2024-12-01,BB_0034,rural,O_pos,platelet_concentrate,236,197.5,244.75,270.8,73.3,0.26,High,21.17,High,Low Stock,Prioritize Near-Expiry Usage
2024-01-01,BB_0052,urban,O_neg,fresh_frozen_plasma,254,205.0,254.0,278.3,73.3,0.19,Low,18.54,Moderate,Adequate,Reorder Soon
2024-12-01,BB_0085,rural,O_pos,fresh_frozen_plasma,248,197.8,253.4,271.1,73.3,0.3,Critical,17.25,Moderate,Adequate,Reorder Soon
2024-11-01,BB_0031,peri_urban,A_pos,group_O_neg_emergency,249,207.0,252.33,280.2,73.2,0.24,Moderate,10.03,Low,Low Stock,Reorder Soon
2024-07-01,BB_0145,rural,A_neg,group_O_neg_emergency,243,195.0,243.0,268.2,73.2,0.22,Moderate,28.72,High,Adequate,Investigate High Wastage
2024-03-01,BB_0088,rural,O_pos,whole_blood,239,204.75,252.75,278.0,73.2,0.32,Critical,8.76,Low,Adequate,Reorder Soon
2024-12-01,BB_0107,urban,A_pos,whole_blood,234,201.33,247.67,274.5,73.2,0.23,Moderate,14.45,Moderate,Adequate,Reorder Soon
2024-06-01,BB_0048,urban,O_pos,cryoprecipitate,247,205.57,248.14,278.8,73.2,0.32,Critical,13.15,Low,Adequate,Reorder Soon
2023-04-01,BB_0001,urban,A_neg,group_O_neg_emergency,256,207.5,255.5,280.7,73.2,0.31,Critical,15.64,Moderate,Adequate,Reorder Soon
2023-06-01,BB_0118,peri_urban,A_neg,group_O_neg_emergency,260,212.0,260.0,285.2,73.2,0.29,Critical,20.75,High,Adequate,Investigate High Wastage
2024-10-01,BB_0147,urban,O_pos,whole_blood,240,184.2,237.8,257.4,73.2,0.24,Moderate,20.27,High,Adequate,Investigate High Wastage
2022-10-01,BB_0137,peri_urban,B_pos,whole_blood,254,205.33,252.67,278.5,73.2,0.28,High,18.04,Moderate,Adequate,Reorder Soon
2024-12-01,BB_0099,urban,O_pos,whole_blood,264,201.0,248.67,274.1,73.1,0.15,Low,16.54,Moderate,Adequate,Reorder Soon
2024-08-01,BB_0094,urban,O_pos,whole_blood,245,193.8,252.6,266.9,73.1,0.3,Critical,16.08,Moderate,Critical,Reorder Soon
2024-04-01,BB_0051,urban,A_pos,group_O_neg_emergency,241,205.75,251.0,278.9,73.1,0.31,Critical,12.84,Low,Critical,Reorder Soon
2023-09-01,BB_0078,urban,B_neg,group_O_neg_emergency,257,211.0,257.0,284.1,73.1,0.25,Moderate,28.44,High,Adequate,Investigate High Wastage
2024-08-01,BB_0098,urban,O_pos,whole_blood,260,198.75,246.5,271.8,73.1,0.23,Moderate,15.5,Moderate,Adequate,Reorder Soon
2024-09-01,BB_0096,rural,O_pos,packed_RBC,229,197.75,251.38,270.8,73.1,0.23,Moderate,16.34,Moderate,Adequate,Reorder Soon
2024-08-01,BB_0083,urban,A_pos,cryoprecipitate,264,198.0,244.67,271.1,73.1,0.29,Critical,13.5,Low,Low Stock,Reorder Soon
2024-11-01,BB_0071,urban,A_pos,group_O_neg_emergency,241,201.33,252.17,274.4,73.1,0.16,Low,19.68,High,Adequate,Investigate High Wastage
2024-06-01,BB_0104,urban,O_pos,packed_RBC,247,197.12,237.12,270.2,73.1,0.22,Moderate,14.61,Moderate,Adequate,Reorder Soon
2024-08-01,BB_0069,rural,O_pos,platelet_concentrate,249,196.25,243.25,269.4,73.1,0.15,Low,13.46,Low,Adequate,Reorder Soon
2023-10-01,BB_0148,urban,B_pos,platelet_concentrate,228,200.0,246.67,273.0,73.0,0.27,High,22.07,High,Low Stock,Prioritize Near-Expiry Usage
2022-11-01,BB_0101,urban,B_pos,fresh_frozen_plasma,229,182.0,229.0,255.0,73.0,0.19,Low,12.64,Low,Adequate,Reorder Soon
2023-11-01,BB_0047,peri_urban,B_pos,whole_blood,244,203.0,250.25,276.0,73.0,0.33,Critical,15.23,Moderate,Adequate,Monitor Closely
2024-05-01,BB_0005,peri_urban,O_pos,fresh_frozen_plasma,250,198.29,246.0,271.3,73.0,0.27,High,16.03,Moderate,Adequate,Reorder Soon
2024-08-01,BB_0092,peri_urban,O_pos,whole_blood,251,205.0,252.75,278.0,73.0,0.18,Low,17.64,Moderate,Adequate,Reorder Soon
2023-01-01,BB_0088,urban,O_neg,whole_blood,240,192.0,240.0,265.0,73.0,0.32,Critical,8.33,Low,Low Stock,Reorder Soon
2024-10-01,BB_0064,peri_urban,O_pos,group_O_neg_emergency,254,198.12,251.12,271.1,73.0,0.12,Low,14.78,Moderate,Recovered,Reorder Soon
2022-04-01,BB_0067,urban,O_neg,whole_blood,237,189.0,237.0,262.0,73.0,0.28,High,9.52,Low,Adequate,Reorder Soon
2023-04-01,BB_0139,urban,O_neg,group_O_neg_emergency,250,203.0,250.0,276.0,73.0,0.25,Moderate,17.73,Moderate,Adequate,Reorder Soon
2023-01-01,BB_0074,rural,O_neg,group_O_neg_emergency,234,187.0,234.0,260.0,73.0,0.25,High,10.7,Low,Critical,Reorder Soon
2023-07-01,BB_0146,urban,AB_pos,whole_blood,243,188.5,239.0,261.5,73.0,0.18,Low,11.42,Low,Recovered,Reorder Soon
2023-02-01,BB_0005,urban,B_pos,fresh_frozen_plasma,237,199.0,246.0,272.0,73.0,0.27,High,21.64,Moderate,Adequate,Reorder Soon
2024-04-01,BB_0088,rural,O_pos,cryoprecipitate,247,190.0,236.75,263.0,73.0,0.32,Critical,18.3,Moderate,Adequate,Reorder Soon
2024-12-01,BB_0003,peri_urban,O_pos,platelet_concentrate,249,196.33,247.78,269.3,73.0,0.33,Critical,17.62,Moderate,Low Stock,Reorder Soon
2024-04-01,BB_0065,urban,O_pos,cryoprecipitate,257,197.71,244.0,270.7,73.0,0.32,Critical,15.24,Moderate,Critical,Reorder Soon
2024-06-01,BB_0118,peri_urban,A_pos,packed_RBC,246,201.5,248.0,274.4,72.9,0.29,Critical,17.61,Moderate,Adequate,Reorder Soon
2022-04-01,BB_0046,urban,O_neg,platelet_concentrate,231,186.0,231.0,258.9,72.9,0.29,Critical,19.35,High,Low Stock,Prioritize Near-Expiry Usage
2024-09-01,BB_0042,peri_urban,O_pos,fresh_frozen_plasma,259,198.0,254.4,270.9,72.9,0.24,Moderate,14.95,Moderate,Adequate,Reorder Soon
2024-02-01,BB_0117,urban,A_pos,packed_RBC,251,205.0,251.5,277.9,72.9,0.23,Moderate,18.52,Moderate,Adequate,Reorder Soon
2023-07-01,BB_0061,urban,A_pos,group_O_neg_emergency,247,200.0,245.0,272.9,72.9,0.27,High,19.35,High,Adequate,Investigate High Wastage
2022-01-01,BB_0051,peri_urban,B_neg,packed_RBC,231,187.0,231.0,259.9,72.9,0.31,Critical,9.63,Low,Recovered,Reorder Soon
2023-08-01,BB_0106,rural,O_pos,fresh_frozen_plasma,236,201.0,247.33,273.9,72.9,0.22,Low,13.98,Moderate,Recovered,Reorder Soon
2024-04-01,BB_0112,urban,A_pos,group_O_neg_emergency,260,215.0,260.0,287.9,72.9,0.28,High,19.53,High,Critical,Investigate High Wastage
2024-07-01,BB_0087,rural,O_pos,group_O_neg_emergency,233,204.75,252.0,277.7,72.9,0.21,Low,15.59,Moderate,Recovered,Reorder Soon
2023-10-01,BB_0133,rural,O_pos,cryoprecipitate,223,199.14,247.43,272.0,72.9,0.22,Low,15.89,Moderate,Low Stock,Reorder Soon
2024-12-01,BB_0062,rural,A_pos,group_O_neg_emergency,245,201.5,246.5,274.4,72.9,0.33,Critical,15.14,Moderate,Recovered,Reorder Soon
2023-01-01,BB_0115,urban,O_pos,platelet_concentrate,252,197.0,250.4,269.9,72.9,0.27,High,20.93,High,Adequate,Prioritize Near-Expiry Usage
2024-10-01,BB_0091,urban,O_pos,packed_RBC,229,208.5,254.5,281.3,72.8,0.22,Low,11.13,Low,Adequate,Reorder Soon
2024-04-01,BB_0132,urban,O_pos,fresh_frozen_plasma,271,200.0,251.0,272.8,72.8,0.23,Moderate,11.98,Low,Adequate,Reorder Soon
2023-07-01,BB_0070,urban,B_pos,whole_blood,229,182.0,229.0,254.8,72.8,0.22,Moderate,6.04,Low,Adequate,Reorder Soon
2024-04-01,BB_0012,urban,O_pos,group_O_neg_emergency,241,195.25,242.25,268.0,72.8,0.23,Moderate,14.84,Moderate,Adequate,Reorder Soon
2022-04-01,BB_0099,urban,B_pos,whole_blood,250,203.0,250.0,275.8,72.8,0.15,Low,5.91,Low,Adequate,Reorder Soon
2023-02-01,BB_0123,peri_urban,A_neg,fresh_frozen_plasma,247,200.0,247.0,272.8,72.8,0.26,High,21.0,Moderate,Recovered,Reorder Soon
2022-11-01,BB_0035,rural,O_pos,packed_RBC,270,224.0,270.0,296.8,72.8,0.24,Moderate,4.91,Low,Adequate,Reorder Soon
2024-06-01,BB_0057,rural,A_pos,platelet_concentrate,266,203.25,250.25,276.0,72.8,0.21,Low,12.59,Low,Recovered,Reorder Soon
2024-11-01,BB_0064,peri_urban,O_pos,packed_RBC,256,193.5,239.5,266.3,72.8,0.12,Low,12.28,Low,Low Stock,Reorder Soon
2023-10-01,BB_0091,rural,B_pos,platelet_concentrate,248,205.5,252.0,278.3,72.8,0.22,Low,22.08,High,Adequate,Prioritize Near-Expiry Usage
2022-07-01,BB_0058,urban,O_pos,whole_blood,252,203.5,251.0,276.3,72.8,0.21,Low,23.33,High,Recovered,Investigate High Wastage
2024-01-01,BB_0140,urban,O_pos,packed_RBC,251,194.5,253.0,267.2,72.7,0.2,Low,14.81,Moderate,Adequate,Reorder Soon
2024-10-01,BB_0086,peri_urban,O_pos,whole_blood,248,199.83,258.5,272.5,72.7,0.41,Critical,16.28,Moderate,Recovered,Monitor Closely
2024-09-01,BB_0102,peri_urban,O_pos,whole_blood,235,190.29,247.29,263.0,72.7,0.17,Low,14.98,Moderate,Adequate,Reorder Soon
2024-04-01,BB_0090,urban,B_neg,whole_blood,253,204.0,253.0,276.7,72.7,0.2,Low,15.2,Moderate,Recovered,Reorder Soon
2024-03-01,BB_0052,peri_urban,B_pos,fresh_frozen_plasma,246,212.0,254.4,284.7,72.7,0.19,Low,21.74,Moderate,Adequate,Reorder Soon
2022-01-01,BB_0139,urban,A_neg,packed_RBC,260,212.0,260.0,284.7,72.7,0.25,Moderate,12.26,Low,Adequate,Reorder Soon
2022-07-01,BB_0093,urban,AB_pos,fresh_frozen_plasma,253,206.0,253.0,278.6,72.6,0.29,High,11.65,Low,Adequate,Reorder Soon
2023-01-01,BB_0094,peri_urban,O_pos,fresh_frozen_plasma,249,206.33,252.33,278.9,72.6,0.3,Critical,18.98,Moderate,Critical,Reorder Soon
2024-09-01,BB_0054,urban,O_pos,cryoprecipitate,240,195.5,239.17,268.1,72.6,0.28,High,18.88,Moderate,Adequate,Reorder Soon
2023-06-01,BB_0104,urban,O_pos,cryoprecipitate,250,201.0,247.33,273.6,72.6,0.22,Moderate,15.56,Moderate,Adequate,Reorder Soon
2024-08-01,BB_0098,rural,A_pos,platelet_concentrate,271,200.6,251.0,273.1,72.5,0.23,Moderate,12.67,Low,Critical,Reorder Soon
2024-10-01,BB_0097,urban,A_pos,packed_RBC,242,194.0,250.8,266.5,72.5,0.27,High,17.8,Moderate,Low Stock,Reorder Soon
2024-10-01,BB_0085,urban,A_pos,platelet_concentrate,219,186.0,232.2,258.5,72.5,0.3,Critical,16.01,Moderate,Adequate,Reorder Soon
2022-07-01,BB_0035,urban,B_neg,cryoprecipitate,242,194.0,242.0,266.5,72.5,0.24,Moderate,8.76,Low,Adequate,Reorder Soon
2021-11-01,BB_0073,rural,AB_pos,cryoprecipitate,246,201.0,246.0,273.5,72.5,0.21,Low,13.93,Low,Adequate,Reorder Soon
2023-04-01,BB_0139,urban,B_neg,fresh_frozen_plasma,270,214.5,256.5,287.0,72.5,0.25,Moderate,22.37,Moderate,Recovered,Reorder Soon
2023-04-01,BB_0142,urban,B_pos,packed_RBC,268,221.0,268.0,293.5,72.5,0.2,Low,18.55,Moderate,Adequate,Reorder Soon
2023-07-01,BB_0101,urban,AB_pos,cryoprecipitate,265,199.5,244.5,272.0,72.5,0.19,Low,11.81,Low,Low Stock,Reorder Soon
2024-06-01,BB_0142,rural,O_pos,fresh_frozen_plasma,244,201.86,251.71,274.3,72.4,0.2,Low,16.86,Moderate,Low Stock,Reorder Soon
2024-10-01,BB_0105,peri_urban,A_pos,packed_RBC,254,200.75,246.75,273.2,72.4,0.21,Low,20.43,High,Adequate,Investigate High Wastage
2023-05-01,BB_0149,rural,B_neg,packed_RBC,233,199.5,243.0,271.9,72.4,0.2,Low,16.36,Moderate,Adequate,Reorder Soon
2024-11-01,BB_0007,rural,B_neg,packed_RBC,261,199.5,243.0,271.9,72.4,0.36,Critical,13.55,Low,Adequate,Monitor Closely
2024-10-01,BB_0066,rural,O_pos,fresh_frozen_plasma,217,195.8,236.6,268.2,72.4,0.22,Moderate,16.49,Moderate,Adequate,Reorder Soon
2024-02-01,BB_0085,urban,B_pos,fresh_frozen_plasma,237,207.33,253.67,279.7,72.4,0.3,Critical,16.24,Moderate,Adequate,Reorder Soon
2024-10-01,BB_0081,peri_urban,O_pos,cryoprecipitate,229,201.88,248.88,274.3,72.4,0.26,High,17.51,Moderate,Critical,Reorder Soon
2023-12-01,BB_0050,urban,A_pos,cryoprecipitate,251,209.75,255.75,282.2,72.4,0.16,Low,19.11,Moderate,Adequate,Reorder Soon
2024-10-01,BB_0091,urban,A_pos,group_O_neg_emergency,213,193.75,238.25,266.2,72.4,0.22,Low,15.6,Moderate,Adequate,Reorder Soon
2024-07-01,BB_0060,peri_urban,A_pos,packed_RBC,279,215.0,261.0,287.4,72.4,0.25,Moderate,18.82,Moderate,Adequate,Reorder Soon
2022-12-01,BB_0119,rural,A_pos,cryoprecipitate,259,213.0,259.0,285.4,72.4,0.22,Low,25.35,Moderate,Adequate,Reorder Soon
2023-09-01,BB_0106,rural,A_pos,packed_RBC,244,198.0,244.0,270.4,72.4,0.22,Low,7.58,Low,Low Stock,Reorder Soon
2024-09-01,BB_0106,rural,A_pos,platelet_concentrate,261,197.0,243.67,269.4,72.4,0.22,Low,8.96,Low,Adequate,Reorder Soon
2024-10-01,BB_0076,urban,O_pos,fresh_frozen_plasma,262,201.33,247.0,273.6,72.3,0.21,Low,18.11,Moderate,Adequate,Reorder Soon
2024-10-01,BB_0043,urban,O_pos,cryoprecipitate,252,206.0,252.0,278.3,72.3,0.25,Moderate,20.39,Moderate,Adequate,Reorder Soon
2024-11-01,BB_0055,urban,O_pos,group_O_neg_emergency,241,203.45,246.91,275.8,72.3,0.24,Moderate,15.23,Moderate,Recovered,Reorder Soon
2023-09-01,BB_0112,peri_urban,O_pos,fresh_frozen_plasma,257,210.5,256.25,282.8,72.3,0.28,High,15.64,Moderate,Adequate,Reorder Soon
2024-12-01,BB_0138,rural,A_pos,fresh_frozen_plasma,249,215.0,262.33,287.3,72.3,0.28,High,19.82,Moderate,Adequate,Reorder Soon
2024-12-01,BB_0063,rural,O_pos,platelet_concentrate,241,199.5,245.75,271.8,72.3,0.29,High,18.18,Moderate,Critical,Reorder Soon
2024-05-01,BB_0009,peri_urban,B_pos,group_O_neg_emergency,235,192.33,239.33,264.6,72.3,0.27,High,17.27,Moderate,Adequate,Reorder Soon
2023-09-01,BB_0079,urban,O_pos,whole_blood,259,203.67,250.67,276.0,72.3,0.39,Critical,17.17,Moderate,Adequate,Monitor Closely
2024-07-01,BB_0077,urban,O_pos,whole_blood,245,199.33,246.33,271.6,72.3,0.25,Moderate,15.57,Moderate,Recovered,Reorder Soon
2024-02-01,BB_0035,peri_urban,O_pos,group_O_neg_emergency,244,193.2,254.2,265.4,72.2,0.24,Moderate,16.69,Moderate,Low Stock,Reorder Soon
2023-09-01,BB_0111,urban,O_pos,whole_blood,237,197.71,244.14,269.9,72.2,0.21,Low,15.57,Moderate,Adequate,Reorder Soon
2024-09-01,BB_0094,rural,A_neg,group_O_neg_emergency,233,186.0,233.0,258.2,72.2,0.3,Critical,12.37,Low,Adequate,Reorder Soon
2023-11-01,BB_0106,urban,A_neg,group_O_neg_emergency,234,187.0,234.0,259.2,72.2,0.22,Low,26.2,High,Adequate,Investigate High Wastage
2024-03-01,BB_0132,rural,O_pos,platelet_concentrate,261,204.0,250.0,276.1,72.1,0.23,Moderate,15.83,Moderate,Adequate,Reorder Soon
2024-02-01,BB_0036,urban,B_pos,packed_RBC,254,207.67,254.33,279.8,72.1,0.32,Critical,11.01,Low,Adequate,Reorder Soon
2024-05-01,BB_0079,rural,B_pos,packed_RBC,239,204.75,251.25,276.8,72.1,0.39,Critical,12.92,Low,Adequate,Monitor Closely
2023-01-01,BB_0074,urban,AB_pos,platelet_concentrate,260,196.0,244.5,268.1,72.1,0.25,High,17.29,Moderate,Recovered,Reorder Soon
2024-07-01,BB_0043,peri_urban,A_pos,whole_blood,266,210.5,255.75,282.6,72.1,0.25,Moderate,21.44,High,Adequate,Investigate High Wastage
2022-09-01,BB_0025,urban,AB_pos,platelet_concentrate,254,202.5,251.0,274.6,72.1,0.3,Critical,16.95,Moderate,Critical,Reorder Soon
2024-12-01,BB_0027,urban,O_pos,platelet_concentrate,233,205.25,251.25,277.4,72.1,0.35,Critical,20.76,High,Recovered,Monitor Closely
2024-09-01,BB_0135,urban,O_pos,platelet_concentrate,259,195.14,248.29,267.2,72.1,0.25,Moderate,11.85,Low,Adequate,Reorder Soon
2024-12-01,BB_0003,rural,AB_pos,whole_blood,259,204.67,254.33,276.8,72.1,0.33,Critical,11.8,Low,Adequate,Reorder Soon
2024-11-01,BB_0025,urban,O_pos,cryoprecipitate,266,199.75,245.5,271.8,72.1,0.3,Critical,18.67,Moderate,Adequate,Reorder Soon
2024-11-01,BB_0113,urban,O_pos,platelet_concentrate,246,204.38,254.5,276.5,72.1,0.25,Moderate,16.81,Moderate,Recovered,Reorder Soon
2023-08-01,BB_0148,urban,O_pos,packed_RBC,245,192.67,238.0,264.8,72.1,0.27,High,16.68,Moderate,Recovered,Reorder Soon
2023-09-01,BB_0006,urban,B_pos,cryoprecipitate,235,200.5,247.5,272.5,72.0,0.22,Low,17.8,Moderate,Adequate,Reorder Soon
2022-06-01,BB_0048,rural,B_pos,cryoprecipitate,258,197.5,244.5,269.5,72.0,0.32,Critical,22.37,Moderate,Adequate,Reorder Soon
2024-06-01,BB_0052,urban,A_pos,fresh_frozen_plasma,266,199.0,246.0,271.0,72.0,0.19,Low,20.88,Moderate,Adequate,Reorder Soon
2021-04-01,BB_0022,urban,AB_neg,packed_RBC,223,174.0,223.0,246.0,72.0,0.19,Low,12.07,Low,Adequate,Reorder Soon
2023-10-01,BB_0014,urban,O_pos,whole_blood,243,199.83,246.67,271.8,72.0,0.27,High,15.77,Moderate,Adequate,Reorder Soon
2021-07-01,BB_0110,urban,B_pos,fresh_frozen_plasma,254,208.0,254.0,280.0,72.0,0.29,Critical,17.31,Moderate,Low Stock,Reorder Soon
2022-08-01,BB_0095,urban,O_neg,whole_blood,268,218.5,265.5,290.5,72.0,0.3,Critical,15.56,Moderate,Recovered,Reorder Soon
2024-12-01,BB_0106,urban,B_pos,group_O_neg_emergency,241,203.33,250.0,275.3,72.0,0.22,Low,17.06,Moderate,Adequate,Reorder Soon
2024-04-01,BB_0044,peri_urban,B_pos,packed_RBC,254,194.5,241.0,266.5,72.0,0.25,Moderate,19.24,High,Adequate,Investigate High Wastage
2023-11-01,BB_0069,urban,B_pos,packed_RBC,252,204.5,251.0,276.5,72.0,0.15,Low,12.96,Low,Adequate,Reorder Soon
2023-10-01,BB_0035,urban,B_neg,packed_RBC,223,204.0,247.0,275.9,71.9,0.24,Moderate,21.26,High,Adequate,Investigate High Wastage
2021-02-01,BB_0093,peri_urban,O_neg,platelet_concentrate,237,193.0,237.0,264.9,71.9,0.29,High,16.58,Moderate,Adequate,Reorder Soon
2024-03-01,BB_0054,urban,B_neg,platelet_concentrate,261,214.0,261.0,285.9,71.9,0.28,High,17.29,Moderate,Adequate,Reorder Soon
2023-03-01,BB_0096,urban,A_pos,packed_RBC,247,204.0,249.5,275.9,71.9,0.23,Moderate,19.24,High,Adequate,Investigate High Wastage
2024-09-01,BB_0072,rural,O_pos,platelet_concentrate,250,204.0,251.83,275.9,71.9,0.28,High,20.93,High,Adequate,Prioritize Near-Expiry Usage
2023-09-01,BB_0111,urban,O_pos,group_O_neg_emergency,233,200.2,248.0,272.1,71.9,0.21,Low,15.41,Moderate,Adequate,Reorder Soon
2022-10-01,BB_0091,rural,A_pos,packed_RBC,276,209.25,254.75,281.2,71.9,0.22,Low,22.0,High,Adequate,Investigate High Wastage
2024-11-01,BB_0034,urban,B_pos,cryoprecipitate,271,202.4,259.2,274.3,71.9,0.26,High,13.41,Low,Critical,Reorder Soon
2024-04-01,BB_0105,urban,O_pos,platelet_concentrate,274,202.0,247.67,273.8,71.8,0.21,Low,19.53,High,Recovered,Prioritize Near-Expiry Usage
2024-05-01,BB_0090,urban,O_pos,packed_RBC,251,199.0,244.0,270.8,71.8,0.2,Low,15.33,Moderate,Adequate,Reorder Soon
2024-12-01,BB_0013,rural,O_pos,packed_RBC,251,206.33,251.33,278.1,71.8,0.29,Critical,14.08,Moderate,Adequate,Reorder Soon
2023-08-01,BB_0100,peri_urban,O_neg,cryoprecipitate,235,212.5,256.5,284.3,71.8,0.27,High,17.47,Moderate,Low Stock,Reorder Soon
2023-05-01,BB_0147,urban,A_pos,whole_blood,218,173.0,218.0,244.8,71.8,0.24,Moderate,15.03,Moderate,Adequate,Reorder Soon
2021-12-01,BB_0019,peri_urban,O_neg,cryoprecipitate,239,195.0,239.0,266.8,71.8,0.33,Critical,17.44,Moderate,Recovered,Reorder Soon
2024-02-01,BB_0047,urban,A_neg,fresh_frozen_plasma,252,206.0,252.0,277.8,71.8,0.33,Critical,6.8,Low,Adequate,Monitor Closely
2022-01-01,BB_0108,peri_urban,B_pos,platelet_concentrate,242,203.0,248.5,274.8,71.8,0.22,Moderate,17.8,Moderate,Adequate,Reorder Soon
2023-11-01,BB_0064,peri_urban,A_neg,whole_blood,254,210.0,254.0,281.8,71.8,0.12,Low,16.67,Moderate,Adequate,Reorder Soon
2023-08-01,BB_0131,urban,A_pos,whole_blood,245,200.0,245.0,271.8,71.8,0.25,Moderate,12.0,Low,Adequate,Reorder Soon
2024-12-01,BB_0065,rural,O_pos,packed_RBC,225,198.29,246.86,270.1,71.8,0.32,Critical,17.05,Moderate,Low Stock,Reorder Soon
2024-10-01,BB_0045,peri_urban,O_pos,cryoprecipitate,244,199.0,244.5,270.8,71.8,0.22,Low,15.61,Moderate,Low Stock,Reorder Soon
2024-11-01,BB_0038,urban,O_pos,group_O_neg_emergency,238,200.0,246.0,271.7,71.7,0.23,Moderate,17.6,Moderate,Adequate,Reorder Soon
2021-04-01,BB_0078,urban,A_neg,packed_RBC,255,208.0,255.0,279.7,71.7,0.25,Moderate,8.17,Low,Low Stock,Reorder Soon
2022-02-01,BB_0107,rural,A_pos,platelet_concentrate,274,228.0,274.0,299.7,71.7,0.23,Moderate,16.67,Moderate,Adequate,Reorder Soon
2024-08-01,BB_0128,urban,O_pos,platelet_concentrate,266,207.0,243.88,278.7,71.7,0.29,Critical,13.95,Low,Adequate,Reorder Soon
2024-09-01,BB_0078,rural,O_pos,whole_blood,258,204.5,243.33,276.2,71.7,0.25,Moderate,18.46,Moderate,Critical,Reorder Soon
2024-09-01,BB_0059,peri_urban,B_pos,fresh_frozen_plasma,263,201.2,249.8,272.9,71.7,0.37,Critical,15.79,Moderate,Adequate,Monitor Closely
2024-03-01,BB_0124,peri_urban,AB_neg,cryoprecipitate,240,190.0,240.0,261.7,71.7,0.22,Low,21.58,Moderate,Adequate,Reorder Soon
2023-11-01,BB_0057,rural,O_pos,whole_blood,231,205.0,244.8,276.7,71.7,0.21,Low,12.64,Low,Adequate,Reorder Soon
2024-07-01,BB_0131,urban,O_pos,fresh_frozen_plasma,256,202.2,256.4,273.9,71.7,0.25,Moderate,14.91,Moderate,Adequate,Reorder Soon
2024-12-01,BB_0071,rural,O_pos,whole_blood,232,191.75,238.0,263.3,71.6,0.16,Low,19.73,High,Recovered,Investigate High Wastage
2024-06-01,BB_0024,urban,O_pos,fresh_frozen_plasma,239,204.0,249.0,275.6,71.6,0.24,Moderate,16.81,Moderate,Adequate,Reorder Soon
2022-09-01,BB_0108,rural,AB_pos,platelet_concentrate,254,206.0,254.0,277.6,71.6,0.22,Moderate,23.3,High,Adequate,Prioritize Near-Expiry Usage
2024-02-01,BB_0024,rural,O_pos,cryoprecipitate,271,206.67,252.0,278.3,71.6,0.24,Moderate,19.69,Moderate,Critical,Reorder Soon
2024-10-01,BB_0007,peri_urban,O_pos,group_O_neg_emergency,233,199.83,244.25,271.4,71.6,0.36,Critical,14.93,Moderate,Adequate,Monitor Closely
2024-10-01,BB_0010,urban,A_pos,group_O_neg_emergency,244,197.5,246.17,269.1,71.6,0.25,Moderate,14.98,Moderate,Adequate,Reorder Soon
2024-09-01,BB_0145,urban,O_pos,cryoprecipitate,237,198.0,243.25,269.6,71.6,0.22,Moderate,19.49,Moderate,Adequate,Reorder Soon
2024-10-01,BB_0092,urban,O_pos,platelet_concentrate,234,205.9,250.4,277.5,71.6,0.18,Low,17.45,Moderate,Low Stock,Reorder Soon
2024-08-01,BB_0042,urban,O_pos,platelet_concentrate,254,206.25,251.75,277.8,71.6,0.24,Moderate,17.08,Moderate,Recovered,Reorder Soon
2024-05-01,BB_0001,urban,A_pos,whole_blood,260,199.0,243.75,270.6,71.6,0.31,Critical,14.17,Moderate,Recovered,Reorder Soon
2024-11-01,BB_0049,peri_urban,O_pos,platelet_concentrate,226,200.0,243.67,271.6,71.6,0.37,Critical,17.4,Moderate,Adequate,Monitor Closely
2024-01-01,BB_0070,peri_urban,AB_pos,platelet_concentrate,219,171.0,219.0,242.6,71.6,0.22,Moderate,8.77,Low,Adequate,Reorder Soon
2023-02-01,BB_0095,urban,AB_pos,fresh_frozen_plasma,255,209.0,255.0,280.6,71.6,0.3,Critical,21.53,Moderate,Recovered,Reorder Soon
2023-05-01,BB_0052,urban,O_pos,platelet_concentrate,254,204.0,249.5,275.6,71.6,0.19,Low,14.06,Moderate,Adequate,Reorder Soon
2024-04-01,BB_0068,urban,B_pos,whole_blood,239,204.33,250.0,275.8,71.5,0.27,High,14.48,Moderate,Adequate,Reorder Soon
2021-04-01,BB_0067,urban,B_neg,cryoprecipitate,259,212.0,259.0,283.5,71.5,0.28,High,14.62,Moderate,Recovered,Reorder Soon
2022-09-01,BB_0128,urban,B_neg,cryoprecipitate,240,193.0,240.0,264.5,71.5,0.29,Critical,23.83,Moderate,Critical,Reorder Soon
2021-01-01,BB_0140,peri_urban,B_neg,fresh_frozen_plasma,240,199.0,240.0,270.5,71.5,0.2,Low,11.06,Low,Recovered,Reorder Soon
2024-12-01,BB_0085,peri_urban,A_pos,whole_blood,239,203.0,247.67,274.5,71.5,0.3,Critical,14.06,Moderate,Adequate,Reorder Soon
2022-08-01,BB_0024,urban,B_pos,packed_RBC,254,208.0,254.0,279.5,71.5,0.24,Moderate,23.08,High,Adequate,Investigate High Wastage
2023-10-01,BB_0064,urban,AB_pos,whole_blood,258,209.0,258.0,280.5,71.5,0.12,Low,3.83,Low,Adequate,Reorder Soon
2024-05-01,BB_0017,rural,A_pos,fresh_frozen_plasma,227,184.5,231.0,256.0,71.5,0.26,High,25.21,Moderate,Recovered,Reorder Soon
2023-11-01,BB_0059,urban,O_neg,packed_RBC,247,203.0,247.0,274.5,71.5,0.37,Critical,27.09,High,Adequate,Monitor Closely
2023-04-01,BB_0112,peri_urban,AB_pos,cryoprecipitate,252,205.0,249.0,276.5,71.5,0.28,High,18.11,Moderate,Adequate,Reorder Soon
2021-10-01,BB_0110,rural,O_neg,packed_RBC,239,195.0,239.0,266.5,71.5,0.29,Critical,6.67,Low,Recovered,Reorder Soon
2024-04-01,BB_0120,urban,O_pos,packed_RBC,261,199.73,248.64,271.2,71.5,0.26,High,16.22,Moderate,Low Stock,Reorder Soon
2024-05-01,BB_0113,rural,B_pos,whole_blood,248,214.67,260.33,286.1,71.4,0.25,Moderate,14.61,Moderate,Adequate,Reorder Soon
2022-12-01,BB_0039,urban,AB_neg,group_O_neg_emergency,248,201.0,248.0,272.4,71.4,0.32,Critical,14.43,Moderate,Recovered,Reorder Soon
2023-08-01,BB_0124,urban,A_pos,cryoprecipitate,264,219.0,264.0,290.4,71.4,0.22,Low,18.26,Moderate,Low Stock,Reorder Soon
2023-11-01,BB_0073,rural,A_pos,cryoprecipitate,251,206.0,251.0,277.4,71.4,0.21,Low,13.11,Low,Recovered,Reorder Soon
2024-08-01,BB_0074,urban,O_neg,fresh_frozen_plasma,267,220.0,267.0,291.3,71.3,0.25,High,11.36,Low,Adequate,Reorder Soon
2024-12-01,BB_0049,peri_urban,B_pos,platelet_concentrate,238,202.5,247.5,273.8,71.3,0.37,Critical,11.9,Low,Adequate,Monitor Closely
2024-11-01,BB_0059,urban,O_pos,packed_RBC,232,204.4,249.2,275.7,71.3,0.37,Critical,16.93,Moderate,Critical,Monitor Closely
2022-02-01,BB_0014,peri_urban,O_neg,fresh_frozen_plasma,248,201.0,248.0,272.3,71.3,0.27,High,21.89,Moderate,Adequate,Reorder Soon
2024-12-01,BB_0020,peri_urban,O_pos,fresh_frozen_plasma,253,206.0,250.67,277.3,71.3,0.3,Critical,13.63,Low,Adequate,Reorder Soon
2024-01-01,BB_0110,urban,B_pos,platelet_concentrate,244,199.0,244.0,270.3,71.3,0.29,Critical,9.55,Low,Critical,Reorder Soon
2023-11-01,BB_0023,rural,B_pos,platelet_concentrate,241,194.0,239.0,265.3,71.3,0.18,Low,26.8,High,Adequate,Prioritize Near-Expiry Usage
2023-11-01,BB_0069,rural,O_pos,cryoprecipitate,242,200.33,245.33,271.6,71.3,0.15,Low,15.1,Moderate,Adequate,Reorder Soon
2024-04-01,BB_0070,urban,O_pos,packed_RBC,239,198.5,243.0,269.8,71.3,0.22,Moderate,15.7,Moderate,Adequate,Reorder Soon
2024-07-01,BB_0042,urban,A_pos,whole_blood,253,206.0,250.5,277.3,71.3,0.24,Moderate,18.74,Moderate,Adequate,Reorder Soon
2024-11-01,BB_0080,urban,O_pos,fresh_frozen_plasma,233,190.5,235.25,261.8,71.3,0.27,High,17.86,Moderate,Low Stock,Reorder Soon
2023-10-01,BB_0098,urban,O_pos,platelet_concentrate,273,206.0,255.0,277.3,71.3,0.23,Moderate,13.01,Low,Low Stock,Reorder Soon
2023-04-01,BB_0032,peri_urban,B_pos,group_O_neg_emergency,249,203.0,249.0,274.3,71.3,0.29,High,22.66,High,Recovered,Investigate High Wastage
2024-04-01,BB_0061,rural,O_pos,fresh_frozen_plasma,233,201.4,244.2,272.7,71.3,0.27,High,10.45,Low,Recovered,Reorder Soon
2024-03-01,BB_0023,urban,A_neg,group_O_neg_emergency,269,223.0,269.0,294.2,71.2,0.18,Low,15.25,Moderate,Adequate,Reorder Soon
2024-07-01,BB_0036,urban,O_pos,whole_blood,250,205.0,256.2,276.2,71.2,0.32,Critical,21.16,High,Adequate,Investigate High Wastage
2024-09-01,BB_0010,urban,O_pos,whole_blood,265,207.0,249.38,278.2,71.2,0.25,Moderate,17.33,Moderate,Adequate,Reorder Soon
2023-02-01,BB_0120,urban,A_neg,group_O_neg_emergency,227,181.0,227.0,252.2,71.2,0.26,High,14.92,Moderate,Low Stock,Reorder Soon
2023-11-01,BB_0019,urban,A_pos,fresh_frozen_plasma,219,191.75,238.0,263.0,71.2,0.33,Critical,16.76,Moderate,Low Stock,Reorder Soon
2023-09-01,BB_0017,peri_urban,A_pos,platelet_concentrate,238,200.75,246.25,272.0,71.2,0.26,High,20.69,High,Adequate,Prioritize Near-Expiry Usage
2023-12-01,BB_0113,urban,A_pos,platelet_concentrate,250,199.5,245.0,270.7,71.2,0.25,Moderate,20.78,High,Adequate,Prioritize Near-Expiry Usage
2024-10-01,BB_0049,peri_urban,B_pos,whole_blood,235,190.6,247.4,261.8,71.2,0.37,Critical,15.67,Moderate,Low Stock,Monitor Closely
2024-09-01,BB_0078,urban,O_pos,platelet_concentrate,247,193.83,240.67,265.0,71.2,0.25,Moderate,18.27,Moderate,Adequate,Reorder Soon
2024-08-01,BB_0142,peri_urban,O_pos,platelet_concentrate,252,197.88,248.12,269.1,71.2,0.2,Low,20.38,High,Adequate,Prioritize Near-Expiry Usage
2024-09-01,BB_0038,rural,B_pos,cryoprecipitate,231,191.75,238.0,263.0,71.2,0.23,Moderate,13.08,Low,Adequate,Reorder Soon
2022-03-01,BB_0095,urban,A_neg,group_O_neg_emergency,238,192.0,238.0,263.2,71.2,0.3,Critical,25.52,High,Adequate,Investigate High Wastage
2023-08-01,BB_0091,urban,O_pos,fresh_frozen_plasma,244,202.17,245.0,273.4,71.2,0.22,Low,15.08,Moderate,Low Stock,Reorder Soon
2024-10-01,BB_0121,rural,O_pos,platelet_concentrate,239,190.4,245.6,261.5,71.1,0.24,Moderate,16.25,Moderate,Low Stock,Reorder Soon
2024-06-01,BB_0094,rural,B_pos,group_O_neg_emergency,261,201.6,254.0,272.7,71.1,0.3,Critical,15.24,Moderate,Low Stock,Reorder Soon
2024-07-01,BB_0144,urban,AB_neg,whole_blood,237,195.0,237.0,266.1,71.1,0.25,Moderate,21.03,High,Adequate,Investigate High Wastage
2023-06-01,BB_0016,urban,A_pos,group_O_neg_emergency,225,195.5,238.75,266.6,71.1,0.23,Moderate,13.62,Low,Adequate,Reorder Soon
2024-07-01,BB_0134,peri_urban,O_pos,whole_blood,240,189.0,238.2,260.1,71.1,0.25,Moderate,20.07,High,Critical,Investigate High Wastage
2024-12-01,BB_0056,urban,AB_neg,whole_blood,245,203.0,245.0,274.1,71.1,0.32,Critical,11.82,Low,Adequate,Reorder Soon
2024-10-01,BB_0075,peri_urban,A_pos,cryoprecipitate,245,208.75,253.5,279.9,71.1,0.28,High,15.23,Moderate,Low Stock,Reorder Soon
2024-07-01,BB_0144,peri_urban,O_pos,fresh_frozen_plasma,242,205.5,250.0,276.6,71.1,0.25,Moderate,11.86,Low,Recovered,Reorder Soon
2024-04-01,BB_0089,urban,O_pos,platelet_concentrate,256,197.5,242.5,268.6,71.1,0.29,Critical,19.61,High,Adequate,Prioritize Near-Expiry Usage
2024-09-01,BB_0031,urban,O_pos,whole_blood,270,201.0,246.75,272.0,71.0,0.24,Moderate,12.39,Low,Low Stock,Reorder Soon
2022-11-01,BB_0012,urban,O_neg,whole_blood,265,219.0,265.0,290.0,71.0,0.23,Moderate,22.83,High,Adequate,Investigate High Wastage
2021-02-01,BB_0108,urban,A_pos,fresh_frozen_plasma,237,191.0,237.0,262.0,71.0,0.22,Moderate,21.99,Moderate,Low Stock,Reorder Soon
2023-07-01,BB_0118,rural,A_pos,fresh_frozen_plasma,250,204.0,250.0,275.0,71.0,0.29,Critical,20.1,Moderate,Adequate,Reorder Soon
2023-01-01,BB_0143,urban,O_neg,group_O_neg_emergency,255,196.5,241.5,267.5,71.0,0.24,Moderate,16.39,Moderate,Adequate,Reorder Soon
2024-05-01,BB_0082,urban,A_pos,fresh_frozen_plasma,266,220.0,266.0,291.0,71.0,0.33,Critical,34.55,Moderate,Adequate,Monitor Closely
2021-11-01,BB_0031,urban,O_neg,group_O_neg_emergency,239,194.0,239.0,265.0,71.0,0.24,Moderate,11.34,Low,Recovered,Reorder Soon
2023-01-01,BB_0111,peri_urban,B_pos,fresh_frozen_plasma,234,205.0,250.0,276.0,71.0,0.21,Low,17.01,Moderate,Adequate,Reorder Soon
2022-06-01,BB_0088,urban,O_neg,group_O_neg_emergency,226,181.0,226.0,252.0,71.0,0.32,Critical,12.71,Low,Adequate,Reorder Soon
2022-01-01,BB_0107,urban,AB_neg,packed_RBC,247,199.0,247.0,270.0,71.0,0.23,Moderate,12.56,Low,Low Stock,Reorder Soon
2024-10-01,BB_0066,urban,O_pos,platelet_concentrate,278,203.86,255.29,274.9,71.0,0.22,Moderate,15.79,Moderate,Low Stock,Reorder Soon
2024-05-01,BB_0024,urban,B_pos,cryoprecipitate,258,206.0,252.0,277.0,71.0,0.24,Moderate,15.26,Moderate,Adequate,Reorder Soon
2024-04-01,BB_0011,peri_urban,B_pos,group_O_neg_emergency,240,203.33,249.0,274.3,71.0,0.2,Low,16.15,Moderate,Adequate,Reorder Soon
2024-09-01,BB_0082,urban,A_pos,group_O_neg_emergency,219,193.5,236.5,264.4,70.9,0.33,Critical,12.8,Low,Adequate,Monitor Closely
2023-05-01,BB_0112,peri_urban,A_pos,cryoprecipitate,260,209.0,253.5,279.9,70.9,0.28,High,15.3,Moderate,Low Stock,Reorder Soon
2023-12-01,BB_0045,rural,B_neg,platelet_concentrate,251,205.0,251.0,275.9,70.9,0.22,Low,16.59,Moderate,Low Stock,Reorder Soon
2024-12-01,BB_0084,urban,O_pos,fresh_frozen_plasma,222,208.0,252.33,278.9,70.9,0.16,Low,16.7,Moderate,Adequate,Reorder Soon
2023-09-01,BB_0094,urban,B_neg,platelet_concentrate,240,194.0,240.0,264.9,70.9,0.3,Critical,15.46,Moderate,Recovered,Reorder Soon
2024-09-01,BB_0035,peri_urban,A_pos,group_O_neg_emergency,250,207.0,250.0,277.9,70.9,0.24,Moderate,8.21,Low,Adequate,Reorder Soon
2024-07-01,BB_0108,rural,O_pos,cryoprecipitate,253,208.14,255.0,279.0,70.9,0.22,Moderate,17.76,Moderate,Low Stock,Reorder Soon
2023-07-01,BB_0121,urban,A_pos,group_O_neg_emergency,213,199.0,242.0,269.9,70.9,0.24,Moderate,20.52,High,Recovered,Investigate High Wastage
2024-06-01,BB_0025,rural,O_pos,group_O_neg_emergency,238,188.25,233.5,259.2,70.9,0.3,Critical,15.7,Moderate,Adequate,Reorder Soon
2023-08-01,BB_0145,peri_urban,O_pos,fresh_frozen_plasma,256,198.6,242.4,269.5,70.9,0.22,Moderate,15.96,Moderate,Adequate,Reorder Soon
2024-12-01,BB_0048,urban,O_pos,fresh_frozen_plasma,275,205.0,249.33,275.9,70.9,0.32,Critical,13.41,Low,Recovered,Reorder Soon
2024-04-01,BB_0045,urban,AB_pos,group_O_neg_emergency,247,195.0,239.5,265.9,70.9,0.22,Low,11.82,Low,Adequate,Reorder Soon
2024-07-01,BB_0039,urban,O_pos,whole_blood,276,204.33,249.33,275.2,70.9,0.32,Critical,17.61,Moderate,Adequate,Reorder Soon
2024-12-01,BB_0021,urban,A_pos,group_O_neg_emergency,262,205.5,248.5,276.4,70.9,0.26,High,29.91,High,Adequate,Investigate High Wastage
2024-10-01,BB_0002,urban,A_pos,packed_RBC,265,213.5,258.0,284.4,70.9,0.23,Moderate,11.42,Low,Adequate,Reorder Soon
2021-12-01,BB_0054,urban,A_pos,group_O_neg_emergency,253,210.0,253.0,280.9,70.9,0.28,High,20.95,High,Adequate,Investigate High Wastage
2024-12-01,BB_0013,rural,B_neg,packed_RBC,248,206.0,248.0,276.9,70.9,0.29,Critical,21.36,High,Low Stock,Investigate High Wastage
2023-09-01,BB_0011,urban,O_neg,cryoprecipitate,233,190.0,233.0,260.8,70.8,0.2,Low,19.47,Moderate,Adequate,Reorder Soon
2023-12-01,BB_0089,peri_urban,B_pos,platelet_concentrate,251,199.5,244.0,270.3,70.8,0.29,Critical,16.6,Moderate,Low Stock,Reorder Soon
2021-12-01,BB_0137,urban,B_pos,group_O_neg_emergency,271,206.0,251.5,276.8,70.8,0.28,High,20.58,High,Adequate,Investigate High Wastage
2023-12-01,BB_0137,rural,O_neg,cryoprecipitate,239,196.0,239.0,266.8,70.8,0.28,High,13.27,Low,Recovered,Reorder Soon
2024-10-01,BB_0101,urban,B_pos,group_O_neg_emergency,242,200.25,245.75,271.0,70.8,0.19,Low,17.02,Moderate,Adequate,Reorder Soon
2024-11-01,BB_0046,peri_urban,B_pos,group_O_neg_emergency,247,208.5,254.0,279.3,70.8,0.29,Critical,19.58,High,Adequate,Investigate High Wastage
2024-06-01,BB_0081,peri_urban,B_pos,platelet_concentrate,260,198.5,243.0,269.3,70.8,0.26,High,16.36,Moderate,Low Stock,Reorder Soon
2024-07-01,BB_0046,rural,A_pos,group_O_neg_emergency,256,201.6,244.4,272.4,70.8,0.29,Critical,14.43,Moderate,Adequate,Reorder Soon
2022-11-01,BB_0039,rural,AB_pos,packed_RBC,227,185.0,227.0,255.7,70.7,0.32,Critical,25.41,High,Adequate,Investigate High Wastage
2023-11-01,BB_0054,peri_urban,B_neg,whole_blood,261,214.0,261.0,284.7,70.7,0.28,High,3.27,Low,Recovered,Reorder Soon
2024-07-01,BB_0045,urban,O_pos,platelet_concentrate,218,200.5,242.83,271.2,70.7,0.22,Low,22.38,High,Adequate,Prioritize Near-Expiry Usage
2024-12-01,BB_0128,rural,O_pos,cryoprecipitate,249,196.5,251.33,267.2,70.7,0.29,Critical,17.6,Moderate,Adequate,Reorder Soon
2023-12-01,BB_0082,urban,B_pos,platelet_concentrate,251,194.33,238.67,265.0,70.7,0.33,Critical,14.7,Moderate,Critical,Monitor Closely
2024-10-01,BB_0039,urban,A_pos,packed_RBC,244,204.67,249.0,275.4,70.7,0.32,Critical,17.04,Moderate,Adequate,Reorder Soon
2023-04-01,BB_0025,urban,A_pos,platelet_concentrate,253,198.0,243.0,268.7,70.7,0.3,Critical,20.64,High,Critical,Prioritize Near-Expiry Usage
2023-01-01,BB_0140,urban,AB_pos,fresh_frozen_plasma,249,204.0,249.0,274.6,70.6,0.2,Low,16.18,Moderate,Recovered,Reorder Soon
2024-10-01,BB_0117,rural,B_pos,whole_blood,268,199.25,244.0,269.8,70.6,0.23,Moderate,18.36,Moderate,Adequate,Reorder Soon
2024-09-01,BB_0100,urban,O_pos,packed_RBC,234,206.5,245.12,277.1,70.6,0.27,High,16.56,Moderate,Adequate,Reorder Soon
2023-07-01,BB_0058,rural,O_pos,cryoprecipitate,237,197.0,241.25,267.6,70.6,0.21,Low,17.61,Moderate,Adequate,Reorder Soon
2024-06-01,BB_0084,peri_urban,A_pos,cryoprecipitate,230,203.75,248.0,274.4,70.6,0.16,Low,21.44,Moderate,Recovered,Reorder Soon
2024-10-01,BB_0078,rural,O_pos,fresh_frozen_plasma,255,203.5,247.5,274.1,70.6,0.25,Moderate,11.6,Low,Low Stock,Reorder Soon
2024-12-01,BB_0105,rural,B_pos,platelet_concentrate,259,193.6,237.6,264.2,70.6,0.21,Low,14.11,Moderate,Adequate,Reorder Soon
2024-12-01,BB_0077,rural,A_pos,fresh_frozen_plasma,251,192.5,246.17,263.1,70.6,0.25,Moderate,16.1,Moderate,Recovered,Reorder Soon
2024-10-01,BB_0124,peri_urban,AB_pos,fresh_frozen_plasma,231,198.0,243.0,268.6,70.6,0.22,Low,20.25,Moderate,Adequate,Reorder Soon
2023-09-01,BB_0082,rural,AB_pos,platelet_concentrate,248,201.0,248.0,271.6,70.6,0.33,Critical,15.42,Moderate,Recovered,Monitor Closely
2023-09-01,BB_0084,rural,B_neg,cryoprecipitate,240,194.0,240.0,264.5,70.5,0.16,Low,19.59,Moderate,Adequate,Reorder Soon
2023-05-01,BB_0068,urban,B_pos,cryoprecipitate,251,207.5,253.0,278.0,70.5,0.27,High,24.12,Moderate,Adequate,Reorder Soon
2022-01-01,BB_0019,peri_urban,O_neg,packed_RBC,232,189.0,232.0,259.5,70.5,0.33,Critical,17.99,Moderate,Adequate,Reorder Soon
2023-09-01,BB_0009,urban,B_pos,cryoprecipitate,266,203.0,248.5,273.5,70.5,0.27,High,15.28,Moderate,Adequate,Reorder Soon
2022-12-01,BB_0142,peri_urban,AB_pos,whole_blood,233,185.0,233.0,255.5,70.5,0.2,Low,28.11,High,Adequate,Investigate High Wastage
2024-12-01,BB_0028,urban,O_pos,whole_blood,256,203.6,256.0,274.1,70.5,0.19,Low,17.62,Moderate,Low Stock,Reorder Soon
2023-08-01,BB_0024,peri_urban,B_pos,fresh_frozen_plasma,231,198.0,242.5,268.5,70.5,0.24,Moderate,17.42,Moderate,Recovered,Reorder Soon
2023-02-01,BB_0030,peri_urban,O_neg,packed_RBC,235,192.0,235.0,262.5,70.5,0.27,High,25.0,High,Recovered,Investigate High Wastage
2024-08-01,BB_0113,urban,B_pos,fresh_frozen_plasma,247,202.5,247.0,273.0,70.5,0.25,Moderate,14.6,Moderate,Critical,Reorder Soon
2022-01-01,BB_0094,peri_urban,A_neg,cryoprecipitate,263,216.0,263.0,286.5,70.5,0.3,Critical,12.04,Low,Adequate,Reorder Soon
2024-11-01,BB_0078,rural,B_neg,cryoprecipitate,239,193.0,239.0,263.5,70.5,0.25,Moderate,8.81,Low,Recovered,Reorder Soon
2024-09-01,BB_0042,urban,O_pos,cryoprecipitate,254,200.8,247.0,271.3,70.5,0.24,Moderate,18.45,Moderate,Low Stock,Reorder Soon
2024-04-01,BB_0021,urban,AB_neg,group_O_neg_emergency,265,219.0,265.0,289.4,70.4,0.26,High,8.68,Low,Adequate,Reorder Soon
2024-12-01,BB_0096,urban,O_pos,whole_blood,271,203.33,248.83,273.7,70.4,0.23,Moderate,17.18,Moderate,Adequate,Reorder Soon
2024-07-01,BB_0019,rural,A_pos,packed_RBC,230,195.0,239.0,265.4,70.4,0.33,Critical,15.86,Moderate,Recovered,Reorder Soon
2024-11-01,BB_0009,urban,A_pos,group_O_neg_emergency,275,202.0,244.5,272.4,70.4,0.27,High,18.32,Moderate,Low Stock,Reorder Soon
2024-09-01,BB_0116,rural,A_pos,whole_blood,221,203.67,247.33,274.1,70.4,0.29,High,12.06,Low,Adequate,Reorder Soon
2024-09-01,BB_0121,peri_urban,A_pos,whole_blood,233,195.67,239.33,266.1,70.4,0.24,Moderate,19.79,High,Low Stock,Investigate High Wastage
2024-06-01,BB_0003,peri_urban,AB_neg,group_O_neg_emergency,253,207.0,253.0,277.4,70.4,0.33,Critical,17.62,Moderate,Adequate,Reorder Soon
2024-01-01,BB_0078,urban,O_pos,group_O_neg_emergency,250,210.0,254.75,280.4,70.4,0.25,Moderate,16.78,Moderate,Adequate,Reorder Soon
2024-01-01,BB_0022,peri_urban,B_pos,whole_blood,227,202.25,246.75,272.6,70.4,0.19,Low,20.01,High,Low Stock,Investigate High Wastage
2024-12-01,BB_0082,peri_urban,B_pos,fresh_frozen_plasma,231,193.0,237.33,263.3,70.3,0.33,Critical,14.75,Moderate,Adequate,Monitor Closely
2024-05-01,BB_0054,peri_urban,O_pos,group_O_neg_emergency,232,196.67,241.33,267.0,70.3,0.28,High,12.26,Low,Recovered,Reorder Soon
2024-07-01,BB_0031,peri_urban,O_pos,packed_RBC,255,201.5,245.0,271.8,70.3,0.24,Moderate,15.56,Moderate,Adequate,Reorder Soon
2022-05-01,BB_0065,urban,O_neg,fresh_frozen_plasma,251,205.0,251.0,275.3,70.3,0.32,Critical,16.1,Moderate,Recovered,Reorder Soon
2024-12-01,BB_0129,urban,A_pos,group_O_neg_emergency,248,195.33,237.67,265.6,70.3,0.28,High,17.96,Moderate,Recovered,Reorder Soon
2024-12-01,BB_0036,peri_urban,O_neg,fresh_frozen_plasma,242,196.0,242.0,266.3,70.3,0.32,Critical,27.55,Moderate,Adequate,Reorder Soon
2021-12-01,BB_0133,peri_urban,B_pos,group_O_neg_emergency,253,208.0,253.0,278.3,70.3,0.22,Low,21.63,High,Recovered,Investigate High Wastage
2024-03-01,BB_0118,urban,O_pos,cryoprecipitate,238,207.33,251.33,277.6,70.3,0.29,Critical,11.97,Low,Adequate,Reorder Soon
2024-10-01,BB_0048,peri_urban,O_neg,fresh_frozen_plasma,252,206.0,252.0,276.3,70.3,0.32,Critical,25.24,Moderate,Adequate,Reorder Soon
2024-02-01,BB_0056,urban,A_neg,group_O_neg_emergency,254,209.0,254.0,279.2,70.2,0.32,Critical,21.05,High,Low Stock,Investigate High Wastage
2024-04-01,BB_0075,urban,B_pos,fresh_frozen_plasma,239,208.6,249.6,278.8,70.2,0.28,High,21.09,Moderate,Adequate,Reorder Soon
2024-03-01,BB_0010,rural,O_pos,platelet_concentrate,240,190.57,246.14,260.8,70.2,0.25,Moderate,17.96,Moderate,Adequate,Reorder Soon
2024-04-01,BB_0004,urban,B_pos,packed_RBC,242,187.25,232.0,257.5,70.2,0.25,High,12.98,Low,Adequate,Reorder Soon
2024-02-01,BB_0108,urban,B_pos,cryoprecipitate,238,203.0,248.25,273.2,70.2,0.22,Moderate,11.3,Low,Adequate,Reorder Soon
2024-11-01,BB_0132,urban,O_pos,whole_blood,234,202.5,252.1,272.6,70.1,0.23,Moderate,18.6,Moderate,Low Stock,Reorder Soon
2023-10-01,BB_0090,urban,O_pos,whole_blood,229,199.2,243.6,269.3,70.1,0.2,Low,16.83,Moderate,Low Stock,Reorder Soon
2023-08-01,BB_0036,rural,O_pos,packed_RBC,235,204.75,248.0,274.8,70.1,0.32,Critical,18.86,Moderate,Low Stock,Reorder Soon
2021-02-01,BB_0089,urban,AB_neg,whole_blood,234,193.0,234.0,263.1,70.1,0.29,Critical,13.99,Moderate,Adequate,Reorder Soon
2024-10-01,BB_0091,peri_urban,O_pos,cryoprecipitate,238,210.4,240.4,280.5,70.1,0.22,Low,19.85,Moderate,Recovered,Reorder Soon
2024-10-01,BB_0139,rural,O_pos,whole_blood,239,208.0,252.33,278.1,70.1,0.25,Moderate,14.95,Moderate,Low Stock,Reorder Soon
2023-11-01,BB_0034,urban,AB_pos,platelet_concentrate,247,197.0,243.5,267.1,70.1,0.26,High,16.1,Moderate,Adequate,Reorder Soon
2024-05-01,BB_0059,peri_urban,O_pos,cryoprecipitate,237,203.5,247.25,273.6,70.1,0.37,Critical,17.66,Moderate,Critical,Monitor Closely
2022-09-01,BB_0117,rural,AB_neg,packed_RBC,263,216.0,263.0,286.0,70.0,0.23,Moderate,24.54,High,Critical,Investigate High Wastage
2024-08-01,BB_0005,urban,B_pos,cryoprecipitate,236,191.0,236.0,261.0,70.0,0.27,High,18.32,Moderate,Critical,Reorder Soon
2024-05-01,BB_0004,urban,B_pos,fresh_frozen_plasma,261,210.5,254.5,280.5,70.0,0.25,High,19.33,Moderate,Adequate,Reorder Soon
2023-09-01,BB_0104,urban,B_pos,fresh_frozen_plasma,255,223.5,267.5,293.5,70.0,0.22,Moderate,16.12,Moderate,Adequate,Reorder Soon
2024-08-01,BB_0067,urban,A_pos,fresh_frozen_plasma,256,197.0,242.0,267.0,70.0,0.28,High,19.18,Moderate,Low Stock,Reorder Soon
2024-08-01,BB_0126,peri_urban,O_pos,cryoprecipitate,270,204.14,251.14,274.1,70.0,0.28,High,16.55,Moderate,Adequate,Reorder Soon
2023-08-01,BB_0107,rural,A_pos,fresh_frozen_plasma,239,208.0,253.0,278.0,70.0,0.23,Moderate,18.9,Moderate,Adequate,Reorder Soon
2024-09-01,BB_0112,urban,O_pos,group_O_neg_emergency,239,205.0,249.25,275.0,70.0,0.28,High,20.42,High,Critical,Investigate High Wastage
2022-03-01,BB_0120,peri_urban,O_neg,whole_blood,255,210.0,255.0,280.0,70.0,0.26,High,20.0,High,Recovered,Investigate High Wastage
2023-02-01,BB_0138,peri_urban,B_pos,cryoprecipitate,249,204.0,249.0,274.0,70.0,0.28,High,25.98,Moderate,Adequate,Reorder Soon
2023-08-01,BB_0033,peri_urban,O_neg,group_O_neg_emergency,231,187.0,231.0,257.0,70.0,0.23,Moderate,11.76,Low,Adequate,Reorder Soon
2024-07-01,BB_0028,rural,B_pos,fresh_frozen_plasma,270,212.0,256.0,282.0,70.0,0.19,Low,15.31,Moderate,Adequate,Reorder Soon
2021-12-01,BB_0109,urban,A_pos,fresh_frozen_plasma,242,198.0,243.0,268.0,70.0,0.19,Low,17.93,Moderate,Adequate,Reorder Soon
2024-12-01,BB_0117,urban,O_pos,cryoprecipitate,246,192.75,249.38,262.7,69.9,0.23,Moderate,18.3,Moderate,Adequate,Reorder Soon
2023-05-01,BB_0056,rural,A_pos,packed_RBC,271,224.5,268.0,294.4,69.9,0.32,Critical,21.58,High,Adequate,Investigate High Wastage
2024-09-01,BB_0020,urban,A_pos,packed_RBC,280,209.75,253.25,279.6,69.9,0.3,Critical,14.44,Moderate,Adequate,Reorder Soon
2024-11-01,BB_0078,peri_urban,AB_pos,group_O_neg_emergency,271,212.5,256.0,282.4,69.9,0.25,Moderate,15.28,Moderate,Critical,Reorder Soon
2023-02-01,BB_0115,urban,A_pos,group_O_neg_emergency,260,218.0,260.0,287.9,69.9,0.27,High,13.3,Low,Recovered,Reorder Soon
2024-12-01,BB_0121,rural,O_pos,packed_RBC,249,200.14,246.0,270.0,69.9,0.24,Moderate,13.11,Low,Recovered,Reorder Soon
2023-11-01,BB_0088,rural,O_neg,platelet_concentrate,266,224.0,266.0,293.9,69.9,0.32,Critical,12.05,Low,Adequate,Reorder Soon
2024-12-01,BB_0046,rural,B_pos,whole_blood,255,200.5,258.0,270.3,69.8,0.29,Critical,17.03,Moderate,Adequate,Reorder Soon
2022-10-01,BB_0111,rural,A_pos,whole_blood,236,193.0,236.0,262.8,69.8,0.21,Low,12.44,Low,Adequate,Reorder Soon
2024-11-01,BB_0144,peri_urban,A_pos,cryoprecipitate,248,207.33,250.67,277.1,69.8,0.25,Moderate,18.82,Moderate,Adequate,Reorder Soon
2024-04-01,BB_0102,urban,O_pos,packed_RBC,260,217.0,260.0,286.8,69.8,0.17,Low,11.52,Low,Adequate,Reorder Soon
2024-05-01,BB_0099,urban,O_pos,platelet_concentrate,234,200.33,244.0,270.1,69.8,0.15,Low,14.3,Moderate,Adequate,Reorder Soon
2024-12-01,BB_0041,peri_urban,B_pos,platelet_concentrate,241,208.5,252.0,278.3,69.8,0.2,Low,18.36,Moderate,Adequate,Reorder Soon
2024-06-01,BB_0091,rural,O_pos,platelet_concentrate,265,204.83,242.33,274.6,69.8,0.22,Low,15.32,Moderate,Critical,Reorder Soon
2023-01-01,BB_0114,rural,B_pos,platelet_concentrate,246,196.0,239.5,265.8,69.8,0.21,Low,15.29,Moderate,Low Stock,Reorder Soon
2024-05-01,BB_0049,rural,O_pos,cryoprecipitate,236,198.0,241.5,267.8,69.8,0.37,Critical,12.33,Low,Adequate,Monitor Closely
2024-11-01,BB_0043,peri_urban,B_pos,packed_RBC,220,204.0,248.33,273.8,69.8,0.25,Moderate,19.55,High,Adequate,Investigate High Wastage
2023-08-01,BB_0100,peri_urban,A_pos,whole_blood,230,189.5,232.5,259.3,69.8,0.27,High,15.04,Moderate,Recovered,Reorder Soon
2024-12-01,BB_0003,urban,B_pos,whole_blood,267,204.0,248.0,273.8,69.8,0.33,Critical,13.23,Low,Adequate,Reorder Soon
2024-07-01,BB_0100,rural,O_pos,fresh_frozen_plasma,223,200.17,247.17,269.9,69.7,0.27,High,17.87,Moderate,Adequate,Reorder Soon
2022-10-01,BB_0070,peri_urban,A_neg,packed_RBC,265,220.0,265.0,289.7,69.7,0.22,Moderate,13.64,Low,Adequate,Reorder Soon
2024-10-01,BB_0132,peri_urban,AB_neg,fresh_frozen_plasma,255,215.0,255.0,284.7,69.7,0.23,Moderate,8.84,Low,Low Stock,Reorder Soon
2023-05-01,BB_0033,peri_urban,O_pos,fresh_frozen_plasma,246,207.2,249.8,276.9,69.7,0.23,Moderate,16.43,Moderate,Recovered,Reorder Soon
2024-10-01,BB_0005,urban,O_pos,cryoprecipitate,260,205.29,248.71,275.0,69.7,0.27,High,18.37,Moderate,Adequate,Reorder Soon
2022-06-01,BB_0013,peri_urban,AB_neg,cryoprecipitate,246,198.0,246.0,267.7,69.7,0.29,Critical,12.12,Low,Recovered,Reorder Soon
2023-09-01,BB_0004,peri_urban,B_pos,whole_blood,238,212.2,258.0,281.9,69.7,0.25,High,16.93,Moderate,Recovered,Reorder Soon
2023-10-01,BB_0135,urban,O_pos,fresh_frozen_plasma,269,209.0,252.0,278.6,69.6,0.25,Moderate,17.18,Moderate,Adequate,Reorder Soon
2024-12-01,BB_0041,peri_urban,O_pos,platelet_concentrate,259,212.5,256.0,282.1,69.6,0.2,Low,20.75,High,Adequate,Prioritize Near-Expiry Usage
2021-12-01,BB_0042,urban,AB_pos,fresh_frozen_plasma,251,207.0,251.0,276.6,69.6,0.24,Moderate,25.12,Moderate,Adequate,Reorder Soon
2024-08-01,BB_0113,urban,A_pos,whole_blood,244,201.38,246.25,271.0,69.6,0.25,Moderate,16.75,Moderate,Critical,Reorder Soon
2023-09-01,BB_0098,urban,O_pos,group_O_neg_emergency,224,213.6,250.6,283.2,69.6,0.23,Moderate,20.95,High,Adequate,Investigate High Wastage
2024-04-01,BB_0048,urban,B_pos,packed_RBC,249,210.25,254.25,279.8,69.6,0.32,Critical,13.94,Low,Adequate,Reorder Soon
2024-11-01,BB_0095,urban,O_pos,whole_blood,246,203.67,248.0,273.3,69.6,0.3,Critical,12.53,Low,Recovered,Reorder Soon
2024-01-01,BB_0092,urban,O_pos,group_O_neg_emergency,255,200.6,258.4,270.2,69.6,0.18,Low,18.3,Moderate,Adequate,Reorder Soon
2024-12-01,BB_0123,peri_urban,B_pos,platelet_concentrate,247,206.25,249.5,275.8,69.6,0.26,High,17.3,Moderate,Recovered,Reorder Soon
2024-12-01,BB_0142,urban,AB_pos,fresh_frozen_plasma,245,201.0,245.0,270.6,69.6,0.2,Low,7.96,Low,Recovered,Reorder Soon
2023-10-01,BB_0098,rural,B_pos,group_O_neg_emergency,231,200.0,244.33,269.6,69.6,0.23,Moderate,16.43,Moderate,Adequate,Reorder Soon
2024-04-01,BB_0136,rural,O_pos,cryoprecipitate,270,203.75,247.0,273.3,69.6,0.33,Critical,22.24,Moderate,Low Stock,Reorder Soon
2024-07-01,BB_0034,urban,A_pos,fresh_frozen_plasma,232,197.25,241.75,266.8,69.6,0.26,High,18.66,Moderate,Adequate,Reorder Soon
2023-08-01,BB_0026,peri_urban,A_pos,whole_blood,273,201.75,244.5,271.3,69.6,0.28,High,16.46,Moderate,Adequate,Reorder Soon
2024-12-01,BB_0092,urban,O_pos,fresh_frozen_plasma,262,195.56,242.0,265.2,69.6,0.18,Low,16.07,Moderate,Adequate,Reorder Soon
2024-03-01,BB_0098,urban,AB_pos,platelet_concentrate,260,214.0,260.0,283.6,69.6,0.23,Moderate,12.15,Low,Low Stock,Reorder Soon
2024-09-01,BB_0117,urban,B_neg,cryoprecipitate,222,177.0,222.0,246.5,69.5,0.23,Moderate,11.86,Low,Low Stock,Reorder Soon
2024-07-01,BB_0113,urban,O_pos,whole_blood,258,207.5,257.5,277.0,69.5,0.25,Moderate,19.43,High,Recovered,Investigate High Wastage
2023-12-01,BB_0005,peri_urban,B_pos,packed_RBC,236,200.33,244.33,269.8,69.5,0.27,High,21.4,High,Adequate,Investigate High Wastage
2024-08-01,BB_0089,peri_urban,A_pos,group_O_neg_emergency,224,196.17,237.0,265.7,69.5,0.29,Critical,15.94,Moderate,Adequate,Reorder Soon
2023-08-01,BB_0067,peri_urban,O_pos,group_O_neg_emergency,261,192.8,251.6,262.3,69.5,0.28,High,14.2,Moderate,Adequate,Reorder Soon
2021-09-01,BB_0022,urban,B_neg,fresh_frozen_plasma,267,228.0,267.0,297.5,69.5,0.19,Low,8.77,Low,Adequate,Reorder Soon
2022-12-01,BB_0128,rural,AB_pos,cryoprecipitate,248,206.0,248.0,275.5,69.5,0.29,Critical,11.17,Low,Adequate,Reorder Soon
2023-02-01,BB_0002,urban,A_pos,fresh_frozen_plasma,239,195.5,240.0,265.0,69.5,0.23,Moderate,17.03,Moderate,Adequate,Reorder Soon
2024-02-01,BB_0044,urban,B_pos,whole_blood,239,202.0,245.67,271.5,69.5,0.25,Moderate,12.99,Low,Recovered,Reorder Soon
2024-12-01,BB_0109,urban,O_pos,cryoprecipitate,262,202.5,245.75,272.0,69.5,0.19,Low,16.91,Moderate,Adequate,Reorder Soon
2022-03-01,BB_0102,urban,A_neg,cryoprecipitate,247,201.0,247.0,270.5,69.5,0.17,Low,6.97,Low,Adequate,Reorder Soon
2024-12-01,BB_0032,peri_urban,O_pos,whole_blood,262,197.0,244.89,266.5,69.5,0.29,High,15.99,Moderate,Recovered,Reorder Soon
2024-11-01,BB_0057,urban,O_pos,cryoprecipitate,243,200.78,252.11,270.3,69.5,0.21,Low,15.58,Moderate,Recovered,Reorder Soon
2024-04-01,BB_0018,peri_urban,B_neg,cryoprecipitate,256,211.0,256.0,280.5,69.5,0.2,Low,21.33,Moderate,Recovered,Reorder Soon
2023-03-01,BB_0010,urban,A_pos,whole_blood,249,203.0,245.67,272.5,69.5,0.25,Moderate,18.62,Moderate,Adequate,Reorder Soon
2022-04-01,BB_0082,urban,A_pos,packed_RBC,244,201.0,244.0,270.4,69.4,0.33,Critical,13.93,Low,Adequate,Monitor Closely
2024-12-01,BB_0043,urban,O_pos,whole_blood,253,191.4,251.8,260.8,69.4,0.25,Moderate,19.67,High,Critical,Investigate High Wastage
2022-03-01,BB_0102,peri_urban,AB_neg,group_O_neg_emergency,257,212.0,257.0,281.4,69.4,0.17,Low,16.51,Moderate,Low Stock,Reorder Soon
2024-12-01,BB_0081,urban,A_pos,cryoprecipitate,245,202.0,245.0,271.4,69.4,0.26,High,17.33,Moderate,Adequate,Reorder Soon
2024-05-01,BB_0135,rural,A_pos,platelet_concentrate,267,210.0,253.67,279.4,69.4,0.25,Moderate,19.84,High,Recovered,Prioritize Near-Expiry Usage
2023-06-01,BB_0033,urban,A_pos,platelet_concentrate,241,200.33,244.0,269.7,69.4,0.23,Moderate,12.68,Low,Adequate,Reorder Soon
2024-12-01,BB_0023,urban,O_pos,fresh_frozen_plasma,241,201.8,250.0,271.2,69.4,0.18,Low,16.24,Moderate,Low Stock,Reorder Soon
2023-07-01,BB_0033,urban,A_pos,cryoprecipitate,261,218.0,261.0,287.4,69.4,0.23,Moderate,13.3,Low,Critical,Reorder Soon
2024-07-01,BB_0073,urban,B_pos,whole_blood,250,203.25,246.75,272.6,69.4,0.21,Low,14.86,Moderate,Adequate,Reorder Soon
2021-09-01,BB_0111,peri_urban,B_neg,packed_RBC,238,207.0,247.5,276.4,69.4,0.21,Low,23.52,High,Critical,Investigate High Wastage
2023-05-01,BB_0063,peri_urban,A_pos,packed_RBC,237,194.0,237.0,263.4,69.4,0.29,High,14.95,Moderate,Critical,Reorder Soon
2024-12-01,BB_0060,urban,B_pos,fresh_frozen_plasma,261,205.0,244.0,274.3,69.3,0.25,Moderate,15.4,Moderate,Adequate,Reorder Soon
2024-09-01,BB_0031,urban,A_pos,whole_blood,254,211.5,254.0,280.8,69.3,0.24,Moderate,25.54,High,Adequate,Investigate High Wastage
2024-03-01,BB_0037,urban,O_pos,packed_RBC,250,205.57,251.14,274.9,69.3,0.21,Low,18.09,Moderate,Adequate,Reorder Soon
2021-11-01,BB_0007,urban,B_pos,group_O_neg_emergency,227,183.0,227.0,252.3,69.3,0.36,Critical,19.13,High,Critical,Monitor Closely
2024-11-01,BB_0081,urban,B_pos,group_O_neg_emergency,233,189.0,233.0,258.3,69.3,0.26,High,13.23,Low,Adequate,Reorder Soon
2024-01-01,BB_0075,urban,O_pos,fresh_frozen_plasma,257,193.0,246.83,262.3,69.3,0.28,High,15.18,Moderate,Critical,Reorder Soon
2024-11-01,BB_0140,rural,O_pos,whole_blood,236,204.0,251.25,273.2,69.2,0.2,Low,18.7,Moderate,Low Stock,Reorder Soon
2024-11-01,BB_0077,peri_urban,B_pos,cryoprecipitate,248,196.2,253.2,265.4,69.2,0.25,Moderate,14.17,Moderate,Adequate,Reorder Soon
2023-11-01,BB_0059,urban,A_pos,whole_blood,221,204.0,238.2,273.2,69.2,0.37,Critical,14.1,Moderate,Low Stock,Monitor Closely
2023-12-01,BB_0143,urban,B_pos,packed_RBC,258,202.0,245.67,271.2,69.2,0.24,Moderate,14.03,Moderate,Adequate,Reorder Soon
2023-12-01,BB_0002,rural,O_pos,fresh_frozen_plasma,256,204.67,247.33,273.9,69.2,0.23,Moderate,11.88,Low,Adequate,Reorder Soon
2024-03-01,BB_0020,peri_urban,A_neg,platelet_concentrate,275,221.5,265.5,290.7,69.2,0.3,Critical,14.16,Moderate,Adequate,Reorder Soon
2024-12-01,BB_0086,urban,A_neg,platelet_concentrate,241,189.0,233.0,258.2,69.2,0.41,Critical,16.12,Moderate,Adequate,Monitor Closely
2023-12-01,BB_0030,rural,O_pos,cryoprecipitate,260,210.75,253.5,279.8,69.1,0.27,High,17.97,Moderate,Adequate,Reorder Soon
2024-11-01,BB_0065,rural,A_pos,platelet_concentrate,264,206.56,251.78,275.7,69.1,0.32,Critical,15.68,Moderate,Adequate,Reorder Soon
2024-09-01,BB_0072,rural,O_pos,cryoprecipitate,270,209.25,252.0,278.3,69.1,0.28,High,19.04,Moderate,Low Stock,Reorder Soon
2024-05-01,BB_0014,rural,O_pos,fresh_frozen_plasma,236,206.5,249.0,275.6,69.1,0.27,High,13.55,Low,Recovered,Reorder Soon
2022-01-01,BB_0060,peri_urban,B_neg,group_O_neg_emergency,233,191.0,233.0,260.1,69.1,0.25,Moderate,15.18,Moderate,Adequate,Reorder Soon
2024-10-01,BB_0120,peri_urban,B_pos,fresh_frozen_plasma,231,194.0,237.0,263.0,69.0,0.26,High,20.68,Moderate,Critical,Reorder Soon
2024-12-01,BB_0059,rural,B_pos,cryoprecipitate,252,209.5,253.5,278.5,69.0,0.37,Critical,9.62,Low,Recovered,Monitor Closely
2024-01-01,BB_0002,urban,O_pos,platelet_concentrate,261,202.14,242.14,271.1,69.0,0.23,Moderate,14.29,Moderate,Adequate,Reorder Soon
2024-07-01,BB_0034,peri_urban,B_pos,platelet_concentrate,241,206.17,254.67,275.2,69.0,0.26,High,15.34,Moderate,Adequate,Reorder Soon
2024-04-01,BB_0053,peri_urban,B_pos,fresh_frozen_plasma,229,196.5,239.5,265.5,69.0,0.28,High,16.26,Moderate,Recovered,Reorder Soon
2023-07-01,BB_0051,peri_urban,O_neg,group_O_neg_emergency,244,203.5,246.5,272.5,69.0,0.31,Critical,16.06,Moderate,Recovered,Reorder Soon
2024-11-01,BB_0003,urban,A_pos,platelet_concentrate,263,200.67,244.0,269.7,69.0,0.33,Critical,17.33,Moderate,Recovered,Reorder Soon
2023-05-01,BB_0146,urban,B_pos,fresh_frozen_plasma,270,203.0,246.0,272.0,69.0,0.18,Low,18.04,Moderate,Recovered,Reorder Soon
2024-10-01,BB_0007,urban,O_pos,platelet_concentrate,227,197.9,241.2,266.9,69.0,0.36,Critical,16.04,Moderate,Critical,Monitor Closely
2024-05-01,BB_0083,rural,O_pos,fresh_frozen_plasma,268,205.6,250.0,274.6,69.0,0.29,Critical,15.98,Moderate,Adequate,Reorder Soon
2022-05-01,BB_0031,rural,A_pos,fresh_frozen_plasma,266,205.5,249.5,274.5,69.0,0.24,Moderate,15.62,Moderate,Recovered,Reorder Soon
2024-03-01,BB_0013,urban,B_pos,cryoprecipitate,262,218.0,262.0,287.0,69.0,0.29,Critical,17.89,Moderate,Adequate,Reorder Soon
2024-09-01,BB_0073,urban,O_pos,group_O_neg_emergency,251,199.25,253.62,268.1,68.9,0.21,Low,15.92,Moderate,Recovered,Reorder Soon
2024-07-01,BB_0025,peri_urban,B_neg,packed_RBC,234,194.0,234.0,262.9,68.9,0.3,Critical,7.22,Low,Recovered,Reorder Soon
2023-09-01,BB_0109,urban,O_pos,packed_RBC,209,191.75,233.75,260.6,68.9,0.19,Low,18.72,Moderate,Low Stock,Reorder Soon
2024-06-01,BB_0056,peri_urban,O_pos,packed_RBC,241,202.75,244.75,271.6,68.9,0.32,Critical,11.56,Low,Adequate,Reorder Soon
2024-08-01,BB_0147,rural,O_pos,group_O_neg_emergency,268,208.75,252.0,277.7,68.9,0.24,Moderate,18.71,Moderate,Recovered,Reorder Soon
2024-12-01,BB_0097,urban,O_pos,cryoprecipitate,221,201.64,242.09,270.5,68.9,0.27,High,18.75,Moderate,Adequate,Reorder Soon
2024-08-01,BB_0008,urban,O_pos,whole_blood,253,193.17,244.5,262.1,68.9,0.28,High,19.21,High,Adequate,Investigate High Wastage
2023-09-01,BB_0110,urban,AB_pos,group_O_neg_emergency,255,203.0,245.5,271.9,68.9,0.29,Critical,26.14,High,Recovered,Investigate High Wastage
2024-10-01,BB_0001,urban,O_pos,platelet_concentrate,229,211.62,250.12,280.5,68.9,0.31,Critical,19.99,High,Recovered,Prioritize Near-Expiry Usage
2022-01-01,BB_0122,peri_urban,B_neg,platelet_concentrate,255,211.0,255.0,279.9,68.9,0.26,High,14.69,Moderate,Low Stock,Reorder Soon
2023-11-01,BB_0097,peri_urban,AB_pos,cryoprecipitate,263,212.0,253.33,280.8,68.8,0.27,High,13.77,Low,Recovered,Reorder Soon
2024-02-01,BB_0148,peri_urban,A_neg,whole_blood,239,198.0,239.0,266.8,68.8,0.27,High,19.7,High,Adequate,Investigate High Wastage
2022-12-01,BB_0114,peri_urban,O_pos,whole_blood,234,186.5,230.0,255.3,68.8,0.21,Low,12.62,Low,Recovered,Reorder Soon
2023-01-01,BB_0082,peri_urban,B_pos,group_O_neg_emergency,250,202.5,246.0,271.3,68.8,0.33,Critical,16.83,Moderate,Recovered,Monitor Closely
2024-02-01,BB_0131,peri_urban,O_pos,packed_RBC,261,212.0,254.0,280.8,68.8,0.25,Moderate,17.54,Moderate,Adequate,Reorder Soon
2024-03-01,BB_0117,peri_urban,A_neg,fresh_frozen_plasma,238,195.0,238.0,263.8,68.8,0.23,Moderate,6.67,Low,Recovered,Reorder Soon
2024-03-01,BB_0026,urban,B_pos,whole_blood,245,202.25,245.25,271.0,68.8,0.28,High,12.57,Low,Adequate,Reorder Soon
2023-07-01,BB_0140,urban,O_neg,cryoprecipitate,230,189.0,230.0,257.8,68.8,0.2,Low,21.16,Moderate,Adequate,Reorder Soon
2021-08-01,BB_0083,rural,A_neg,packed_RBC,248,204.0,248.0,272.7,68.7,0.29,Critical,21.08,High,Adequate,Investigate High Wastage
2024-08-01,BB_0124,rural,O_pos,whole_blood,261,201.33,244.67,270.0,68.7,0.22,Low,16.29,Moderate,Low Stock,Reorder Soon
2024-01-01,BB_0046,peri_urban,AB_pos,packed_RBC,240,200.0,240.0,268.7,68.7,0.29,Critical,20.5,High,Recovered,Investigate High Wastage
2024-03-01,BB_0077,urban,O_pos,packed_RBC,245,202.33,252.0,271.0,68.7,0.25,Moderate,15.6,Moderate,Adequate,Reorder Soon
2024-04-01,BB_0130,urban,B_neg,whole_blood,222,177.0,222.0,245.7,68.7,0.27,High,15.25,Moderate,Adequate,Reorder Soon
2023-03-01,BB_0026,rural,A_pos,platelet_concentrate,240,197.0,240.0,265.7,68.7,0.28,High,16.24,Moderate,Adequate,Reorder Soon
2021-01-01,BB_0117,urban,B_neg,whole_blood,249,204.0,249.0,272.7,68.7,0.23,Moderate,17.16,Moderate,Critical,Reorder Soon
2024-02-01,BB_0138,rural,O_pos,platelet_concentrate,246,200.5,253.5,269.2,68.7,0.28,High,18.73,Moderate,Critical,Reorder Soon
2022-12-01,BB_0101,urban,AB_pos,platelet_concentrate,254,209.0,254.0,277.6,68.6,0.19,Low,19.14,High,Adequate,Prioritize Near-Expiry Usage
2023-12-01,BB_0079,urban,O_pos,platelet_concentrate,235,200.75,243.25,269.4,68.6,0.39,Critical,19.6,High,Critical,Monitor Closely
2024-06-01,BB_0090,urban,A_pos,fresh_frozen_plasma,225,197.67,241.33,266.3,68.6,0.2,Low,19.46,Moderate,Recovered,Reorder Soon
2024-12-01,BB_0052,urban,B_pos,group_O_neg_emergency,274,203.0,246.25,271.6,68.6,0.19,Low,16.17,Moderate,Recovered,Reorder Soon
2024-11-01,BB_0048,urban,A_pos,group_O_neg_emergency,260,204.25,245.0,272.9,68.6,0.32,Critical,18.08,Moderate,Adequate,Reorder Soon
2021-06-01,BB_0073,urban,AB_pos,fresh_frozen_plasma,262,219.0,262.0,287.6,68.6,0.21,Low,24.2,Moderate,Low Stock,Reorder Soon
2022-02-01,BB_0044,urban,AB_pos,fresh_frozen_plasma,221,178.0,221.0,246.6,68.6,0.25,Moderate,19.1,Moderate,Low Stock,Reorder Soon
2024-04-01,BB_0145,urban,AB_pos,platelet_concentrate,260,215.0,260.0,283.6,68.6,0.22,Moderate,13.02,Low,Low Stock,Reorder Soon
2024-12-01,BB_0130,urban,A_pos,fresh_frozen_plasma,233,203.0,246.5,271.5,68.5,0.27,High,18.04,Moderate,Adequate,Reorder Soon
2023-01-01,BB_0032,urban,AB_pos,cryoprecipitate,224,183.0,224.0,251.5,68.5,0.29,High,19.67,Moderate,Recovered,Reorder Soon
2023-06-01,BB_0009,urban,A_pos,fresh_frozen_plasma,241,200.0,243.5,268.5,68.5,0.27,High,9.82,Low,Adequate,Reorder Soon
2024-08-01,BB_0123,rural,B_pos,cryoprecipitate,247,204.6,252.0,273.1,68.5,0.26,High,18.42,Moderate,Adequate,Reorder Soon
2023-08-01,BB_0125,urban,O_pos,packed_RBC,284,207.5,239.75,276.0,68.5,0.29,Critical,19.58,High,Adequate,Investigate High Wastage
2024-10-01,BB_0135,urban,A_pos,packed_RBC,248,203.67,245.67,272.1,68.4,0.25,Moderate,16.44,Moderate,Adequate,Reorder Soon
2024-08-01,BB_0031,peri_urban,B_neg,platelet_concentrate,249,214.5,258.0,282.9,68.4,0.24,Moderate,23.18,High,Critical,Prioritize Near-Expiry Usage
2023-06-01,BB_0012,urban,AB_pos,group_O_neg_emergency,239,197.0,239.0,265.4,68.4,0.23,Moderate,19.29,High,Low Stock,Investigate High Wastage
2023-12-01,BB_0091,urban,A_pos,cryoprecipitate,216,201.5,243.5,269.9,68.4,0.22,Low,10.56,Low,Recovered,Reorder Soon
2023-10-01,BB_0089,urban,O_pos,packed_RBC,234,199.67,241.33,268.1,68.4,0.29,Critical,18.48,Moderate,Recovered,Reorder Soon
2024-08-01,BB_0047,rural,O_pos,platelet_concentrate,242,204.5,247.17,272.9,68.4,0.33,Critical,16.07,Moderate,Adequate,Monitor Closely
2024-09-01,BB_0052,rural,O_pos,fresh_frozen_plasma,260,207.2,252.4,275.6,68.4,0.19,Low,14.74,Moderate,Low Stock,Reorder Soon
2023-04-01,BB_0068,urban,A_pos,cryoprecipitate,244,202.0,244.0,270.4,68.4,0.27,High,20.79,Moderate,Adequate,Reorder Soon
2024-05-01,BB_0024,rural,B_pos,group_O_neg_emergency,225,182.0,225.0,250.3,68.3,0.24,Moderate,24.73,High,Adequate,Investigate High Wastage
2023-07-01,BB_0023,rural,A_pos,platelet_concentrate,244,203.67,246.33,272.0,68.3,0.18,Low,13.44,Low,Low Stock,Reorder Soon
2023-11-01,BB_0102,urban,B_pos,group_O_neg_emergency,260,211.0,254.0,279.3,68.3,0.17,Low,19.66,High,Adequate,Investigate High Wastage
2024-12-01,BB_0124,rural,O_pos,cryoprecipitate,258,197.11,252.67,265.4,68.3,0.22,Low,17.89,Moderate,Adequate,Reorder Soon
2024-10-01,BB_0067,urban,B_pos,group_O_neg_emergency,248,206.5,249.5,274.8,68.3,0.28,High,23.04,High,Low Stock,Investigate High Wastage
2024-07-01,BB_0080,peri_urban,B_pos,platelet_concentrate,231,191.33,233.33,259.6,68.3,0.27,High,19.03,High,Adequate,Prioritize Near-Expiry Usage
2024-09-01,BB_0043,urban,O_pos,fresh_frozen_plasma,256,209.5,251.25,277.8,68.3,0.25,Moderate,19.51,Moderate,Recovered,Reorder Soon
2022-04-01,BB_0092,peri_urban,B_pos,group_O_neg_emergency,256,213.0,256.0,281.3,68.3,0.18,Low,19.25,High,Adequate,Investigate High Wastage
2024-08-01,BB_0005,urban,O_pos,group_O_neg_emergency,217,193.5,236.0,261.7,68.2,0.27,High,8.93,Low,Low Stock,Reorder Soon
2024-06-01,BB_0006,peri_urban,B_pos,whole_blood,234,202.75,245.25,271.0,68.2,0.22,Low,15.77,Moderate,Adequate,Reorder Soon
2024-11-01,BB_0122,peri_urban,O_pos,cryoprecipitate,235,199.67,245.33,267.9,68.2,0.26,High,15.01,Moderate,Recovered,Reorder Soon
2024-12-01,BB_0086,peri_urban,A_pos,packed_RBC,243,191.6,245.6,259.8,68.2,0.41,Critical,18.37,Moderate,Low Stock,Monitor Closely
2023-10-01,BB_0086,peri_urban,A_pos,platelet_concentrate,253,198.0,240.5,266.2,68.2,0.41,Critical,23.52,High,Adequate,Monitor Closely
2024-11-01,BB_0002,urban,O_pos,cryoprecipitate,235,198.71,242.14,266.9,68.2,0.23,Moderate,19.4,Moderate,Adequate,Reorder Soon
2024-08-01,BB_0082,peri_urban,A_pos,cryoprecipitate,229,202.0,243.75,270.2,68.2,0.33,Critical,10.29,Low,Recovered,Monitor Closely
2024-11-01,BB_0024,urban,AB_neg,cryoprecipitate,237,193.5,240.0,261.7,68.2,0.24,Moderate,19.49,Moderate,Recovered,Reorder Soon
2024-08-01,BB_0073,urban,O_pos,fresh_frozen_plasma,241,200.5,240.17,268.7,68.2,0.21,Low,17.0,Moderate,Adequate,Reorder Soon
2022-07-01,BB_0136,urban,AB_neg,whole_blood,260,221.0,260.0,289.1,68.1,0.33,Critical,14.93,Moderate,Low Stock,Reorder Soon
2024-06-01,BB_0120,urban,A_pos,cryoprecipitate,243,205.8,254.6,273.9,68.1,0.26,High,12.9,Low,Adequate,Reorder Soon
2023-12-01,BB_0086,rural,O_pos,fresh_frozen_plasma,253,207.5,249.0,275.6,68.1,0.41,Critical,18.51,Moderate,Adequate,Monitor Closely
2024-03-01,BB_0074,urban,O_pos,platelet_concentrate,260,202.43,245.86,270.5,68.1,0.25,High,16.11,Moderate,Adequate,Reorder Soon
2024-11-01,BB_0022,urban,B_pos,packed_RBC,241,204.67,247.33,272.8,68.1,0.19,Low,22.36,High,Low Stock,Investigate High Wastage
2024-11-01,BB_0108,peri_urban,O_pos,fresh_frozen_plasma,239,201.25,242.75,269.4,68.1,0.22,Moderate,14.91,Moderate,Adequate,Reorder Soon
2023-11-01,BB_0129,rural,AB_pos,whole_blood,261,204.5,250.0,272.5,68.0,0.28,High,18.62,Moderate,Adequate,Reorder Soon
2023-11-01,BB_0041,peri_urban,O_neg,whole_blood,246,203.0,246.0,271.0,68.0,0.2,Low,5.42,Low,Adequate,Reorder Soon
2023-02-01,BB_0098,urban,O_pos,fresh_frozen_plasma,263,203.33,244.67,271.3,68.0,0.23,Moderate,14.78,Moderate,Adequate,Reorder Soon
2021-02-01,BB_0005,peri_urban,A_pos,fresh_frozen_plasma,236,193.0,236.0,261.0,68.0,0.27,High,18.13,Moderate,Recovered,Reorder Soon
2024-11-01,BB_0060,rural,O_pos,cryoprecipitate,246,206.0,247.8,274.0,68.0,0.25,Moderate,18.08,Moderate,Recovered,Reorder Soon
2024-12-01,BB_0034,urban,B_pos,fresh_frozen_plasma,251,209.0,251.0,277.0,68.0,0.26,High,21.53,Moderate,Critical,Reorder Soon
2021-06-01,BB_0042,urban,B_neg,packed_RBC,246,207.0,246.0,274.9,67.9,0.24,Moderate,19.32,High,Adequate,Investigate High Wastage
2023-07-01,BB_0068,urban,B_pos,platelet_concentrate,251,199.67,241.33,267.6,67.9,0.27,High,14.07,Moderate,Recovered,Reorder Soon
2023-09-01,BB_0110,urban,O_pos,packed_RBC,257,202.56,248.67,270.5,67.9,0.29,Critical,13.34,Low,Adequate,Reorder Soon
2024-07-01,BB_0126,urban,O_pos,fresh_frozen_plasma,257,200.67,250.67,268.6,67.9,0.28,High,12.91,Low,Adequate,Reorder Soon
2024-03-01,BB_0139,urban,A_pos,packed_RBC,247,201.0,242.5,268.9,67.9,0.25,Moderate,11.62,Low,Low Stock,Reorder Soon
2024-07-01,BB_0149,urban,A_pos,packed_RBC,225,205.5,247.0,273.4,67.9,0.2,Low,17.28,Moderate,Adequate,Reorder Soon
2024-11-01,BB_0070,urban,A_pos,packed_RBC,251,203.5,245.0,271.4,67.9,0.22,Moderate,12.97,Low,Adequate,Reorder Soon
2024-07-01,BB_0101,urban,O_pos,whole_blood,252,200.57,252.71,268.5,67.9,0.19,Low,16.49,Moderate,Low Stock,Reorder Soon
2022-05-01,BB_0065,urban,A_neg,whole_blood,253,207.0,247.0,274.8,67.8,0.32,Critical,17.74,Moderate,Recovered,Reorder Soon
2024-12-01,BB_0147,rural,B_pos,platelet_concentrate,268,211.5,253.0,279.3,67.8,0.24,Moderate,11.41,Low,Recovered,Reorder Soon
2024-01-01,BB_0054,urban,B_pos,platelet_concentrate,259,212.0,253.5,279.8,67.8,0.28,High,13.75,Low,Recovered,Reorder Soon
2024-01-01,BB_0098,peri_urban,A_pos,whole_blood,266,219.5,260.5,287.3,67.8,0.23,Moderate,21.04,High,Adequate,Investigate High Wastage
2024-08-01,BB_0045,peri_urban,B_pos,group_O_neg_emergency,239,203.25,245.75,271.0,67.8,0.22,Low,17.28,Moderate,Low Stock,Reorder Soon
2024-07-01,BB_0068,urban,O_neg,cryoprecipitate,243,203.0,243.0,270.8,67.8,0.27,High,22.66,Moderate,Adequate,Reorder Soon
2023-12-01,BB_0094,urban,O_pos,cryoprecipitate,249,210.5,252.0,278.3,67.8,0.3,Critical,17.1,Moderate,Low Stock,Reorder Soon
2024-10-01,BB_0133,rural,O_pos,whole_blood,258,199.86,244.29,267.7,67.8,0.22,Low,15.55,Moderate,Adequate,Reorder Soon
2024-09-01,BB_0004,peri_urban,O_pos,fresh_frozen_plasma,256,199.5,254.0,267.3,67.8,0.25,High,15.07,Moderate,Adequate,Reorder Soon
2024-09-01,BB_0060,urban,O_pos,packed_RBC,238,202.67,243.67,270.5,67.8,0.25,Moderate,13.21,Low,Adequate,Reorder Soon
2024-02-01,BB_0051,rural,A_neg,whole_blood,254,214.0,254.0,281.8,67.8,0.31,Critical,17.76,Moderate,Adequate,Reorder Soon
2022-12-01,BB_0064,rural,A_pos,whole_blood,228,187.0,228.0,254.8,67.8,0.12,Low,18.18,Moderate,Low Stock,Reorder Soon
2023-02-01,BB_0147,urban,O_pos,cryoprecipitate,252,194.83,247.33,262.6,67.8,0.24,Moderate,17.42,Moderate,Adequate,Reorder Soon
2022-07-01,BB_0141,urban,A_pos,platelet_concentrate,264,222.0,264.0,289.7,67.7,0.27,High,18.02,Moderate,Adequate,Reorder Soon
2023-01-01,BB_0090,peri_urban,O_pos,group_O_neg_emergency,240,192.0,234.0,259.7,67.7,0.2,Low,10.01,Low,Critical,Reorder Soon
2023-08-01,BB_0103,urban,AB_pos,packed_RBC,248,209.0,248.0,276.7,67.7,0.32,Critical,13.4,Low,Recovered,Reorder Soon
2022-06-01,BB_0075,peri_urban,A_neg,packed_RBC,253,210.0,253.0,277.7,67.7,0.28,High,16.67,Moderate,Adequate,Reorder Soon
2024-08-01,BB_0084,urban,B_pos,fresh_frozen_plasma,246,197.33,239.0,265.0,67.7,0.16,Low,21.72,Moderate,Adequate,Reorder Soon
2024-01-01,BB_0084,rural,B_pos,cryoprecipitate,254,212.33,255.0,280.0,67.7,0.16,Low,17.6,Moderate,Low Stock,Reorder Soon
2024-06-01,BB_0096,urban,O_pos,group_O_neg_emergency,240,200.0,242.0,267.7,67.7,0.23,Moderate,16.45,Moderate,Low Stock,Reorder Soon
2023-11-01,BB_0041,rural,B_neg,whole_blood,245,201.0,245.0,268.7,67.7,0.2,Low,25.37,High,Adequate,Investigate High Wastage
2024-10-01,BB_0067,rural,O_pos,cryoprecipitate,239,202.0,243.33,269.6,67.6,0.28,High,21.6,Moderate,Low Stock,Reorder Soon
2024-12-01,BB_0026,urban,O_pos,packed_RBC,250,199.25,240.0,266.8,67.6,0.28,High,15.58,Moderate,Recovered,Reorder Soon
2023-03-01,BB_0112,urban,AB_pos,platelet_concentrate,253,209.0,253.0,276.6,67.6,0.28,High,8.13,Low,Low Stock,Reorder Soon
2024-10-01,BB_0010,urban,O_pos,packed_RBC,246,196.75,237.5,264.3,67.6,0.25,Moderate,13.75,Low,Low Stock,Reorder Soon
2024-02-01,BB_0104,urban,A_pos,fresh_frozen_plasma,220,197.25,239.75,264.8,67.6,0.22,Moderate,18.62,Moderate,Recovered,Reorder Soon
2024-08-01,BB_0075,rural,O_pos,packed_RBC,249,202.4,247.8,270.0,67.6,0.28,High,15.28,Moderate,Adequate,Reorder Soon
2023-04-01,BB_0001,urban,B_pos,fresh_frozen_plasma,247,203.67,245.33,271.3,67.6,0.31,Critical,19.94,Moderate,Adequate,Reorder Soon
2024-09-01,BB_0146,urban,O_pos,platelet_concentrate,253,204.75,245.5,272.4,67.6,0.18,Low,19.0,High,Adequate,Prioritize Near-Expiry Usage
2024-04-01,BB_0083,peri_urban,O_neg,packed_RBC,236,196.0,236.0,263.5,67.5,0.29,Critical,7.14,Low,Adequate,Reorder Soon
2024-02-01,BB_0106,peri_urban,B_pos,cryoprecipitate,264,210.5,253.0,278.0,67.5,0.22,Low,17.2,Moderate,Adequate,Reorder Soon
2022-10-01,BB_0033,urban,B_pos,fresh_frozen_plasma,236,200.0,241.5,267.5,67.5,0.23,Moderate,11.38,Low,Low Stock,Reorder Soon
2023-06-01,BB_0039,peri_urban,B_pos,packed_RBC,235,193.0,235.0,260.5,67.5,0.32,Critical,20.73,High,Adequate,Investigate High Wastage
2022-08-01,BB_0050,urban,O_pos,platelet_concentrate,248,212.33,253.67,279.8,67.5,0.16,Low,15.87,Moderate,Adequate,Reorder Soon
2023-05-01,BB_0055,urban,B_pos,packed_RBC,247,205.0,247.0,272.5,67.5,0.24,Moderate,10.73,Low,Low Stock,Reorder Soon
2024-11-01,BB_0092,urban,B_pos,fresh_frozen_plasma,229,197.5,239.0,265.0,67.5,0.18,Low,15.25,Moderate,Recovered,Reorder Soon
2024-02-01,BB_0131,urban,A_pos,packed_RBC,236,208.0,249.0,275.4,67.4,0.25,Moderate,18.86,Moderate,Adequate,Reorder Soon
2023-06-01,BB_0016,urban,AB_pos,group_O_neg_emergency,250,209.0,250.0,276.4,67.4,0.23,Moderate,7.18,Low,Adequate,Reorder Soon
2024-11-01,BB_0119,urban,A_pos,group_O_neg_emergency,242,201.0,240.5,268.4,67.4,0.22,Low,18.68,Moderate,Adequate,Reorder Soon
2021-07-01,BB_0140,urban,A_pos,packed_RBC,258,217.0,258.0,284.4,67.4,0.2,Low,8.76,Low,Low Stock,Reorder Soon
2024-06-01,BB_0047,urban,A_pos,platelet_concentrate,245,203.33,245.0,270.7,67.4,0.33,Critical,18.05,Moderate,Recovered,Monitor Closely
2021-03-01,BB_0126,urban,AB_neg,platelet_concentrate,251,204.0,251.0,271.4,67.4,0.28,High,16.18,Moderate,Adequate,Reorder Soon
2024-09-01,BB_0025,peri_urban,O_pos,packed_RBC,239,201.17,244.5,268.6,67.4,0.3,Critical,17.76,Moderate,Adequate,Reorder Soon
2023-06-01,BB_0078,urban,B_pos,group_O_neg_emergency,237,203.2,249.2,270.6,67.4,0.25,Moderate,10.67,Low,Adequate,Reorder Soon
2024-12-01,BB_0115,urban,O_pos,cryoprecipitate,238,200.1,241.1,267.5,67.4,0.27,High,19.14,Moderate,Critical,Reorder Soon
2022-10-01,BB_0128,urban,AB_pos,group_O_neg_emergency,246,205.0,246.0,272.4,67.4,0.29,Critical,18.54,Moderate,Low Stock,Reorder Soon
2023-02-01,BB_0036,urban,B_pos,whole_blood,259,212.5,254.0,279.8,67.3,0.32,Critical,17.88,Moderate,Adequate,Reorder Soon
2024-08-01,BB_0029,urban,O_pos,whole_blood,250,208.33,250.33,275.6,67.3,0.16,Low,11.43,Low,Low Stock,Reorder Soon
2024-08-01,BB_0096,urban,B_pos,platelet_concentrate,231,190.0,231.0,257.3,67.3,0.23,Moderate,22.11,High,Recovered,Prioritize Near-Expiry Usage
2024-04-01,BB_0084,urban,B_pos,group_O_neg_emergency,242,205.0,247.0,272.3,67.3,0.16,Low,13.42,Low,Low Stock,Reorder Soon
2024-08-01,BB_0134,rural,B_pos,whole_blood,254,209.0,250.5,276.3,67.3,0.25,Moderate,18.2,Moderate,Adequate,Reorder Soon
2024-02-01,BB_0013,urban,B_pos,group_O_neg_emergency,254,206.5,248.5,273.8,67.3,0.29,Critical,21.13,High,Recovered,Investigate High Wastage
2023-09-01,BB_0104,rural,B_pos,whole_blood,234,193.0,234.5,260.3,67.3,0.22,Moderate,19.38,High,Critical,Investigate High Wastage
2024-12-01,BB_0075,peri_urban,O_pos,whole_blood,272,211.33,253.33,278.6,67.3,0.28,High,11.4,Low,Critical,Reorder Soon
2024-09-01,BB_0076,rural,O_pos,group_O_neg_emergency,238,192.67,245.17,259.9,67.2,0.21,Low,15.22,Moderate,Adequate,Reorder Soon
2024-01-01,BB_0022,peri_urban,O_pos,group_O_neg_emergency,235,203.5,245.0,270.7,67.2,0.19,Low,16.68,Moderate,Recovered,Reorder Soon
2022-10-01,BB_0149,peri_urban,A_neg,platelet_concentrate,258,216.0,258.0,283.2,67.2,0.2,Low,16.67,Moderate,Adequate,Reorder Soon
2024-03-01,BB_0020,rural,B_pos,fresh_frozen_plasma,237,209.25,250.5,276.5,67.2,0.3,Critical,15.2,Moderate,Adequate,Reorder Soon
2023-12-01,BB_0066,peri_urban,O_pos,group_O_neg_emergency,272,200.43,246.57,267.6,67.2,0.22,Moderate,19.12,High,Critical,Investigate High Wastage
2024-10-01,BB_0028,urban,A_pos,cryoprecipitate,250,199.2,256.0,266.4,67.2,0.19,Low,18.21,Moderate,Recovered,Reorder Soon
2024-04-01,BB_0090,urban,A_neg,platelet_concentrate,250,208.0,250.0,275.2,67.2,0.2,Low,21.63,High,Adequate,Prioritize Near-Expiry Usage
2024-07-01,BB_0134,urban,O_pos,cryoprecipitate,252,196.8,250.2,263.9,67.1,0.25,Moderate,14.38,Moderate,Adequate,Reorder Soon
2024-12-01,BB_0122,urban,O_pos,platelet_concentrate,223,202.0,242.4,269.1,67.1,0.26,High,16.61,Moderate,Low Stock,Reorder Soon
2023-08-01,BB_0108,peri_urban,O_pos,group_O_neg_emergency,234,201.33,242.67,268.4,67.1,0.22,Moderate,8.8,Low,Critical,Reorder Soon
2024-12-01,BB_0148,peri_urban,O_pos,group_O_neg_emergency,254,195.56,242.0,262.7,67.1,0.27,High,13.93,Low,Adequate,Reorder Soon
2022-01-01,BB_0020,urban,B_neg,group_O_neg_emergency,256,216.0,256.0,283.1,67.1,0.3,Critical,33.8,High,Adequate,Investigate High Wastage
2024-04-01,BB_0078,urban,A_pos,packed_RBC,268,207.75,248.5,274.9,67.1,0.25,Moderate,15.87,Moderate,Adequate,Reorder Soon
2022-03-01,BB_0132,urban,A_pos,packed_RBC,241,206.0,246.67,273.1,67.1,0.23,Moderate,20.53,High,Critical,Investigate High Wastage
2024-12-01,BB_0147,peri_urban,O_pos,fresh_frozen_plasma,249,211.0,247.6,278.1,67.1,0.24,Moderate,13.58,Low,Adequate,Reorder Soon
2023-06-01,BB_0113,peri_urban,B_pos,packed_RBC,257,200.4,242.8,267.4,67.0,0.25,Moderate,16.84,Moderate,Low Stock,Reorder Soon
2024-07-01,BB_0010,urban,B_pos,cryoprecipitate,245,203.0,245.0,270.0,67.0,0.25,Moderate,18.23,Moderate,Adequate,Reorder Soon
2022-02-01,BB_0044,peri_urban,O_neg,group_O_neg_emergency,245,204.0,245.0,271.0,67.0,0.25,Moderate,8.33,Low,Adequate,Reorder Soon
2024-12-01,BB_0001,rural,B_pos,platelet_concentrate,270,198.0,238.67,265.0,67.0,0.31,Critical,15.31,Moderate,Adequate,Reorder Soon
2024-04-01,BB_0002,peri_urban,B_pos,fresh_frozen_plasma,249,210.5,251.5,277.5,67.0,0.23,Moderate,19.31,Moderate,Adequate,Reorder Soon
2024-12-01,BB_0098,peri_urban,O_neg,group_O_neg_emergency,232,191.0,232.0,258.0,67.0,0.23,Moderate,15.71,Moderate,Low Stock,Reorder Soon
2024-03-01,BB_0006,urban,A_pos,fresh_frozen_plasma,260,218.0,260.0,285.0,67.0,0.22,Low,19.27,Moderate,Adequate,Reorder Soon
2024-04-01,BB_0037,peri_urban,O_neg,whole_blood,248,206.0,248.0,273.0,67.0,0.21,Low,18.93,Moderate,Adequate,Reorder Soon
2024-04-01,BB_0003,urban,A_pos,fresh_frozen_plasma,245,186.67,228.67,253.7,67.0,0.33,Critical,15.81,Moderate,Low Stock,Reorder Soon
2024-09-01,BB_0035,urban,AB_neg,packed_RBC,243,199.0,243.0,266.0,67.0,0.24,Moderate,6.53,Low,Adequate,Reorder Soon
2023-07-01,BB_0140,peri_urban,O_pos,platelet_concentrate,239,198.6,249.4,265.6,67.0,0.2,Low,17.47,Moderate,Low Stock,Reorder Soon
2024-05-01,BB_0004,peri_urban,O_pos,packed_RBC,242,198.8,248.8,265.8,67.0,0.25,High,17.24,Moderate,Adequate,Reorder Soon
2024-03-01,BB_0058,rural,A_pos,packed_RBC,268,203.25,243.75,270.2,66.9,0.21,Low,22.68,High,Adequate,Investigate High Wastage
2024-10-01,BB_0135,rural,B_neg,platelet_concentrate,246,204.0,246.0,270.9,66.9,0.25,Moderate,11.27,Low,Adequate,Reorder Soon
2024-10-01,BB_0125,urban,O_pos,whole_blood,251,208.67,253.0,275.6,66.9,0.29,Critical,15.27,Moderate,Adequate,Reorder Soon
2024-02-01,BB_0109,urban,O_neg,platelet_concentrate,241,202.0,241.0,268.9,66.9,0.19,Low,20.3,High,Low Stock,Prioritize Near-Expiry Usage
2021-10-01,BB_0010,peri_urban,B_neg,packed_RBC,225,187.0,225.0,253.9,66.9,0.25,Moderate,22.46,High,Adequate,Investigate High Wastage
2024-09-01,BB_0046,urban,O_pos,cryoprecipitate,242,200.25,238.75,267.2,66.9,0.29,Critical,12.44,Low,Recovered,Reorder Soon
2023-07-01,BB_0101,rural,B_neg,packed_RBC,250,214.0,252.0,280.9,66.9,0.19,Low,12.0,Low,Adequate,Reorder Soon
2024-09-01,BB_0033,urban,B_pos,packed_RBC,258,195.43,239.43,262.3,66.9,0.23,Moderate,15.25,Moderate,Adequate,Reorder Soon
2024-09-01,BB_0064,urban,A_pos,packed_RBC,226,191.5,232.0,258.4,66.9,0.12,Low,13.36,Low,Adequate,Reorder Soon
2024-12-01,BB_0109,urban,O_pos,group_O_neg_emergency,246,200.9,246.9,267.7,66.8,0.19,Low,19.02,High,Adequate,Investigate High Wastage
2024-09-01,BB_0110,urban,A_pos,whole_blood,268,198.0,238.0,264.8,66.8,0.29,Critical,17.43,Moderate,Adequate,Reorder Soon
2024-09-01,BB_0137,urban,B_pos,packed_RBC,266,204.0,245.33,270.8,66.8,0.28,High,19.13,High,Adequate,Investigate High Wastage
2024-07-01,BB_0046,peri_urban,A_pos,fresh_frozen_plasma,243,197.0,238.75,263.8,66.8,0.29,Critical,11.96,Low,Low Stock,Reorder Soon
2024-05-01,BB_0135,peri_urban,O_pos,packed_RBC,237,207.0,247.0,273.8,66.8,0.25,Moderate,24.4,High,Recovered,Investigate High Wastage
2024-06-01,BB_0081,urban,B_pos,whole_blood,249,203.5,244.5,270.3,66.8,0.26,High,19.38,High,Adequate,Investigate High Wastage
2023-08-01,BB_0129,urban,B_pos,whole_blood,235,194.0,235.0,260.8,66.8,0.28,High,17.01,Moderate,Adequate,Reorder Soon
2023-09-01,BB_0009,urban,B_pos,platelet_concentrate,245,206.0,246.5,272.8,66.8,0.27,High,12.29,Low,Critical,Reorder Soon
2024-12-01,BB_0061,peri_urban,O_pos,packed_RBC,240,203.78,247.56,270.6,66.8,0.27,High,17.73,Moderate,Low Stock,Reorder Soon
2023-07-01,BB_0030,urban,A_pos,whole_blood,242,202.0,242.0,268.8,66.8,0.27,High,17.82,Moderate,Adequate,Reorder Soon
2023-05-01,BB_0108,urban,A_neg,whole_blood,239,190.0,229.0,256.8,66.8,0.22,Moderate,19.55,High,Adequate,Investigate High Wastage
2023-06-01,BB_0004,urban,B_pos,group_O_neg_emergency,250,209.0,250.5,275.8,66.8,0.25,High,19.0,High,Recovered,Investigate High Wastage
2024-09-01,BB_0103,peri_urban,A_pos,whole_blood,247,207.0,247.0,273.8,66.8,0.32,Critical,19.81,High,Adequate,Investigate High Wastage
2024-05-01,BB_0083,rural,B_pos,packed_RBC,251,194.4,251.0,261.1,66.7,0.29,Critical,19.8,High,Adequate,Investigate High Wastage
2024-09-01,BB_0088,peri_urban,O_pos,group_O_neg_emergency,261,197.12,245.25,263.8,66.7,0.32,Critical,15.93,Moderate,Adequate,Reorder Soon
2022-10-01,BB_0078,urban,B_neg,whole_blood,247,204.0,247.0,270.7,66.7,0.25,Moderate,12.75,Low,Recovered,Reorder Soon
2024-01-01,BB_0019,rural,AB_neg,cryoprecipitate,258,213.0,258.0,279.7,66.7,0.33,Critical,12.68,Low,Adequate,Reorder Soon
2023-08-01,BB_0071,urban,O_pos,cryoprecipitate,233,190.62,243.38,257.3,66.7,0.16,Low,18.25,Moderate,Adequate,Reorder Soon
2022-04-01,BB_0048,urban,A_pos,platelet_concentrate,246,205.0,246.0,271.7,66.7,0.32,Critical,23.9,High,Adequate,Prioritize Near-Expiry Usage
2024-08-01,BB_0123,urban,O_pos,platelet_concentrate,235,201.5,247.67,268.2,66.7,0.26,High,19.83,High,Adequate,Prioritize Near-Expiry Usage
2024-10-01,BB_0096,rural,B_pos,fresh_frozen_plasma,274,214.0,254.67,280.7,66.7,0.23,Moderate,19.58,Moderate,Low Stock,Reorder Soon
2024-06-01,BB_0132,urban,B_neg,whole_blood,260,217.0,260.0,283.7,66.7,0.23,Moderate,23.96,High,Low Stock,Investigate High Wastage
2022-11-01,BB_0058,peri_urban,B_neg,whole_blood,245,202.0,245.0,268.7,66.7,0.21,Low,15.35,Moderate,Low Stock,Reorder Soon
2023-01-01,BB_0006,urban,AB_pos,platelet_concentrate,249,206.0,249.0,272.6,66.6,0.22,Low,22.33,High,Adequate,Prioritize Near-Expiry Usage
2022-11-01,BB_0120,peri_urban,AB_pos,fresh_frozen_plasma,238,197.0,238.0,263.6,66.6,0.26,High,17.77,Moderate,Recovered,Reorder Soon
2024-09-01,BB_0082,urban,O_pos,group_O_neg_emergency,253,201.0,245.5,267.6,66.6,0.33,Critical,15.64,Moderate,Low Stock,Monitor Closely
2024-11-01,BB_0019,peri_urban,O_pos,group_O_neg_emergency,235,203.62,241.25,270.2,66.6,0.33,Critical,18.18,Moderate,Recovered,Reorder Soon
2024-05-01,BB_0022,urban,O_pos,platelet_concentrate,228,194.5,235.0,261.1,66.6,0.19,Low,13.91,Low,Adequate,Reorder Soon
2024-12-01,BB_0065,peri_urban,O_pos,fresh_frozen_plasma,257,205.2,245.2,271.8,66.6,0.32,Critical,16.94,Moderate,Recovered,Reorder Soon
2021-08-01,BB_0008,urban,B_pos,cryoprecipitate,246,197.0,238.5,263.5,66.5,0.28,High,14.47,Moderate,Recovered,Reorder Soon
2024-07-01,BB_0009,rural,AB_pos,cryoprecipitate,243,204.0,243.0,270.5,66.5,0.27,High,18.63,Moderate,Adequate,Reorder Soon
2024-04-01,BB_0018,peri_urban,O_neg,packed_RBC,254,215.0,254.0,281.5,66.5,0.2,Low,21.4,High,Adequate,Investigate High Wastage
2024-12-01,BB_0042,urban,AB_pos,whole_blood,281,205.67,249.67,272.2,66.5,0.24,Moderate,19.64,High,Low Stock,Investigate High Wastage
2024-08-01,BB_0100,urban,B_pos,packed_RBC,221,199.5,240.5,266.0,66.5,0.27,High,19.18,High,Adequate,Investigate High Wastage
2024-02-01,BB_0133,urban,O_neg,whole_blood,254,203.5,245.0,270.0,66.5,0.22,Low,20.11,High,Adequate,Investigate High Wastage
2024-10-01,BB_0133,urban,O_pos,platelet_concentrate,247,200.67,255.5,267.2,66.5,0.22,Low,14.92,Moderate,Adequate,Reorder Soon
2024-01-01,BB_0052,peri_urban,B_pos,packed_RBC,242,216.0,257.0,282.5,66.5,0.19,Low,19.46,High,Adequate,Investigate High Wastage
2021-04-01,BB_0070,urban,B_pos,packed_RBC,253,212.0,253.0,278.5,66.5,0.22,Moderate,11.32,Low,Adequate,Reorder Soon
2024-06-01,BB_0131,peri_urban,O_neg,packed_RBC,250,211.0,250.0,277.5,66.5,0.25,Moderate,10.9,Low,Adequate,Reorder Soon
2023-05-01,BB_0066,peri_urban,A_pos,cryoprecipitate,268,202.0,242.0,268.4,66.4,0.22,Moderate,18.01,Moderate,Low Stock,Reorder Soon
2021-09-01,BB_0122,urban,A_pos,cryoprecipitate,234,194.0,234.0,260.4,66.4,0.26,High,9.79,Low,Recovered,Reorder Soon
2022-06-01,BB_0015,peri_urban,AB_neg,platelet_concentrate,248,202.0,248.0,268.4,66.4,0.25,Moderate,17.82,Moderate,Adequate,Reorder Soon
2021-11-01,BB_0042,urban,A_pos,cryoprecipitate,244,204.0,244.0,270.4,66.4,0.24,Moderate,20.1,Moderate,Adequate,Reorder Soon
2024-06-01,BB_0043,rural,A_pos,cryoprecipitate,238,198.0,238.0,264.4,66.4,0.25,Moderate,20.71,Moderate,Low Stock,Reorder Soon
2024-11-01,BB_0143,rural,B_pos,platelet_concentrate,224,192.0,232.0,258.3,66.3,0.24,Moderate,17.49,Moderate,Low Stock,Reorder Soon
2022-11-01,BB_0149,urban,B_pos,platelet_concentrate,262,222.0,262.0,288.3,66.3,0.2,Low,13.06,Low,Low Stock,Reorder Soon
2023-07-01,BB_0073,rural,O_pos,cryoprecipitate,249,196.5,236.5,262.8,66.3,0.21,Low,12.97,Low,Adequate,Reorder Soon
2024-12-01,BB_0064,rural,O_pos,fresh_frozen_plasma,246,203.33,243.0,269.6,66.3,0.12,Low,19.52,Moderate,Adequate,Reorder Soon
2024-11-01,BB_0055,urban,A_pos,fresh_frozen_plasma,236,205.5,246.75,271.8,66.3,0.24,Moderate,18.47,Moderate,Adequate,Reorder Soon
2024-09-01,BB_0051,peri_urban,O_pos,cryoprecipitate,225,198.5,238.5,264.8,66.3,0.31,Critical,20.0,Moderate,Recovered,Reorder Soon
2023-12-01,BB_0072,urban,O_neg,fresh_frozen_plasma,257,215.0,257.0,281.3,66.3,0.28,High,14.88,Moderate,Recovered,Reorder Soon
2023-08-01,BB_0012,peri_urban,A_pos,platelet_concentrate,257,207.75,248.25,274.0,66.2,0.23,Moderate,12.38,Low,Low Stock,Reorder Soon
2021-09-01,BB_0135,rural,A_neg,platelet_concentrate,237,196.0,237.0,262.2,66.2,0.25,Moderate,15.31,Moderate,Adequate,Reorder Soon
2024-08-01,BB_0001,peri_urban,O_pos,group_O_neg_emergency,266,208.5,249.0,274.7,66.2,0.31,Critical,12.1,Low,Adequate,Reorder Soon
2024-07-01,BB_0101,rural,A_pos,cryoprecipitate,237,200.0,239.75,266.2,66.2,0.19,Low,13.42,Low,Adequate,Reorder Soon
2022-08-01,BB_0062,peri_urban,A_neg,group_O_neg_emergency,237,196.0,237.0,262.2,66.2,0.33,Critical,7.65,Low,Adequate,Reorder Soon
2022-04-01,BB_0023,rural,AB_pos,platelet_concentrate,279,209.0,251.5,275.1,66.1,0.18,Low,19.14,High,Adequate,Prioritize Near-Expiry Usage
2024-07-01,BB_0049,urban,O_pos,fresh_frozen_plasma,231,206.25,248.0,272.4,66.1,0.37,Critical,15.88,Moderate,Low Stock,Monitor Closely
2023-04-01,BB_0008,urban,A_pos,platelet_concentrate,245,203.33,243.67,269.4,66.1,0.28,High,20.21,High,Low Stock,Prioritize Near-Expiry Usage
2023-04-01,BB_0025,peri_urban,O_pos,whole_blood,225,195.5,236.25,261.6,66.1,0.3,Critical,11.65,Low,Adequate,Reorder Soon
2023-06-01,BB_0038,rural,O_pos,platelet_concentrate,258,204.0,244.0,270.1,66.1,0.23,Moderate,15.85,Moderate,Recovered,Reorder Soon
2021-12-01,BB_0080,peri_urban,B_neg,group_O_neg_emergency,225,186.0,225.0,252.1,66.1,0.27,High,14.52,Moderate,Adequate,Reorder Soon
2024-11-01,BB_0143,urban,A_pos,packed_RBC,250,201.33,241.0,267.4,66.1,0.24,Moderate,15.12,Moderate,Adequate,Reorder Soon
2024-03-01,BB_0068,peri_urban,O_neg,group_O_neg_emergency,259,219.0,259.0,285.0,66.0,0.27,High,15.53,Moderate,Adequate,Reorder Soon
2023-07-01,BB_0145,urban,B_pos,group_O_neg_emergency,243,212.0,252.75,278.0,66.0,0.22,Moderate,13.64,Low,Recovered,Reorder Soon
2024-09-01,BB_0071,rural,O_neg,group_O_neg_emergency,246,206.0,246.0,272.0,66.0,0.16,Low,14.08,Moderate,Adequate,Reorder Soon
2024-05-01,BB_0144,peri_urban,O_pos,whole_blood,227,201.33,247.5,267.3,66.0,0.25,Moderate,16.6,Moderate,Adequate,Reorder Soon
2024-11-01,BB_0055,urban,A_pos,packed_RBC,253,205.0,254.2,271.0,66.0,0.24,Moderate,11.71,Low,Adequate,Reorder Soon
2024-08-01,BB_0116,peri_urban,AB_pos,cryoprecipitate,262,197.5,236.0,263.5,66.0,0.29,High,15.93,Moderate,Adequate,Reorder Soon
2024-09-01,BB_0136,rural,O_pos,whole_blood,255,209.0,249.75,275.0,66.0,0.33,Critical,11.77,Low,Critical,Reorder Soon
2024-07-01,BB_0009,urban,A_pos,cryoprecipitate,248,208.5,253.67,274.5,66.0,0.27,High,16.58,Moderate,Critical,Reorder Soon
2023-07-01,BB_0107,urban,O_neg,platelet_concentrate,254,216.0,254.0,281.9,65.9,0.23,Moderate,20.83,High,Low Stock,Prioritize Near-Expiry Usage
2024-09-01,BB_0100,urban,B_neg,packed_RBC,234,197.0,234.0,262.9,65.9,0.27,High,24.87,High,Recovered,Investigate High Wastage
2024-07-01,BB_0004,peri_urban,O_neg,platelet_concentrate,234,196.0,234.0,261.9,65.9,0.25,High,21.43,High,Adequate,Prioritize Near-Expiry Usage
2021-05-01,BB_0116,urban,O_neg,platelet_concentrate,248,210.0,248.0,275.9,65.9,0.29,High,18.57,Moderate,Recovered,Reorder Soon
2024-12-01,BB_0035,peri_urban,O_pos,cryoprecipitate,251,209.17,254.17,275.1,65.9,0.24,Moderate,18.82,Moderate,Adequate,Reorder Soon
2023-09-01,BB_0130,rural,O_pos,packed_RBC,228,203.33,242.33,269.1,65.8,0.27,High,11.71,Low,Recovered,Reorder Soon
2023-11-01,BB_0109,urban,A_pos,whole_blood,269,230.0,269.0,295.8,65.8,0.19,Low,16.52,Moderate,Low Stock,Reorder Soon
2024-08-01,BB_0014,urban,A_pos,whole_blood,257,218.0,257.0,283.8,65.8,0.27,High,13.3,Low,Adequate,Reorder Soon
2024-04-01,BB_0078,urban,B_pos,whole_blood,256,216.0,256.0,281.8,65.8,0.25,Moderate,19.91,High,Adequate,Investigate High Wastage
2024-07-01,BB_0066,urban,A_pos,whole_blood,235,202.25,241.25,268.0,65.8,0.22,Moderate,16.34,Moderate,Adequate,Reorder Soon
2024-02-01,BB_0016,peri_urban,B_pos,whole_blood,280,218.25,258.25,284.0,65.8,0.23,Moderate,19.84,High,Adequate,Investigate High Wastage
2023-09-01,BB_0038,urban,O_pos,cryoprecipitate,241,202.0,241.5,267.8,65.8,0.23,Moderate,23.5,Moderate,Adequate,Reorder Soon
2023-09-01,BB_0022,rural,B_pos,platelet_concentrate,262,217.5,257.0,283.3,65.8,0.19,Low,15.93,Moderate,Recovered,Reorder Soon
2024-10-01,BB_0015,peri_urban,A_neg,whole_blood,249,211.0,249.0,276.8,65.8,0.25,Moderate,23.7,High,Low Stock,Investigate High Wastage
2022-01-01,BB_0019,urban,B_pos,whole_blood,244,204.0,244.0,269.8,65.8,0.33,Critical,22.55,High,Low Stock,Investigate High Wastage
2024-07-01,BB_0066,peri_urban,O_pos,packed_RBC,253,204.67,246.0,270.4,65.7,0.22,Moderate,17.56,Moderate,Critical,Reorder Soon
2023-10-01,BB_0053,peri_urban,B_neg,whole_blood,251,209.0,251.0,274.7,65.7,0.28,High,13.4,Low,Adequate,Reorder Soon
2024-12-01,BB_0103,rural,B_pos,cryoprecipitate,239,199.8,248.0,265.5,65.7,0.32,Critical,16.63,Moderate,Low Stock,Reorder Soon
2023-10-01,BB_0007,urban,A_pos,cryoprecipitate,238,194.0,233.33,259.7,65.7,0.36,Critical,20.73,Moderate,Adequate,Monitor Closely
2024-10-01,BB_0102,rural,B_pos,fresh_frozen_plasma,218,201.33,241.0,267.0,65.7,0.17,Low,13.82,Low,Low Stock,Reorder Soon
2022-01-01,BB_0031,peri_urban,AB_pos,packed_RBC,229,192.0,229.0,257.7,65.7,0.24,Moderate,22.92,High,Adequate,Investigate High Wastage
2024-10-01,BB_0070,urban,B_pos,cryoprecipitate,231,201.67,242.33,267.3,65.6,0.22,Moderate,15.41,Moderate,Recovered,Reorder Soon
2024-11-01,BB_0017,peri_urban,O_pos,fresh_frozen_plasma,233,201.08,243.83,266.7,65.6,0.26,High,14.01,Moderate,Adequate,Reorder Soon
2023-05-01,BB_0066,urban,AB_pos,fresh_frozen_plasma,236,196.0,236.0,261.6,65.6,0.22,Moderate,17.35,Moderate,Low Stock,Reorder Soon
2024-07-01,BB_0103,urban,A_pos,fresh_frozen_plasma,258,191.8,240.8,257.4,65.6,0.32,Critical,18.03,Moderate,Critical,Reorder Soon
2022-01-01,BB_0087,urban,AB_pos,platelet_concentrate,241,199.0,241.0,264.6,65.6,0.21,Low,25.13,High,Low Stock,Prioritize Near-Expiry Usage
2022-10-01,BB_0004,rural,AB_pos,fresh_frozen_plasma,229,189.0,229.0,254.6,65.6,0.25,High,20.11,Moderate,Adequate,Reorder Soon
2023-09-01,BB_0027,urban,AB_pos,fresh_frozen_plasma,255,211.5,251.5,277.1,65.6,0.35,Critical,20.18,Moderate,Low Stock,Monitor Closely
2024-11-01,BB_0117,rural,O_pos,fresh_frozen_plasma,256,201.8,239.0,267.4,65.6,0.23,Moderate,12.86,Low,Critical,Reorder Soon
2022-05-01,BB_0135,urban,AB_pos,platelet_concentrate,258,216.0,258.0,281.6,65.6,0.25,Moderate,14.81,Moderate,Adequate,Reorder Soon
2022-05-01,BB_0054,peri_urban,AB_pos,platelet_concentrate,241,199.0,241.0,264.6,65.6,0.28,High,24.62,High,Adequate,Prioritize Near-Expiry Usage
2023-10-01,BB_0041,peri_urban,B_pos,packed_RBC,245,205.0,245.0,270.5,65.5,0.2,Low,9.76,Low,Recovered,Reorder Soon
2022-12-01,BB_0040,urban,AB_pos,whole_blood,243,200.0,243.0,265.5,65.5,0.28,High,14.5,Moderate,Adequate,Reorder Soon
2024-09-01,BB_0133,rural,O_pos,fresh_frozen_plasma,233,195.43,234.0,260.9,65.5,0.22,Low,17.25,Moderate,Adequate,Reorder Soon
2024-11-01,BB_0037,peri_urban,AB_pos,whole_blood,248,205.0,248.0,270.5,65.5,0.21,Low,10.24,Low,Low Stock,Reorder Soon
2021-10-01,BB_0060,urban,O_neg,packed_RBC,238,200.0,238.0,265.5,65.5,0.25,Moderate,21.0,High,Recovered,Investigate High Wastage
2022-03-01,BB_0145,peri_urban,B_pos,packed_RBC,244,203.5,243.5,269.0,65.5,0.22,Moderate,20.12,High,Adequate,Investigate High Wastage
2024-07-01,BB_0039,peri_urban,AB_pos,whole_blood,259,208.0,251.0,273.5,65.5,0.32,Critical,14.44,Moderate,Adequate,Reorder Soon
2024-05-01,BB_0014,peri_urban,AB_pos,whole_blood,233,190.0,233.0,255.5,65.5,0.27,High,19.47,High,Adequate,Investigate High Wastage
2024-05-01,BB_0102,peri_urban,A_pos,fresh_frozen_plasma,246,202.0,242.5,267.5,65.5,0.17,Low,14.87,Moderate,Recovered,Reorder Soon
2024-05-01,BB_0079,peri_urban,AB_pos,cryoprecipitate,236,198.0,236.0,263.5,65.5,0.39,Critical,15.15,Moderate,Adequate,Monitor Closely
2021-03-01,BB_0122,urban,AB_pos,whole_blood,253,210.0,253.0,275.5,65.5,0.26,High,10.0,Low,Low Stock,Reorder Soon
2023-06-01,BB_0132,peri_urban,A_pos,platelet_concentrate,228,203.17,244.83,268.7,65.5,0.23,Moderate,15.31,Moderate,Adequate,Reorder Soon
2024-07-01,BB_0074,peri_urban,A_pos,cryoprecipitate,262,209.0,248.5,274.4,65.4,0.25,High,13.74,Low,Critical,Reorder Soon
2024-12-01,BB_0001,rural,O_pos,cryoprecipitate,254,206.22,251.44,271.6,65.4,0.31,Critical,15.97,Moderate,Low Stock,Reorder Soon
2022-09-01,BB_0096,peri_urban,AB_neg,group_O_neg_emergency,249,208.0,249.0,273.4,65.4,0.23,Moderate,5.77,Low,Adequate,Reorder Soon
2024-02-01,BB_0118,peri_urban,A_pos,cryoprecipitate,229,190.0,229.0,255.4,65.4,0.29,Critical,22.63,Moderate,Recovered,Reorder Soon
2024-06-01,BB_0044,urban,A_pos,packed_RBC,240,201.0,240.0,266.4,65.4,0.25,Moderate,13.5,Low,Adequate,Reorder Soon
2024-09-01,BB_0089,urban,O_pos,fresh_frozen_plasma,256,203.4,253.0,268.8,65.4,0.29,Critical,14.72,Moderate,Recovered,Reorder Soon
2021-10-01,BB_0072,urban,AB_pos,group_O_neg_emergency,259,220.0,259.0,285.4,65.4,0.28,High,24.55,High,Adequate,Investigate High Wastage
2023-12-01,BB_0007,rural,A_pos,packed_RBC,233,207.0,246.0,272.4,65.4,0.36,Critical,16.95,Moderate,Adequate,Monitor Closely
2022-12-01,BB_0141,urban,A_pos,packed_RBC,238,199.0,238.0,264.4,65.4,0.27,High,5.53,Low,Adequate,Reorder Soon
2024-12-01,BB_0027,urban,O_pos,packed_RBC,260,215.67,254.33,281.1,65.4,0.35,Critical,16.86,Moderate,Recovered,Monitor Closely
2022-06-01,BB_0099,urban,B_pos,platelet_concentrate,242,208.5,247.5,273.8,65.3,0.15,Low,15.89,Moderate,Critical,Reorder Soon
2024-01-01,BB_0110,rural,B_pos,whole_blood,230,200.0,239.5,265.3,65.3,0.29,Critical,17.99,Moderate,Adequate,Reorder Soon
2023-10-01,BB_0087,peri_urban,O_neg,cryoprecipitate,259,210.0,247.5,275.3,65.3,0.21,Low,13.6,Low,Adequate,Reorder Soon
2023-09-01,BB_0141,urban,B_pos,platelet_concentrate,250,211.0,250.0,276.3,65.3,0.27,High,15.17,Moderate,Adequate,Reorder Soon
2022-12-01,BB_0131,urban,B_pos,platelet_concentrate,242,203.0,242.0,268.3,65.3,0.25,Moderate,19.21,High,Adequate,Prioritize Near-Expiry Usage
2024-08-01,BB_0017,peri_urban,O_pos,cryoprecipitate,246,204.0,243.0,269.3,65.3,0.26,High,19.08,Moderate,Adequate,Reorder Soon
2022-05-01,BB_0149,urban,O_neg,fresh_frozen_plasma,241,200.0,241.0,265.3,65.3,0.2,Low,22.0,Moderate,Adequate,Reorder Soon
2024-07-01,BB_0024,urban,AB_pos,platelet_concentrate,244,211.0,252.67,276.3,65.3,0.24,Moderate,24.4,High,Adequate,Prioritize Near-Expiry Usage
2024-11-01,BB_0121,urban,O_pos,fresh_frozen_plasma,253,193.4,253.2,258.6,65.2,0.24,Moderate,17.49,Moderate,Adequate,Reorder Soon
2024-12-01,BB_0001,urban,O_pos,whole_blood,237,197.67,248.0,262.9,65.2,0.31,Critical,14.08,Moderate,Low Stock,Reorder Soon
2023-06-01,BB_0110,peri_urban,A_neg,group_O_neg_emergency,222,188.0,228.0,253.2,65.2,0.29,Critical,17.3,Moderate,Adequate,Reorder Soon
2024-06-01,BB_0034,urban,B_pos,whole_blood,218,199.33,238.67,264.5,65.2,0.26,High,11.57,Low,Recovered,Reorder Soon
2024-03-01,BB_0011,urban,O_pos,group_O_neg_emergency,257,202.5,242.0,267.7,65.2,0.2,Low,16.43,Moderate,Adequate,Reorder Soon
2024-11-01,BB_0014,urban,O_pos,packed_RBC,234,201.5,246.8,266.6,65.1,0.27,High,16.46,Moderate,Low Stock,Reorder Soon
2024-12-01,BB_0131,urban,O_pos,platelet_concentrate,240,196.33,234.67,261.4,65.1,0.25,Moderate,17.98,Moderate,Adequate,Reorder Soon
2022-12-01,BB_0147,peri_urban,O_pos,platelet_concentrate,258,219.0,258.0,284.1,65.1,0.24,Moderate,8.68,Low,Adequate,Reorder Soon
2022-05-01,BB_0035,rural,A_pos,fresh_frozen_plasma,246,197.5,237.5,262.5,65.0,0.24,Moderate,11.74,Low,Recovered,Reorder Soon
2024-03-01,BB_0044,peri_urban,O_neg,whole_blood,243,203.0,243.0,268.0,65.0,0.25,Moderate,13.79,Low,Recovered,Reorder Soon
2021-12-01,BB_0141,peri_urban,B_pos,cryoprecipitate,250,210.0,250.0,275.0,65.0,0.27,High,5.24,Low,Recovered,Reorder Soon
2024-07-01,BB_0055,urban,B_pos,fresh_frozen_plasma,240,198.2,245.8,263.2,65.0,0.24,Moderate,20.13,Moderate,Adequate,Reorder Soon
2023-02-01,BB_0119,peri_urban,A_pos,fresh_frozen_plasma,266,226.0,266.0,291.0,65.0,0.22,Low,14.16,Moderate,Adequate,Reorder Soon
2023-09-01,BB_0109,rural,O_neg,group_O_neg_emergency,236,197.0,236.0,262.0,65.0,0.19,Low,23.86,High,Adequate,Investigate High Wastage
2021-09-01,BB_0023,peri_urban,O_neg,platelet_concentrate,253,216.0,253.0,280.9,64.9,0.18,Low,23.15,High,Adequate,Prioritize Near-Expiry Usage
2021-09-01,BB_0116,rural,B_pos,whole_blood,268,229.0,268.0,293.8,64.8,0.29,High,16.16,Moderate,Low Stock,Reorder Soon
2022-09-01,BB_0104,rural,A_pos,whole_blood,243,205.0,243.0,269.8,64.8,0.22,Moderate,14.15,Moderate,Adequate,Reorder Soon
2023-05-01,BB_0122,urban,B_pos,packed_RBC,258,192.0,231.33,256.8,64.8,0.26,High,12.99,Low,Recovered,Reorder Soon
2023-03-01,BB_0033,urban,B_pos,group_O_neg_emergency,261,201.5,241.0,266.3,64.8,0.23,Moderate,17.4,Moderate,Adequate,Reorder Soon
2024-03-01,BB_0045,urban,O_pos,whole_blood,275,218.5,258.0,283.3,64.8,0.22,Low,21.06,High,Adequate,Investigate High Wastage
2024-10-01,BB_0086,urban,O_pos,group_O_neg_emergency,249,205.25,253.88,270.0,64.8,0.41,Critical,14.49,Moderate,Adequate,Monitor Closely
2023-10-01,BB_0124,peri_urban,O_pos,packed_RBC,252,201.0,239.0,265.8,64.8,0.22,Low,15.95,Moderate,Low Stock,Reorder Soon
2023-11-01,BB_0072,rural,A_neg,whole_blood,289,204.5,241.5,269.3,64.8,0.28,High,17.65,Moderate,Critical,Reorder Soon
2024-09-01,BB_0140,urban,O_pos,group_O_neg_emergency,245,202.0,248.14,266.8,64.8,0.2,Low,22.16,High,Recovered,Investigate High Wastage
2023-12-01,BB_0033,urban,B_pos,cryoprecipitate,239,198.33,238.0,263.0,64.7,0.23,Moderate,14.26,Moderate,Adequate,Reorder Soon
2022-03-01,BB_0117,urban,A_pos,platelet_concentrate,224,195.0,234.0,259.7,64.7,0.23,Moderate,13.3,Low,Low Stock,Reorder Soon
2024-04-01,BB_0086,urban,B_neg,whole_blood,261,213.0,254.0,277.7,64.7,0.41,Critical,13.42,Low,Recovered,Monitor Closely
2024-08-01,BB_0059,urban,A_pos,cryoprecipitate,257,198.2,251.0,262.9,64.7,0.37,Critical,17.31,Moderate,Adequate,Monitor Closely
2024-04-01,BB_0140,peri_urban,A_pos,cryoprecipitate,232,200.0,238.33,264.7,64.7,0.2,Low,16.38,Moderate,Low Stock,Reorder Soon
2024-06-01,BB_0112,rural,A_pos,whole_blood,250,210.6,252.8,275.3,64.7,0.28,High,17.48,Moderate,Adequate,Reorder Soon
2024-10-01,BB_0137,rural,A_pos,platelet_concentrate,232,200.67,239.67,265.4,64.7,0.28,High,13.95,Low,Adequate,Reorder Soon
2024-12-01,BB_0098,urban,A_pos,fresh_frozen_plasma,241,205.0,244.67,269.7,64.7,0.23,Moderate,14.59,Moderate,Adequate,Reorder Soon
2024-07-01,BB_0041,urban,O_pos,cryoprecipitate,264,201.0,247.67,265.7,64.7,0.2,Low,15.14,Moderate,Critical,Reorder Soon
2023-03-01,BB_0063,urban,AB_pos,packed_RBC,259,223.0,259.0,287.7,64.7,0.29,High,10.31,Low,Adequate,Reorder Soon
2022-04-01,BB_0094,urban,AB_pos,packed_RBC,234,198.0,234.0,262.7,64.7,0.3,Critical,23.23,High,Critical,Investigate High Wastage
2023-12-01,BB_0131,peri_urban,O_neg,fresh_frozen_plasma,247,201.0,241.33,265.6,64.6,0.25,Moderate,16.67,Moderate,Low Stock,Reorder Soon
2023-09-01,BB_0060,rural,AB_pos,platelet_concentrate,251,210.0,251.0,274.6,64.6,0.25,Moderate,3.81,Low,Adequate,Reorder Soon
2024-12-01,BB_0043,urban,O_pos,group_O_neg_emergency,262,198.0,239.22,262.6,64.6,0.25,Moderate,15.13,Moderate,Recovered,Reorder Soon
2024-11-01,BB_0051,rural,O_pos,platelet_concentrate,242,197.33,249.08,261.9,64.6,0.31,Critical,15.38,Moderate,Recovered,Reorder Soon
2022-10-01,BB_0050,urban,A_pos,group_O_neg_emergency,240,195.33,232.0,259.9,64.6,0.16,Low,14.77,Moderate,Adequate,Reorder Soon
2021-01-01,BB_0011,urban,AB_pos,platelet_concentrate,252,211.0,252.0,275.6,64.6,0.2,Low,15.17,Moderate,Adequate,Reorder Soon
2024-11-01,BB_0124,urban,O_pos,group_O_neg_emergency,204,196.75,235.75,261.4,64.6,0.22,Low,22.82,High,Recovered,Investigate High Wastage
2024-09-01,BB_0027,rural,O_pos,cryoprecipitate,254,205.0,251.0,269.6,64.6,0.35,Critical,17.27,Moderate,Adequate,Monitor Closely
2024-05-01,BB_0057,peri_urban,AB_pos,platelet_concentrate,256,215.0,256.0,279.6,64.6,0.21,Low,21.86,High,Low Stock,Prioritize Near-Expiry Usage
2022-03-01,BB_0033,rural,O_neg,packed_RBC,242,205.0,242.0,269.5,64.5,0.23,Moderate,16.1,Moderate,Adequate,Reorder Soon
2024-12-01,BB_0016,peri_urban,B_neg,cryoprecipitate,248,208.0,248.0,272.5,64.5,0.23,Moderate,13.46,Low,Low Stock,Reorder Soon
2024-12-01,BB_0010,rural,A_pos,platelet_concentrate,228,200.0,246.2,264.5,64.5,0.25,Moderate,19.08,High,Adequate,Prioritize Near-Expiry Usage
2024-04-01,BB_0100,urban,B_neg,cryoprecipitate,240,200.0,240.0,264.5,64.5,0.27,High,15.0,Moderate,Adequate,Reorder Soon
2022-12-01,BB_0018,urban,B_pos,cryoprecipitate,253,210.5,250.0,275.0,64.5,0.2,Low,13.64,Low,Adequate,Reorder Soon
2024-02-01,BB_0103,peri_urban,B_pos,fresh_frozen_plasma,234,205.0,243.5,269.5,64.5,0.32,Critical,22.22,Moderate,Adequate,Reorder Soon
2024-04-01,BB_0027,urban,A_pos,platelet_concentrate,255,206.33,245.0,270.7,64.4,0.35,Critical,21.49,High,Low Stock,Monitor Closely
2024-12-01,BB_0031,urban,AB_neg,group_O_neg_emergency,246,206.0,246.0,270.4,64.4,0.24,Moderate,24.27,High,Adequate,Investigate High Wastage
2023-10-01,BB_0052,urban,A_pos,cryoprecipitate,214,208.75,246.75,273.2,64.4,0.19,Low,14.45,Moderate,Low Stock,Reorder Soon
2023-04-01,BB_0120,rural,B_pos,cryoprecipitate,257,220.33,259.67,284.7,64.4,0.26,High,15.23,Moderate,Recovered,Reorder Soon
2023-03-01,BB_0085,urban,AB_pos,group_O_neg_emergency,250,212.0,250.0,276.4,64.4,0.3,Critical,20.28,High,Adequate,Investigate High Wastage
2022-01-01,BB_0051,rural,A_pos,packed_RBC,235,197.0,235.0,261.4,64.4,0.31,Critical,12.69,Low,Adequate,Reorder Soon
2024-10-01,BB_0092,urban,O_pos,cryoprecipitate,260,207.64,248.18,272.0,64.4,0.18,Low,17.49,Moderate,Recovered,Reorder Soon
2024-11-01,BB_0027,rural,O_neg,platelet_concentrate,245,218.5,255.0,282.9,64.4,0.35,Critical,16.24,Moderate,Adequate,Monitor Closely
2022-10-01,BB_0121,urban,AB_neg,group_O_neg_emergency,241,201.0,241.0,265.4,64.4,0.24,Moderate,16.92,Moderate,Adequate,Reorder Soon
2024-11-01,BB_0029,peri_urban,O_pos,packed_RBC,235,197.5,241.33,261.9,64.4,0.16,Low,17.53,Moderate,Adequate,Reorder Soon
2022-03-01,BB_0011,peri_urban,A_pos,packed_RBC,246,218.0,256.0,282.4,64.4,0.2,Low,14.27,Moderate,Adequate,Reorder Soon
2024-06-01,BB_0107,urban,O_pos,cryoprecipitate,248,201.25,239.25,265.6,64.4,0.23,Moderate,14.57,Moderate,Adequate,Reorder Soon
2023-12-01,BB_0003,urban,O_pos,packed_RBC,252,207.0,254.8,271.3,64.3,0.33,Critical,18.36,Moderate,Adequate,Reorder Soon
2022-08-01,BB_0040,rural,O_pos,packed_RBC,219,183.5,221.0,247.8,64.3,0.28,High,20.66,High,Low Stock,Investigate High Wastage
2022-03-01,BB_0132,urban,A_pos,fresh_frozen_plasma,246,212.67,252.0,277.0,64.3,0.23,Moderate,14.32,Moderate,Adequate,Reorder Soon
2023-11-01,BB_0051,peri_urban,A_pos,fresh_frozen_plasma,250,207.0,246.33,271.3,64.3,0.31,Critical,15.99,Moderate,Critical,Reorder Soon
2024-06-01,BB_0060,urban,B_pos,platelet_concentrate,218,199.0,237.0,263.3,64.3,0.25,Moderate,17.81,Moderate,Low Stock,Reorder Soon
2021-07-01,BB_0016,peri_urban,B_pos,platelet_concentrate,246,208.0,246.0,272.3,64.3,0.23,Moderate,13.94,Low,Adequate,Reorder Soon
2024-05-01,BB_0059,urban,B_pos,platelet_concentrate,226,202.0,240.0,266.3,64.3,0.37,Critical,18.59,Moderate,Critical,Monitor Closely
2024-04-01,BB_0108,urban,B_pos,group_O_neg_emergency,250,212.33,251.33,276.6,64.3,0.22,Moderate,11.96,Low,Adequate,Reorder Soon
2023-10-01,BB_0113,urban,O_pos,packed_RBC,240,209.5,242.0,273.8,64.3,0.25,Moderate,19.83,High,Adequate,Investigate High Wastage
2024-11-01,BB_0085,rural,O_pos,platelet_concentrate,223,203.3,240.4,267.5,64.2,0.3,Critical,17.22,Moderate,Adequate,Reorder Soon
2023-07-01,BB_0021,urban,A_neg,platelet_concentrate,238,199.0,238.0,263.2,64.2,0.26,High,16.58,Moderate,Low Stock,Reorder Soon
2023-10-01,BB_0062,urban,O_pos,group_O_neg_emergency,248,215.0,253.5,279.2,64.2,0.33,Critical,18.61,Moderate,Adequate,Reorder Soon
2024-10-01,BB_0071,rural,A_pos,platelet_concentrate,244,201.0,239.5,265.2,64.2,0.16,Low,10.32,Low,Adequate,Reorder Soon
2024-09-01,BB_0117,urban,O_pos,packed_RBC,255,201.86,245.29,266.1,64.2,0.23,Moderate,14.38,Moderate,Recovered,Reorder Soon
2023-10-01,BB_0089,peri_urban,A_neg,platelet_concentrate,242,203.0,242.0,267.2,64.2,0.29,Critical,21.67,High,Recovered,Prioritize Near-Expiry Usage
2023-06-01,BB_0015,peri_urban,B_neg,whole_blood,238,210.5,251.0,274.7,64.2,0.25,Moderate,17.8,Moderate,Adequate,Reorder Soon
2024-12-01,BB_0115,peri_urban,B_pos,packed_RBC,233,200.0,238.67,264.2,64.2,0.27,High,16.12,Moderate,Critical,Reorder Soon
2024-10-01,BB_0103,rural,O_pos,cryoprecipitate,237,207.67,249.0,271.9,64.2,0.32,Critical,17.64,Moderate,Adequate,Reorder Soon
2024-09-01,BB_0093,urban,O_pos,packed_RBC,238,196.33,247.5,260.5,64.2,0.29,High,9.26,Low,Recovered,Reorder Soon
2023-09-01,BB_0061,peri_urban,A_pos,whole_blood,243,207.0,244.33,271.1,64.1,0.27,High,17.7,Moderate,Adequate,Reorder Soon
2021-07-01,BB_0052,urban,AB_neg,whole_blood,249,214.0,249.0,278.1,64.1,0.19,Low,21.96,High,Adequate,Investigate High Wastage
2024-09-01,BB_0088,urban,B_pos,whole_blood,231,205.0,243.25,269.0,64.0,0.32,Critical,17.7,Moderate,Recovered,Reorder Soon
2023-11-01,BB_0127,rural,B_pos,fresh_frozen_plasma,237,199.0,237.0,263.0,64.0,0.24,Moderate,16.08,Moderate,Adequate,Reorder Soon
2024-09-01,BB_0076,peri_urban,O_neg,whole_blood,248,209.0,248.0,273.0,64.0,0.21,Low,14.83,Moderate,Adequate,Reorder Soon
2024-04-01,BB_0015,urban,B_pos,fresh_frozen_plasma,233,199.33,237.33,263.3,64.0,0.25,Moderate,12.94,Low,Low Stock,Reorder Soon
2023-04-01,BB_0107,urban,B_pos,cryoprecipitate,234,205.0,244.0,269.0,64.0,0.23,Moderate,13.93,Low,Adequate,Reorder Soon
2024-07-01,BB_0047,urban,B_pos,packed_RBC,241,205.0,243.5,269.0,64.0,0.33,Critical,21.6,High,Critical,Monitor Closely
2023-02-01,BB_0015,urban,A_pos,fresh_frozen_plasma,242,197.2,239.8,261.1,63.9,0.25,Moderate,19.14,Moderate,Adequate,Reorder Soon
2023-09-01,BB_0105,rural,B_pos,group_O_neg_emergency,241,204.75,243.25,268.6,63.9,0.21,Low,15.93,Moderate,Adequate,Reorder Soon
2023-05-01,BB_0024,urban,B_neg,platelet_concentrate,245,206.0,245.0,269.9,63.9,0.24,Moderate,16.99,Moderate,Critical,Reorder Soon
2022-12-01,BB_0143,rural,O_neg,platelet_concentrate,230,194.0,230.0,257.9,63.9,0.24,Moderate,5.67,Low,Adequate,Reorder Soon
2024-11-01,BB_0103,peri_urban,O_neg,cryoprecipitate,236,200.0,236.0,263.8,63.8,0.32,Critical,6.0,Low,Adequate,Reorder Soon
2024-08-01,BB_0077,urban,B_pos,whole_blood,254,215.0,253.0,278.8,63.8,0.25,Moderate,20.96,High,Low Stock,Investigate High Wastage
2024-12-01,BB_0056,urban,B_pos,fresh_frozen_plasma,249,219.0,251.0,282.8,63.8,0.32,Critical,15.64,Moderate,Adequate,Reorder Soon
2024-06-01,BB_0130,urban,B_pos,group_O_neg_emergency,255,207.0,245.5,270.8,63.8,0.27,High,20.12,High,Recovered,Investigate High Wastage
2024-10-01,BB_0064,rural,O_pos,whole_blood,274,206.0,244.5,269.8,63.8,0.12,Low,18.44,Moderate,Recovered,Reorder Soon
2024-06-01,BB_0075,rural,O_pos,group_O_neg_emergency,217,204.0,242.83,267.7,63.7,0.28,High,15.52,Moderate,Adequate,Reorder Soon
2024-09-01,BB_0022,rural,O_pos,cryoprecipitate,243,204.83,250.17,268.5,63.7,0.19,Low,14.25,Moderate,Adequate,Reorder Soon
2022-10-01,BB_0030,urban,A_pos,platelet_concentrate,229,191.0,229.0,254.7,63.7,0.27,High,19.9,High,Adequate,Prioritize Near-Expiry Usage
2023-12-01,BB_0045,peri_urban,A_pos,platelet_concentrate,247,209.0,247.0,272.7,63.7,0.22,Low,10.05,Low,Recovered,Reorder Soon
2024-12-01,BB_0010,urban,O_pos,group_O_neg_emergency,255,197.43,248.71,261.1,63.7,0.25,Moderate,14.5,Moderate,Adequate,Reorder Soon
2024-12-01,BB_0021,peri_urban,A_pos,packed_RBC,242,208.67,246.0,272.4,63.7,0.26,High,18.66,Moderate,Adequate,Reorder Soon
2024-06-01,BB_0026,peri_urban,B_pos,fresh_frozen_plasma,264,204.25,241.75,267.8,63.6,0.28,High,14.84,Moderate,Low Stock,Reorder Soon
2022-12-01,BB_0034,peri_urban,AB_pos,fresh_frozen_plasma,241,203.0,241.0,266.6,63.6,0.26,High,16.26,Moderate,Adequate,Reorder Soon
2022-07-01,BB_0093,urban,AB_pos,platelet_concentrate,244,204.0,244.0,267.6,63.6,0.29,High,19.12,High,Adequate,Prioritize Near-Expiry Usage
2024-01-01,BB_0064,urban,B_pos,packed_RBC,218,202.0,240.0,265.5,63.5,0.12,Low,13.61,Low,Adequate,Reorder Soon
2021-09-01,BB_0014,peri_urban,AB_pos,cryoprecipitate,248,212.0,248.0,275.5,63.5,0.27,High,22.64,Moderate,Recovered,Reorder Soon
2024-11-01,BB_0138,peri_urban,B_pos,packed_RBC,250,212.0,250.0,275.5,63.5,0.28,High,20.28,High,Adequate,Investigate High Wastage
2024-11-01,BB_0048,urban,A_pos,whole_blood,252,196.2,253.2,259.7,63.5,0.32,Critical,19.78,High,Low Stock,Investigate High Wastage
2024-05-01,BB_0060,peri_urban,B_pos,packed_RBC,248,210.0,248.0,273.5,63.5,0.25,Moderate,19.52,High,Recovered,Investigate High Wastage
2022-03-01,BB_0080,urban,AB_pos,cryoprecipitate,238,202.0,238.0,265.5,63.5,0.27,High,9.41,Low,Recovered,Reorder Soon
2023-12-01,BB_0116,urban,AB_pos,whole_blood,241,200.0,241.0,263.5,63.5,0.29,High,24.0,High,Critical,Investigate High Wastage
2022-08-01,BB_0130,peri_urban,B_pos,cryoprecipitate,231,213.5,252.0,277.0,63.5,0.27,High,14.21,Moderate,Low Stock,Reorder Soon
2024-10-01,BB_0001,urban,AB_pos,whole_blood,262,214.5,255.5,278.0,63.5,0.31,Critical,14.45,Moderate,Low Stock,Reorder Soon
2023-02-01,BB_0125,rural,B_neg,cryoprecipitate,248,209.0,248.0,272.5,63.5,0.29,Critical,5.74,Low,Adequate,Reorder Soon
2022-02-01,BB_0016,urban,AB_neg,group_O_neg_emergency,251,212.0,251.0,275.4,63.4,0.23,Moderate,20.28,High,Adequate,Investigate High Wastage
2024-01-01,BB_0025,peri_urban,AB_pos,group_O_neg_emergency,217,199.0,236.0,262.4,63.4,0.3,Critical,17.32,Moderate,Adequate,Reorder Soon
2024-01-01,BB_0032,urban,AB_neg,platelet_concentrate,239,196.0,239.0,259.4,63.4,0.29,High,18.37,Moderate,Adequate,Reorder Soon
2024-09-01,BB_0102,urban,B_pos,cryoprecipitate,246,210.2,245.2,273.6,63.4,0.17,Low,15.46,Moderate,Adequate,Reorder Soon
2024-10-01,BB_0049,urban,A_pos,packed_RBC,231,204.0,241.0,267.4,63.4,0.37,Critical,17.44,Moderate,Adequate,Monitor Closely
2024-09-01,BB_0064,urban,O_pos,cryoprecipitate,254,204.33,249.11,267.7,63.4,0.12,Low,14.0,Moderate,Adequate,Reorder Soon
2024-11-01,BB_0008,urban,O_neg,platelet_concentrate,255,215.0,250.5,278.4,63.4,0.28,High,15.72,Moderate,Adequate,Reorder Soon
2024-08-01,BB_0038,rural,O_pos,whole_blood,254,209.5,247.5,272.8,63.3,0.23,Moderate,15.98,Moderate,Adequate,Reorder Soon
2024-05-01,BB_0135,peri_urban,O_pos,cryoprecipitate,266,212.67,249.67,276.0,63.3,0.25,Moderate,7.68,Low,Adequate,Reorder Soon
2023-04-01,BB_0058,urban,B_pos,cryoprecipitate,217,194.0,232.33,257.3,63.3,0.21,Low,15.08,Moderate,Low Stock,Reorder Soon
2024-05-01,BB_0071,urban,B_pos,platelet_concentrate,213,199.0,236.0,262.3,63.3,0.16,Low,13.12,Low,Adequate,Reorder Soon
2022-05-01,BB_0008,peri_urban,B_pos,group_O_neg_emergency,232,194.0,232.0,257.3,63.3,0.28,High,11.34,Low,Adequate,Reorder Soon
2023-11-01,BB_0073,urban,O_neg,fresh_frozen_plasma,252,213.0,252.0,276.3,63.3,0.21,Low,8.45,Low,Adequate,Reorder Soon
2022-02-01,BB_0089,peri_urban,O_pos,cryoprecipitate,234,197.0,234.0,260.3,63.3,0.29,Critical,20.3,Moderate,Adequate,Reorder Soon
2024-01-01,BB_0147,rural,B_pos,group_O_neg_emergency,240,201.0,239.0,264.3,63.3,0.24,Moderate,14.48,Moderate,Low Stock,Reorder Soon
2023-01-01,BB_0084,rural,O_pos,cryoprecipitate,280,213.5,250.5,276.8,63.3,0.16,Low,9.74,Low,Adequate,Reorder Soon
2023-05-01,BB_0077,urban,O_neg,cryoprecipitate,260,218.5,254.0,281.8,63.3,0.25,Moderate,17.22,Moderate,Adequate,Reorder Soon
2024-09-01,BB_0133,urban,O_pos,packed_RBC,252,200.2,240.8,263.5,63.3,0.22,Low,14.0,Moderate,Adequate,Reorder Soon
2023-10-01,BB_0032,urban,O_pos,group_O_neg_emergency,239,201.8,238.4,265.0,63.2,0.29,High,16.15,Moderate,Low Stock,Reorder Soon
2024-04-01,BB_0081,rural,A_pos,platelet_concentrate,228,203.33,240.67,266.4,63.1,0.26,High,16.24,Moderate,Adequate,Reorder Soon
2024-10-01,BB_0133,rural,B_pos,platelet_concentrate,238,205.4,240.4,268.5,63.1,0.22,Low,14.72,Moderate,Adequate,Reorder Soon
2024-10-01,BB_0090,rural,O_pos,platelet_concentrate,254,213.8,249.0,276.9,63.1,0.2,Low,14.19,Moderate,Critical,Reorder Soon
2023-04-01,BB_0128,peri_urban,A_pos,packed_RBC,234,214.25,251.0,277.4,63.1,0.29,Critical,11.58,Low,Adequate,Reorder Soon
2024-05-01,BB_0103,peri_urban,O_pos,packed_RBC,256,196.6,246.8,259.7,63.1,0.32,Critical,17.63,Moderate,Adequate,Reorder Soon
2024-06-01,BB_0137,urban,B_pos,platelet_concentrate,256,209.75,246.5,272.8,63.1,0.28,High,19.3,High,Adequate,Prioritize Near-Expiry Usage
2024-02-01,BB_0057,peri_urban,B_neg,group_O_neg_emergency,235,199.0,235.0,262.1,63.1,0.21,Low,6.03,Low,Adequate,Reorder Soon
2024-07-01,BB_0134,peri_urban,AB_neg,whole_blood,239,205.0,239.0,268.1,63.1,0.25,Moderate,17.07,Moderate,Adequate,Reorder Soon
2024-11-01,BB_0008,urban,O_pos,packed_RBC,245,202.5,247.17,265.6,63.1,0.28,High,13.7,Low,Adequate,Reorder Soon
2023-12-01,BB_0004,urban,A_pos,whole_blood,247,220.5,256.75,283.6,63.1,0.25,High,15.71,Moderate,Recovered,Reorder Soon
2023-12-01,BB_0067,rural,B_pos,fresh_frozen_plasma,245,212.33,249.33,275.3,63.0,0.28,High,13.49,Low,Adequate,Reorder Soon
2023-06-01,BB_0131,rural,B_pos,cryoprecipitate,230,192.0,230.0,255.0,63.0,0.25,Moderate,16.67,Moderate,Low Stock,Reorder Soon
2023-07-01,BB_0069,urban,B_pos,cryoprecipitate,232,195.0,233.0,258.0,63.0,0.15,Low,18.19,Moderate,Adequate,Reorder Soon
2024-07-01,BB_0042,urban,A_pos,fresh_frozen_plasma,272,223.0,261.0,286.0,63.0,0.24,Moderate,20.18,Moderate,Adequate,Reorder Soon
2021-05-01,BB_0111,peri_urban,A_pos,fresh_frozen_plasma,237,199.0,237.0,262.0,63.0,0.21,Low,12.06,Low,Adequate,Reorder Soon
2024-06-01,BB_0125,urban,O_neg,whole_blood,243,205.0,243.0,268.0,63.0,0.29,Critical,4.39,Low,Recovered,Reorder Soon
2024-10-01,BB_0099,peri_urban,O_pos,group_O_neg_emergency,249,203.67,250.0,266.7,63.0,0.15,Low,14.98,Moderate,Recovered,Reorder Soon
2022-04-01,BB_0112,peri_urban,B_pos,fresh_frozen_plasma,238,201.0,238.0,264.0,63.0,0.28,High,21.89,Moderate,Adequate,Reorder Soon
2023-04-01,BB_0067,urban,A_pos,group_O_neg_emergency,236,207.5,242.5,270.4,62.9,0.28,High,11.83,Low,Adequate,Reorder Soon
2023-12-01,BB_0044,urban,O_neg,platelet_concentrate,229,194.0,229.0,256.9,62.9,0.25,Moderate,9.79,Low,Adequate,Reorder Soon
2024-10-01,BB_0115,peri_urban,O_pos,group_O_neg_emergency,229,199.0,245.6,261.9,62.9,0.27,High,19.12,High,Adequate,Investigate High Wastage
2024-07-01,BB_0070,urban,O_pos,whole_blood,237,198.2,246.8,261.1,62.9,0.22,Moderate,17.32,Moderate,Recovered,Reorder Soon
2023-09-01,BB_0043,urban,O_neg,platelet_concentrate,231,196.0,231.0,258.9,62.9,0.25,Moderate,9.18,Low,Adequate,Reorder Soon
2024-07-01,BB_0095,peri_urban,B_pos,group_O_neg_emergency,264,216.0,253.5,278.8,62.8,0.3,Critical,17.35,Moderate,Adequate,Reorder Soon
2022-08-01,BB_0137,peri_urban,A_neg,fresh_frozen_plasma,236,199.0,236.0,261.8,62.8,0.28,High,20.1,Moderate,Adequate,Reorder Soon
2023-06-01,BB_0135,urban,O_pos,whole_blood,217,209.14,242.43,271.9,62.8,0.25,Moderate,13.55,Low,Recovered,Reorder Soon
2024-12-01,BB_0088,rural,B_pos,group_O_neg_emergency,211,194.0,231.5,256.8,62.8,0.32,Critical,16.36,Moderate,Low Stock,Reorder Soon
2024-08-01,BB_0121,peri_urban,B_pos,platelet_concentrate,250,206.5,243.0,269.3,62.8,0.24,Moderate,16.99,Moderate,Adequate,Reorder Soon
2023-08-01,BB_0018,urban,O_pos,cryoprecipitate,243,201.25,237.75,264.0,62.8,0.2,Low,17.25,Moderate,Recovered,Reorder Soon
2023-10-01,BB_0119,urban,B_pos,whole_blood,253,211.5,248.5,274.3,62.8,0.22,Low,9.98,Low,Adequate,Reorder Soon
2024-09-01,BB_0045,urban,O_pos,group_O_neg_emergency,242,201.4,248.6,264.1,62.7,0.22,Low,15.17,Moderate,Adequate,Reorder Soon
2022-02-01,BB_0068,rural,AB_neg,fresh_frozen_plasma,235,202.0,235.0,264.7,62.7,0.27,High,19.8,Moderate,Adequate,Reorder Soon
2024-11-01,BB_0021,peri_urban,O_pos,group_O_neg_emergency,239,201.43,246.29,264.1,62.7,0.26,High,13.99,Moderate,Critical,Reorder Soon
2024-01-01,BB_0104,peri_urban,A_neg,packed_RBC,249,211.0,249.0,273.7,62.7,0.22,Moderate,6.64,Low,Adequate,Reorder Soon
2024-01-01,BB_0120,urban,A_pos,platelet_concentrate,247,208.33,245.33,271.0,62.7,0.26,High,19.33,High,Low Stock,Prioritize Near-Expiry Usage
2024-11-01,BB_0037,urban,O_pos,platelet_concentrate,236,209.2,250.2,271.8,62.6,0.21,Low,17.1,Moderate,Adequate,Reorder Soon
2024-10-01,BB_0027,urban,O_pos,whole_blood,238,195.2,232.8,257.8,62.6,0.35,Critical,18.08,Moderate,Adequate,Monitor Closely
2022-04-01,BB_0051,rural,AB_pos,platelet_concentrate,241,202.0,241.0,264.6,62.6,0.31,Critical,13.37,Low,Adequate,Reorder Soon
2024-05-01,BB_0049,urban,A_pos,platelet_concentrate,235,208.2,250.0,270.8,62.6,0.37,Critical,21.02,High,Adequate,Monitor Closely
2024-08-01,BB_0059,urban,AB_pos,fresh_frozen_plasma,247,210.0,247.0,272.6,62.6,0.37,Critical,10.95,Low,Recovered,Monitor Closely
2022-05-01,BB_0076,urban,B_pos,group_O_neg_emergency,230,193.67,231.0,256.3,62.6,0.21,Low,14.98,Moderate,Adequate,Reorder Soon
2022-08-01,BB_0033,peri_urban,O_pos,platelet_concentrate,242,201.33,237.67,263.8,62.5,0.23,Moderate,8.17,Low,Adequate,Reorder Soon
2023-11-01,BB_0089,urban,O_neg,group_O_neg_emergency,249,202.5,239.0,265.0,62.5,0.29,Critical,13.35,Low,Adequate,Reorder Soon
2023-06-01,BB_0134,rural,A_pos,whole_blood,248,212.0,247.67,274.5,62.5,0.25,Moderate,18.92,Moderate,Adequate,Reorder Soon
2023-05-01,BB_0039,urban,A_pos,fresh_frozen_plasma,262,208.5,246.0,271.0,62.5,0.32,Critical,16.42,Moderate,Recovered,Reorder Soon
2024-11-01,BB_0146,rural,O_neg,packed_RBC,242,207.0,242.0,269.5,62.5,0.18,Low,16.91,Moderate,Low Stock,Reorder Soon
2023-09-01,BB_0122,urban,A_neg,cryoprecipitate,245,206.0,245.0,268.5,62.5,0.26,High,17.48,Moderate,Adequate,Reorder Soon
2022-05-01,BB_0073,peri_urban,B_pos,fresh_frozen_plasma,268,207.0,243.5,269.5,62.5,0.21,Low,16.6,Moderate,Low Stock,Reorder Soon
2021-07-01,BB_0049,urban,O_neg,packed_RBC,245,210.0,245.0,272.5,62.5,0.37,Critical,10.48,Low,Adequate,Monitor Closely
2021-10-01,BB_0040,urban,O_neg,packed_RBC,243,208.0,243.0,270.5,62.5,0.28,High,8.17,Low,Critical,Reorder Soon
2021-03-01,BB_0095,rural,B_pos,packed_RBC,243,206.0,243.0,268.5,62.5,0.3,Critical,21.36,High,Low Stock,Investigate High Wastage
2024-10-01,BB_0147,peri_urban,AB_pos,cryoprecipitate,240,205.0,240.0,267.5,62.5,0.24,Moderate,17.56,Moderate,Low Stock,Reorder Soon
2023-04-01,BB_0073,rural,O_neg,platelet_concentrate,240,204.5,239.0,266.9,62.4,0.21,Low,14.32,Moderate,Recovered,Reorder Soon
2023-08-01,BB_0038,urban,A_pos,packed_RBC,210,194.5,230.5,256.9,62.4,0.23,Moderate,16.99,Moderate,Recovered,Reorder Soon
2023-03-01,BB_0142,rural,A_pos,group_O_neg_emergency,241,206.5,241.0,268.9,62.4,0.2,Low,14.68,Moderate,Adequate,Reorder Soon
2023-03-01,BB_0022,urban,A_pos,packed_RBC,237,210.5,246.5,272.9,62.4,0.19,Low,19.89,High,Adequate,Investigate High Wastage
2023-05-01,BB_0133,urban,A_pos,cryoprecipitate,250,214.0,250.0,276.4,62.4,0.22,Low,9.35,Low,Recovered,Reorder Soon
2024-01-01,BB_0087,urban,A_pos,packed_RBC,241,205.0,241.0,267.4,62.4,0.21,Low,20.0,High,Low Stock,Investigate High Wastage
2024-02-01,BB_0047,urban,B_pos,group_O_neg_emergency,256,219.0,256.0,281.3,62.3,0.33,Critical,10.96,Low,Adequate,Monitor Closely
2022-11-01,BB_0051,peri_urban,B_pos,platelet_concentrate,244,208.0,244.0,270.3,62.3,0.31,Critical,13.46,Low,Adequate,Reorder Soon
2024-05-01,BB_0124,urban,B_pos,whole_blood,264,200.0,231.4,262.3,62.3,0.22,Low,19.3,High,Low Stock,Investigate High Wastage
2024-02-01,BB_0088,peri_urban,O_neg,cryoprecipitate,248,212.0,246.5,274.3,62.3,0.32,Critical,11.76,Low,Adequate,Reorder Soon
2023-10-01,BB_0076,rural,A_neg,fresh_frozen_plasma,230,215.5,252.0,277.8,62.3,0.21,Low,14.42,Moderate,Adequate,Reorder Soon
2024-03-01,BB_0029,peri_urban,B_pos,platelet_concentrate,232,200.5,236.5,262.8,62.3,0.16,Low,13.6,Low,Low Stock,Reorder Soon
2024-08-01,BB_0028,peri_urban,B_pos,platelet_concentrate,254,218.0,254.0,280.3,62.3,0.19,Low,23.39,High,Recovered,Prioritize Near-Expiry Usage
2022-08-01,BB_0045,urban,A_neg,platelet_concentrate,261,224.0,261.0,286.2,62.2,0.22,Low,11.61,Low,Adequate,Reorder Soon
2023-11-01,BB_0048,urban,A_neg,group_O_neg_emergency,238,201.0,238.0,263.2,62.2,0.32,Critical,28.36,High,Recovered,Investigate High Wastage
2022-09-01,BB_0146,urban,A_neg,platelet_concentrate,230,193.0,230.0,255.2,62.2,0.18,Low,19.69,High,Low Stock,Prioritize Near-Expiry Usage
2024-12-01,BB_0104,rural,O_pos,fresh_frozen_plasma,230,209.57,250.86,271.8,62.2,0.22,Moderate,17.29,Moderate,Recovered,Reorder Soon
2024-04-01,BB_0042,urban,A_pos,platelet_concentrate,222,205.5,242.0,267.7,62.2,0.24,Moderate,21.14,High,Recovered,Prioritize Near-Expiry Usage
2023-08-01,BB_0142,rural,A_pos,fresh_frozen_plasma,235,201.14,245.71,263.3,62.2,0.2,Low,13.14,Low,Critical,Reorder Soon
2023-12-01,BB_0039,rural,A_neg,group_O_neg_emergency,225,188.0,225.0,250.2,62.2,0.32,Critical,20.21,High,Recovered,Investigate High Wastage
2024-11-01,BB_0129,urban,B_pos,packed_RBC,254,204.75,241.25,266.8,62.1,0.28,High,17.55,Moderate,Critical,Reorder Soon
2023-12-01,BB_0120,peri_urban,O_pos,platelet_concentrate,250,216.67,252.67,278.8,62.1,0.26,High,18.0,Moderate,Adequate,Reorder Soon
2024-12-01,BB_0012,rural,O_pos,platelet_concentrate,275,207.57,251.14,269.7,62.1,0.23,Moderate,14.23,Moderate,Adequate,Reorder Soon
2024-10-01,BB_0065,rural,A_pos,cryoprecipitate,230,195.17,239.0,257.3,62.1,0.32,Critical,17.19,Moderate,Critical,Reorder Soon
2024-10-01,BB_0047,rural,O_pos,fresh_frozen_plasma,265,209.6,252.2,271.7,62.1,0.33,Critical,14.95,Moderate,Adequate,Monitor Closely
2023-12-01,BB_0006,peri_urban,B_neg,group_O_neg_emergency,237,202.0,237.0,264.1,62.1,0.22,Low,8.91,Low,Recovered,Reorder Soon
2024-11-01,BB_0039,peri_urban,O_pos,platelet_concentrate,234,205.4,242.2,267.5,62.1,0.32,Critical,19.58,High,Critical,Prioritize Near-Expiry Usage
2024-07-01,BB_0027,urban,A_pos,fresh_frozen_plasma,251,203.8,245.6,265.9,62.1,0.35,Critical,11.76,Low,Low Stock,Monitor Closely
2024-09-01,BB_0066,urban,B_pos,cryoprecipitate,249,212.0,249.0,274.0,62.0,0.22,Moderate,16.98,Moderate,Adequate,Reorder Soon
2022-03-01,BB_0066,urban,A_pos,fresh_frozen_plasma,214,195.5,232.5,257.5,62.0,0.22,Moderate,17.6,Moderate,Adequate,Reorder Soon
2022-04-01,BB_0060,urban,O_neg,group_O_neg_emergency,228,192.0,228.0,254.0,62.0,0.25,Moderate,11.98,Low,Adequate,Reorder Soon
2024-12-01,BB_0090,rural,O_pos,fresh_frozen_plasma,244,203.0,243.71,265.0,62.0,0.2,Low,17.2,Moderate,Adequate,Reorder Soon
2024-08-01,BB_0038,urban,B_pos,whole_blood,270,209.5,248.17,271.5,62.0,0.23,Moderate,14.08,Moderate,Low Stock,Reorder Soon
2022-08-01,BB_0032,peri_urban,A_pos,group_O_neg_emergency,246,207.0,241.0,268.9,61.9,0.29,High,16.3,Moderate,Adequate,Reorder Soon
2024-06-01,BB_0111,urban,B_pos,group_O_neg_emergency,227,193.67,230.33,255.6,61.9,0.21,Low,17.95,Moderate,Low Stock,Reorder Soon
2022-02-01,BB_0060,peri_urban,O_neg,platelet_concentrate,257,223.0,257.0,284.9,61.9,0.25,Moderate,19.73,High,Adequate,Prioritize Near-Expiry Usage
2024-04-01,BB_0080,urban,O_neg,platelet_concentrate,238,204.0,238.0,265.9,61.9,0.27,High,9.31,Low,Adequate,Reorder Soon
2023-06-01,BB_0046,urban,A_pos,packed_RBC,261,208.4,239.8,270.2,61.8,0.29,Critical,14.99,Moderate,Recovered,Reorder Soon
2022-04-01,BB_0075,rural,O_neg,cryoprecipitate,227,193.0,227.0,254.8,61.8,0.28,High,18.65,Moderate,Recovered,Reorder Soon
2023-08-01,BB_0090,rural,A_pos,whole_blood,251,216.0,251.0,277.8,61.8,0.2,Low,31.94,High,Adequate,Investigate High Wastage
2021-12-01,BB_0083,peri_urban,A_pos,whole_blood,223,188.0,223.0,249.8,61.8,0.29,Critical,11.7,Low,Adequate,Reorder Soon
2023-04-01,BB_0134,peri_urban,O_neg,fresh_frozen_plasma,257,202.5,240.0,264.3,61.8,0.25,Moderate,18.12,Moderate,Recovered,Reorder Soon
2024-07-01,BB_0079,urban,B_pos,group_O_neg_emergency,250,204.5,241.0,266.3,61.8,0.39,Critical,15.0,Moderate,Adequate,Monitor Closely
2024-03-01,BB_0066,rural,A_neg,fresh_frozen_plasma,241,205.0,241.0,266.8,61.8,0.22,Moderate,16.1,Moderate,Adequate,Reorder Soon
2024-06-01,BB_0001,urban,O_pos,fresh_frozen_plasma,249,196.75,243.88,258.5,61.8,0.31,Critical,17.37,Moderate,Adequate,Reorder Soon
2024-09-01,BB_0015,peri_urban,A_pos,cryoprecipitate,229,208.33,243.67,270.1,61.8,0.25,Moderate,14.43,Moderate,Critical,Reorder Soon
2024-08-01,BB_0014,rural,A_pos,platelet_concentrate,240,207.67,243.67,269.4,61.7,0.27,High,21.99,High,Low Stock,Prioritize Near-Expiry Usage
2024-02-01,BB_0083,rural,O_pos,packed_RBC,230,200.5,240.0,262.1,61.6,0.29,Critical,16.46,Moderate,Low Stock,Reorder Soon
2024-05-01,BB_0071,urban,O_pos,group_O_neg_emergency,265,210.75,252.12,272.3,61.6,0.16,Low,13.66,Low,Adequate,Reorder Soon
2023-08-01,BB_0010,peri_urban,AB_pos,platelet_concentrate,253,215.0,253.0,276.6,61.6,0.25,Moderate,10.23,Low,Adequate,Reorder Soon
2023-01-01,BB_0049,peri_urban,AB_pos,platelet_concentrate,260,222.0,260.0,283.6,61.6,0.37,Critical,13.51,Low,Adequate,Monitor Closely
2023-11-01,BB_0079,urban,B_pos,whole_blood,243,207.0,242.75,268.6,61.6,0.39,Critical,13.07,Low,Recovered,Monitor Closely
2023-08-01,BB_0115,rural,AB_pos,platelet_concentrate,250,212.0,250.0,273.6,61.6,0.27,High,15.57,Moderate,Adequate,Reorder Soon
2024-07-01,BB_0081,rural,O_pos,group_O_neg_emergency,238,211.2,254.2,272.8,61.6,0.26,High,10.89,Low,Recovered,Reorder Soon
2023-07-01,BB_0111,urban,O_pos,platelet_concentrate,229,198.25,233.75,259.8,61.6,0.21,Low,19.23,High,Adequate,Prioritize Near-Expiry Usage
2023-08-01,BB_0093,peri_urban,A_pos,fresh_frozen_plasma,238,209.5,246.0,271.0,61.5,0.29,High,17.36,Moderate,Low Stock,Reorder Soon
2024-08-01,BB_0139,peri_urban,O_pos,group_O_neg_emergency,248,201.33,243.33,262.8,61.5,0.25,Moderate,15.97,Moderate,Adequate,Reorder Soon
2023-07-01,BB_0112,urban,A_pos,fresh_frozen_plasma,271,213.0,249.5,274.5,61.5,0.28,High,15.38,Moderate,Adequate,Reorder Soon
2024-07-01,BB_0139,urban,O_neg,packed_RBC,241,207.0,241.0,268.5,61.5,0.25,Moderate,23.19,High,Recovered,Investigate High Wastage
2024-08-01,BB_0095,urban,O_pos,group_O_neg_emergency,238,199.14,244.14,260.6,61.5,0.3,Critical,17.59,Moderate,Recovered,Reorder Soon
2021-12-01,BB_0139,rural,AB_pos,whole_blood,241,202.0,241.0,263.5,61.5,0.25,Moderate,16.83,Moderate,Recovered,Reorder Soon
2024-02-01,BB_0143,urban,O_neg,packed_RBC,224,195.0,229.0,256.5,61.5,0.24,Moderate,15.63,Moderate,Recovered,Reorder Soon
2023-02-01,BB_0107,urban,B_pos,fresh_frozen_plasma,258,226.0,261.5,287.5,61.5,0.23,Moderate,13.88,Low,Adequate,Reorder Soon
2024-12-01,BB_0125,urban,AB_pos,whole_blood,265,216.67,255.67,278.2,61.5,0.29,Critical,15.15,Moderate,Low Stock,Reorder Soon
2024-04-01,BB_0124,rural,B_pos,cryoprecipitate,255,217.5,254.0,279.0,61.5,0.22,Low,19.64,Moderate,Recovered,Reorder Soon
2023-10-01,BB_0030,urban,A_pos,cryoprecipitate,249,214.0,249.0,275.4,61.4,0.27,High,16.36,Moderate,Adequate,Reorder Soon
2024-04-01,BB_0080,rural,AB_pos,group_O_neg_emergency,252,217.0,252.0,278.4,61.4,0.27,High,11.98,Low,Adequate,Reorder Soon
2021-07-01,BB_0093,urban,AB_neg,platelet_concentrate,231,190.0,231.0,251.4,61.4,0.29,High,14.21,Moderate,Critical,Reorder Soon
2023-06-01,BB_0036,urban,B_pos,cryoprecipitate,238,204.33,240.67,265.7,61.4,0.32,Critical,17.46,Moderate,Adequate,Reorder Soon
2024-12-01,BB_0053,rural,O_pos,whole_blood,260,210.25,246.25,271.6,61.4,0.28,High,17.26,Moderate,Recovered,Reorder Soon
2024-03-01,BB_0096,urban,A_pos,platelet_concentrate,259,209.0,244.67,270.4,61.4,0.23,Moderate,20.28,High,Adequate,Prioritize Near-Expiry Usage
2024-05-01,BB_0030,urban,O_pos,platelet_concentrate,260,206.8,252.6,268.1,61.3,0.27,High,14.84,Moderate,Recovered,Reorder Soon
2021-02-01,BB_0055,urban,B_pos,group_O_neg_emergency,261,225.0,261.0,286.3,61.3,0.24,Moderate,15.11,Moderate,Adequate,Reorder Soon
2024-05-01,BB_0068,rural,O_pos,fresh_frozen_plasma,238,204.0,248.0,265.3,61.3,0.27,High,16.17,Moderate,Adequate,Reorder Soon
2024-10-01,BB_0077,rural,B_pos,group_O_neg_emergency,258,213.0,249.0,274.3,61.3,0.25,Moderate,16.49,Moderate,Recovered,Reorder Soon
2024-10-01,BB_0072,urban,A_pos,platelet_concentrate,251,206.4,252.4,267.7,61.3,0.28,High,15.67,Moderate,Adequate,Reorder Soon
2024-02-01,BB_0010,rural,B_pos,platelet_concentrate,230,195.0,230.0,256.3,61.3,0.25,Moderate,12.31,Low,Adequate,Reorder Soon
2024-10-01,BB_0023,peri_urban,O_pos,packed_RBC,245,214.5,249.0,275.8,61.3,0.18,Low,15.96,Moderate,Adequate,Reorder Soon
2022-04-01,BB_0037,urban,A_neg,group_O_neg_emergency,220,184.0,220.0,245.2,61.2,0.21,Low,15.76,Moderate,Low Stock,Reorder Soon
2022-12-01,BB_0101,rural,A_neg,group_O_neg_emergency,248,212.0,248.0,273.2,61.2,0.19,Low,23.58,High,Low Stock,Investigate High Wastage
2022-04-01,BB_0022,urban,A_neg,platelet_concentrate,233,197.0,233.0,258.2,61.2,0.19,Low,15.74,Moderate,Low Stock,Reorder Soon
2024-10-01,BB_0101,urban,A_pos,fresh_frozen_plasma,252,217.75,253.75,278.8,61.1,0.19,Low,19.23,Moderate,Critical,Reorder Soon
2023-10-01,BB_0146,urban,B_pos,group_O_neg_emergency,237,204.4,248.4,265.5,61.1,0.18,Low,13.52,Low,Recovered,Reorder Soon
2024-03-01,BB_0024,urban,O_pos,group_O_neg_emergency,245,205.89,241.44,267.0,61.1,0.24,Moderate,13.24,Low,Adequate,Reorder Soon
2024-11-01,BB_0046,rural,O_pos,whole_blood,236,201.75,237.5,262.8,61.1,0.29,Critical,14.07,Moderate,Adequate,Reorder Soon
2024-09-01,BB_0053,urban,O_pos,platelet_concentrate,263,215.67,250.67,276.8,61.1,0.28,High,12.08,Low,Recovered,Reorder Soon
2023-02-01,BB_0110,urban,B_pos,cryoprecipitate,231,209.33,245.33,270.3,61.0,0.29,Critical,18.68,Moderate,Adequate,Reorder Soon
2024-08-01,BB_0005,urban,O_neg,group_O_neg_emergency,235,200.0,235.0,261.0,61.0,0.27,High,26.0,High,Adequate,Investigate High Wastage
2024-05-01,BB_0148,rural,B_pos,fresh_frozen_plasma,220,185.0,220.0,246.0,61.0,0.27,High,17.84,Moderate,Recovered,Reorder Soon
2022-02-01,BB_0058,rural,A_pos,fresh_frozen_plasma,255,219.0,255.0,280.0,61.0,0.21,Low,10.05,Low,Adequate,Reorder Soon
2024-12-01,BB_0006,rural,O_neg,group_O_neg_emergency,240,205.0,240.0,266.0,61.0,0.22,Low,23.41,High,Adequate,Investigate High Wastage
2024-08-01,BB_0089,peri_urban,AB_pos,cryoprecipitate,250,220.5,254.0,281.5,61.0,0.29,Critical,20.78,Moderate,Adequate,Reorder Soon
2023-03-01,BB_0113,peri_urban,A_pos,cryoprecipitate,264,214.67,249.33,275.7,61.0,0.25,Moderate,20.07,Moderate,Adequate,Reorder Soon
2022-12-01,BB_0071,urban,B_pos,cryoprecipitate,239,203.0,239.0,264.0,61.0,0.16,Low,10.84,Low,Low Stock,Reorder Soon
2024-01-01,BB_0006,urban,O_pos,cryoprecipitate,248,201.0,250.5,261.9,60.9,0.22,Low,18.53,Moderate,Adequate,Reorder Soon
2024-05-01,BB_0015,urban,O_pos,group_O_neg_emergency,266,210.71,253.43,271.6,60.9,0.25,Moderate,18.71,Moderate,Low Stock,Reorder Soon
2022-09-01,BB_0104,urban,A_pos,group_O_neg_emergency,216,196.0,229.0,256.9,60.9,0.22,Moderate,13.26,Low,Adequate,Reorder Soon
2022-07-01,BB_0133,urban,A_pos,group_O_neg_emergency,269,224.0,257.0,284.9,60.9,0.22,Low,16.26,Moderate,Adequate,Reorder Soon
2024-11-01,BB_0100,rural,O_pos,group_O_neg_emergency,235,191.14,240.86,252.0,60.9,0.27,High,13.59,Low,Adequate,Reorder Soon
2024-12-01,BB_0126,urban,B_pos,whole_blood,226,202.0,237.0,262.8,60.8,0.28,High,12.9,Low,Adequate,Reorder Soon
2024-04-01,BB_0005,urban,O_pos,packed_RBC,252,215.0,249.0,275.8,60.8,0.27,High,14.35,Moderate,Low Stock,Reorder Soon
2023-06-01,BB_0122,peri_urban,B_pos,whole_blood,238,216.0,251.0,276.8,60.8,0.26,High,10.44,Low,Adequate,Reorder Soon
2024-01-01,BB_0095,rural,O_pos,platelet_concentrate,232,203.0,241.5,263.8,60.8,0.3,Critical,15.98,Moderate,Adequate,Reorder Soon
2024-12-01,BB_0085,urban,O_pos,cryoprecipitate,271,209.75,239.62,270.5,60.8,0.3,Critical,15.4,Moderate,Adequate,Reorder Soon
2024-06-01,BB_0018,urban,B_pos,fresh_frozen_plasma,255,202.4,246.0,263.1,60.7,0.2,Low,18.45,Moderate,Low Stock,Reorder Soon
2022-11-01,BB_0126,peri_urban,B_pos,platelet_concentrate,227,202.0,236.33,262.6,60.6,0.28,High,23.12,High,Recovered,Prioritize Near-Expiry Usage
2023-12-01,BB_0128,urban,A_pos,group_O_neg_emergency,237,213.33,246.0,273.9,60.6,0.29,Critical,22.55,High,Adequate,Investigate High Wastage
2021-04-01,BB_0144,peri_urban,AB_pos,platelet_concentrate,257,220.0,257.0,280.6,60.6,0.25,Moderate,18.18,Moderate,Adequate,Reorder Soon
2024-04-01,BB_0114,urban,AB_pos,fresh_frozen_plasma,238,203.0,238.0,263.6,60.6,0.21,Low,14.78,Moderate,Adequate,Reorder Soon
2024-12-01,BB_0134,rural,O_pos,packed_RBC,260,204.75,238.5,265.3,60.6,0.25,Moderate,15.96,Moderate,Low Stock,Reorder Soon
2024-09-01,BB_0019,urban,B_pos,platelet_concentrate,246,200.29,240.43,260.8,60.5,0.33,Critical,15.46,Moderate,Adequate,Reorder Soon
2024-04-01,BB_0080,rural,O_pos,packed_RBC,221,204.5,239.75,265.0,60.5,0.27,High,18.19,Moderate,Adequate,Reorder Soon
2023-04-01,BB_0102,peri_urban,AB_pos,whole_blood,229,206.0,244.0,266.5,60.5,0.17,Low,17.21,Moderate,Adequate,Reorder Soon
2024-08-01,BB_0085,urban,B_pos,packed_RBC,228,193.0,228.0,253.5,60.5,0.3,Critical,13.47,Low,Low Stock,Reorder Soon
2023-12-01,BB_0003,urban,A_pos,packed_RBC,252,212.5,246.5,272.9,60.4,0.33,Critical,11.28,Low,Critical,Reorder Soon
2024-04-01,BB_0012,urban,A_pos,cryoprecipitate,265,204.0,238.0,264.4,60.4,0.23,Moderate,12.14,Low,Adequate,Reorder Soon
2022-12-01,BB_0052,peri_urban,O_pos,group_O_neg_emergency,257,208.0,251.8,268.4,60.4,0.19,Low,20.24,High,Adequate,Investigate High Wastage
2024-07-01,BB_0053,urban,A_pos,cryoprecipitate,221,211.33,245.33,271.7,60.4,0.28,High,12.78,Low,Recovered,Reorder Soon
2024-03-01,BB_0057,peri_urban,A_pos,group_O_neg_emergency,242,205.0,237.5,265.4,60.4,0.21,Low,13.43,Low,Adequate,Reorder Soon
2024-12-01,BB_0129,rural,O_pos,cryoprecipitate,261,220.0,245.8,280.3,60.3,0.28,High,14.2,Moderate,Adequate,Reorder Soon
2024-01-01,BB_0077,rural,B_pos,platelet_concentrate,236,202.0,236.0,262.3,60.3,0.25,Moderate,13.86,Low,Critical,Reorder Soon
2021-02-01,BB_0127,urban,O_neg,fresh_frozen_plasma,256,220.0,256.0,280.3,60.3,0.24,Moderate,22.73,Moderate,Recovered,Reorder Soon
2023-11-01,BB_0148,urban,B_pos,group_O_neg_emergency,259,224.0,259.0,284.3,60.3,0.27,High,15.63,Moderate,Adequate,Reorder Soon
2022-08-01,BB_0098,peri_urban,B_pos,platelet_concentrate,239,198.0,232.0,258.3,60.3,0.23,Moderate,15.05,Moderate,Recovered,Reorder Soon
2024-04-01,BB_0062,rural,O_pos,whole_blood,205,206.33,241.33,266.6,60.3,0.33,Critical,14.27,Moderate,Low Stock,Reorder Soon
2024-04-01,BB_0082,urban,A_neg,group_O_neg_emergency,255,220.0,255.0,280.2,60.2,0.33,Critical,14.55,Moderate,Recovered,Monitor Closely
2024-10-01,BB_0055,urban,O_pos,platelet_concentrate,246,204.14,247.29,264.3,60.2,0.24,Moderate,17.48,Moderate,Recovered,Reorder Soon
2022-06-01,BB_0128,peri_urban,A_neg,platelet_concentrate,253,218.0,253.0,278.2,60.2,0.29,Critical,14.68,Moderate,Adequate,Reorder Soon
2023-06-01,BB_0019,peri_urban,O_pos,platelet_concentrate,220,218.0,252.0,278.1,60.1,0.33,Critical,17.93,Moderate,Adequate,Reorder Soon
2023-09-01,BB_0057,peri_urban,B_pos,group_O_neg_emergency,215,205.75,240.5,265.8,60.1,0.21,Low,13.93,Low,Critical,Reorder Soon
2021-07-01,BB_0147,urban,B_neg,group_O_neg_emergency,257,224.0,257.0,284.1,60.1,0.24,Moderate,4.46,Low,Adequate,Reorder Soon
2024-07-01,BB_0043,peri_urban,O_pos,platelet_concentrate,254,201.43,249.0,261.5,60.1,0.25,Moderate,21.6,High,Adequate,Prioritize Near-Expiry Usage
2024-12-01,BB_0012,urban,AB_pos,fresh_frozen_plasma,228,199.0,233.5,259.1,60.1,0.23,Moderate,15.36,Moderate,Adequate,Reorder Soon
2024-12-01,BB_0067,peri_urban,A_pos,cryoprecipitate,245,207.33,241.0,267.4,60.1,0.28,High,11.43,Low,Adequate,Reorder Soon
2021-01-01,BB_0121,urban,O_neg,group_O_neg_emergency,240,206.0,240.0,266.0,60.0,0.24,Moderate,11.17,Low,Adequate,Reorder Soon
2024-11-01,BB_0110,urban,A_pos,fresh_frozen_plasma,248,213.0,248.0,273.0,60.0,0.29,Critical,13.15,Low,Adequate,Reorder Soon
2024-05-01,BB_0026,peri_urban,B_pos,packed_RBC,263,208.0,242.5,268.0,60.0,0.28,High,20.12,High,Adequate,Investigate High Wastage
2022-12-01,BB_0041,urban,B_pos,cryoprecipitate,253,218.0,253.0,278.0,60.0,0.2,Low,17.89,Moderate,Adequate,Reorder Soon
2023-06-01,BB_0063,rural,B_pos,fresh_frozen_plasma,229,195.0,229.0,255.0,60.0,0.29,High,26.67,Moderate,Critical,Reorder Soon
2022-06-01,BB_0064,peri_urban,O_neg,group_O_neg_emergency,244,210.0,244.0,270.0,60.0,0.12,Low,21.43,High,Adequate,Investigate High Wastage
2022-06-01,BB_0125,rural,O_neg,group_O_neg_emergency,235,201.0,235.0,261.0,60.0,0.29,Critical,13.93,Low,Adequate,Reorder Soon
2023-03-01,BB_0137,rural,B_neg,platelet_concentrate,249,214.0,249.0,273.9,59.9,0.28,High,17.29,Moderate,Adequate,Reorder Soon
2024-04-01,BB_0136,urban,O_neg,platelet_concentrate,246,214.0,246.0,273.9,59.9,0.33,Critical,14.49,Moderate,Adequate,Reorder Soon
2023-04-01,BB_0073,urban,B_neg,packed_RBC,235,204.0,235.0,263.9,59.9,0.21,Low,17.16,Moderate,Adequate,Reorder Soon
2024-03-01,BB_0117,peri_urban,B_pos,platelet_concentrate,243,205.5,239.0,265.3,59.8,0.23,Moderate,14.18,Moderate,Low Stock,Reorder Soon
2024-01-01,BB_0082,urban,B_pos,whole_blood,260,207.0,241.0,266.8,59.8,0.33,Critical,21.64,High,Critical,Monitor Closely
2021-08-01,BB_0023,peri_urban,A_neg,packed_RBC,243,208.0,243.0,267.7,59.7,0.18,Low,15.38,Moderate,Critical,Reorder Soon
2024-04-01,BB_0118,urban,A_pos,whole_blood,253,202.0,243.6,261.7,59.7,0.29,Critical,15.72,Moderate,Low Stock,Reorder Soon
2024-12-01,BB_0107,urban,O_pos,group_O_neg_emergency,239,200.0,234.0,259.7,59.7,0.23,Moderate,14.8,Moderate,Adequate,Reorder Soon
2021-12-01,BB_0128,urban,A_neg,packed_RBC,243,208.0,243.0,267.7,59.7,0.29,Critical,23.08,High,Adequate,Investigate High Wastage
2024-06-01,BB_0111,urban,AB_pos,packed_RBC,243,212.0,243.0,271.7,59.7,0.21,Low,12.26,Low,Recovered,Reorder Soon
2022-06-01,BB_0032,urban,A_pos,platelet_concentrate,232,198.0,232.0,257.7,59.7,0.29,High,8.59,Low,Adequate,Reorder Soon
2024-03-01,BB_0011,peri_urban,B_pos,cryoprecipitate,239,207.33,242.0,267.0,59.7,0.2,Low,13.48,Low,Recovered,Reorder Soon
2024-03-01,BB_0069,rural,O_pos,group_O_neg_emergency,248,203.0,237.0,262.7,59.7,0.15,Low,16.28,Moderate,Adequate,Reorder Soon
2024-12-01,BB_0130,urban,B_pos,platelet_concentrate,243,206.5,247.83,266.2,59.7,0.27,High,13.86,Low,Adequate,Reorder Soon
2023-07-01,BB_0142,peri_urban,B_neg,whole_blood,225,189.0,225.0,248.7,59.7,0.2,Low,12.7,Low,Adequate,Reorder Soon
2024-12-01,BB_0048,urban,O_pos,platelet_concentrate,223,200.25,233.75,259.8,59.6,0.32,Critical,15.39,Moderate,Recovered,Reorder Soon
2024-09-01,BB_0087,urban,A_pos,platelet_concentrate,252,212.5,249.33,272.1,59.6,0.21,Low,16.77,Moderate,Adequate,Reorder Soon
2024-06-01,BB_0043,peri_urban,AB_pos,platelet_concentrate,236,200.0,236.0,259.6,59.6,0.25,Moderate,29.5,High,Adequate,Prioritize Near-Expiry Usage
2024-02-01,BB_0109,rural,AB_pos,fresh_frozen_plasma,237,209.0,243.0,268.6,59.6,0.19,Low,14.12,Moderate,Adequate,Reorder Soon
2023-07-01,BB_0123,urban,B_neg,cryoprecipitate,238,203.0,238.0,262.5,59.5,0.26,High,15.27,Moderate,Adequate,Reorder Soon
2024-10-01,BB_0006,urban,AB_pos,whole_blood,262,216.0,253.0,275.5,59.5,0.22,Low,21.55,High,Adequate,Investigate High Wastage
2023-05-01,BB_0063,urban,B_pos,cryoprecipitate,245,218.0,252.5,277.5,59.5,0.29,High,9.89,Low,Low Stock,Reorder Soon
2024-07-01,BB_0107,urban,AB_pos,whole_blood,257,220.0,257.0,279.5,59.5,0.23,Moderate,16.36,Moderate,Adequate,Reorder Soon
2024-07-01,BB_0048,rural,AB_neg,platelet_concentrate,260,221.0,260.0,280.4,59.4,0.32,Critical,27.6,High,Adequate,Prioritize Near-Expiry Usage
2021-06-01,BB_0138,urban,AB_neg,platelet_concentrate,250,211.0,250.0,270.4,59.4,0.28,High,7.11,Low,Adequate,Reorder Soon
2024-04-01,BB_0048,rural,B_pos,platelet_concentrate,233,200.0,233.0,259.3,59.3,0.32,Critical,16.0,Moderate,Low Stock,Reorder Soon
2021-08-01,BB_0003,urban,B_pos,group_O_neg_emergency,242,208.0,242.0,267.3,59.3,0.33,Critical,6.73,Low,Recovered,Reorder Soon
2022-01-01,BB_0085,peri_urban,B_pos,group_O_neg_emergency,233,199.0,233.0,258.3,59.3,0.3,Critical,13.07,Low,Adequate,Reorder Soon
2024-12-01,BB_0018,urban,B_pos,whole_blood,231,201.5,235.0,260.8,59.3,0.2,Low,14.7,Moderate,Adequate,Reorder Soon
2024-03-01,BB_0113,urban,B_pos,platelet_concentrate,250,217.0,250.0,276.3,59.3,0.25,Moderate,11.06,Low,Low Stock,Reorder Soon
2024-05-01,BB_0042,urban,B_pos,group_O_neg_emergency,211,197.5,231.5,256.8,59.3,0.24,Moderate,20.43,High,Low Stock,Investigate High Wastage
2023-07-01,BB_0025,urban,A_pos,whole_blood,229,204.5,237.0,263.8,59.3,0.3,Critical,13.03,Low,Adequate,Reorder Soon
2024-03-01,BB_0091,rural,A_pos,platelet_concentrate,236,206.5,240.0,265.7,59.2,0.22,Low,21.4,High,Adequate,Prioritize Near-Expiry Usage
2023-11-01,BB_0144,urban,A_pos,whole_blood,234,211.75,244.25,271.0,59.2,0.25,Moderate,13.34,Low,Recovered,Reorder Soon
2024-09-01,BB_0062,rural,O_pos,fresh_frozen_plasma,257,200.7,241.9,259.9,59.2,0.33,Critical,14.38,Moderate,Recovered,Reorder Soon
2023-07-01,BB_0120,urban,A_pos,whole_blood,244,207.33,239.67,266.5,59.2,0.26,High,17.79,Moderate,Adequate,Reorder Soon
2024-10-01,BB_0023,rural,A_pos,packed_RBC,240,202.33,235.0,261.4,59.1,0.18,Low,19.15,High,Adequate,Investigate High Wastage
2023-11-01,BB_0014,urban,B_pos,cryoprecipitate,246,205.0,239.0,264.0,59.0,0.27,High,15.4,Moderate,Recovered,Reorder Soon
2024-05-01,BB_0121,rural,A_pos,fresh_frozen_plasma,252,212.0,246.0,271.0,59.0,0.24,Moderate,16.28,Moderate,Adequate,Reorder Soon
2024-03-01,BB_0139,urban,O_pos,packed_RBC,246,206.86,240.71,265.9,59.0,0.25,Moderate,12.63,Low,Recovered,Reorder Soon
2024-11-01,BB_0003,peri_urban,O_pos,group_O_neg_emergency,244,200.56,245.89,259.6,59.0,0.33,Critical,15.14,Moderate,Low Stock,Reorder Soon
2024-01-01,BB_0005,urban,O_neg,whole_blood,245,211.0,245.0,270.0,59.0,0.27,High,22.75,High,Adequate,Investigate High Wastage
2024-01-01,BB_0056,peri_urban,AB_pos,whole_blood,245,210.5,247.0,269.5,59.0,0.32,Critical,17.8,Moderate,Adequate,Reorder Soon
2024-11-01,BB_0093,urban,A_pos,packed_RBC,240,211.67,244.33,270.7,59.0,0.29,High,18.0,Moderate,Adequate,Reorder Soon
2024-06-01,BB_0054,urban,A_pos,fresh_frozen_plasma,218,206.33,240.33,265.3,59.0,0.28,High,21.85,Moderate,Low Stock,Reorder Soon
2024-10-01,BB_0135,urban,B_pos,cryoprecipitate,248,201.5,238.67,260.4,58.9,0.25,Moderate,14.46,Moderate,Adequate,Reorder Soon
2024-04-01,BB_0106,rural,A_pos,group_O_neg_emergency,260,221.0,252.0,279.9,58.9,0.22,Low,21.73,High,Adequate,Investigate High Wastage
2024-11-01,BB_0110,urban,A_pos,packed_RBC,244,199.0,231.5,257.9,58.9,0.29,Critical,17.5,Moderate,Recovered,Reorder Soon
2023-08-01,BB_0010,peri_urban,A_pos,packed_RBC,241,208.0,240.5,266.9,58.9,0.25,Moderate,18.45,Moderate,Adequate,Reorder Soon
2024-08-01,BB_0005,rural,O_pos,platelet_concentrate,250,206.71,253.57,265.5,58.8,0.27,High,13.5,Low,Adequate,Reorder Soon
2024-05-01,BB_0090,urban,B_pos,whole_blood,260,209.25,242.25,268.0,58.8,0.2,Low,15.86,Moderate,Low Stock,Reorder Soon
2024-09-01,BB_0120,urban,B_pos,group_O_neg_emergency,259,215.0,248.5,273.8,58.8,0.26,High,20.56,High,Adequate,Investigate High Wastage
2024-06-01,BB_0097,peri_urban,B_pos,platelet_concentrate,233,202.5,235.0,261.3,58.8,0.27,High,18.34,Moderate,Adequate,Reorder Soon
2024-04-01,BB_0035,urban,AB_neg,fresh_frozen_plasma,229,200.0,229.0,258.7,58.7,0.24,Moderate,26.0,Moderate,Adequate,Reorder Soon
2022-04-01,BB_0149,urban,O_pos,group_O_neg_emergency,240,211.0,244.0,269.7,58.7,0.2,Low,15.32,Moderate,Adequate,Reorder Soon
2024-12-01,BB_0085,peri_urban,O_pos,packed_RBC,215,204.83,238.5,263.5,58.7,0.3,Critical,20.89,High,Adequate,Investigate High Wastage
2024-01-01,BB_0043,rural,A_pos,platelet_concentrate,228,196.5,229.5,255.2,58.7,0.25,Moderate,22.81,High,Low Stock,Prioritize Near-Expiry Usage
2021-12-01,BB_0001,peri_urban,A_pos,platelet_concentrate,251,218.0,251.0,276.7,58.7,0.31,Critical,15.6,Moderate,Adequate,Reorder Soon
2022-12-01,BB_0046,peri_urban,AB_pos,platelet_concentrate,245,210.0,245.0,268.6,58.6,0.29,Critical,21.9,High,Adequate,Prioritize Near-Expiry Usage
2022-10-01,BB_0106,urban,AB_pos,platelet_concentrate,222,187.0,222.0,245.6,58.6,0.22,Low,12.83,Low,Low Stock,Reorder Soon
2023-12-01,BB_0043,urban,B_pos,whole_blood,229,208.75,241.5,267.3,58.6,0.25,Moderate,17.7,Moderate,Low Stock,Reorder Soon
2024-06-01,BB_0124,urban,O_neg,whole_blood,237,204.5,238.0,263.0,58.5,0.22,Low,13.22,Low,Adequate,Reorder Soon
2024-01-01,BB_0046,urban,B_pos,cryoprecipitate,245,209.5,243.0,268.0,58.5,0.29,Critical,11.0,Low,Adequate,Reorder Soon
2024-12-01,BB_0008,urban,A_pos,whole_blood,246,199.0,249.71,257.5,58.5,0.28,High,13.28,Low,Adequate,Reorder Soon
2024-04-01,BB_0145,urban,O_neg,whole_blood,253,218.0,251.5,276.5,58.5,0.22,Moderate,18.61,Moderate,Adequate,Reorder Soon
2023-10-01,BB_0028,urban,B_pos,whole_blood,240,199.0,231.67,257.5,58.5,0.19,Low,16.59,Moderate,Recovered,Reorder Soon
2023-08-01,BB_0025,urban,AB_pos,cryoprecipitate,234,203.0,234.0,261.5,58.5,0.3,Critical,20.69,Moderate,Recovered,Reorder Soon
2022-05-01,BB_0104,urban,B_pos,packed_RBC,226,193.0,226.0,251.5,58.5,0.22,Moderate,7.77,Low,Adequate,Reorder Soon
2024-05-01,BB_0032,peri_urban,A_pos,whole_blood,231,190.33,222.0,248.8,58.5,0.29,High,22.38,High,Adequate,Investigate High Wastage
2024-10-01,BB_0050,peri_urban,O_pos,packed_RBC,236,205.78,243.78,264.2,58.4,0.16,Low,16.63,Moderate,Low Stock,Reorder Soon
2022-08-01,BB_0127,urban,AB_pos,group_O_neg_emergency,248,216.0,248.0,274.4,58.4,0.24,Moderate,25.0,High,Recovered,Investigate High Wastage
2024-02-01,BB_0071,urban,O_pos,platelet_concentrate,244,212.67,245.0,271.1,58.4,0.16,Low,14.05,Moderate,Adequate,Reorder Soon
2023-02-01,BB_0132,rural,AB_pos,group_O_neg_emergency,242,210.0,242.0,268.4,58.4,0.23,Moderate,27.14,High,Adequate,Investigate High Wastage
2024-10-01,BB_0050,urban,A_pos,platelet_concentrate,234,212.67,245.33,271.0,58.3,0.16,Low,14.39,Moderate,Adequate,Reorder Soon
2024-08-01,BB_0007,urban,O_pos,whole_blood,255,202.0,250.0,260.3,58.3,0.36,Critical,10.79,Low,Recovered,Monitor Closely
2024-09-01,BB_0080,urban,B_pos,whole_blood,237,192.0,224.5,250.3,58.3,0.27,High,15.32,Moderate,Adequate,Reorder Soon
2024-01-01,BB_0148,urban,A_pos,whole_blood,245,212.5,244.0,270.8,58.3,0.27,High,11.41,Low,Recovered,Reorder Soon
2024-11-01,BB_0042,urban,O_neg,cryoprecipitate,252,214.5,245.0,272.8,58.3,0.24,Moderate,17.47,Moderate,Adequate,Reorder Soon
2023-12-01,BB_0100,urban,B_pos,cryoprecipitate,259,210.5,243.75,268.8,58.3,0.27,High,22.72,Moderate,Low Stock,Reorder Soon
2021-07-01,BB_0122,urban,O_neg,fresh_frozen_plasma,250,216.0,250.0,274.3,58.3,0.26,High,11.57,Low,Adequate,Reorder Soon
2023-10-01,BB_0120,urban,A_neg,platelet_concentrate,242,209.0,242.0,267.2,58.2,0.26,High,11.0,Low,Recovered,Reorder Soon
2023-10-01,BB_0112,peri_urban,O_pos,whole_blood,238,203.0,238.0,261.2,58.2,0.28,High,17.33,Moderate,Adequate,Reorder Soon
2024-04-01,BB_0114,rural,A_neg,platelet_concentrate,251,218.0,251.0,276.2,58.2,0.21,Low,22.02,High,Recovered,Prioritize Near-Expiry Usage
2024-04-01,BB_0122,peri_urban,A_pos,platelet_concentrate,257,201.8,232.8,260.0,58.2,0.26,High,14.59,Moderate,Recovered,Reorder Soon
2024-10-01,BB_0143,peri_urban,O_pos,fresh_frozen_plasma,232,200.0,231.5,258.1,58.1,0.24,Moderate,13.96,Moderate,Adequate,Reorder Soon
2024-05-01,BB_0095,urban,A_pos,fresh_frozen_plasma,247,214.0,247.0,272.0,58.0,0.3,Critical,9.35,Low,Adequate,Reorder Soon
2024-02-01,BB_0025,urban,O_neg,group_O_neg_emergency,244,212.0,244.0,270.0,58.0,0.3,Critical,7.55,Low,Adequate,Reorder Soon
2023-11-01,BB_0100,urban,O_neg,whole_blood,242,209.0,242.0,267.0,58.0,0.27,High,21.05,High,Low Stock,Investigate High Wastage
2024-09-01,BB_0147,peri_urban,A_pos,cryoprecipitate,242,200.2,249.0,258.2,58.0,0.24,Moderate,20.15,Moderate,Low Stock,Reorder Soon
2023-07-01,BB_0114,urban,AB_neg,packed_RBC,253,218.0,253.0,276.0,58.0,0.21,Low,9.63,Low,Adequate,Reorder Soon
2024-07-01,BB_0138,urban,O_neg,group_O_neg_emergency,249,217.0,249.0,275.0,58.0,0.28,High,11.52,Low,Recovered,Reorder Soon
2023-07-01,BB_0059,urban,O_pos,fresh_frozen_plasma,252,198.67,238.0,256.7,58.0,0.37,Critical,19.45,Moderate,Adequate,Monitor Closely
2024-02-01,BB_0126,rural,O_pos,platelet_concentrate,268,211.17,258.17,269.1,57.9,0.28,High,15.43,Moderate,Adequate,Reorder Soon
2024-01-01,BB_0038,urban,B_pos,fresh_frozen_plasma,235,202.17,245.17,260.1,57.9,0.23,Moderate,15.8,Moderate,Adequate,Reorder Soon
2022-01-01,BB_0097,peri_urban,O_neg,platelet_concentrate,216,198.5,228.5,256.4,57.9,0.27,High,13.32,Low,Critical,Reorder Soon
2024-07-01,BB_0149,peri_urban,A_pos,cryoprecipitate,243,203.0,234.5,260.9,57.9,0.2,Low,18.88,Moderate,Recovered,Reorder Soon
2023-03-01,BB_0124,urban,A_pos,whole_blood,250,219.0,250.0,276.8,57.8,0.22,Low,21.46,High,Critical,Investigate High Wastage
2024-10-01,BB_0060,urban,A_pos,whole_blood,247,193.4,234.2,251.2,57.8,0.25,Moderate,13.79,Low,Adequate,Reorder Soon
2023-04-01,BB_0108,peri_urban,B_pos,whole_blood,257,215.0,247.0,272.8,57.8,0.22,Moderate,15.58,Moderate,Recovered,Reorder Soon
2023-04-01,BB_0106,rural,A_pos,whole_blood,239,208.0,239.0,265.8,57.8,0.22,Low,18.27,Moderate,Low Stock,Reorder Soon
2024-11-01,BB_0139,urban,O_pos,fresh_frozen_plasma,257,207.14,248.0,264.9,57.8,0.25,Moderate,17.67,Moderate,Adequate,Reorder Soon
2022-02-01,BB_0035,urban,B_neg,whole_blood,254,220.0,254.0,277.7,57.7,0.24,Moderate,12.73,Low,Critical,Reorder Soon
2024-03-01,BB_0126,peri_urban,A_pos,platelet_concentrate,241,215.5,247.5,273.2,57.7,0.28,High,22.58,High,Low Stock,Prioritize Near-Expiry Usage
2022-06-01,BB_0019,urban,A_pos,platelet_concentrate,224,192.0,224.0,249.7,57.7,0.33,Critical,10.94,Low,Recovered,Reorder Soon
2024-12-01,BB_0039,peri_urban,O_neg,whole_blood,230,200.0,232.5,257.5,57.5,0.32,Critical,14.06,Moderate,Adequate,Reorder Soon
2024-08-01,BB_0001,peri_urban,B_pos,packed_RBC,242,201.5,233.5,259.0,57.5,0.31,Critical,21.34,High,Low Stock,Investigate High Wastage
2024-07-01,BB_0024,urban,O_pos,packed_RBC,237,208.86,244.71,266.4,57.5,0.24,Moderate,14.02,Moderate,Adequate,Reorder Soon
2024-08-01,BB_0079,rural,B_neg,fresh_frozen_plasma,254,227.0,254.0,284.5,57.5,0.39,Critical,18.06,Moderate,Adequate,Monitor Closely
2021-08-01,BB_0101,urban,O_neg,packed_RBC,244,214.0,244.0,271.5,57.5,0.19,Low,7.48,Low,Low Stock,Reorder Soon
2023-07-01,BB_0047,peri_urban,A_pos,fresh_frozen_plasma,221,222.5,255.0,280.0,57.5,0.33,Critical,13.51,Low,Low Stock,Monitor Closely
2024-11-01,BB_0081,peri_urban,O_pos,platelet_concentrate,225,203.17,243.0,260.7,57.5,0.26,High,18.38,Moderate,Adequate,Reorder Soon
2024-10-01,BB_0134,urban,A_pos,cryoprecipitate,235,204.0,235.0,261.4,57.4,0.25,Moderate,15.2,Moderate,Recovered,Reorder Soon
2024-04-01,BB_0050,rural,AB_pos,group_O_neg_emergency,231,200.0,231.0,257.4,57.4,0.16,Low,23.0,High,Critical,Investigate High Wastage
2023-01-01,BB_0062,rural,B_pos,group_O_neg_emergency,237,205.0,237.0,262.3,57.3,0.33,Critical,20.0,High,Low Stock,Investigate High Wastage
2022-10-01,BB_0068,urban,B_pos,fresh_frozen_plasma,245,213.0,244.33,270.3,57.3,0.27,High,21.86,Moderate,Adequate,Reorder Soon
2024-04-01,BB_0079,urban,A_pos,fresh_frozen_plasma,256,210.4,249.0,267.7,57.3,0.39,Critical,16.93,Moderate,Critical,Monitor Closely
2024-04-01,BB_0065,urban,O_pos,group_O_neg_emergency,246,199.0,243.67,256.3,57.3,0.32,Critical,17.35,Moderate,Adequate,Reorder Soon
2022-04-01,BB_0146,urban,B_pos,platelet_concentrate,234,203.0,234.0,260.3,57.3,0.18,Low,13.79,Low,Low Stock,Reorder Soon
2024-04-01,BB_0039,urban,O_pos,cryoprecipitate,244,197.17,238.83,254.4,57.2,0.32,Critical,17.25,Moderate,Adequate,Reorder Soon
2022-02-01,BB_0079,rural,A_neg,group_O_neg_emergency,235,207.0,239.0,264.2,57.2,0.39,Critical,13.37,Low,Adequate,Monitor Closely
2022-10-01,BB_0128,rural,O_pos,whole_blood,236,204.33,236.0,261.3,57.0,0.29,Critical,14.76,Moderate,Adequate,Reorder Soon
2023-05-01,BB_0110,urban,B_pos,group_O_neg_emergency,236,190.8,241.0,247.8,57.0,0.29,Critical,14.35,Moderate,Adequate,Reorder Soon
2024-10-01,BB_0067,urban,B_pos,packed_RBC,250,210.0,241.5,267.0,57.0,0.28,High,16.42,Moderate,Adequate,Reorder Soon
2024-01-01,BB_0010,peri_urban,A_pos,fresh_frozen_plasma,240,202.5,234.5,259.5,57.0,0.25,Moderate,8.91,Low,Adequate,Reorder Soon
2024-11-01,BB_0068,rural,O_pos,packed_RBC,252,204.33,243.67,261.1,56.8,0.27,High,16.55,Moderate,Low Stock,Reorder Soon
2024-09-01,BB_0117,urban,O_pos,whole_blood,257,201.67,247.22,258.5,56.8,0.23,Moderate,18.77,Moderate,Adequate,Reorder Soon
2024-09-01,BB_0054,urban,A_neg,fresh_frozen_plasma,243,212.0,243.0,268.8,56.8,0.28,High,21.23,Moderate,Recovered,Reorder Soon
2021-01-01,BB_0072,urban,B_pos,whole_blood,254,223.0,254.0,279.8,56.8,0.28,High,25.56,High,Recovered,Investigate High Wastage
2023-10-01,BB_0141,urban,B_pos,whole_blood,240,209.0,240.0,265.8,56.8,0.27,High,10.53,Low,Adequate,Reorder Soon
2023-11-01,BB_0059,peri_urban,O_pos,whole_blood,252,204.5,251.33,261.3,56.8,0.37,Critical,18.45,Moderate,Adequate,Monitor Closely
2024-03-01,BB_0081,peri_urban,O_neg,fresh_frozen_plasma,239,212.5,245.0,269.3,56.8,0.26,High,24.99,Moderate,Adequate,Reorder Soon
2024-04-01,BB_0105,urban,B_pos,whole_blood,222,210.33,241.33,267.1,56.8,0.21,Low,16.8,Moderate,Adequate,Reorder Soon
2024-04-01,BB_0021,urban,A_neg,fresh_frozen_plasma,232,201.0,232.0,257.8,56.8,0.26,High,23.88,Moderate,Adequate,Reorder Soon
2023-07-01,BB_0040,urban,A_neg,whole_blood,230,201.0,230.0,257.8,56.8,0.28,High,25.37,High,Adequate,Investigate High Wastage
2022-08-01,BB_0081,urban,O_neg,cryoprecipitate,227,208.5,237.5,265.3,56.8,0.26,High,18.7,Moderate,Adequate,Reorder Soon
2022-06-01,BB_0049,rural,O_pos,packed_RBC,219,207.33,237.33,264.1,56.8,0.37,Critical,15.39,Moderate,Recovered,Monitor Closely
2024-01-01,BB_0027,urban,B_pos,whole_blood,251,210.0,241.0,266.8,56.8,0.35,Critical,9.88,Low,Critical,Monitor Closely
2024-12-01,BB_0009,urban,O_pos,whole_blood,250,208.5,245.62,265.2,56.7,0.27,High,16.29,Moderate,Adequate,Reorder Soon
2024-04-01,BB_0036,peri_urban,A_neg,packed_RBC,247,198.5,230.5,255.2,56.7,0.32,Critical,20.38,High,Adequate,Investigate High Wastage
2022-12-01,BB_0133,urban,A_neg,packed_RBC,249,217.0,249.0,273.7,56.7,0.22,Low,15.21,Moderate,Adequate,Reorder Soon
2023-08-01,BB_0086,rural,B_pos,platelet_concentrate,252,217.0,247.25,273.6,56.6,0.41,Critical,17.95,Moderate,Adequate,Monitor Closely
2024-02-01,BB_0081,peri_urban,AB_pos,platelet_concentrate,238,205.0,238.0,261.6,56.6,0.26,High,16.59,Moderate,Recovered,Reorder Soon
2021-12-01,BB_0007,urban,AB_pos,platelet_concentrate,247,214.0,247.0,270.6,56.6,0.36,Critical,16.36,Moderate,Recovered,Monitor Closely
2022-08-01,BB_0037,urban,B_pos,fresh_frozen_plasma,225,198.0,228.5,254.5,56.5,0.21,Low,17.86,Moderate,Adequate,Reorder Soon
2023-01-01,BB_0094,peri_urban,B_pos,packed_RBC,234,203.0,234.0,259.5,56.5,0.3,Critical,20.69,High,Adequate,Investigate High Wastage
2023-02-01,BB_0131,peri_urban,B_neg,fresh_frozen_plasma,238,212.0,238.0,268.5,56.5,0.25,Moderate,17.45,Moderate,Adequate,Reorder Soon
2023-05-01,BB_0085,urban,O_neg,whole_blood,230,207.0,238.5,263.5,56.5,0.3,Critical,19.0,High,Recovered,Investigate High Wastage
2024-02-01,BB_0069,urban,A_pos,fresh_frozen_plasma,251,201.4,248.8,257.9,56.5,0.15,Low,15.86,Moderate,Adequate,Reorder Soon
2024-07-01,BB_0032,peri_urban,AB_neg,group_O_neg_emergency,231,199.0,231.0,255.4,56.4,0.29,High,14.57,Moderate,Adequate,Reorder Soon
2023-10-01,BB_0020,urban,B_pos,cryoprecipitate,236,203.75,235.25,260.2,56.4,0.3,Critical,18.15,Moderate,Adequate,Reorder Soon
2022-11-01,BB_0003,urban,AB_neg,platelet_concentrate,249,213.0,249.0,269.4,56.4,0.33,Critical,14.55,Moderate,Adequate,Reorder Soon
2023-12-01,BB_0069,urban,A_pos,group_O_neg_emergency,259,230.0,258.5,286.4,56.4,0.15,Low,11.34,Low,Low Stock,Reorder Soon
2022-04-01,BB_0083,urban,A_pos,packed_RBC,237,207.0,237.0,263.4,56.4,0.29,Critical,19.81,High,Adequate,Investigate High Wastage
2022-11-01,BB_0052,urban,O_pos,cryoprecipitate,269,239.0,269.0,295.3,56.3,0.19,Low,9.62,Low,Recovered,Reorder Soon
2022-09-01,BB_0012,rural,B_pos,whole_blood,253,217.5,248.0,273.8,56.3,0.23,Moderate,13.1,Low,Recovered,Reorder Soon
2024-04-01,BB_0149,peri_urban,O_pos,whole_blood,262,208.33,248.5,264.6,56.3,0.2,Low,19.97,High,Adequate,Investigate High Wastage
2022-02-01,BB_0149,rural,B_pos,whole_blood,229,206.0,236.5,262.3,56.3,0.2,Low,18.57,Moderate,Adequate,Reorder Soon
2023-07-01,BB_0078,urban,B_pos,fresh_frozen_plasma,233,207.67,238.0,264.0,56.3,0.25,Moderate,16.11,Moderate,Adequate,Reorder Soon
2023-06-01,BB_0057,urban,O_pos,group_O_neg_emergency,265,215.5,246.0,271.7,56.2,0.21,Low,11.61,Low,Adequate,Reorder Soon
2021-04-01,BB_0037,peri_urban,A_pos,platelet_concentrate,228,209.0,239.5,265.2,56.2,0.21,Low,12.34,Low,Adequate,Reorder Soon
2024-01-01,BB_0134,urban,A_pos,platelet_concentrate,228,212.5,243.0,268.7,56.2,0.25,Moderate,20.53,High,Adequate,Prioritize Near-Expiry Usage
2024-02-01,BB_0017,rural,A_pos,packed_RBC,234,204.5,234.25,260.6,56.1,0.26,High,19.08,High,Low Stock,Investigate High Wastage
2024-12-01,BB_0029,urban,O_pos,fresh_frozen_plasma,249,200.0,238.4,256.1,56.1,0.16,Low,16.94,Moderate,Low Stock,Reorder Soon
2024-08-01,BB_0138,urban,O_pos,group_O_neg_emergency,255,209.17,245.0,265.3,56.1,0.28,High,14.48,Moderate,Critical,Reorder Soon
2021-06-01,BB_0064,peri_urban,B_pos,cryoprecipitate,244,213.0,244.0,269.0,56.0,0.12,Low,23.47,Moderate,Adequate,Reorder Soon
2022-02-01,BB_0062,peri_urban,A_pos,fresh_frozen_plasma,238,207.0,238.0,263.0,56.0,0.33,Critical,11.59,Low,Adequate,Reorder Soon
2024-01-01,BB_0073,urban,O_pos,packed_RBC,256,203.8,247.8,259.8,56.0,0.21,Low,19.86,High,Recovered,Investigate High Wastage
2023-11-01,BB_0120,rural,O_neg,platelet_concentrate,237,209.0,237.0,264.9,55.9,0.26,High,22.97,High,Low Stock,Prioritize Near-Expiry Usage
2024-08-01,BB_0122,urban,B_neg,packed_RBC,245,218.0,245.0,273.9,55.9,0.26,High,13.3,Low,Adequate,Reorder Soon
2022-04-01,BB_0075,peri_urban,A_pos,group_O_neg_emergency,225,197.0,225.0,252.9,55.9,0.28,High,27.92,High,Adequate,Investigate High Wastage
2023-11-01,BB_0082,urban,O_pos,platelet_concentrate,232,199.67,237.17,255.6,55.9,0.33,Critical,15.36,Moderate,Adequate,Monitor Closely
2022-03-01,BB_0121,urban,O_neg,cryoprecipitate,237,209.0,237.0,264.8,55.8,0.24,Moderate,10.53,Low,Adequate,Reorder Soon
2022-05-01,BB_0136,rural,B_pos,whole_blood,250,220.0,250.0,275.8,55.8,0.33,Critical,24.09,High,Adequate,Investigate High Wastage
2023-04-01,BB_0020,peri_urban,A_pos,whole_blood,244,215.0,244.0,270.8,55.8,0.3,Critical,7.91,Low,Adequate,Reorder Soon
2023-10-01,BB_0126,urban,O_pos,packed_RBC,229,201.33,230.33,257.1,55.8,0.28,High,14.04,Moderate,Recovered,Reorder Soon
2023-10-01,BB_0045,urban,B_pos,whole_blood,250,220.0,250.0,275.8,55.8,0.22,Low,9.09,Low,Critical,Reorder Soon
2021-12-01,BB_0071,peri_urban,B_pos,whole_blood,225,195.0,225.0,250.8,55.8,0.16,Low,12.31,Low,Low Stock,Reorder Soon
2024-11-01,BB_0040,rural,O_pos,whole_blood,264,204.0,234.5,259.8,55.8,0.28,High,15.22,Moderate,Adequate,Reorder Soon
2023-06-01,BB_0128,urban,B_neg,whole_blood,247,215.0,247.0,270.7,55.7,0.29,Critical,21.86,High,Recovered,Investigate High Wastage
2021-09-01,BB_0108,urban,AB_pos,packed_RBC,240,213.0,240.0,268.7,55.7,0.22,Moderate,8.92,Low,Low Stock,Reorder Soon
2022-12-01,BB_0148,urban,A_pos,group_O_neg_emergency,235,200.0,227.67,255.6,55.6,0.27,High,16.92,Moderate,Adequate,Reorder Soon
2024-01-01,BB_0009,peri_urban,O_pos,platelet_concentrate,215,194.0,223.5,249.6,55.6,0.27,High,17.58,Moderate,Recovered,Reorder Soon
2024-04-01,BB_0077,urban,O_pos,group_O_neg_emergency,256,206.0,247.43,261.6,55.6,0.25,Moderate,14.25,Moderate,Recovered,Reorder Soon
2024-10-01,BB_0011,rural,O_pos,fresh_frozen_plasma,246,213.75,242.75,269.4,55.6,0.2,Low,18.32,Moderate,Adequate,Reorder Soon
2021-05-01,BB_0089,rural,B_pos,packed_RBC,230,200.0,230.0,255.5,55.5,0.29,Critical,12.0,Low,Adequate,Reorder Soon
2024-08-01,BB_0028,urban,O_neg,packed_RBC,230,202.0,230.0,257.5,55.5,0.19,Low,18.32,Moderate,Adequate,Reorder Soon
2022-05-01,BB_0065,urban,B_neg,fresh_frozen_plasma,235,210.0,235.0,265.5,55.5,0.32,Critical,8.57,Low,Critical,Reorder Soon
2024-06-01,BB_0077,urban,B_neg,cryoprecipitate,238,207.0,238.0,262.5,55.5,0.25,Moderate,7.73,Low,Critical,Reorder Soon
2024-12-01,BB_0128,rural,B_pos,packed_RBC,247,217.0,247.0,272.5,55.5,0.29,Critical,3.69,Low,Critical,Reorder Soon
2023-05-01,BB_0016,rural,AB_pos,whole_blood,252,219.0,252.0,274.5,55.5,0.23,Moderate,13.7,Low,Recovered,Reorder Soon
2024-06-01,BB_0116,peri_urban,O_neg,packed_RBC,240,212.0,240.0,267.5,55.5,0.29,High,7.08,Low,Adequate,Reorder Soon
2022-06-01,BB_0047,urban,AB_pos,cryoprecipitate,234,206.0,234.0,261.5,55.5,0.33,Critical,5.83,Low,Adequate,Monitor Closely
2024-03-01,BB_0071,rural,B_pos,packed_RBC,239,209.0,239.0,264.5,55.5,0.16,Low,14.83,Moderate,Adequate,Reorder Soon
2024-03-01,BB_0014,urban,O_pos,cryoprecipitate,250,195.14,241.43,250.6,55.5,0.27,High,14.03,Moderate,Adequate,Reorder Soon
2023-06-01,BB_0045,rural,A_pos,packed_RBC,241,209.5,238.5,264.9,55.4,0.22,Low,9.28,Low,Adequate,Reorder Soon
2024-12-01,BB_0112,rural,B_pos,packed_RBC,266,220.2,253.2,275.6,55.4,0.28,High,16.28,Moderate,Adequate,Reorder Soon
2023-12-01,BB_0013,urban,A_pos,packed_RBC,249,206.67,235.67,262.1,55.4,0.29,Critical,16.07,Moderate,Adequate,Reorder Soon
2022-05-01,BB_0038,urban,A_pos,cryoprecipitate,248,219.0,248.0,274.4,55.4,0.23,Moderate,15.98,Moderate,Recovered,Reorder Soon
2024-07-01,BB_0030,urban,B_pos,group_O_neg_emergency,244,214.0,244.0,269.3,55.3,0.27,High,22.43,High,Low Stock,Investigate High Wastage
2024-12-01,BB_0011,urban,O_pos,whole_blood,216,199.0,229.0,254.3,55.3,0.2,Low,13.71,Low,Low Stock,Reorder Soon
2024-08-01,BB_0142,peri_urban,O_pos,cryoprecipitate,258,209.33,252.83,264.6,55.3,0.2,Low,14.61,Moderate,Adequate,Reorder Soon
2024-04-01,BB_0124,rural,O_pos,fresh_frozen_plasma,252,205.89,239.33,261.1,55.2,0.22,Low,17.5,Moderate,Adequate,Reorder Soon
2024-10-01,BB_0135,urban,O_pos,group_O_neg_emergency,250,218.0,247.5,273.2,55.2,0.25,Moderate,11.76,Low,Adequate,Reorder Soon
2024-02-01,BB_0103,peri_urban,B_pos,platelet_concentrate,225,203.75,232.75,259.0,55.2,0.32,Critical,14.58,Moderate,Adequate,Reorder Soon
2024-05-01,BB_0116,peri_urban,A_pos,platelet_concentrate,236,209.25,238.75,264.4,55.1,0.29,High,23.14,High,Adequate,Prioritize Near-Expiry Usage
2024-03-01,BB_0104,rural,A_pos,cryoprecipitate,233,210.67,239.33,265.7,55.0,0.22,Moderate,16.26,Moderate,Adequate,Reorder Soon
2024-09-01,BB_0087,urban,AB_neg,packed_RBC,238,206.0,238.0,261.0,55.0,0.21,Low,13.11,Low,Recovered,Reorder Soon
2022-05-01,BB_0070,rural,O_neg,group_O_neg_emergency,243,214.0,243.0,269.0,55.0,0.22,Moderate,19.16,High,Low Stock,Investigate High Wastage
2024-10-01,BB_0017,urban,O_neg,whole_blood,239,209.0,239.0,264.0,55.0,0.26,High,15.79,Moderate,Adequate,Reorder Soon
2024-05-01,BB_0052,peri_urban,O_pos,whole_blood,253,208.5,252.33,263.5,55.0,0.19,Low,16.36,Moderate,Adequate,Reorder Soon
2021-12-01,BB_0134,urban,O_neg,group_O_neg_emergency,231,202.0,231.0,257.0,55.0,0.25,Moderate,26.24,High,Adequate,Investigate High Wastage
2022-07-01,BB_0008,urban,B_neg,platelet_concentrate,240,210.0,240.0,264.9,54.9,0.28,High,31.43,High,Low Stock,Prioritize Near-Expiry Usage
2024-07-01,BB_0030,urban,A_pos,group_O_neg_emergency,246,219.0,246.0,273.9,54.9,0.27,High,14.61,Moderate,Recovered,Reorder Soon
2024-12-01,BB_0138,peri_urban,B_pos,group_O_neg_emergency,258,214.67,244.33,269.6,54.9,0.28,High,16.09,Moderate,Adequate,Reorder Soon
2023-12-01,BB_0137,rural,O_pos,whole_blood,251,214.5,244.0,269.3,54.8,0.28,High,14.53,Moderate,Adequate,Reorder Soon
2024-10-01,BB_0142,urban,O_neg,cryoprecipitate,228,201.0,228.0,255.8,54.8,0.2,Low,31.34,Moderate,Low Stock,Reorder Soon
2022-12-01,BB_0081,urban,A_pos,whole_blood,246,218.0,246.0,272.8,54.8,0.26,High,16.06,Moderate,Adequate,Reorder Soon
2024-11-01,BB_0070,rural,A_pos,platelet_concentrate,239,218.5,247.5,273.2,54.7,0.22,Moderate,18.76,Moderate,Low Stock,Reorder Soon
2023-06-01,BB_0140,urban,A_pos,platelet_concentrate,232,203.0,232.0,257.7,54.7,0.2,Low,22.17,High,Adequate,Prioritize Near-Expiry Usage
2021-03-01,BB_0002,rural,A_pos,platelet_concentrate,251,222.0,251.0,276.7,54.7,0.23,Moderate,23.87,High,Critical,Prioritize Near-Expiry Usage
2023-08-01,BB_0099,urban,AB_pos,packed_RBC,237,211.0,237.0,265.7,54.7,0.15,Low,14.22,Moderate,Low Stock,Reorder Soon
2023-09-01,BB_0099,urban,A_neg,packed_RBC,243,213.0,243.0,267.7,54.7,0.15,Low,21.6,High,Adequate,Investigate High Wastage
2024-10-01,BB_0003,urban,O_pos,cryoprecipitate,232,217.0,245.33,271.6,54.6,0.33,Critical,13.22,Low,Critical,Reorder Soon
2024-12-01,BB_0090,rural,B_pos,packed_RBC,250,215.0,244.0,269.5,54.5,0.2,Low,21.09,High,Low Stock,Investigate High Wastage
2022-02-01,BB_0134,urban,O_neg,packed_RBC,230,203.0,230.0,257.5,54.5,0.25,Moderate,15.76,Moderate,Adequate,Reorder Soon
2023-02-01,BB_0145,peri_urban,AB_pos,whole_blood,237,205.0,237.0,259.5,54.5,0.22,Moderate,23.9,High,Adequate,Investigate High Wastage
2024-10-01,BB_0128,rural,A_neg,cryoprecipitate,247,216.0,247.0,270.5,54.5,0.29,Critical,15.74,Moderate,Critical,Reorder Soon
2023-12-01,BB_0143,peri_urban,A_pos,cryoprecipitate,227,199.0,227.0,253.4,54.4,0.24,Moderate,26.63,Moderate,Adequate,Reorder Soon
2024-03-01,BB_0064,urban,O_pos,platelet_concentrate,224,207.8,234.2,262.1,54.3,0.12,Low,18.22,Moderate,Adequate,Reorder Soon
2024-11-01,BB_0049,urban,A_pos,group_O_neg_emergency,253,202.38,244.38,256.7,54.3,0.37,Critical,14.39,Moderate,Low Stock,Monitor Closely
2021-04-01,BB_0049,urban,A_neg,platelet_concentrate,234,205.0,234.0,259.2,54.2,0.37,Critical,20.0,High,Recovered,Monitor Closely
2024-03-01,BB_0141,rural,O_pos,fresh_frozen_plasma,243,221.0,248.5,275.1,54.1,0.27,High,12.29,Low,Adequate,Reorder Soon
2021-02-01,BB_0050,peri_urban,B_neg,group_O_neg_emergency,247,220.0,247.0,274.1,54.1,0.16,Low,18.18,Moderate,Adequate,Reorder Soon
2024-11-01,BB_0116,peri_urban,O_pos,platelet_concentrate,231,206.0,243.33,260.1,54.1,0.29,High,19.17,High,Recovered,Prioritize Near-Expiry Usage
2023-06-01,BB_0047,urban,B_pos,fresh_frozen_plasma,238,208.67,236.67,262.7,54.0,0.33,Critical,19.49,Moderate,Adequate,Monitor Closely
2024-12-01,BB_0080,peri_urban,O_pos,platelet_concentrate,247,207.4,246.8,261.4,54.0,0.27,High,17.05,Moderate,Recovered,Reorder Soon
2022-12-01,BB_0114,urban,B_pos,fresh_frozen_plasma,239,211.0,239.0,265.0,54.0,0.21,Low,21.33,Moderate,Low Stock,Reorder Soon
2023-11-01,BB_0006,peri_urban,O_pos,fresh_frozen_plasma,259,214.43,251.57,268.4,54.0,0.22,Low,17.15,Moderate,Adequate,Reorder Soon
2023-07-01,BB_0130,urban,B_pos,fresh_frozen_plasma,224,196.0,224.0,250.0,54.0,0.27,High,6.63,Low,Low Stock,Reorder Soon
2024-03-01,BB_0109,rural,O_pos,whole_blood,236,203.2,243.4,257.2,54.0,0.19,Low,19.28,High,Critical,Investigate High Wastage
2024-11-01,BB_0017,urban,B_neg,packed_RBC,246,221.0,246.0,274.9,53.9,0.26,High,15.38,Moderate,Recovered,Reorder Soon
2021-01-01,BB_0102,urban,O_neg,cryoprecipitate,255,229.0,255.0,282.8,53.8,0.17,Low,22.27,Moderate,Adequate,Reorder Soon
2024-03-01,BB_0114,rural,A_neg,whole_blood,239,213.0,239.0,266.8,53.8,0.21,Low,28.17,High,Adequate,Investigate High Wastage
2023-07-01,BB_0074,urban,B_pos,whole_blood,240,212.0,240.0,265.8,53.8,0.25,High,16.04,Moderate,Adequate,Reorder Soon
2022-09-01,BB_0039,urban,B_pos,platelet_concentrate,219,201.5,229.0,255.3,53.8,0.32,Critical,4.62,Low,Critical,Reorder Soon
2024-07-01,BB_0085,rural,B_pos,platelet_concentrate,231,215.67,243.0,269.3,53.6,0.3,Critical,14.16,Moderate,Adequate,Reorder Soon
2022-11-01,BB_0119,urban,O_pos,fresh_frozen_plasma,231,204.0,231.0,257.6,53.6,0.22,Low,24.51,Moderate,Critical,Reorder Soon
2024-09-01,BB_0102,urban,B_pos,platelet_concentrate,247,208.0,235.25,261.6,53.6,0.17,Low,16.43,Moderate,Adequate,Reorder Soon
2023-11-01,BB_0082,rural,B_pos,cryoprecipitate,242,208.0,236.5,261.5,53.5,0.33,Critical,16.48,Moderate,Adequate,Monitor Closely
2024-01-01,BB_0093,rural,AB_pos,whole_blood,218,187.0,218.0,240.5,53.5,0.29,High,21.39,High,Adequate,Investigate High Wastage
2024-06-01,BB_0040,peri_urban,O_pos,fresh_frozen_plasma,229,200.5,233.67,254.0,53.5,0.28,High,16.82,Moderate,Adequate,Reorder Soon
2022-08-01,BB_0077,urban,AB_pos,cryoprecipitate,240,214.0,240.0,267.5,53.5,0.25,Moderate,20.09,Moderate,Adequate,Reorder Soon
2022-02-01,BB_0054,peri_urban,AB_pos,whole_blood,243,212.0,243.0,265.5,53.5,0.28,High,15.57,Moderate,Adequate,Reorder Soon
2024-09-01,BB_0108,peri_urban,AB_pos,whole_blood,228,206.0,237.0,259.5,53.5,0.22,Moderate,14.44,Moderate,Recovered,Reorder Soon
2023-10-01,BB_0035,urban,A_neg,cryoprecipitate,224,194.0,224.0,247.5,53.5,0.24,Moderate,18.04,Moderate,Adequate,Reorder Soon
2024-11-01,BB_0061,urban,A_pos,fresh_frozen_plasma,227,201.0,229.5,254.5,53.5,0.27,High,18.39,Moderate,Adequate,Reorder Soon
2023-09-01,BB_0020,peri_urban,B_pos,packed_RBC,259,219.5,247.5,273.0,53.5,0.3,Critical,16.66,Moderate,Low Stock,Reorder Soon
2024-06-01,BB_0028,peri_urban,O_pos,platelet_concentrate,223,207.67,235.0,261.1,53.4,0.19,Low,18.62,Moderate,Recovered,Reorder Soon
2022-03-01,BB_0129,rural,A_pos,cryoprecipitate,246,219.0,246.0,272.4,53.4,0.28,High,12.33,Low,Adequate,Reorder Soon
2024-01-01,BB_0015,peri_urban,A_pos,packed_RBC,223,203.5,230.5,256.9,53.4,0.25,Moderate,13.02,Low,Adequate,Reorder Soon
2023-01-01,BB_0085,urban,A_pos,cryoprecipitate,210,200.5,227.5,253.9,53.4,0.3,Critical,17.7,Moderate,Adequate,Reorder Soon
2022-11-01,BB_0009,rural,O_neg,fresh_frozen_plasma,228,199.0,228.0,252.3,53.3,0.27,High,29.65,Moderate,Adequate,Reorder Soon
2024-03-01,BB_0039,urban,O_neg,fresh_frozen_plasma,244,215.0,244.0,268.3,53.3,0.32,Critical,17.67,Moderate,Low Stock,Reorder Soon
2024-03-01,BB_0059,urban,B_pos,group_O_neg_emergency,258,230.0,258.0,283.3,53.3,0.37,Critical,22.61,High,Adequate,Monitor Closely
2024-01-01,BB_0062,urban,AB_pos,packed_RBC,233,205.0,229.5,258.2,53.2,0.33,Critical,19.86,High,Adequate,Investigate High Wastage
2024-05-01,BB_0037,urban,AB_pos,fresh_frozen_plasma,250,206.0,233.5,259.1,53.1,0.21,Low,21.16,Moderate,Low Stock,Reorder Soon
2024-04-01,BB_0003,rural,O_pos,fresh_frozen_plasma,242,197.67,245.17,250.7,53.0,0.33,Critical,14.37,Moderate,Critical,Reorder Soon
2023-05-01,BB_0116,urban,A_pos,packed_RBC,209,207.5,234.0,260.4,52.9,0.29,High,19.16,High,Recovered,Investigate High Wastage
2023-06-01,BB_0112,urban,O_neg,platelet_concentrate,251,226.0,251.0,278.9,52.9,0.28,High,16.81,Moderate,Adequate,Reorder Soon
2022-06-01,BB_0002,urban,A_pos,group_O_neg_emergency,250,225.0,250.0,277.9,52.9,0.23,Moderate,16.0,Moderate,Adequate,Reorder Soon
2023-08-01,BB_0068,rural,A_pos,group_O_neg_emergency,235,210.0,235.0,262.9,52.9,0.27,High,10.48,Low,Adequate,Reorder Soon
2021-08-01,BB_0006,urban,B_neg,platelet_concentrate,232,204.0,232.0,256.9,52.9,0.22,Low,24.51,High,Low Stock,Prioritize Near-Expiry Usage
2023-07-01,BB_0088,peri_urban,O_neg,fresh_frozen_plasma,249,220.0,248.5,272.8,52.8,0.32,Critical,17.58,Moderate,Low Stock,Reorder Soon
2024-08-01,BB_0077,urban,A_pos,platelet_concentrate,249,205.25,232.25,258.0,52.8,0.25,Moderate,17.07,Moderate,Adequate,Reorder Soon
2023-06-01,BB_0041,rural,AB_pos,packed_RBC,224,200.0,224.0,252.7,52.7,0.2,Low,15.5,Moderate,Adequate,Reorder Soon
2023-11-01,BB_0028,urban,A_pos,platelet_concentrate,213,186.0,213.0,238.7,52.7,0.19,Low,21.51,High,Adequate,Prioritize Near-Expiry Usage
2024-02-01,BB_0089,rural,A_pos,platelet_concentrate,224,206.0,233.0,258.7,52.7,0.29,Critical,19.28,High,Adequate,Prioritize Near-Expiry Usage
2024-11-01,BB_0026,rural,AB_neg,cryoprecipitate,232,201.0,232.0,253.7,52.7,0.28,High,20.9,Moderate,Adequate,Reorder Soon
2024-11-01,BB_0096,peri_urban,O_pos,cryoprecipitate,235,203.2,239.4,255.9,52.7,0.23,Moderate,18.03,Moderate,Adequate,Reorder Soon
2024-01-01,BB_0096,urban,B_pos,group_O_neg_emergency,240,208.67,236.0,261.3,52.6,0.23,Moderate,21.29,High,Adequate,Investigate High Wastage
2021-04-01,BB_0143,rural,AB_pos,fresh_frozen_plasma,239,212.0,239.0,264.6,52.6,0.24,Moderate,15.57,Moderate,Low Stock,Reorder Soon
2024-05-01,BB_0056,urban,B_pos,cryoprecipitate,259,221.5,249.0,274.0,52.5,0.32,Critical,17.85,Moderate,Adequate,Reorder Soon
2023-09-01,BB_0074,urban,AB_pos,cryoprecipitate,234,209.0,234.0,261.5,52.5,0.25,High,24.4,Moderate,Low Stock,Reorder Soon
2024-03-01,BB_0078,peri_urban,AB_pos,whole_blood,245,215.0,245.0,267.5,52.5,0.25,Moderate,14.88,Moderate,Low Stock,Reorder Soon
2024-12-01,BB_0019,urban,AB_pos,cryoprecipitate,226,201.0,226.0,253.5,52.5,0.33,Critical,11.44,Low,Adequate,Reorder Soon
2021-05-01,BB_0144,rural,O_neg,packed_RBC,223,198.0,223.0,250.5,52.5,0.25,Moderate,21.72,High,Adequate,Investigate High Wastage
2024-11-01,BB_0143,rural,B_pos,cryoprecipitate,242,203.83,247.0,256.3,52.5,0.24,Moderate,16.62,Moderate,Low Stock,Reorder Soon
2024-04-01,BB_0063,urban,A_neg,fresh_frozen_plasma,234,205.0,231.5,257.3,52.3,0.29,High,21.71,Moderate,Adequate,Reorder Soon
2024-11-01,BB_0023,urban,B_pos,group_O_neg_emergency,238,211.0,238.0,263.3,52.3,0.18,Low,11.85,Low,Recovered,Reorder Soon
2022-12-01,BB_0113,urban,B_pos,group_O_neg_emergency,239,212.0,239.0,264.3,52.3,0.25,Moderate,15.09,Moderate,Recovered,Reorder Soon
2023-04-01,BB_0101,peri_urban,A_neg,platelet_concentrate,228,201.0,228.0,253.2,52.2,0.19,Low,15.42,Moderate,Adequate,Reorder Soon
2024-11-01,BB_0118,peri_urban,O_pos,platelet_concentrate,252,203.0,240.5,255.1,52.1,0.29,Critical,19.17,High,Adequate,Prioritize Near-Expiry Usage
2024-11-01,BB_0062,rural,B_pos,whole_blood,242,206.67,233.0,258.8,52.1,0.33,Critical,16.03,Moderate,Adequate,Reorder Soon
2024-03-01,BB_0035,urban,O_pos,platelet_concentrate,258,210.83,242.5,262.9,52.1,0.24,Moderate,16.91,Moderate,Critical,Reorder Soon
2022-07-01,BB_0147,peri_urban,O_neg,group_O_neg_emergency,247,221.0,247.0,273.0,52.0,0.24,Moderate,32.58,High,Adequate,Investigate High Wastage
2024-03-01,BB_0096,peri_urban,O_neg,whole_blood,234,207.0,234.0,259.0,52.0,0.23,Moderate,23.19,High,Adequate,Investigate High Wastage
2023-08-01,BB_0032,peri_urban,O_neg,group_O_neg_emergency,235,209.0,235.0,261.0,52.0,0.29,High,9.57,Low,Adequate,Reorder Soon
2024-02-01,BB_0071,peri_urban,A_pos,fresh_frozen_plasma,249,208.0,235.0,260.0,52.0,0.16,Low,14.04,Moderate,Low Stock,Reorder Soon
2021-06-01,BB_0108,peri_urban,B_neg,packed_RBC,232,209.0,232.0,260.9,51.9,0.22,Moderate,23.92,High,Adequate,Investigate High Wastage
2022-01-01,BB_0111,urban,B_pos,whole_blood,237,211.0,237.0,262.8,51.8,0.21,Low,26.07,High,Adequate,Investigate High Wastage
2024-11-01,BB_0017,urban,B_pos,platelet_concentrate,260,220.5,246.0,272.3,51.8,0.26,High,19.73,High,Low Stock,Prioritize Near-Expiry Usage
2024-10-01,BB_0121,urban,AB_neg,cryoprecipitate,242,212.0,242.0,263.7,51.7,0.24,Moderate,24.53,Moderate,Adequate,Reorder Soon
2024-06-01,BB_0109,peri_urban,AB_neg,cryoprecipitate,227,197.0,227.0,248.7,51.7,0.19,Low,9.64,Low,Adequate,Reorder Soon
2023-10-01,BB_0137,peri_urban,O_pos,fresh_frozen_plasma,239,217.5,242.5,269.1,51.6,0.28,High,12.16,Low,Low Stock,Reorder Soon
2024-06-01,BB_0039,peri_urban,O_pos,packed_RBC,252,208.6,250.8,260.2,51.6,0.32,Critical,11.98,Low,Adequate,Reorder Soon
2021-08-01,BB_0002,peri_urban,B_neg,fresh_frozen_plasma,223,202.0,223.0,253.5,51.5,0.23,Moderate,18.32,Moderate,Adequate,Reorder Soon
2022-06-01,BB_0102,peri_urban,B_pos,packed_RBC,247,221.0,247.0,272.5,51.5,0.17,Low,11.31,Low,Recovered,Reorder Soon
2021-03-01,BB_0017,urban,O_neg,packed_RBC,230,206.0,230.0,257.5,51.5,0.26,High,15.53,Moderate,Critical,Reorder Soon
2024-05-01,BB_0031,peri_urban,B_pos,packed_RBC,234,208.0,234.0,259.5,51.5,0.24,Moderate,22.6,High,Adequate,Investigate High Wastage
2024-09-01,BB_0039,urban,B_pos,fresh_frozen_plasma,214,207.5,233.0,259.0,51.5,0.32,Critical,21.77,Moderate,Critical,Reorder Soon
2023-03-01,BB_0096,urban,O_pos,fresh_frozen_plasma,245,202.2,240.4,253.6,51.4,0.23,Moderate,18.84,Moderate,Recovered,Reorder Soon
2023-03-01,BB_0008,urban,A_pos,packed_RBC,224,199.0,224.0,250.4,51.4,0.28,High,17.59,Moderate,Recovered,Reorder Soon
2024-03-01,BB_0091,urban,A_pos,whole_blood,238,217.25,241.75,268.6,51.4,0.22,Low,13.04,Low,Low Stock,Reorder Soon
2024-01-01,BB_0037,peri_urban,A_pos,packed_RBC,249,216.5,241.5,267.9,51.4,0.21,Low,18.48,Moderate,Adequate,Reorder Soon
2023-02-01,BB_0024,urban,A_pos,cryoprecipitate,214,189.0,214.0,240.4,51.4,0.24,Moderate,6.35,Low,Critical,Reorder Soon
2024-11-01,BB_0114,rural,B_pos,cryoprecipitate,223,206.0,232.33,257.3,51.3,0.21,Low,10.69,Low,Adequate,Reorder Soon
2024-06-01,BB_0011,rural,B_pos,platelet_concentrate,237,212.0,237.0,263.3,51.3,0.2,Low,10.85,Low,Adequate,Reorder Soon
2023-06-01,BB_0033,rural,B_pos,platelet_concentrate,234,209.0,234.0,260.3,51.3,0.23,Moderate,23.44,High,Adequate,Prioritize Near-Expiry Usage
2024-04-01,BB_0072,rural,O_pos,fresh_frozen_plasma,225,205.43,237.14,256.5,51.1,0.28,High,21.33,Moderate,Adequate,Reorder Soon
2023-09-01,BB_0086,peri_urban,A_pos,fresh_frozen_plasma,243,217.0,243.0,268.0,51.0,0.41,Critical,10.6,Low,Adequate,Monitor Closely
2021-08-01,BB_0058,peri_urban,O_neg,whole_blood,234,208.0,234.0,259.0,51.0,0.21,Low,20.67,High,Adequate,Investigate High Wastage
2022-04-01,BB_0032,urban,B_pos,cryoprecipitate,240,206.0,232.0,257.0,51.0,0.29,High,18.91,Moderate,Adequate,Reorder Soon
2021-08-01,BB_0081,rural,B_neg,packed_RBC,213,191.0,213.0,241.9,50.9,0.26,High,15.18,Moderate,Recovered,Reorder Soon
2023-09-01,BB_0043,urban,B_neg,platelet_concentrate,237,203.5,229.5,254.4,50.9,0.25,Moderate,15.48,Moderate,Low Stock,Reorder Soon
2021-05-01,BB_0073,rural,A_pos,whole_blood,225,201.0,225.0,251.8,50.8,0.21,Low,9.95,Low,Low Stock,Reorder Soon
2024-05-01,BB_0026,urban,O_neg,cryoprecipitate,261,217.0,240.0,267.8,50.8,0.28,High,16.96,Moderate,Critical,Reorder Soon
2022-09-01,BB_0079,urban,B_neg,whole_blood,222,195.0,222.0,245.7,50.7,0.39,Critical,18.46,Moderate,Recovered,Monitor Closely
2024-05-01,BB_0016,peri_urban,A_pos,platelet_concentrate,243,218.0,243.0,268.7,50.7,0.23,Moderate,28.44,High,Recovered,Prioritize Near-Expiry Usage
2023-10-01,BB_0017,rural,O_pos,group_O_neg_emergency,220,195.0,220.0,245.7,50.7,0.26,High,17.95,Moderate,Low Stock,Reorder Soon
2022-11-01,BB_0126,urban,O_pos,group_O_neg_emergency,237,212.0,237.0,262.7,50.7,0.28,High,8.02,Low,Adequate,Reorder Soon
2024-06-01,BB_0044,urban,B_neg,whole_blood,226,199.0,226.0,249.7,50.7,0.25,Moderate,21.11,High,Recovered,Investigate High Wastage
2024-07-01,BB_0038,peri_urban,AB_neg,cryoprecipitate,243,214.0,243.0,264.7,50.7,0.23,Moderate,19.16,Moderate,Low Stock,Reorder Soon
2024-10-01,BB_0115,urban,O_pos,fresh_frozen_plasma,250,210.33,240.67,260.9,50.6,0.27,High,14.39,Moderate,Adequate,Reorder Soon
2023-05-01,BB_0003,urban,B_pos,packed_RBC,225,200.0,225.0,250.5,50.5,0.33,Critical,14.0,Moderate,Adequate,Reorder Soon
2023-06-01,BB_0026,rural,B_neg,cryoprecipitate,227,201.0,227.0,251.5,50.5,0.28,High,26.37,Moderate,Critical,Reorder Soon
2024-05-01,BB_0078,urban,A_pos,cryoprecipitate,222,198.0,222.0,248.4,50.4,0.25,Moderate,22.73,Moderate,Recovered,Reorder Soon
2023-04-01,BB_0102,rural,A_pos,whole_blood,256,212.67,236.33,263.1,50.4,0.17,Low,17.08,Moderate,Adequate,Reorder Soon
2024-07-01,BB_0082,urban,O_pos,cryoprecipitate,236,208.67,242.17,259.0,50.3,0.33,Critical,13.59,Low,Recovered,Monitor Closely
2024-12-01,BB_0137,rural,O_pos,platelet_concentrate,233,207.4,239.4,257.7,50.3,0.28,High,17.75,Moderate,Adequate,Reorder Soon
2024-06-01,BB_0058,urban,O_pos,platelet_concentrate,251,206.17,240.17,256.5,50.3,0.21,Low,17.24,Moderate,Adequate,Reorder Soon
2021-12-01,BB_0094,urban,O_neg,fresh_frozen_plasma,242,216.0,242.0,266.3,50.3,0.3,Critical,5.56,Low,Low Stock,Reorder Soon
2024-10-01,BB_0037,rural,O_neg,fresh_frozen_plasma,232,206.0,232.0,256.3,50.3,0.21,Low,14.08,Moderate,Recovered,Reorder Soon
2022-01-01,BB_0067,urban,A_neg,group_O_neg_emergency,232,207.0,232.0,257.2,50.2,0.28,High,7.25,Low,Recovered,Reorder Soon
2024-10-01,BB_0053,peri_urban,B_neg,group_O_neg_emergency,230,207.0,230.0,257.1,50.1,0.28,High,20.29,High,Adequate,Investigate High Wastage
2023-05-01,BB_0142,rural,B_neg,group_O_neg_emergency,233,210.0,233.0,260.1,50.1,0.2,Low,23.33,High,Adequate,Investigate High Wastage
2023-03-01,BB_0025,peri_urban,AB_pos,fresh_frozen_plasma,247,213.0,237.5,263.1,50.1,0.3,Critical,12.23,Low,Low Stock,Reorder Soon
2022-02-01,BB_0104,rural,B_neg,group_O_neg_emergency,227,204.0,227.0,254.1,50.1,0.22,Moderate,20.1,High,Adequate,Investigate High Wastage
2022-08-01,BB_0054,urban,O_neg,whole_blood,230,205.0,230.0,255.0,50.0,0.28,High,21.95,High,Low Stock,Investigate High Wastage
2023-03-01,BB_0013,urban,O_neg,whole_blood,234,209.0,234.0,259.0,50.0,0.29,Critical,16.27,Moderate,Adequate,Reorder Soon
2023-01-01,BB_0070,urban,AB_neg,packed_RBC,245,218.0,245.0,268.0,50.0,0.22,Moderate,7.34,Low,Adequate,Reorder Soon
2023-07-01,BB_0142,urban,O_pos,group_O_neg_emergency,249,204.8,241.0,254.8,50.0,0.2,Low,16.63,Moderate,Low Stock,Reorder Soon
2021-03-01,BB_0063,urban,A_pos,group_O_neg_emergency,238,216.0,238.0,265.9,49.9,0.29,High,18.06,Moderate,Adequate,Reorder Soon
2022-11-01,BB_0090,urban,O_neg,platelet_concentrate,222,226.0,248.0,275.9,49.9,0.2,Low,15.49,Moderate,Low Stock,Reorder Soon
2022-06-01,BB_0036,urban,O_neg,platelet_concentrate,240,218.0,240.0,267.9,49.9,0.32,Critical,21.1,High,Recovered,Prioritize Near-Expiry Usage
2023-12-01,BB_0025,rural,O_neg,platelet_concentrate,243,223.0,245.0,272.9,49.9,0.3,Critical,16.56,Moderate,Recovered,Reorder Soon
2023-11-01,BB_0019,urban,A_pos,group_O_neg_emergency,242,220.0,242.0,269.9,49.9,0.33,Critical,8.64,Low,Adequate,Reorder Soon
2024-10-01,BB_0017,rural,B_pos,whole_blood,238,214.0,238.0,263.8,49.8,0.26,High,21.96,High,Recovered,Investigate High Wastage
2023-12-01,BB_0003,rural,O_neg,cryoprecipitate,222,200.0,222.0,249.8,49.8,0.33,Critical,6.0,Low,Low Stock,Reorder Soon
2024-11-01,BB_0132,urban,O_pos,group_O_neg_emergency,236,202.6,242.6,252.3,49.7,0.23,Moderate,21.44,High,Adequate,Investigate High Wastage
2022-08-01,BB_0034,peri_urban,B_neg,whole_blood,250,224.0,250.0,273.7,49.7,0.26,High,14.29,Moderate,Adequate,Reorder Soon
2024-03-01,BB_0042,peri_urban,A_neg,packed_RBC,233,208.0,233.0,257.7,49.7,0.24,Moderate,23.56,High,Adequate,Investigate High Wastage
2021-08-01,BB_0136,urban,B_pos,packed_RBC,236,212.0,236.0,261.5,49.5,0.33,Critical,8.02,Low,Adequate,Reorder Soon
2024-07-01,BB_0025,urban,B_pos,packed_RBC,220,196.0,220.0,245.5,49.5,0.3,Critical,22.96,High,Low Stock,Investigate High Wastage
2024-04-01,BB_0076,urban,O_pos,whole_blood,229,211.2,243.8,260.7,49.5,0.21,Low,19.27,High,Adequate,Investigate High Wastage
2024-04-01,BB_0142,urban,A_pos,packed_RBC,245,204.67,227.67,254.1,49.4,0.2,Low,17.66,Moderate,Adequate,Reorder Soon
2024-06-01,BB_0048,urban,A_pos,packed_RBC,226,203.0,226.0,252.4,49.4,0.32,Critical,10.34,Low,Adequate,Reorder Soon
2024-12-01,BB_0138,rural,O_neg,fresh_frozen_plasma,232,207.0,232.0,256.3,49.3,0.28,High,14.49,Moderate,Low Stock,Reorder Soon
2023-03-01,BB_0036,urban,B_pos,platelet_concentrate,206,183.0,206.0,232.3,49.3,0.32,Critical,7.1,Low,Adequate,Reorder Soon
2021-03-01,BB_0125,urban,A_pos,whole_blood,249,220.0,242.5,269.3,49.3,0.29,Critical,17.64,Moderate,Recovered,Reorder Soon
2023-07-01,BB_0013,rural,A_neg,group_O_neg_emergency,229,205.0,229.0,254.2,49.2,0.29,Critical,10.24,Low,Adequate,Reorder Soon
2024-11-01,BB_0087,urban,O_pos,packed_RBC,252,212.25,245.75,261.4,49.1,0.21,Low,19.28,High,Adequate,Investigate High Wastage
2022-06-01,BB_0067,urban,O_pos,platelet_concentrate,211,188.0,211.0,237.1,49.1,0.28,High,11.17,Low,Adequate,Reorder Soon
2023-04-01,BB_0048,peri_urban,AB_pos,fresh_frozen_plasma,239,204.5,228.0,253.6,49.1,0.32,Critical,14.16,Moderate,Low Stock,Reorder Soon
2022-06-01,BB_0112,urban,AB_neg,whole_blood,218,198.0,218.0,247.1,49.1,0.28,High,21.21,High,Recovered,Investigate High Wastage
2023-11-01,BB_0074,urban,A_pos,fresh_frozen_plasma,216,205.0,229.0,254.0,49.0,0.25,High,17.85,Moderate,Recovered,Reorder Soon
2024-06-01,BB_0057,peri_urban,A_pos,fresh_frozen_plasma,237,213.0,237.0,262.0,49.0,0.21,Low,18.78,Moderate,Adequate,Reorder Soon
2024-07-01,BB_0070,urban,O_neg,platelet_concentrate,254,233.0,254.0,281.9,48.9,0.22,Moderate,12.02,Low,Recovered,Reorder Soon
2021-04-01,BB_0059,urban,B_pos,whole_blood,248,225.0,248.0,273.8,48.8,0.37,Critical,18.67,Moderate,Low Stock,Monitor Closely
2023-03-01,BB_0119,rural,O_neg,cryoprecipitate,249,228.0,249.0,276.8,48.8,0.22,Low,20.61,Moderate,Adequate,Reorder Soon
2024-10-01,BB_0123,urban,O_neg,cryoprecipitate,233,212.0,233.0,260.8,48.8,0.26,High,4.72,Low,Adequate,Reorder Soon
2024-04-01,BB_0107,peri_urban,AB_pos,packed_RBC,235,215.0,235.0,263.7,48.7,0.23,Moderate,15.81,Moderate,Adequate,Reorder Soon
2021-06-01,BB_0120,urban,AB_pos,cryoprecipitate,223,202.0,223.0,250.5,48.5,0.26,High,11.88,Low,Adequate,Reorder Soon
2022-11-01,BB_0083,peri_urban,B_neg,cryoprecipitate,237,213.0,237.0,261.5,48.5,0.29,Critical,15.02,Moderate,Recovered,Reorder Soon
2023-07-01,BB_0130,peri_urban,AB_pos,whole_blood,243,217.0,243.0,265.5,48.5,0.27,High,12.9,Low,Adequate,Reorder Soon
2023-01-01,BB_0115,rural,AB_neg,group_O_neg_emergency,221,197.0,221.0,245.4,48.4,0.27,High,15.74,Moderate,Adequate,Reorder Soon
2022-05-01,BB_0140,rural,AB_pos,group_O_neg_emergency,230,208.0,230.0,256.4,48.4,0.2,Low,19.71,High,Adequate,Investigate High Wastage
2021-11-01,BB_0006,rural,A_pos,packed_RBC,233,211.0,233.0,259.4,48.4,0.22,Low,17.54,Moderate,Low Stock,Reorder Soon
2023-07-01,BB_0102,urban,A_pos,packed_RBC,247,225.0,247.0,273.4,48.4,0.17,Low,25.33,High,Low Stock,Investigate High Wastage
2021-04-01,BB_0132,urban,O_pos,cryoprecipitate,243,221.0,243.0,269.3,48.3,0.23,Moderate,11.31,Low,Adequate,Reorder Soon
2021-11-01,BB_0038,urban,B_pos,platelet_concentrate,245,223.0,245.0,271.3,48.3,0.23,Moderate,14.35,Moderate,Recovered,Reorder Soon
2022-04-01,BB_0126,urban,B_pos,group_O_neg_emergency,227,204.0,227.0,252.3,48.3,0.28,High,17.16,Moderate,Recovered,Reorder Soon
2024-01-01,BB_0080,rural,A_neg,group_O_neg_emergency,253,210.5,233.5,258.7,48.2,0.27,High,13.04,Low,Adequate,Reorder Soon
2023-12-01,BB_0008,rural,O_neg,whole_blood,232,209.0,232.0,257.0,48.0,0.28,High,23.92,High,Adequate,Investigate High Wastage
2022-02-01,BB_0051,urban,B_pos,cryoprecipitate,247,224.0,247.0,272.0,48.0,0.31,Critical,22.32,Moderate,Low Stock,Reorder Soon
2024-10-01,BB_0128,peri_urban,A_pos,fresh_frozen_plasma,221,198.0,221.0,246.0,48.0,0.29,Critical,17.17,Moderate,Adequate,Reorder Soon
2022-06-01,BB_0148,urban,O_neg,whole_blood,231,208.0,231.0,256.0,48.0,0.27,High,11.54,Low,Low Stock,Reorder Soon
2023-11-01,BB_0018,urban,A_pos,fresh_frozen_plasma,230,207.0,230.0,255.0,48.0,0.2,Low,10.63,Low,Adequate,Reorder Soon
2024-06-01,BB_0055,urban,O_pos,fresh_frozen_plasma,251,218.67,240.0,266.6,47.9,0.24,Moderate,16.55,Moderate,Low Stock,Reorder Soon
2023-02-01,BB_0136,urban,A_pos,whole_blood,241,220.0,241.0,267.8,47.8,0.33,Critical,27.73,High,Adequate,Investigate High Wastage
2024-08-01,BB_0087,urban,O_pos,whole_blood,243,216.5,239.0,264.3,47.8,0.21,Low,20.89,High,Adequate,Investigate High Wastage
2022-12-01,BB_0118,urban,AB_neg,fresh_frozen_plasma,215,197.0,215.0,244.7,47.7,0.29,Critical,11.68,Low,Adequate,Reorder Soon
2021-10-01,BB_0146,urban,AB_pos,platelet_concentrate,255,231.0,255.0,278.6,47.6,0.18,Low,16.88,Moderate,Recovered,Reorder Soon
2024-06-01,BB_0047,urban,AB_pos,whole_blood,243,218.0,243.0,265.5,47.5,0.33,Critical,13.76,Low,Low Stock,Monitor Closely
2024-01-01,BB_0135,urban,B_pos,packed_RBC,213,191.0,213.0,238.5,47.5,0.25,Moderate,11.52,Low,Adequate,Reorder Soon
2022-06-01,BB_0081,rural,B_pos,fresh_frozen_plasma,237,219.0,240.5,266.5,47.5,0.26,High,24.44,Moderate,Adequate,Reorder Soon
2023-05-01,BB_0066,urban,O_neg,packed_RBC,250,230.0,250.0,277.5,47.5,0.22,Moderate,16.09,Moderate,Low Stock,Reorder Soon
2024-11-01,BB_0026,urban,AB_neg,group_O_neg_emergency,248,225.0,248.0,272.4,47.4,0.28,High,16.0,Moderate,Adequate,Reorder Soon
2024-10-01,BB_0010,rural,B_pos,fresh_frozen_plasma,249,207.14,242.14,254.4,47.3,0.25,Moderate,13.9,Low,Low Stock,Reorder Soon
2024-05-01,BB_0127,peri_urban,O_pos,packed_RBC,250,214.17,252.83,261.5,47.3,0.24,Moderate,18.22,Moderate,Adequate,Reorder Soon
2024-12-01,BB_0060,urban,A_pos,group_O_neg_emergency,241,209.33,241.33,256.4,47.1,0.25,Moderate,18.12,Moderate,Adequate,Reorder Soon
2022-05-01,BB_0064,rural,A_pos,fresh_frozen_plasma,223,201.0,223.0,248.0,47.0,0.12,Low,7.96,Low,Adequate,Reorder Soon
2024-04-01,BB_0122,rural,B_pos,platelet_concentrate,238,228.0,248.5,274.8,46.8,0.26,High,13.58,Low,Adequate,Reorder Soon
2024-05-01,BB_0034,rural,O_neg,cryoprecipitate,215,196.0,215.0,242.8,46.8,0.26,High,5.61,Low,Low Stock,Reorder Soon
2024-09-01,BB_0105,rural,A_pos,whole_blood,274,220.33,240.33,267.1,46.8,0.21,Low,17.07,Moderate,Recovered,Reorder Soon
2022-04-01,BB_0122,peri_urban,A_neg,packed_RBC,225,203.0,225.0,249.7,46.7,0.26,High,30.05,High,Recovered,Investigate High Wastage
2023-08-01,BB_0064,rural,AB_pos,platelet_concentrate,232,209.0,232.0,255.6,46.6,0.12,Low,12.92,Low,Adequate,Reorder Soon
2021-11-01,BB_0030,urban,A_pos,packed_RBC,223,203.0,223.0,249.4,46.4,0.27,High,13.79,Low,Adequate,Reorder Soon
2022-06-01,BB_0055,urban,O_neg,fresh_frozen_plasma,237,215.0,237.0,261.3,46.3,0.24,Moderate,18.6,Moderate,Low Stock,Reorder Soon
2023-12-01,BB_0065,peri_urban,O_pos,platelet_concentrate,224,204.0,224.0,250.1,46.1,0.32,Critical,8.82,Low,Adequate,Reorder Soon
2024-03-01,BB_0037,urban,O_pos,group_O_neg_emergency,237,217.33,237.67,263.4,46.1,0.21,Low,21.62,High,Adequate,Investigate High Wastage
2024-12-01,BB_0134,urban,B_pos,fresh_frozen_plasma,248,215.5,235.5,261.5,46.0,0.25,Moderate,21.62,Moderate,Adequate,Reorder Soon
2024-08-01,BB_0132,peri_urban,A_neg,cryoprecipitate,248,224.0,246.5,270.0,46.0,0.23,Moderate,17.41,Moderate,Adequate,Reorder Soon
2023-08-01,BB_0141,rural,O_neg,whole_blood,235,214.0,235.0,260.0,46.0,0.27,High,15.42,Moderate,Adequate,Reorder Soon
2024-07-01,BB_0059,peri_urban,O_neg,platelet_concentrate,230,212.0,230.0,257.9,45.9,0.37,Critical,13.21,Low,Adequate,Monitor Closely
2023-08-01,BB_0142,urban,B_pos,whole_blood,234,214.0,234.0,259.8,45.8,0.2,Low,8.88,Low,Adequate,Reorder Soon
2022-02-01,BB_0140,urban,A_neg,fresh_frozen_plasma,228,208.0,228.0,253.8,45.8,0.2,Low,6.73,Low,Adequate,Reorder Soon
2024-01-01,BB_0041,peri_urban,O_pos,whole_blood,254,213.0,245.8,258.7,45.7,0.2,Low,21.02,High,Adequate,Investigate High Wastage
2024-09-01,BB_0076,urban,A_pos,platelet_concentrate,235,214.5,234.5,260.2,45.7,0.21,Low,11.89,Low,Low Stock,Reorder Soon
2024-06-01,BB_0135,urban,A_pos,fresh_frozen_plasma,245,214.0,234.67,259.7,45.7,0.25,Moderate,15.05,Moderate,Adequate,Reorder Soon
2024-08-01,BB_0058,peri_urban,B_pos,fresh_frozen_plasma,234,213.33,233.0,259.0,45.7,0.21,Low,13.0,Low,Adequate,Reorder Soon
2022-03-01,BB_0095,urban,A_neg,packed_RBC,239,218.0,239.0,263.7,45.7,0.3,Critical,21.1,High,Adequate,Investigate High Wastage
2024-04-01,BB_0017,urban,AB_pos,platelet_concentrate,263,241.0,263.0,286.6,45.6,0.26,High,18.67,Moderate,Low Stock,Reorder Soon
2022-07-01,BB_0120,urban,AB_pos,platelet_concentrate,235,213.0,235.0,258.6,45.6,0.26,High,19.72,High,Adequate,Prioritize Near-Expiry Usage
2024-06-01,BB_0050,peri_urban,AB_pos,platelet_concentrate,245,212.0,234.0,257.6,45.6,0.16,Low,7.0,Low,Adequate,Reorder Soon
2022-01-01,BB_0019,peri_urban,O_pos,fresh_frozen_plasma,236,217.0,236.0,262.6,45.6,0.33,Critical,11.98,Low,Adequate,Reorder Soon
2023-09-01,BB_0098,rural,AB_pos,cryoprecipitate,229,211.0,229.0,256.5,45.5,0.23,Moderate,25.12,Moderate,Recovered,Reorder Soon
2023-04-01,BB_0033,rural,AB_pos,cryoprecipitate,241,223.0,241.0,268.5,45.5,0.23,Moderate,13.0,Low,Low Stock,Reorder Soon
2023-02-01,BB_0100,urban,B_neg,fresh_frozen_plasma,221,206.0,221.0,251.5,45.5,0.27,High,7.77,Low,Adequate,Reorder Soon
2022-07-01,BB_0018,peri_urban,A_pos,packed_RBC,239,220.0,239.0,265.4,45.4,0.2,Low,21.82,High,Adequate,Investigate High Wastage
2024-07-01,BB_0008,urban,A_pos,cryoprecipitate,246,205.5,224.5,250.9,45.4,0.28,High,11.42,Low,Adequate,Reorder Soon
2023-08-01,BB_0055,urban,A_pos,cryoprecipitate,230,211.0,230.0,256.4,45.4,0.24,Moderate,25.59,Moderate,Adequate,Reorder Soon
2023-02-01,BB_0026,rural,O_neg,fresh_frozen_plasma,240,219.0,240.0,264.3,45.3,0.28,High,10.05,Low,Recovered,Reorder Soon
2023-06-01,BB_0070,rural,B_pos,platelet_concentrate,233,214.0,233.0,259.3,45.3,0.22,Moderate,19.16,High,Critical,Prioritize Near-Expiry Usage
2023-07-01,BB_0084,rural,AB_neg,whole_blood,228,212.0,228.0,257.1,45.1,0.16,Low,19.34,High,Adequate,Investigate High Wastage
2023-02-01,BB_0086,rural,B_pos,fresh_frozen_plasma,214,215.5,234.5,260.5,45.0,0.41,Critical,24.74,Moderate,Adequate,Monitor Closely
2021-06-01,BB_0031,urban,B_pos,whole_blood,235,216.0,235.0,260.8,44.8,0.24,Moderate,20.83,High,Adequate,Investigate High Wastage
2022-03-01,BB_0129,urban,O_neg,cryoprecipitate,224,207.0,224.0,251.8,44.8,0.28,High,20.29,Moderate,Recovered,Reorder Soon
2023-10-01,BB_0132,urban,B_pos,group_O_neg_emergency,252,225.0,244.5,269.8,44.8,0.23,Moderate,25.2,High,Adequate,Investigate High Wastage
2024-11-01,BB_0054,urban,AB_pos,fresh_frozen_plasma,234,215.0,234.0,259.6,44.6,0.28,High,13.95,Low,Adequate,Reorder Soon
2023-09-01,BB_0142,rural,O_neg,packed_RBC,232,215.0,232.0,259.5,44.5,0.2,Low,14.42,Moderate,Recovered,Reorder Soon
2022-11-01,BB_0070,rural,B_pos,fresh_frozen_plasma,232,212.0,230.5,256.5,44.5,0.22,Moderate,13.8,Low,Low Stock,Reorder Soon
2022-08-01,BB_0104,peri_urban,AB_pos,whole_blood,237,215.0,237.0,259.5,44.5,0.22,Moderate,21.86,High,Adequate,Investigate High Wastage
2023-12-01,BB_0130,urban,AB_neg,group_O_neg_emergency,237,217.0,237.0,261.4,44.4,0.27,High,22.12,High,Adequate,Investigate High Wastage
2022-07-01,BB_0134,urban,B_pos,platelet_concentrate,232,214.0,232.0,258.3,44.3,0.25,Moderate,21.96,High,Adequate,Prioritize Near-Expiry Usage
2023-11-01,BB_0115,urban,A_pos,fresh_frozen_plasma,210,206.0,225.0,250.0,44.0,0.27,High,17.6,Moderate,Adequate,Reorder Soon
2024-03-01,BB_0143,urban,B_neg,packed_RBC,215,200.0,215.0,243.9,43.9,0.24,Moderate,8.5,Low,Adequate,Reorder Soon
2021-08-01,BB_0142,peri_urban,AB_neg,fresh_frozen_plasma,243,229.0,243.0,272.7,43.7,0.2,Low,14.85,Moderate,Adequate,Reorder Soon
2024-10-01,BB_0019,peri_urban,O_pos,packed_RBC,248,209.6,239.2,253.3,43.7,0.33,Critical,15.64,Moderate,Low Stock,Reorder Soon
2021-09-01,BB_0060,urban,A_pos,platelet_concentrate,231,213.0,231.0,256.7,43.7,0.25,Moderate,13.62,Low,Low Stock,Reorder Soon
2022-08-01,BB_0097,rural,AB_pos,whole_blood,240,219.0,240.0,262.5,43.5,0.27,High,26.94,High,Adequate,Investigate High Wastage
2023-11-01,BB_0085,urban,AB_pos,cryoprecipitate,233,217.0,233.0,260.5,43.5,0.3,Critical,22.12,Moderate,Recovered,Reorder Soon
2024-07-01,BB_0111,urban,A_pos,cryoprecipitate,248,231.0,248.0,274.4,43.4,0.21,Low,8.66,Low,Adequate,Reorder Soon
2024-10-01,BB_0004,peri_urban,B_pos,platelet_concentrate,246,216.0,233.0,259.3,43.3,0.25,High,13.89,Low,Recovered,Reorder Soon
2024-07-01,BB_0093,rural,A_pos,group_O_neg_emergency,221,218.67,234.0,261.9,43.2,0.29,High,16.93,Moderate,Low Stock,Reorder Soon
2024-05-01,BB_0020,urban,AB_pos,platelet_concentrate,220,208.0,227.5,251.1,43.1,0.3,Critical,21.6,High,Recovered,Prioritize Near-Expiry Usage
2024-07-01,BB_0089,urban,B_pos,cryoprecipitate,235,232.0,250.0,275.0,43.0,0.29,Critical,14.54,Moderate,Adequate,Reorder Soon
2023-02-01,BB_0141,peri_urban,A_pos,fresh_frozen_plasma,249,231.0,249.0,274.0,43.0,0.27,High,11.26,Low,Low Stock,Reorder Soon
2023-05-01,BB_0139,urban,O_neg,cryoprecipitate,249,234.0,249.0,276.8,42.8,0.25,Moderate,12.82,Low,Low Stock,Reorder Soon
2021-09-01,BB_0073,peri_urban,A_pos,platelet_concentrate,248,231.0,248.0,273.7,42.7,0.21,Low,13.42,Low,Adequate,Reorder Soon
2022-06-01,BB_0051,urban,O_neg,packed_RBC,223,208.0,223.0,250.5,42.5,0.31,Critical,11.54,Low,Critical,Reorder Soon
2024-05-01,BB_0012,urban,B_neg,cryoprecipitate,230,212.0,230.0,254.5,42.5,0.23,Moderate,25.94,Moderate,Low Stock,Reorder Soon
2024-09-01,BB_0142,rural,B_pos,cryoprecipitate,233,210.67,228.0,253.0,42.3,0.2,Low,13.5,Low,Adequate,Reorder Soon
2024-11-01,BB_0016,urban,AB_neg,whole_blood,236,223.0,236.0,265.1,42.1,0.23,Moderate,25.56,High,Adequate,Investigate High Wastage
2023-03-01,BB_0085,urban,A_pos,fresh_frozen_plasma,226,209.0,226.0,251.0,42.0,0.3,Critical,19.62,Moderate,Low Stock,Reorder Soon
2022-08-01,BB_0057,rural,O_neg,group_O_neg_emergency,204,188.0,204.0,230.0,42.0,0.21,Low,23.4,High,Adequate,Investigate High Wastage
2022-03-01,BB_0050,rural,B_pos,fresh_frozen_plasma,232,211.0,227.0,253.0,42.0,0.16,Low,11.36,Low,Adequate,Reorder Soon
2023-10-01,BB_0119,urban,B_pos,group_O_neg_emergency,204,210.0,226.5,251.8,41.8,0.22,Low,17.21,Moderate,Low Stock,Reorder Soon
2023-06-01,BB_0048,urban,A_neg,packed_RBC,241,224.0,241.0,265.7,41.7,0.32,Critical,20.98,High,Recovered,Investigate High Wastage
2022-06-01,BB_0134,peri_urban,AB_pos,fresh_frozen_plasma,248,232.0,248.0,273.6,41.6,0.25,Moderate,28.88,Moderate,Recovered,Reorder Soon
2023-09-01,BB_0129,peri_urban,B_neg,fresh_frozen_plasma,200,189.0,200.0,230.5,41.5,0.28,High,14.81,Moderate,Recovered,Reorder Soon
2022-12-01,BB_0053,urban,B_pos,platelet_concentrate,240,225.0,240.0,266.3,41.3,0.28,High,22.67,High,Adequate,Prioritize Near-Expiry Usage
2024-01-01,BB_0125,rural,O_neg,fresh_frozen_plasma,247,230.0,247.0,271.3,41.3,0.29,Critical,13.04,Low,Recovered,Reorder Soon
2023-09-01,BB_0091,rural,B_pos,fresh_frozen_plasma,230,215.0,230.0,256.0,41.0,0.22,Low,3.26,Low,Low Stock,Reorder Soon
2024-08-01,BB_0142,peri_urban,B_pos,fresh_frozen_plasma,213,198.0,213.0,239.0,41.0,0.2,Low,13.64,Low,Critical,Reorder Soon
2023-07-01,BB_0122,urban,A_pos,packed_RBC,215,214.0,228.5,254.9,40.9,0.26,High,22.53,High,Critical,Investigate High Wastage
2021-09-01,BB_0029,peri_urban,O_neg,platelet_concentrate,219,206.0,219.0,246.9,40.9,0.16,Low,17.48,Moderate,Recovered,Reorder Soon
2024-10-01,BB_0036,rural,B_neg,platelet_concentrate,239,223.0,239.0,263.9,40.9,0.32,Critical,12.56,Low,Adequate,Reorder Soon
2022-11-01,BB_0068,peri_urban,A_pos,platelet_concentrate,230,215.0,230.0,255.7,40.7,0.27,High,18.14,Moderate,Low Stock,Reorder Soon
2024-05-01,BB_0099,urban,A_pos,cryoprecipitate,251,214.5,228.5,254.9,40.4,0.15,Low,15.38,Moderate,Adequate,Reorder Soon
2024-08-01,BB_0001,urban,O_neg,fresh_frozen_plasma,251,235.0,251.0,275.3,40.3,0.31,Critical,4.68,Low,Recovered,Reorder Soon
2022-09-01,BB_0002,rural,O_neg,fresh_frozen_plasma,234,217.0,233.0,257.3,40.3,0.23,Moderate,20.34,Moderate,Recovered,Reorder Soon
2024-04-01,BB_0044,urban,B_pos,platelet_concentrate,223,210.0,223.0,249.3,39.3,0.25,Moderate,23.81,High,Adequate,Prioritize Near-Expiry Usage
2024-10-01,BB_0106,peri_urban,O_pos,whole_blood,220,211.67,235.33,250.8,39.1,0.22,Low,15.47,Moderate,Recovered,Reorder Soon
2023-09-01,BB_0051,urban,B_pos,fresh_frozen_plasma,221,215.0,228.0,254.0,39.0,0.31,Critical,21.24,Moderate,Adequate,Reorder Soon
2022-09-01,BB_0014,urban,A_pos,group_O_neg_emergency,219,208.0,219.0,246.9,38.9,0.27,High,3.85,Low,Adequate,Reorder Soon
2023-11-01,BB_0092,urban,B_pos,cryoprecipitate,221,208.0,221.0,246.0,38.0,0.18,Low,21.63,Moderate,Adequate,Reorder Soon
2024-04-01,BB_0044,peri_urban,A_neg,cryoprecipitate,229,216.0,230.5,254.0,38.0,0.25,Moderate,13.06,Low,Adequate,Reorder Soon
2022-05-01,BB_0142,peri_urban,O_neg,platelet_concentrate,222,212.0,222.0,249.9,37.9,0.2,Low,20.28,High,Adequate,Prioritize Near-Expiry Usage
2021-02-01,BB_0083,urban,O_neg,platelet_concentrate,224,214.0,224.0,251.9,37.9,0.29,Critical,12.15,Low,Low Stock,Reorder Soon
2024-10-01,BB_0116,rural,AB_pos,group_O_neg_emergency,236,225.0,236.0,262.4,37.4,0.29,High,12.0,Low,Recovered,Reorder Soon
2024-02-01,BB_0073,rural,A_neg,platelet_concentrate,229,217.0,229.0,254.2,37.2,0.21,Low,29.49,High,Critical,Prioritize Near-Expiry Usage
2024-07-01,BB_0062,peri_urban,A_pos,packed_RBC,218,214.0,224.5,250.9,36.9,0.33,Critical,19.93,High,Recovered,Investigate High Wastage
2024-10-01,BB_0003,rural,A_neg,fresh_frozen_plasma,231,220.0,231.0,256.8,36.8,0.33,Critical,10.91,Low,Adequate,Reorder Soon
2021-07-01,BB_0108,rural,AB_pos,fresh_frozen_plasma,229,218.0,229.0,254.6,36.6,0.22,Moderate,8.26,Low,Adequate,Reorder Soon
2023-02-01,BB_0149,peri_urban,AB_pos,group_O_neg_emergency,234,224.0,234.0,260.4,36.4,0.2,Low,13.84,Low,Recovered,Reorder Soon
2024-03-01,BB_0056,urban,A_neg,platelet_concentrate,221,210.0,221.0,246.2,36.2,0.32,Critical,19.52,High,Low Stock,Prioritize Near-Expiry Usage
2021-06-01,BB_0109,urban,O_neg,whole_blood,225,214.0,225.0,250.0,36.0,0.19,Low,15.89,Moderate,Adequate,Reorder Soon
2024-12-01,BB_0053,rural,O_neg,group_O_neg_emergency,231,221.0,231.0,257.0,36.0,0.28,High,16.74,Moderate,Adequate,Reorder Soon
2022-12-01,BB_0130,peri_urban,AB_pos,cryoprecipitate,236,228.0,236.0,263.5,35.5,0.27,High,14.91,Moderate,Recovered,Reorder Soon
2021-11-01,BB_0026,peri_urban,A_neg,cryoprecipitate,224,212.0,224.0,247.5,35.5,0.28,High,24.53,Moderate,Adequate,Reorder Soon
2023-06-01,BB_0139,urban,B_pos,platelet_concentrate,211,210.0,219.0,245.3,35.3,0.25,Moderate,14.66,Moderate,Adequate,Reorder Soon
2021-10-01,BB_0072,urban,B_pos,cryoprecipitate,230,220.0,230.0,255.0,35.0,0.28,High,17.73,Moderate,Adequate,Reorder Soon
2023-11-01,BB_0125,rural,A_pos,platelet_concentrate,221,213.0,221.0,246.7,33.7,0.29,Critical,19.25,High,Adequate,Prioritize Near-Expiry Usage
2024-07-01,BB_0107,urban,O_pos,packed_RBC,198,215.5,221.5,248.3,32.8,0.23,Moderate,19.96,High,Adequate,Investigate High Wastage
2024-07-01,BB_0010,urban,B_neg,whole_blood,234,225.0,234.0,257.7,32.7,0.25,Moderate,15.11,Moderate,Recovered,Reorder Soon
2024-11-01,BB_0092,urban,O_neg,packed_RBC,206,201.0,206.0,233.5,32.5,0.18,Low,19.9,High,Recovered,Investigate High Wastage
2023-03-01,BB_0113,peri_urban,AB_pos,cryoprecipitate,223,218.0,223.0,250.5,32.5,0.25,Moderate,9.17,Low,Adequate,Reorder Soon
2022-05-01,BB_0127,urban,O_neg,group_O_neg_emergency,218,212.0,218.0,244.0,32.0,0.24,Moderate,15.09,Moderate,Adequate,Reorder Soon
2022-06-01,BB_0088,rural,B_pos,fresh_frozen_plasma,248,242.0,248.0,274.0,32.0,0.32,Critical,12.4,Low,Recovered,Reorder Soon
2021-06-01,BB_0021,rural,AB_pos,cryoprecipitate,225,221.0,225.0,252.5,31.5,0.26,High,23.53,Moderate,Low Stock,Reorder Soon
2024-07-01,BB_0144,urban,A_pos,packed_RBC,216,211.0,216.0,242.4,31.4,0.25,Moderate,19.91,High,Adequate,Investigate High Wastage
2023-06-01,BB_0063,urban,O_neg,fresh_frozen_plasma,218,211.0,218.0,242.3,31.3,0.29,High,18.96,Moderate,Adequate,Reorder Soon
2024-09-01,BB_0055,urban,AB_pos,packed_RBC,229,227.0,229.0,257.7,30.7,0.24,Moderate,17.18,Moderate,Adequate,Reorder Soon
2022-06-01,BB_0063,rural,A_pos,platelet_concentrate,212,207.0,212.0,237.7,30.7,0.29,High,13.04,Low,Recovered,Reorder Soon
2022-11-01,BB_0061,peri_urban,AB_pos,platelet_concentrate,231,224.0,231.0,254.6,30.6,0.27,High,12.5,Low,Adequate,Reorder Soon
2023-11-01,BB_0099,rural,B_pos,packed_RBC,220,215.0,220.0,245.5,30.5,0.15,Low,14.42,Moderate,Adequate,Reorder Soon
2022-12-01,BB_0138,urban,A_pos,group_O_neg_emergency,233,232.0,233.0,260.9,28.9,0.28,High,14.22,Moderate,Adequate,Reorder Soon
2021-06-01,BB_0106,urban,AB_pos,group_O_neg_emergency,232,230.0,232.0,258.4,28.4,0.22,Low,21.74,High,Low Stock,Investigate High Wastage
2022-07-01,BB_0139,rural,A_pos,fresh_frozen_plasma,222,219.0,222.0,247.0,28.0,0.25,Moderate,15.98,Moderate,Low Stock,Reorder Soon
2024-09-01,BB_0073,rural,A_pos,group_O_neg_emergency,217,217.0,217.0,244.9,27.9,0.21,Low,22.12,High,Adequate,Investigate High Wastage
2022-02-01,BB_0115,urban,A_neg,fresh_frozen_plasma,217,216.0,217.0,242.8,26.8,0.27,High,13.89,Low,Recovered,Reorder Soon
2022-08-01,BB_0090,peri_urban,AB_pos,group_O_neg_emergency,226,226.0,226.0,252.4,26.4,0.2,Low,19.47,High,Low Stock,Investigate High Wastage
2024-08-01,BB_0057,rural,B_pos,cryoprecipitate,220,219.0,220.0,245.0,26.0,0.21,Low,18.72,Moderate,Low Stock,Reorder Soon
2024-05-01,BB_0016,urban,B_pos,fresh_frozen_plasma,220,220.0,220.0,246.0,26.0,0.23,Moderate,11.82,Low,Adequate,Reorder Soon
2023-12-01,BB_0106,urban,B_pos,whole_blood,229,230.0,229.0,254.8,24.8,0.22,Low,14.78,Moderate,Adequate,Reorder Soon
2022-04-01,BB_0100,rural,AB_pos,packed_RBC,221,225.0,221.0,249.7,24.7,0.27,High,13.33,Low,Adequate,Reorder Soon
2023-01-01,BB_0017,rural,O_neg,group_O_neg_emergency,199,201.0,199.0,225.0,24.0,0.26,High,12.94,Low,Recovered,Reorder Soon
2021-03-01,BB_0001,rural,B_neg,packed_RBC,218,224.0,218.0,246.9,22.9,0.31,Critical,9.82,Low,Low Stock,Reorder Soon
2023-05-01,BB_0012,urban,B_pos,packed_RBC,205,225.0,222.0,247.5,22.5,0.23,Moderate,13.01,Low,Critical,Reorder Soon
2023-06-01,BB_0015,urban,O_neg,whole_blood,218,221.0,218.0,243.0,22.0,0.25,Moderate,12.67,Low,Critical,Reorder Soon
2023-08-01,BB_0065,urban,A_pos,fresh_frozen_plasma,217,212.0,208.0,233.0,21.0,0.32,Critical,12.52,Low,Recovered,Reorder Soon
2021-04-01,BB_0036,urban,O_neg,whole_blood,224,228.0,224.0,249.0,21.0,0.32,Critical,11.84,Low,Recovered,Reorder Soon
2024-02-01,BB_0011,peri_urban,A_neg,packed_RBC,229,234.0,229.0,253.7,19.7,0.2,Low,19.66,High,Adequate,Investigate High Wastage
2022-06-01,BB_0028,urban,O_neg,whole_blood,232,238.0,232.0,257.0,19.0,0.19,Low,2.52,Low,Low Stock,Reorder Soon
2024-04-01,BB_0012,rural,AB_neg,packed_RBC,237,242.0,237.0,260.0,18.0,0.23,Moderate,16.53,Moderate,Adequate,Reorder Soon
2024-06-01,BB_0079,urban,A_pos,platelet_concentrate,227,244.0,227.0,252.7,8.7,0.39,Critical,16.39,Moderate,Recovered,Monitor Closely
2023-05-01,BB_0145,rural,O_neg,packed_RBC,209,233.0,209.0,236.5,3.5,0.22,Moderate,10.3,Low,Low Stock,Reorder Soon
