facility_id,blood_group,product_name,n_obs,forecast_demand,combo_std,avg_collected,avg_transfused,avg_wastage_rate,shelf_life_days,pooled_std,effective_std,std_source,available_inventory_proxy,facility_shortage_rate,safety_stock,recommended_stock,inventory_gap,reorder_quantity,surplus_inventory,expiry_risk_surplus_based,wastage_attention_flag
BB_0001,AB_pos,fresh_frozen_plasma,1,260.0,,191.0,125.0,21.47,365,15.529870914464443,15.529870914464443,pooled_blood_group_product,191.0,0.3116883116883117,25.6,285.6,94.6,94.6,0.0,Low,Moderate
BB_0001,AB_pos,whole_blood,2,255.5,9.192388155425117,214.5,150.5,14.45,42,13.606168437472475,13.606168437472475,pooled_blood_group_product,214.5,0.3116883116883117,22.5,278.0,63.5,63.5,0.0,Low,Moderate
BB_0001,A_neg,group_O_neg_emergency,2,255.5,0.7071067811865476,207.5,142.0,15.645,42,15.275919791953486,15.275919791953486,pooled_blood_group_product,207.5,0.3116883116883117,25.2,280.7,73.2,73.2,0.0,Low,Moderate
BB_0001,A_pos,group_O_neg_emergency,1,257.0,,194.0,142.0,17.01,42,16.934146373239873,16.934146373239873,pooled_blood_group_product,194.0,0.3116883116883117,27.9,284.9,90.9,90.9,0.0,Low,Moderate
BB_0001,A_pos,packed_RBC,4,249.5,23.558437978779494,186.5,129.5,15.780000000000001,42,15.974157533973031,15.974157533973031,pooled_blood_group_product,186.5,0.3116883116883117,26.4,275.9,89.4,89.4,0.0,Low,Moderate
BB_0001,A_pos,platelet_concentrate,1,251.0,,218.0,137.0,15.6,5,15.570295650182972,15.570295650182972,pooled_blood_group_product,218.0,0.3116883116883117,25.7,276.7,58.7,58.7,0.0,Low,Moderate
BB_0001,A_pos,whole_blood,4,243.75,17.932744723921466,199.0,135.75,14.17,42,16.26859652330014,16.26859652330014,pooled_blood_group_product,199.0,0.3116883116883117,26.8,270.6,71.6,71.6,0.0,Low,Moderate
BB_0001,B_neg,packed_RBC,1,218.0,,224.0,127.0,9.82,42,17.510386528104863,17.510386528104863,pooled_blood_group_product,224.0,0.3116883116883117,28.9,246.9,22.9,22.9,0.0,Low,Low
BB_0001,B_neg,whole_blood,1,246.0,,193.0,136.0,13.99,42,14.346963359011946,14.346963359011946,pooled_blood_group_product,193.0,0.3116883116883117,23.7,269.7,76.7,76.7,0.0,Low,Moderate
BB_0001,B_pos,fresh_frozen_plasma,3,245.33333333333334,7.637626158259731,203.66666666666666,158.0,19.94,365,15.753623140581702,15.753623140581702,pooled_blood_group_product,203.66666666666666,0.3116883116883117,26.0,271.3,67.6,67.6,0.0,Low,Moderate
BB_0001,B_pos,group_O_neg_emergency,3,244.33333333333334,10.11599393699568,189.66666666666666,150.33333333333334,16.330000000000002,42,15.327786820822924,15.327786820822924,pooled_blood_group_product,189.66666666666666,0.3116883116883117,25.3,269.6,79.9,79.9,0.0,Low,Moderate
BB_0001,B_pos,packed_RBC,2,233.5,12.020815280171307,201.5,125.5,21.34,42,15.425681398117081,15.425681398117081,pooled_blood_group_product,201.5,0.3116883116883117,25.5,259.0,57.5,57.5,0.0,Low,High
BB_0001,B_pos,platelet_concentrate,3,238.66666666666666,35.57152419187759,198.0,119.0,15.306666666666667,5,15.918915219368015,15.918915219368015,pooled_blood_group_product,198.0,0.3116883116883117,26.3,265.0,67.0,67.0,0.0,Low,Moderate
BB_0001,B_pos,whole_blood,1,253.0,,200.0,147.0,8.5,42,15.616055501636811,15.616055501636811,pooled_blood_group_product,200.0,0.3116883116883117,25.8,278.8,78.8,78.8,0.0,Low,Low
BB_0001,O_neg,fresh_frozen_plasma,1,251.0,,235.0,128.0,4.68,365,14.714175377770642,14.714175377770642,pooled_blood_group_product,235.0,0.3116883116883117,24.3,275.3,40.3,40.3,0.0,Low,Low
BB_0001,O_neg,packed_RBC,1,250.0,,189.0,136.0,10.05,42,16.675768019539497,16.675768019539497,pooled_blood_group_product,189.0,0.3116883116883117,27.5,277.5,88.5,88.5,0.0,Low,Low
BB_0001,O_neg,platelet_concentrate,1,283.0,,179.0,136.0,20.67,5,16.930706830055033,16.930706830055033,pooled_blood_group_product,179.0,0.3116883116883117,27.9,310.9,131.9,131.9,0.0,Low,High
BB_0001,O_neg,whole_blood,2,253.5,21.920310216782973,179.0,155.0,18.919999999999998,42,15.177301566829424,15.177301566829424,pooled_blood_group_product,179.0,0.3116883116883117,25.0,278.5,99.5,99.5,0.0,Low,Moderate
BB_0001,O_pos,cryoprecipitate,9,251.44444444444446,12.238373167123878,206.22222222222223,145.22222222222223,15.973333333333333,365,15.956259435791292,12.238373167123878,own_history,206.22222222222223,0.3116883116883117,20.2,271.6,65.4,65.4,0.0,Low,Moderate
BB_0001,O_pos,fresh_frozen_plasma,8,243.875,8.871100753087438,196.75,146.375,17.3725,365,16.129072159319048,8.871100753087438,own_history,196.75,0.3116883116883117,14.6,258.5,61.8,61.8,0.0,Low,Moderate
BB_0001,O_pos,group_O_neg_emergency,4,249.0,12.622730819174324,208.5,157.5,12.0975,42,15.59947653940603,15.59947653940603,pooled_blood_group_product,208.5,0.3116883116883117,25.7,274.7,66.2,66.2,0.0,Low,Low
BB_0001,O_pos,packed_RBC,5,257.6,17.515707236649053,206.8,150.2,16.454,42,16.220879283084294,17.515707236649053,own_history,206.8,0.3116883116883117,28.9,286.5,79.7,79.7,0.0,Low,Moderate
BB_0001,O_pos,platelet_concentrate,8,250.125,18.395942875691755,211.625,158.875,19.9875,5,15.814220480272407,18.395942875691755,own_history,211.625,0.3116883116883117,30.4,280.5,68.9,68.9,0.0,Low,High
BB_0001,O_pos,whole_blood,9,248.0,9.0277350426339,197.66666666666666,150.22222222222223,14.083333333333334,42,15.320728507460478,9.0277350426339,own_history,197.66666666666666,0.3116883116883117,14.9,262.9,65.2,65.2,0.0,Low,Moderate
BB_0002,AB_neg,group_O_neg_emergency,1,240.0,,173.0,152.0,21.97,42,14.768157012249755,14.768157012249755,pooled_blood_group_product,173.0,0.22580645161290322,24.4,264.4,91.4,91.4,0.0,Low,High
BB_0002,AB_pos,cryoprecipitate,1,260.0,,197.0,163.0,22.84,365,16.64565006228281,16.64565006228281,pooled_blood_group_product,197.0,0.22580645161290322,27.5,287.5,90.5,90.5,0.0,Low,Moderate
BB_0002,AB_pos,group_O_neg_emergency,1,245.0,,189.0,161.0,20.63,42,16.01343479009551,16.01343479009551,pooled_blood_group_product,189.0,0.22580645161290322,26.4,271.4,82.4,82.4,0.0,Low,High
BB_0002,A_neg,group_O_neg_emergency,1,265.0,,210.0,118.0,20.95,42,15.275919791953486,15.275919791953486,pooled_blood_group_product,210.0,0.22580645161290322,25.2,290.2,80.2,80.2,0.0,Low,High
BB_0002,A_neg,packed_RBC,1,262.0,,213.0,195.0,16.43,42,14.982321915176227,14.982321915176227,pooled_blood_group_product,213.0,0.22580645161290322,24.7,286.7,73.7,73.7,0.0,Low,Moderate
BB_0002,A_neg,platelet_concentrate,1,244.0,,187.0,170.0,16.04,5,15.26163614252437,15.26163614252437,pooled_blood_group_product,187.0,0.22580645161290322,25.2,269.2,82.2,82.2,0.0,Low,Moderate
BB_0002,A_pos,cryoprecipitate,1,261.0,,196.0,183.0,19.39,365,15.986014398875405,15.986014398875405,pooled_blood_group_product,196.0,0.22580645161290322,26.4,287.4,91.4,91.4,0.0,Low,Moderate
BB_0002,A_pos,fresh_frozen_plasma,2,240.0,1.4142135623730951,195.5,140.0,17.03,365,15.175972252331889,15.175972252331889,pooled_blood_group_product,195.5,0.22580645161290322,25.0,265.0,69.5,69.5,0.0,Low,Moderate
BB_0002,A_pos,group_O_neg_emergency,1,250.0,,225.0,138.0,16.0,42,16.934146373239873,16.934146373239873,pooled_blood_group_product,225.0,0.22580645161290322,27.9,277.9,52.9,52.9,0.0,Low,Moderate
BB_0002,A_pos,packed_RBC,2,258.0,9.899494936611665,213.5,135.0,11.425,42,15.974157533973031,15.974157533973031,pooled_blood_group_product,213.5,0.22580645161290322,26.4,284.4,70.9,70.9,0.0,Low,Low
BB_0002,A_pos,platelet_concentrate,1,251.0,,222.0,182.0,23.87,5,15.570295650182972,15.570295650182972,pooled_blood_group_product,222.0,0.22580645161290322,25.7,276.7,54.7,54.7,0.0,Low,High
BB_0002,A_pos,whole_blood,2,260.5,14.849242404917497,197.5,133.0,20.63,42,16.26859652330014,16.26859652330014,pooled_blood_group_product,197.5,0.22580645161290322,26.8,287.3,89.8,89.8,0.0,Low,High
BB_0002,B_neg,cryoprecipitate,1,239.0,,178.0,136.0,15.17,365,14.855008056807502,14.855008056807502,pooled_blood_group_product,178.0,0.22580645161290322,24.5,263.5,85.5,85.5,0.0,Low,Moderate
BB_0002,B_neg,fresh_frozen_plasma,1,223.0,,202.0,154.0,18.32,365,18.483089984756752,18.483089984756752,pooled_blood_group_product,202.0,0.22580645161290322,30.5,253.5,51.5,51.5,0.0,Low,Moderate
BB_0002,B_pos,cryoprecipitate,4,241.5,17.07825127659933,189.5,129.5,11.0075,365,15.142364873820988,15.142364873820988,pooled_blood_group_product,189.5,0.22580645161290322,25.0,266.5,77.0,77.0,0.0,Low,Low
BB_0002,B_pos,fresh_frozen_plasma,2,251.5,3.5355339059327378,210.5,185.0,19.310000000000002,365,15.753623140581702,15.753623140581702,pooled_blood_group_product,210.5,0.22580645161290322,26.0,277.5,67.0,67.0,0.0,Low,Moderate
BB_0002,B_pos,group_O_neg_emergency,3,247.66666666666666,7.234178138070239,190.66666666666666,136.0,15.56,42,15.327786820822924,15.327786820822924,pooled_blood_group_product,190.66666666666666,0.22580645161290322,25.3,273.0,82.3,82.3,0.0,Low,Moderate
BB_0002,B_pos,platelet_concentrate,1,277.0,,204.0,179.0,23.04,5,15.918915219368015,15.918915219368015,pooled_blood_group_product,204.0,0.22580645161290322,26.3,303.3,99.3,99.3,0.0,Low,High
BB_0002,O_neg,fresh_frozen_plasma,2,233.0,1.4142135623730951,217.0,144.0,20.34,365,14.714175377770642,14.714175377770642,pooled_blood_group_product,217.0,0.22580645161290322,24.3,257.3,40.3,40.3,0.0,Low,Moderate
BB_0002,O_neg,platelet_concentrate,1,246.0,,191.0,164.0,23.56,5,16.930706830055033,16.930706830055033,pooled_blood_group_product,191.0,0.22580645161290322,27.9,273.9,82.9,82.9,0.0,Low,High
BB_0002,O_pos,cryoprecipitate,7,242.14285714285714,15.0158646263274,198.71428571428572,138.14285714285714,19.395714285714288,365,15.956259435791292,15.0158646263274,own_history,198.71428571428572,0.22580645161290322,24.8,266.9,68.2,68.2,0.0,Low,Moderate
BB_0002,O_pos,fresh_frozen_plasma,3,247.33333333333334,7.767453465154031,204.66666666666666,126.33333333333333,11.88,365,16.129072159319048,16.129072159319048,pooled_blood_group_product,204.66666666666666,0.22580645161290322,26.6,273.9,69.2,69.2,0.0,Low,Low
BB_0002,O_pos,group_O_neg_emergency,2,247.0,39.59797974644666,198.5,155.0,17.685000000000002,42,15.59947653940603,15.59947653940603,pooled_blood_group_product,198.5,0.22580645161290322,25.7,272.7,74.2,74.2,0.0,Low,Moderate
BB_0002,O_pos,packed_RBC,5,246.6,16.349311912126456,198.4,154.8,21.142,42,16.220879283084294,16.349311912126456,own_history,198.4,0.22580645161290322,27.0,273.6,75.2,75.2,0.0,Low,High
BB_0002,O_pos,platelet_concentrate,7,242.14285714285714,17.601406870177275,202.14285714285714,146.14285714285714,14.294285714285715,5,15.814220480272407,17.601406870177275,own_history,202.14285714285714,0.22580645161290322,29.0,271.1,69.0,69.0,0.0,Low,Moderate
BB_0002,O_pos,whole_blood,8,249.375,17.630634864186984,194.75,131.875,14.45,42,15.320728507460478,17.630634864186984,own_history,194.75,0.22580645161290322,29.1,278.5,83.8,83.8,0.0,Low,Moderate
BB_0003,AB_neg,cryoprecipitate,1,261.0,,205.0,184.0,13.17,365,13.13504517558679,13.13504517558679,pooled_blood_group_product,205.0,0.3283582089552239,21.7,282.7,77.7,77.7,0.0,Low,Low
BB_0003,AB_neg,group_O_neg_emergency,2,253.0,0.0,207.0,166.5,17.615000000000002,42,14.768157012249755,14.768157012249755,pooled_blood_group_product,207.0,0.3283582089552239,24.4,277.4,70.4,70.4,0.0,Low,Moderate
BB_0003,AB_neg,platelet_concentrate,1,249.0,,213.0,133.0,14.55,5,12.389960093200914,12.389960093200914,pooled_blood_group_product,213.0,0.3283582089552239,20.4,269.4,56.4,56.4,0.0,Low,Moderate
BB_0003,AB_pos,fresh_frozen_plasma,1,248.0,,186.0,154.0,23.66,365,15.529870914464443,15.529870914464443,pooled_blood_group_product,186.0,0.3283582089552239,25.6,273.6,87.6,87.6,0.0,Low,Moderate
BB_0003,AB_pos,group_O_neg_emergency,1,228.0,,181.0,121.0,20.99,42,16.01343479009551,16.01343479009551,pooled_blood_group_product,181.0,0.3283582089552239,26.4,254.4,73.4,73.4,0.0,Low,High
BB_0003,AB_pos,whole_blood,3,254.33333333333334,8.082903768654765,204.66666666666666,155.0,11.803333333333335,42,13.606168437472475,13.606168437472475,pooled_blood_group_product,204.66666666666666,0.3283582089552239,22.5,276.8,72.1,72.1,0.0,Low,Low
BB_0003,A_neg,fresh_frozen_plasma,1,231.0,,220.0,160.0,10.91,365,15.630530767171415,15.630530767171415,pooled_blood_group_product,220.0,0.3283582089552239,25.8,256.8,36.8,36.8,0.0,Low,Low
BB_0003,A_pos,cryoprecipitate,1,266.0,,205.0,143.0,17.07,365,15.986014398875405,15.986014398875405,pooled_blood_group_product,205.0,0.3283582089552239,26.4,292.4,87.4,87.4,0.0,Low,Moderate
BB_0003,A_pos,fresh_frozen_plasma,3,228.66666666666666,14.224392195567917,186.66666666666666,118.66666666666667,15.813333333333333,365,15.175972252331889,15.175972252331889,pooled_blood_group_product,186.66666666666666,0.3283582089552239,25.0,253.7,67.0,67.0,0.0,Low,Moderate
BB_0003,A_pos,packed_RBC,2,246.5,7.7781745930520225,212.5,155.0,11.275,42,15.974157533973031,15.974157533973031,pooled_blood_group_product,212.5,0.3283582089552239,26.4,272.9,60.4,60.4,0.0,Low,Low
BB_0003,A_pos,platelet_concentrate,3,244.0,16.64331697709324,200.66666666666666,138.0,17.333333333333332,5,15.570295650182972,15.570295650182972,pooled_blood_group_product,200.66666666666666,0.3283582089552239,25.7,269.7,69.0,69.0,0.0,Low,Moderate
BB_0003,B_pos,cryoprecipitate,2,251.0,31.11269837220809,202.0,169.5,15.815000000000001,365,15.142364873820988,15.142364873820988,pooled_blood_group_product,202.0,0.3283582089552239,25.0,276.0,74.0,74.0,0.0,Low,Moderate
BB_0003,B_pos,fresh_frozen_plasma,2,267.5,2.1213203435596424,203.5,146.5,16.535,365,15.753623140581702,15.753623140581702,pooled_blood_group_product,203.5,0.3283582089552239,26.0,293.5,90.0,90.0,0.0,Low,Moderate
BB_0003,B_pos,group_O_neg_emergency,1,242.0,,208.0,125.0,6.73,42,15.327786820822924,15.327786820822924,pooled_blood_group_product,208.0,0.3283582089552239,25.3,267.3,59.3,59.3,0.0,Low,Low
BB_0003,B_pos,packed_RBC,1,225.0,,200.0,146.0,14.0,42,15.425681398117081,15.425681398117081,pooled_blood_group_product,200.0,0.3283582089552239,25.5,250.5,50.5,50.5,0.0,Low,Moderate
BB_0003,B_pos,platelet_concentrate,1,268.0,,206.0,123.0,23.79,5,15.918915219368015,15.918915219368015,pooled_blood_group_product,206.0,0.3283582089552239,26.3,294.3,88.3,88.3,0.0,Low,High
BB_0003,B_pos,whole_blood,3,248.0,16.822603841260722,204.0,138.33333333333334,13.226666666666667,42,15.616055501636811,15.616055501636811,pooled_blood_group_product,204.0,0.3283582089552239,25.8,273.8,69.8,69.8,0.0,Low,Low
BB_0003,O_neg,cryoprecipitate,1,222.0,,200.0,123.0,6.0,365,16.832005704612282,16.832005704612282,pooled_blood_group_product,200.0,0.3283582089552239,27.8,249.8,49.8,49.8,0.0,Low,Low
BB_0003,O_pos,cryoprecipitate,3,245.33333333333334,23.094010767585033,217.0,129.66666666666666,13.223333333333334,365,15.956259435791292,15.956259435791292,pooled_blood_group_product,217.0,0.3283582089552239,26.3,271.6,54.6,54.6,0.0,Low,Low
BB_0003,O_pos,fresh_frozen_plasma,6,245.16666666666666,3.31159578853861,197.66666666666666,161.16666666666666,14.368333333333334,365,16.129072159319048,3.31159578853861,own_history,197.66666666666666,0.3283582089552239,5.5,250.7,53.0,53.0,0.0,Low,Moderate
BB_0003,O_pos,group_O_neg_emergency,9,245.88888888888889,8.328331832432657,200.55555555555554,129.55555555555554,15.141111111111112,42,15.59947653940603,8.328331832432657,own_history,200.55555555555554,0.3283582089552239,13.7,259.6,59.0,59.0,0.0,Low,Moderate
BB_0003,O_pos,packed_RBC,5,254.8,9.984988733093289,207.0,136.6,18.360000000000003,42,16.220879283084294,9.984988733093289,own_history,207.0,0.3283582089552239,16.5,271.3,64.3,64.3,0.0,Low,Moderate
BB_0003,O_pos,platelet_concentrate,9,247.77777777777777,13.026682019779418,196.33333333333334,133.0,17.621111111111112,5,15.814220480272407,13.026682019779418,own_history,196.33333333333334,0.3283582089552239,21.5,269.3,73.0,73.0,0.0,Low,Moderate
BB_0003,O_pos,whole_blood,5,249.0,22.327113561766108,196.8,129.2,15.163999999999998,42,15.320728507460478,22.327113561766108,own_history,196.8,0.3283582089552239,36.8,285.8,89.0,89.0,0.0,Low,Moderate
BB_0004,AB_pos,cryoprecipitate,2,240.0,50.91168824543142,187.5,137.0,23.18,365,16.64565006228281,16.64565006228281,pooled_blood_group_product,187.5,0.2542372881355932,27.5,267.5,80.0,80.0,0.0,Low,Moderate
BB_0004,AB_pos,fresh_frozen_plasma,1,229.0,,189.0,129.0,20.11,365,15.529870914464443,15.529870914464443,pooled_blood_group_product,189.0,0.2542372881355932,25.6,254.6,65.6,65.6,0.0,Low,Moderate
BB_0004,A_pos,cryoprecipitate,1,270.0,,217.0,177.0,22.12,365,15.986014398875405,15.986014398875405,pooled_blood_group_product,217.0,0.2542372881355932,26.4,296.4,79.4,79.4,0.0,Low,Moderate
BB_0004,A_pos,fresh_frozen_plasma,2,247.5,13.435028842544403,192.5,133.5,15.454999999999998,365,15.175972252331889,15.175972252331889,pooled_blood_group_product,192.5,0.2542372881355932,25.0,272.5,80.0,80.0,0.0,Low,Moderate
BB_0004,A_pos,platelet_concentrate,2,264.5,28.991378028648448,211.0,183.5,14.545,5,15.570295650182972,15.570295650182972,pooled_blood_group_product,211.0,0.2542372881355932,25.7,290.2,79.2,79.2,0.0,Low,Moderate
BB_0004,A_pos,whole_blood,4,256.75,13.671747023210555,220.5,156.25,15.7075,42,16.26859652330014,16.26859652330014,pooled_blood_group_product,220.5,0.2542372881355932,26.8,283.6,63.1,63.1,0.0,Low,Moderate
BB_0004,B_neg,group_O_neg_emergency,1,268.0,,213.0,137.0,10.8,42,16.421857975114715,16.421857975114715,pooled_blood_group_product,213.0,0.2542372881355932,27.1,295.1,82.1,82.1,0.0,Low,Low
BB_0004,B_pos,fresh_frozen_plasma,4,254.5,17.078251276599328,210.5,134.5,19.3275,365,15.753623140581702,15.753623140581702,pooled_blood_group_product,210.5,0.2542372881355932,26.0,280.5,70.0,70.0,0.0,Low,Moderate
BB_0004,B_pos,group_O_neg_emergency,2,250.5,0.7071067811865476,209.0,102.0,19.0,42,15.327786820822924,15.327786820822924,pooled_blood_group_product,209.0,0.2542372881355932,25.3,275.8,66.8,66.8,0.0,Low,High
BB_0004,B_pos,packed_RBC,4,232.0,18.092355660149213,187.25,147.0,12.9825,42,15.425681398117081,15.425681398117081,pooled_blood_group_product,187.25,0.2542372881355932,25.5,257.5,70.2,70.2,0.0,Low,Low
BB_0004,B_pos,platelet_concentrate,2,233.0,18.384776310850235,216.0,159.5,13.885000000000002,5,15.918915219368015,15.918915219368015,pooled_blood_group_product,216.0,0.2542372881355932,26.3,259.3,43.3,43.3,0.0,Low,Low
BB_0004,B_pos,whole_blood,5,258.0,14.456832294800963,212.2,161.8,16.93,42,15.616055501636811,14.456832294800963,own_history,212.2,0.2542372881355932,23.9,281.9,69.7,69.7,0.0,Low,Moderate
BB_0004,O_neg,cryoprecipitate,1,266.0,,201.0,144.0,21.39,365,16.832005704612282,16.832005704612282,pooled_blood_group_product,201.0,0.2542372881355932,27.8,293.8,92.8,92.8,0.0,Low,Moderate
BB_0004,O_neg,group_O_neg_emergency,1,246.0,,191.0,126.0,12.04,42,15.737583585569908,15.737583585569908,pooled_blood_group_product,191.0,0.2542372881355932,26.0,272.0,81.0,81.0,0.0,Low,Low
BB_0004,O_neg,platelet_concentrate,1,234.0,,196.0,114.0,21.43,5,16.930706830055033,16.930706830055033,pooled_blood_group_product,196.0,0.2542372881355932,27.9,261.9,65.9,65.9,0.0,Low,High
BB_0004,O_neg,whole_blood,1,252.0,,193.0,169.0,25.91,42,15.177301566829424,15.177301566829424,pooled_blood_group_product,193.0,0.2542372881355932,25.0,277.0,84.0,84.0,0.0,Low,High
BB_0004,O_pos,cryoprecipitate,3,265.0,19.974984355438178,203.0,155.66666666666666,19.13,365,15.956259435791292,15.956259435791292,pooled_blood_group_product,203.0,0.2542372881355932,26.3,291.3,88.3,88.3,0.0,Low,Moderate
BB_0004,O_pos,fresh_frozen_plasma,8,254.0,8.071112509614595,199.5,140.75,15.06875,365,16.129072159319048,8.071112509614595,own_history,199.5,0.2542372881355932,13.3,267.3,67.8,67.8,0.0,Low,Moderate
BB_0004,O_pos,packed_RBC,5,248.8,10.329569206893382,198.8,152.8,17.236,42,16.220879283084294,10.329569206893382,own_history,198.8,0.2542372881355932,17.0,265.8,67.0,67.0,0.0,Low,Moderate
BB_0004,O_pos,platelet_concentrate,7,253.14285714285714,16.476534540861145,201.57142857142858,135.42857142857142,15.267142857142858,5,15.814220480272407,16.476534540861145,own_history,201.57142857142858,0.2542372881355932,27.2,280.3,78.7,78.7,0.0,Low,Moderate
BB_0004,O_pos,whole_blood,2,255.0,1.4142135623730951,183.5,130.5,23.490000000000002,42,15.320728507460478,15.320728507460478,pooled_blood_group_product,183.5,0.2542372881355932,25.3,280.3,96.8,96.8,0.0,Low,High
BB_0005,AB_neg,fresh_frozen_plasma,1,286.0,,190.0,159.0,22.63,365,18.018509002319437,18.018509002319437,pooled_blood_group_product,190.0,0.26785714285714285,29.7,315.7,125.7,125.7,0.0,Low,Moderate
BB_0005,AB_neg,whole_blood,2,257.5,7.7781745930520225,205.0,140.0,12.01,42,17.64053303608203,17.64053303608203,pooled_blood_group_product,205.0,0.26785714285714285,29.1,286.6,81.6,81.6,0.0,Low,Low
BB_0005,A_neg,platelet_concentrate,1,245.0,,196.0,155.0,19.9,5,15.26163614252437,15.26163614252437,pooled_blood_group_product,196.0,0.26785714285714285,25.2,270.2,74.2,74.2,0.0,Low,High
BB_0005,A_pos,cryoprecipitate,1,263.0,,175.0,147.0,14.86,365,15.986014398875405,15.986014398875405,pooled_blood_group_product,175.0,0.26785714285714285,26.4,289.4,114.4,114.4,0.0,Low,Moderate
BB_0005,A_pos,fresh_frozen_plasma,1,236.0,,193.0,178.0,18.13,365,15.175972252331889,15.175972252331889,pooled_blood_group_product,193.0,0.26785714285714285,25.0,261.0,68.0,68.0,0.0,Low,Moderate
BB_0005,A_pos,group_O_neg_emergency,3,253.33333333333334,20.25668613898466,185.0,127.0,15.763333333333334,42,16.934146373239873,16.934146373239873,pooled_blood_group_product,185.0,0.26785714285714285,27.9,281.2,96.2,96.2,0.0,Low,Moderate
BB_0005,A_pos,platelet_concentrate,1,252.0,,172.0,121.0,12.79,5,15.570295650182972,15.570295650182972,pooled_blood_group_product,172.0,0.26785714285714285,25.7,277.7,105.7,105.7,0.0,Low,Low
BB_0005,B_neg,fresh_frozen_plasma,1,270.0,,215.0,155.0,18.6,365,18.483089984756752,18.483089984756752,pooled_blood_group_product,215.0,0.26785714285714285,30.5,300.5,85.5,85.5,0.0,Low,Moderate
BB_0005,B_neg,whole_blood,1,256.0,,173.0,110.0,12.72,42,14.346963359011946,14.346963359011946,pooled_blood_group_product,173.0,0.26785714285714285,23.7,279.7,106.7,106.7,0.0,Low,Low
BB_0005,B_pos,cryoprecipitate,1,236.0,,191.0,137.0,18.32,365,15.142364873820988,15.142364873820988,pooled_blood_group_product,191.0,0.26785714285714285,25.0,261.0,70.0,70.0,0.0,Low,Moderate
BB_0005,B_pos,fresh_frozen_plasma,2,246.0,12.727922061357855,199.0,158.5,21.645,365,15.753623140581702,15.753623140581702,pooled_blood_group_product,199.0,0.26785714285714285,26.0,272.0,73.0,73.0,0.0,Low,Moderate
BB_0005,B_pos,group_O_neg_emergency,1,241.0,,190.0,158.0,10.53,42,15.327786820822924,15.327786820822924,pooled_blood_group_product,190.0,0.26785714285714285,25.3,266.3,76.3,76.3,0.0,Low,Low
BB_0005,B_pos,packed_RBC,3,244.33333333333334,7.371114795831993,200.33333333333334,136.33333333333334,21.403333333333336,42,15.425681398117081,15.425681398117081,pooled_blood_group_product,200.33333333333334,0.26785714285714285,25.5,269.8,69.5,69.5,0.0,Low,High
BB_0005,B_pos,platelet_concentrate,2,263.0,12.727922061357855,209.0,162.0,15.120000000000001,5,15.918915219368015,15.918915219368015,pooled_blood_group_product,209.0,0.26785714285714285,26.3,289.3,80.3,80.3,0.0,Low,Moderate
BB_0005,O_neg,group_O_neg_emergency,1,235.0,,200.0,131.0,26.0,42,15.737583585569908,15.737583585569908,pooled_blood_group_product,200.0,0.26785714285714285,26.0,261.0,61.0,61.0,0.0,Low,High
BB_0005,O_neg,whole_blood,1,245.0,,211.0,126.0,22.75,42,15.177301566829424,15.177301566829424,pooled_blood_group_product,211.0,0.26785714285714285,25.0,270.0,59.0,59.0,0.0,Low,High
BB_0005,O_pos,cryoprecipitate,7,248.71428571428572,15.944845412800188,205.28571428571428,144.85714285714286,18.374285714285715,365,15.956259435791292,15.944845412800188,own_history,205.28571428571428,0.26785714285714285,26.3,275.0,69.7,69.7,0.0,Low,Moderate
BB_0005,O_pos,fresh_frozen_plasma,7,246.0,15.362291495737216,198.28571428571428,147.42857142857142,16.027142857142856,365,16.129072159319048,15.362291495737216,own_history,198.28571428571428,0.26785714285714285,25.3,271.3,73.0,73.0,0.0,Low,Moderate
BB_0005,O_pos,group_O_neg_emergency,2,236.0,26.870057685088806,193.5,139.5,8.934999999999999,42,15.59947653940603,15.59947653940603,pooled_blood_group_product,193.5,0.26785714285714285,25.7,261.7,68.2,68.2,0.0,Low,Low
BB_0005,O_pos,packed_RBC,3,249.0,2.6457513110645907,215.0,149.33333333333334,14.35,42,16.220879283084294,16.220879283084294,pooled_blood_group_product,215.0,0.26785714285714285,26.8,275.8,60.8,60.8,0.0,Low,Moderate
BB_0005,O_pos,platelet_concentrate,7,253.57142857142858,7.230886134196439,206.71428571428572,159.42857142857142,13.501428571428573,5,15.814220480272407,7.230886134196439,own_history,206.71428571428572,0.26785714285714285,11.9,265.5,58.8,58.8,0.0,Low,Low
BB_0005,O_pos,whole_blood,7,248.14285714285714,13.296974235122962,192.85714285714286,144.71428571428572,13.548571428571426,42,15.320728507460478,13.296974235122962,own_history,192.85714285714286,0.26785714285714285,21.9,270.0,77.1,77.1,0.0,Low,Low
BB_0006,AB_pos,fresh_frozen_plasma,1,245.0,,170.0,143.0,13.53,365,15.529870914464443,15.529870914464443,pooled_blood_group_product,170.0,0.21621621621621623,25.6,270.6,100.6,100.6,0.0,Low,Low
BB_0006,AB_pos,platelet_concentrate,1,249.0,,206.0,130.0,22.33,5,14.27616380960629,14.27616380960629,pooled_blood_group_product,206.0,0.21621621621621623,23.6,272.6,66.6,66.6,0.0,Low,High
BB_0006,AB_pos,whole_blood,2,253.0,12.727922061357855,216.0,136.5,21.549999999999997,42,13.606168437472475,13.606168437472475,pooled_blood_group_product,216.0,0.21621621621621623,22.5,275.5,59.5,59.5,0.0,Low,High
BB_0006,A_neg,group_O_neg_emergency,2,260.5,17.67766952966369,206.5,177.5,17.735,42,15.275919791953486,15.275919791953486,pooled_blood_group_product,206.5,0.21621621621621623,25.2,285.7,79.2,79.2,0.0,Low,Moderate
BB_0006,A_pos,cryoprecipitate,3,242.66666666666666,19.85782801147531,193.0,136.0,17.47,365,15.986014398875405,15.986014398875405,pooled_blood_group_product,193.0,0.21621621621621623,26.4,269.1,76.1,76.1,0.0,Low,Moderate
BB_0006,A_pos,fresh_frozen_plasma,1,260.0,,218.0,138.0,19.27,365,15.175972252331889,15.175972252331889,pooled_blood_group_product,218.0,0.21621621621621623,25.0,285.0,67.0,67.0,0.0,Low,Moderate
BB_0006,A_pos,group_O_neg_emergency,4,269.5,14.177446878757825,190.25,153.25,13.712499999999999,42,16.934146373239873,16.934146373239873,pooled_blood_group_product,190.25,0.21621621621621623,27.9,297.4,107.1,107.1,0.0,Low,Low
BB_0006,A_pos,packed_RBC,1,233.0,,211.0,160.0,17.54,42,15.974157533973031,15.974157533973031,pooled_blood_group_product,211.0,0.21621621621621623,26.4,259.4,48.4,48.4,0.0,Low,Moderate
BB_0006,A_pos,platelet_concentrate,2,258.5,6.363961030678928,201.5,147.0,18.990000000000002,5,15.570295650182972,15.570295650182972,pooled_blood_group_product,201.5,0.21621621621621623,25.7,284.2,82.7,82.7,0.0,Low,High
BB_0006,A_pos,whole_blood,2,270.5,3.5355339059327378,206.0,156.0,20.005,42,16.26859652330014,16.26859652330014,pooled_blood_group_product,206.0,0.21621621621621623,26.8,297.3,91.3,91.3,0.0,Low,High
BB_0006,B_neg,group_O_neg_emergency,1,237.0,,202.0,111.0,8.91,42,16.421857975114715,16.421857975114715,pooled_blood_group_product,202.0,0.21621621621621623,27.1,264.1,62.1,62.1,0.0,Low,Low
BB_0006,B_neg,platelet_concentrate,1,232.0,,204.0,149.0,24.51,5,15.063664178898293,15.063664178898293,pooled_blood_group_product,204.0,0.21621621621621623,24.9,256.9,52.9,52.9,0.0,Low,High
BB_0006,B_pos,cryoprecipitate,2,247.5,17.67766952966369,200.5,134.0,17.8,365,15.142364873820988,15.142364873820988,pooled_blood_group_product,200.5,0.21621621621621623,25.0,272.5,72.0,72.0,0.0,Low,Moderate
BB_0006,B_pos,fresh_frozen_plasma,2,257.5,0.7071067811865476,199.5,122.0,18.535,365,15.753623140581702,15.753623140581702,pooled_blood_group_product,199.5,0.21621621621621623,26.0,283.5,84.0,84.0,0.0,Low,Moderate
BB_0006,B_pos,group_O_neg_emergency,3,251.0,33.406586176980134,199.0,155.33333333333334,15.83,42,15.327786820822924,15.327786820822924,pooled_blood_group_product,199.0,0.21621621621621623,25.3,276.3,77.3,77.3,0.0,Low,Moderate
BB_0006,B_pos,platelet_concentrate,2,251.5,3.5355339059327378,198.0,125.5,22.98,5,15.918915219368015,15.918915219368015,pooled_blood_group_product,198.0,0.21621621621621623,26.3,277.8,79.8,79.8,0.0,Low,High
BB_0006,B_pos,whole_blood,4,245.25,9.535023160258536,202.75,132.0,15.77,42,15.616055501636811,15.616055501636811,pooled_blood_group_product,202.75,0.21621621621621623,25.8,271.0,68.2,68.2,0.0,Low,Moderate
BB_0006,O_neg,group_O_neg_emergency,1,240.0,,205.0,99.0,23.41,42,15.737583585569908,15.737583585569908,pooled_blood_group_product,205.0,0.21621621621621623,26.0,266.0,61.0,61.0,0.0,Low,High
BB_0006,O_pos,cryoprecipitate,6,250.5,6.892024376045111,201.0,137.16666666666666,18.528333333333332,365,15.956259435791292,6.892024376045111,own_history,201.0,0.21621621621621623,11.4,261.9,60.9,60.9,0.0,Low,Moderate
BB_0006,O_pos,fresh_frozen_plasma,7,251.57142857142858,10.212037714663722,214.42857142857142,158.42857142857142,17.15142857142857,365,16.129072159319048,10.212037714663722,own_history,214.42857142857142,0.21621621621621623,16.8,268.4,54.0,54.0,0.0,Low,Moderate
BB_0006,O_pos,group_O_neg_emergency,5,251.0,23.53720459187964,204.4,142.2,9.964,42,15.59947653940603,23.53720459187964,own_history,204.4,0.21621621621621623,38.8,289.8,85.4,85.4,0.0,Low,Low
BB_0006,O_pos,packed_RBC,9,250.33333333333334,15.748015748023622,199.77777777777777,140.55555555555554,18.615555555555556,42,16.220879283084294,15.748015748023622,own_history,199.77777777777777,0.21621621621621623,26.0,276.3,76.5,76.5,0.0,Low,Moderate
BB_0006,O_pos,platelet_concentrate,8,253.0,19.683205313885527,201.75,149.375,16.7775,5,15.814220480272407,19.683205313885527,own_history,201.75,0.21621621621621623,32.5,285.5,83.8,83.8,0.0,Low,Moderate
BB_0006,O_pos,whole_blood,4,260.0,13.490737563232035,192.0,129.25,21.4275,42,15.320728507460478,15.320728507460478,pooled_blood_group_product,192.0,0.21621621621621623,25.3,285.3,93.3,93.3,0.0,Low,High
BB_0007,AB_pos,cryoprecipitate,1,251.0,,191.0,157.0,12.57,365,16.64565006228281,16.64565006228281,pooled_blood_group_product,191.0,0.35714285714285715,27.5,278.5,87.5,87.5,0.0,Low,Low
BB_0007,AB_pos,fresh_frozen_plasma,1,255.0,,206.0,131.0,26.21,365,15.529870914464443,15.529870914464443,pooled_blood_group_product,206.0,0.35714285714285715,25.6,280.6,74.6,74.6,0.0,Low,Moderate
BB_0007,AB_pos,group_O_neg_emergency,2,257.0,2.8284271247461903,185.0,126.5,23.549999999999997,42,16.01343479009551,16.01343479009551,pooled_blood_group_product,185.0,0.35714285714285715,26.4,283.4,98.4,98.4,0.0,Low,High
BB_0007,AB_pos,platelet_concentrate,1,247.0,,214.0,156.0,16.36,5,14.27616380960629,14.27616380960629,pooled_blood_group_product,214.0,0.35714285714285715,23.6,270.6,56.6,56.6,0.0,Low,Moderate
BB_0007,A_neg,whole_blood,1,254.0,,197.0,144.0,28.43,42,16.829684030913054,16.829684030913054,pooled_blood_group_product,197.0,0.35714285714285715,27.8,281.8,84.8,84.8,0.0,Low,High
BB_0007,A_pos,cryoprecipitate,3,233.33333333333334,24.337899115029078,194.0,146.0,20.733333333333334,365,15.986014398875405,15.986014398875405,pooled_blood_group_product,194.0,0.35714285714285715,26.4,259.7,65.7,65.7,0.0,Low,Moderate
BB_0007,A_pos,fresh_frozen_plasma,2,255.5,17.67766952966369,189.0,139.5,18.155,365,15.175972252331889,15.175972252331889,pooled_blood_group_product,189.0,0.35714285714285715,25.0,280.5,91.5,91.5,0.0,Low,Moderate
BB_0007,A_pos,group_O_neg_emergency,3,260.6666666666667,24.785748593361728,196.33333333333334,146.33333333333334,23.47,42,16.934146373239873,16.934146373239873,pooled_blood_group_product,196.33333333333334,0.35714285714285715,27.9,288.6,92.3,92.3,0.0,Low,High
BB_0007,A_pos,packed_RBC,3,246.0,13.0,207.0,149.33333333333334,16.953333333333333,42,15.974157533973031,15.974157533973031,pooled_blood_group_product,207.0,0.35714285714285715,26.4,272.4,65.4,65.4,0.0,Low,Moderate
BB_0007,A_pos,platelet_concentrate,3,263.6666666666667,12.01388086062674,187.33333333333334,129.33333333333334,17.673333333333332,5,15.570295650182972,15.570295650182972,pooled_blood_group_product,187.33333333333334,0.35714285714285715,25.7,289.4,102.1,102.1,0.0,Low,Moderate
BB_0007,B_neg,packed_RBC,2,243.0,25.45584412271571,199.5,156.0,13.55,42,17.510386528104863,17.510386528104863,pooled_blood_group_product,199.5,0.35714285714285715,28.9,271.9,72.4,72.4,0.0,Low,Low
BB_0007,B_neg,platelet_concentrate,1,282.0,,217.0,143.0,11.98,5,15.063664178898293,15.063664178898293,pooled_blood_group_product,217.0,0.35714285714285715,24.9,306.9,89.9,89.9,0.0,Low,Low
BB_0007,B_pos,cryoprecipitate,4,266.5,15.242484486898242,201.0,159.0,15.3875,365,15.142364873820988,15.142364873820988,pooled_blood_group_product,201.0,0.35714285714285715,25.0,291.5,90.5,90.5,0.0,Low,Moderate
BB_0007,B_pos,fresh_frozen_plasma,3,252.0,19.313207915827967,196.66666666666666,146.0,15.406666666666666,365,15.753623140581702,15.753623140581702,pooled_blood_group_product,196.66666666666666,0.35714285714285715,26.0,278.0,81.3,81.3,0.0,Low,Moderate
BB_0007,B_pos,group_O_neg_emergency,1,227.0,,183.0,97.0,19.13,42,15.327786820822924,15.327786820822924,pooled_blood_group_product,183.0,0.35714285714285715,25.3,252.3,69.3,69.3,0.0,Low,High
BB_0007,B_pos,packed_RBC,5,258.2,19.791412279066897,206.0,154.6,16.939999999999998,42,15.425681398117081,19.791412279066897,own_history,206.0,0.35714285714285715,32.7,290.9,84.9,84.9,0.0,Low,Moderate
BB_0007,B_pos,platelet_concentrate,4,249.25,14.591664287073858,193.75,148.75,19.9,5,15.918915219368015,15.918915219368015,pooled_blood_group_product,193.75,0.35714285714285715,26.3,275.6,81.9,81.9,0.0,Low,High
BB_0007,B_pos,whole_blood,3,264.0,8.18535277187245,208.33333333333334,167.33333333333334,14.18,42,15.616055501636811,15.616055501636811,pooled_blood_group_product,208.33333333333334,0.35714285714285715,25.8,289.8,81.5,81.5,0.0,Low,Moderate
BB_0007,O_neg,fresh_frozen_plasma,1,279.0,,224.0,156.0,13.84,365,14.714175377770642,14.714175377770642,pooled_blood_group_product,224.0,0.35714285714285715,24.3,303.3,79.3,79.3,0.0,Low,Low
BB_0007,O_pos,cryoprecipitate,10,245.9,22.208356785478546,199.1,135.6,16.419,365,15.956259435791292,22.208356785478546,own_history,199.1,0.35714285714285715,36.6,282.5,83.4,83.4,0.0,Low,Moderate
BB_0007,O_pos,fresh_frozen_plasma,5,269.4,10.573551910309043,196.6,146.2,19.6,365,16.129072159319048,10.573551910309043,own_history,196.6,0.35714285714285715,17.4,286.8,90.2,90.2,0.0,Low,Moderate
BB_0007,O_pos,group_O_neg_emergency,12,244.25,16.48208393708426,199.83333333333334,134.5,14.929166666666667,42,15.59947653940603,16.48208393708426,own_history,199.83333333333334,0.35714285714285715,27.2,271.4,71.6,71.6,0.0,Low,Moderate
BB_0007,O_pos,packed_RBC,11,252.8181818181818,16.678238407087132,198.1818181818182,142.36363636363637,16.33,42,16.220879283084294,16.678238407087132,own_history,198.1818181818182,0.35714285714285715,27.5,280.3,82.1,82.1,0.0,Low,Moderate
BB_0007,O_pos,platelet_concentrate,10,241.2,15.56206213127869,197.9,132.9,16.044999999999998,5,15.814220480272407,15.56206213127869,own_history,197.9,0.35714285714285715,25.7,266.9,69.0,69.0,0.0,Low,Moderate
BB_0007,O_pos,whole_blood,6,250.0,6.260990336999409,202.0,149.16666666666666,10.785000000000002,42,15.320728507460478,6.260990336999409,own_history,202.0,0.35714285714285715,10.3,260.3,58.3,58.3,0.0,Low,Low
BB_0008,AB_neg,group_O_neg_emergency,1,280.0,,220.0,123.0,22.27,42,14.768157012249755,14.768157012249755,pooled_blood_group_product,220.0,0.28,24.4,304.4,84.4,84.4,0.0,Low,High
BB_0008,AB_neg,packed_RBC,1,269.0,,195.0,123.0,10.26,42,13.932332543759145,13.932332543759145,pooled_blood_group_product,195.0,0.28,23.0,292.0,97.0,97.0,0.0,Low,Low
BB_0008,AB_pos,packed_RBC,1,259.0,,204.0,146.0,26.47,42,17.421402900877148,17.421402900877148,pooled_blood_group_product,204.0,0.28,28.7,287.7,83.7,83.7,0.0,Low,High
BB_0008,AB_pos,platelet_concentrate,1,280.0,,180.0,110.0,16.11,5,14.27616380960629,14.27616380960629,pooled_blood_group_product,180.0,0.28,23.6,303.6,123.6,123.6,0.0,Low,Moderate
BB_0008,A_neg,whole_blood,1,274.0,,182.0,125.0,20.88,42,16.829684030913054,16.829684030913054,pooled_blood_group_product,182.0,0.28,27.8,301.8,119.8,119.8,0.0,Low,High
BB_0008,A_pos,cryoprecipitate,2,224.5,30.405591591021544,205.5,151.5,11.425,365,15.986014398875405,15.986014398875405,pooled_blood_group_product,205.5,0.28,26.4,250.9,45.4,45.4,0.0,Low,Low
BB_0008,A_pos,fresh_frozen_plasma,2,265.5,21.920310216782973,198.5,140.0,13.86,365,15.175972252331889,15.175972252331889,pooled_blood_group_product,198.5,0.28,25.0,290.5,92.0,92.0,0.0,Low,Low
BB_0008,A_pos,packed_RBC,1,224.0,,199.0,114.0,17.59,42,15.974157533973031,15.974157533973031,pooled_blood_group_product,199.0,0.28,26.4,250.4,51.4,51.4,0.0,Low,Moderate
BB_0008,A_pos,platelet_concentrate,3,243.66666666666666,17.03917055884275,203.33333333333334,144.33333333333334,20.21,5,15.570295650182972,15.570295650182972,pooled_blood_group_product,203.33333333333334,0.28,25.7,269.4,66.1,66.1,0.0,Low,High
BB_0008,A_pos,whole_blood,7,249.71428571428572,4.715728494951256,199.0,148.28571428571428,13.278571428571428,42,16.26859652330014,4.715728494951256,own_history,199.0,0.28,7.8,257.5,58.5,58.5,0.0,Low,Low
BB_0008,B_neg,platelet_concentrate,1,240.0,,210.0,157.0,31.43,5,15.063664178898293,15.063664178898293,pooled_blood_group_product,210.0,0.28,24.9,264.9,54.9,54.9,0.0,Low,High
BB_0008,B_pos,cryoprecipitate,2,238.5,10.606601717798213,197.0,128.5,14.47,365,15.142364873820988,15.142364873820988,pooled_blood_group_product,197.0,0.28,25.0,263.5,66.5,66.5,0.0,Low,Moderate
BB_0008,B_pos,fresh_frozen_plasma,3,272.6666666666667,10.969655114602892,197.33333333333334,137.33333333333334,17.77,365,15.753623140581702,15.753623140581702,pooled_blood_group_product,197.33333333333334,0.28,26.0,298.7,101.4,101.4,0.0,Low,Moderate
BB_0008,B_pos,group_O_neg_emergency,1,232.0,,194.0,149.0,11.34,42,15.327786820822924,15.327786820822924,pooled_blood_group_product,194.0,0.28,25.3,257.3,63.3,63.3,0.0,Low,Low
BB_0008,B_pos,packed_RBC,2,257.0,11.313708498984761,198.0,141.5,18.669999999999998,42,15.425681398117081,15.425681398117081,pooled_blood_group_product,198.0,0.28,25.5,282.5,84.5,84.5,0.0,Low,Moderate
BB_0008,B_pos,platelet_concentrate,1,267.0,,205.0,162.0,24.88,5,15.918915219368015,15.918915219368015,pooled_blood_group_product,205.0,0.28,26.3,293.3,88.3,88.3,0.0,Low,High
BB_0008,B_pos,whole_blood,2,258.0,2.8284271247461903,192.0,153.5,11.25,42,15.616055501636811,15.616055501636811,pooled_blood_group_product,192.0,0.28,25.8,283.8,91.8,91.8,0.0,Low,Low
BB_0008,O_neg,group_O_neg_emergency,1,245.0,,179.0,162.0,25.14,42,15.737583585569908,15.737583585569908,pooled_blood_group_product,179.0,0.28,26.0,271.0,92.0,92.0,0.0,Low,High
BB_0008,O_neg,platelet_concentrate,2,250.5,6.363961030678928,215.0,136.0,15.715,5,16.930706830055033,16.930706830055033,pooled_blood_group_product,215.0,0.28,27.9,278.4,63.4,63.4,0.0,Low,Moderate
BB_0008,O_neg,whole_blood,1,232.0,,209.0,151.0,23.92,42,15.177301566829424,15.177301566829424,pooled_blood_group_product,209.0,0.28,25.0,257.0,48.0,48.0,0.0,Low,High
BB_0008,O_pos,cryoprecipitate,4,259.5,14.54876856186347,193.25,148.0,25.877499999999998,365,15.956259435791292,15.956259435791292,pooled_blood_group_product,193.25,0.28,26.3,285.8,92.6,92.6,0.0,Low,Moderate
BB_0008,O_pos,fresh_frozen_plasma,6,257.0,9.528903399657276,199.0,144.33333333333334,17.815,365,16.129072159319048,9.528903399657276,own_history,199.0,0.28,15.7,272.7,73.7,73.7,0.0,Low,Moderate
BB_0008,O_pos,group_O_neg_emergency,10,252.0,13.490737563232036,197.9,138.3,18.265,42,15.59947653940603,13.490737563232036,own_history,197.9,0.28,22.3,274.3,76.4,76.4,0.0,Low,Moderate
BB_0008,O_pos,packed_RBC,6,247.16666666666666,11.16094380716374,202.5,138.0,13.705,42,16.220879283084294,11.16094380716374,own_history,202.5,0.28,18.4,265.6,63.1,63.1,0.0,Low,Low
BB_0008,O_pos,platelet_concentrate,7,246.14285714285714,18.040958690607066,199.42857142857142,147.0,14.54857142857143,5,15.814220480272407,18.040958690607066,own_history,199.42857142857142,0.28,29.8,275.9,76.5,76.5,0.0,Low,Moderate
BB_0008,O_pos,whole_blood,6,244.5,10.672394295564608,193.16666666666666,150.33333333333334,19.206666666666667,42,15.320728507460478,10.672394295564608,own_history,193.16666666666666,0.28,17.6,262.1,68.9,68.9,0.0,Low,High
BB_0009,AB_neg,whole_blood,1,288.0,,192.0,120.0,14.06,42,17.64053303608203,17.64053303608203,pooled_blood_group_product,192.0,0.2698412698412698,29.1,317.1,125.1,125.1,0.0,Low,Moderate
BB_0009,AB_pos,cryoprecipitate,1,243.0,,204.0,129.0,18.63,365,16.64565006228281,16.64565006228281,pooled_blood_group_product,204.0,0.2698412698412698,27.5,270.5,66.5,66.5,0.0,Low,Moderate
BB_0009,AB_pos,packed_RBC,1,262.0,,196.0,113.0,7.65,42,17.421402900877148,17.421402900877148,pooled_blood_group_product,196.0,0.2698412698412698,28.7,290.7,94.7,94.7,0.0,Low,Low
BB_0009,AB_pos,platelet_concentrate,1,250.0,,186.0,129.0,19.89,5,14.27616380960629,14.27616380960629,pooled_blood_group_product,186.0,0.2698412698412698,23.6,273.6,87.6,87.6,0.0,Low,High
BB_0009,A_neg,group_O_neg_emergency,1,259.0,,187.0,179.0,20.86,42,15.275919791953486,15.275919791953486,pooled_blood_group_product,187.0,0.2698412698412698,25.2,284.2,97.2,97.2,0.0,Low,High
BB_0009,A_neg,platelet_concentrate,1,254.0,,202.0,135.0,20.3,5,15.26163614252437,15.26163614252437,pooled_blood_group_product,202.0,0.2698412698412698,25.2,279.2,77.2,77.2,0.0,Low,High
BB_0009,A_pos,cryoprecipitate,6,253.66666666666666,12.580408048496146,208.5,134.16666666666666,16.584999999999997,365,15.986014398875405,12.580408048496146,own_history,208.5,0.2698412698412698,20.8,274.5,66.0,66.0,0.0,Low,Moderate
BB_0009,A_pos,fresh_frozen_plasma,2,243.5,3.5355339059327378,200.0,140.5,9.82,365,15.175972252331889,15.175972252331889,pooled_blood_group_product,200.0,0.2698412698412698,25.0,268.5,68.5,68.5,0.0,Low,Low
BB_0009,A_pos,group_O_neg_emergency,2,244.5,43.1335136523794,202.0,150.0,18.32,42,16.934146373239873,16.934146373239873,pooled_blood_group_product,202.0,0.2698412698412698,27.9,272.4,70.4,70.4,0.0,Low,Moderate
BB_0009,A_pos,packed_RBC,2,282.0,52.32590180780452,209.0,149.5,17.25,42,15.974157533973031,15.974157533973031,pooled_blood_group_product,209.0,0.2698412698412698,26.4,308.4,99.4,99.4,0.0,Low,Moderate
BB_0009,A_pos,platelet_concentrate,2,243.5,7.7781745930520225,183.5,138.5,21.18,5,15.570295650182972,15.570295650182972,pooled_blood_group_product,183.5,0.2698412698412698,25.7,269.2,85.7,85.7,0.0,Low,High
BB_0009,A_pos,whole_blood,1,267.0,,200.0,132.0,8.5,42,16.26859652330014,16.26859652330014,pooled_blood_group_product,200.0,0.2698412698412698,26.8,293.8,93.8,93.8,0.0,Low,Low
BB_0009,B_neg,group_O_neg_emergency,1,274.0,,211.0,161.0,10.43,42,16.421857975114715,16.421857975114715,pooled_blood_group_product,211.0,0.2698412698412698,27.1,301.1,90.1,90.1,0.0,Low,Low
BB_0009,B_neg,whole_blood,1,259.0,,196.0,170.0,20.41,42,14.346963359011946,14.346963359011946,pooled_blood_group_product,196.0,0.2698412698412698,23.7,282.7,86.7,86.7,0.0,Low,High
BB_0009,B_pos,cryoprecipitate,2,248.5,24.748737341529164,203.0,127.0,15.275,365,15.142364873820988,15.142364873820988,pooled_blood_group_product,203.0,0.2698412698412698,25.0,273.5,70.5,70.5,0.0,Low,Moderate
BB_0009,B_pos,fresh_frozen_plasma,3,252.33333333333334,6.658328118479395,181.33333333333334,133.0,10.433333333333334,365,15.753623140581702,15.753623140581702,pooled_blood_group_product,181.33333333333334,0.2698412698412698,26.0,278.3,97.0,97.0,0.0,Low,Low
BB_0009,B_pos,group_O_neg_emergency,3,239.33333333333334,15.947831618540915,192.33333333333334,129.66666666666666,17.27,42,15.327786820822924,15.327786820822924,pooled_blood_group_product,192.33333333333334,0.2698412698412698,25.3,264.6,72.3,72.3,0.0,Low,Moderate
BB_0009,B_pos,packed_RBC,1,255.0,,189.0,112.0,10.58,42,15.425681398117081,15.425681398117081,pooled_blood_group_product,189.0,0.2698412698412698,25.5,280.5,91.5,91.5,0.0,Low,Low
BB_0009,B_pos,platelet_concentrate,2,246.5,2.1213203435596424,206.0,140.5,12.29,5,15.918915219368015,15.918915219368015,pooled_blood_group_product,206.0,0.2698412698412698,26.3,272.8,66.8,66.8,0.0,Low,Low
BB_0009,B_pos,whole_blood,1,251.0,,198.0,146.0,15.15,42,15.616055501636811,15.616055501636811,pooled_blood_group_product,198.0,0.2698412698412698,25.8,276.8,78.8,78.8,0.0,Low,Moderate
BB_0009,O_neg,cryoprecipitate,1,268.0,,188.0,167.0,18.62,365,16.832005704612282,16.832005704612282,pooled_blood_group_product,188.0,0.2698412698412698,27.8,295.8,107.8,107.8,0.0,Low,Moderate
BB_0009,O_neg,fresh_frozen_plasma,1,228.0,,199.0,175.0,29.65,365,14.714175377770642,14.714175377770642,pooled_blood_group_product,199.0,0.2698412698412698,24.3,252.3,53.3,53.3,0.0,Low,Moderate
BB_0009,O_neg,group_O_neg_emergency,1,244.0,,183.0,121.0,21.31,42,15.737583585569908,15.737583585569908,pooled_blood_group_product,183.0,0.2698412698412698,26.0,270.0,87.0,87.0,0.0,Low,High
BB_0009,O_neg,packed_RBC,1,258.0,,205.0,170.0,11.22,42,16.675768019539497,16.675768019539497,pooled_blood_group_product,205.0,0.2698412698412698,27.5,285.5,80.5,80.5,0.0,Low,Low
BB_0009,O_pos,cryoprecipitate,3,251.33333333333334,4.041451884327376,201.33333333333334,151.0,11.583333333333334,365,15.956259435791292,15.956259435791292,pooled_blood_group_product,201.33333333333334,0.2698412698412698,26.3,277.6,76.3,76.3,0.0,Low,Low
BB_0009,O_pos,fresh_frozen_plasma,3,261.0,17.578395831246947,196.0,147.0,15.61,365,16.129072159319048,16.129072159319048,pooled_blood_group_product,196.0,0.2698412698412698,26.6,287.6,91.6,91.6,0.0,Low,Moderate
BB_0009,O_pos,group_O_neg_emergency,3,259.0,9.0,206.0,163.33333333333334,12.256666666666666,42,15.59947653940603,15.59947653940603,pooled_blood_group_product,206.0,0.2698412698412698,25.7,284.7,78.7,78.7,0.0,Low,Low
BB_0009,O_pos,packed_RBC,5,250.4,22.09751117207546,197.8,152.2,14.168000000000001,42,16.220879283084294,22.09751117207546,own_history,197.8,0.2698412698412698,36.5,286.9,89.1,89.1,0.0,Low,Moderate
BB_0009,O_pos,platelet_concentrate,2,223.5,12.020815280171307,194.0,129.0,17.580000000000002,5,15.814220480272407,15.814220480272407,pooled_blood_group_product,194.0,0.2698412698412698,26.1,249.6,55.6,55.6,0.0,Low,Moderate
BB_0009,O_pos,whole_blood,8,245.625,11.879604370516724,208.5,157.5,16.28625,42,15.320728507460478,11.879604370516724,own_history,208.5,0.2698412698412698,19.6,265.2,56.7,56.7,0.0,Low,Moderate
BB_0010,AB_pos,platelet_concentrate,1,253.0,,215.0,169.0,10.23,5,14.27616380960629,14.27616380960629,pooled_blood_group_product,215.0,0.25,23.6,276.6,61.6,61.6,0.0,Low,Low
BB_0010,A_pos,fresh_frozen_plasma,2,234.5,7.7781745930520225,202.5,158.0,8.91,365,15.175972252331889,15.175972252331889,pooled_blood_group_product,202.5,0.25,25.0,259.5,57.0,57.0,0.0,Low,Low
BB_0010,A_pos,group_O_neg_emergency,6,246.16666666666666,13.86241922128553,197.5,144.83333333333334,14.979999999999999,42,16.934146373239873,13.86241922128553,own_history,197.5,0.25,22.9,269.1,71.6,71.6,0.0,Low,Moderate
BB_0010,A_pos,packed_RBC,2,240.5,0.7071067811865476,208.0,136.5,18.45,42,15.974157533973031,15.974157533973031,pooled_blood_group_product,208.0,0.25,26.4,266.9,58.9,58.9,0.0,Low,Moderate
BB_0010,A_pos,platelet_concentrate,5,246.2,11.099549540409285,200.0,121.8,19.080000000000002,5,15.570295650182972,11.099549540409285,own_history,200.0,0.25,18.3,264.5,64.5,64.5,0.0,Low,High
BB_0010,A_pos,whole_blood,3,245.66666666666666,21.197484127446195,203.0,134.33333333333334,18.616666666666667,42,16.26859652330014,16.26859652330014,pooled_blood_group_product,203.0,0.25,26.8,272.5,69.5,69.5,0.0,Low,Moderate
BB_0010,B_neg,packed_RBC,1,225.0,,187.0,125.0,22.46,42,17.510386528104863,17.510386528104863,pooled_blood_group_product,187.0,0.25,28.9,253.9,66.9,66.9,0.0,Low,High
BB_0010,B_neg,whole_blood,1,234.0,,225.0,144.0,15.11,42,14.346963359011946,14.346963359011946,pooled_blood_group_product,225.0,0.25,23.7,257.7,32.7,32.7,0.0,Low,Moderate
BB_0010,B_pos,cryoprecipitate,1,245.0,,203.0,139.0,18.23,365,15.142364873820988,15.142364873820988,pooled_blood_group_product,203.0,0.25,25.0,270.0,67.0,67.0,0.0,Low,Moderate
BB_0010,B_pos,fresh_frozen_plasma,7,242.14285714285714,7.4258236676383005,207.14285714285714,142.57142857142858,13.901428571428571,365,15.753623140581702,7.4258236676383005,own_history,207.14285714285714,0.25,12.3,254.4,47.3,47.3,0.0,Low,Low
BB_0010,B_pos,group_O_neg_emergency,3,255.66666666666666,13.650396819628849,185.66666666666666,122.0,17.246666666666666,42,15.327786820822924,15.327786820822924,pooled_blood_group_product,185.66666666666666,0.25,25.3,281.0,95.3,95.3,0.0,Low,Moderate
BB_0010,B_pos,packed_RBC,3,254.66666666666666,21.733231083604053,201.66666666666666,156.66666666666666,20.223333333333333,42,15.425681398117081,15.425681398117081,pooled_blood_group_product,201.66666666666666,0.25,25.5,280.2,78.5,78.5,0.0,Low,High
BB_0010,B_pos,platelet_concentrate,1,230.0,,195.0,165.0,12.31,5,15.918915219368015,15.918915219368015,pooled_blood_group_product,195.0,0.25,26.3,256.3,61.3,61.3,0.0,Low,Low
BB_0010,O_neg,packed_RBC,1,252.0,,181.0,143.0,19.34,42,16.675768019539497,16.675768019539497,pooled_blood_group_product,181.0,0.25,27.5,279.5,98.5,98.5,0.0,Low,High
BB_0010,O_neg,platelet_concentrate,1,285.0,,206.0,166.0,16.5,5,16.930706830055033,16.930706830055033,pooled_blood_group_product,206.0,0.25,27.9,312.9,106.9,106.9,0.0,Low,Moderate
BB_0010,O_pos,cryoprecipitate,1,236.0,,189.0,118.0,12.7,365,15.956259435791292,15.956259435791292,pooled_blood_group_product,189.0,0.25,26.3,262.3,73.3,73.3,0.0,Low,Low
BB_0010,O_pos,fresh_frozen_plasma,3,245.0,13.114877048604,197.0,166.33333333333334,18.546666666666667,365,16.129072159319048,16.129072159319048,pooled_blood_group_product,197.0,0.25,26.6,271.6,74.6,74.6,0.0,Low,Moderate
BB_0010,O_pos,group_O_neg_emergency,7,248.71428571428572,7.4992063072098,197.42857142857142,139.85714285714286,14.502857142857144,42,15.59947653940603,7.4992063072098,own_history,197.42857142857142,0.25,12.4,261.1,63.7,63.7,0.0,Low,Moderate
BB_0010,O_pos,packed_RBC,4,237.5,9.469248474227864,196.75,146.25,13.7525,42,16.220879283084294,16.220879283084294,pooled_blood_group_product,196.75,0.25,26.8,264.3,67.6,67.6,0.0,Low,Low
BB_0010,O_pos,platelet_concentrate,7,246.14285714285714,8.914941978285139,190.57142857142858,140.14285714285714,17.955714285714286,5,15.814220480272407,8.914941978285139,own_history,190.57142857142858,0.25,14.7,260.8,70.2,70.2,0.0,Low,Moderate
BB_0010,O_pos,whole_blood,8,249.375,17.435083677950697,207.0,134.125,17.3275,42,15.320728507460478,17.435083677950697,own_history,207.0,0.25,28.8,278.2,71.2,71.2,0.0,Low,Moderate
BB_0011,AB_neg,cryoprecipitate,1,278.0,,219.0,145.0,9.13,365,13.13504517558679,13.13504517558679,pooled_blood_group_product,219.0,0.2,21.7,299.7,80.7,80.7,0.0,Low,Low
BB_0011,AB_pos,cryoprecipitate,1,267.0,,190.0,114.0,15.79,365,16.64565006228281,16.64565006228281,pooled_blood_group_product,190.0,0.2,27.5,294.5,104.5,104.5,0.0,Low,Moderate
BB_0011,AB_pos,platelet_concentrate,1,252.0,,211.0,143.0,15.17,5,14.27616380960629,14.27616380960629,pooled_blood_group_product,211.0,0.2,23.6,275.6,64.6,64.6,0.0,Low,Moderate
BB_0011,A_neg,packed_RBC,1,229.0,,234.0,117.0,19.66,42,14.982321915176227,14.982321915176227,pooled_blood_group_product,234.0,0.2,24.7,253.7,19.7,19.7,0.0,Low,High
BB_0011,A_pos,cryoprecipitate,4,263.75,11.92686044187657,189.0,140.25,14.97,365,15.986014398875405,15.986014398875405,pooled_blood_group_product,189.0,0.2,26.4,290.2,101.2,101.2,0.0,Low,Moderate
BB_0011,A_pos,fresh_frozen_plasma,2,257.0,26.870057685088806,205.0,141.5,10.3,365,15.175972252331889,15.175972252331889,pooled_blood_group_product,205.0,0.2,25.0,282.0,77.0,77.0,0.0,Low,Low
BB_0011,A_pos,group_O_neg_emergency,1,293.0,,206.0,152.0,16.02,42,16.934146373239873,16.934146373239873,pooled_blood_group_product,206.0,0.2,27.9,320.9,114.9,114.9,0.0,Low,Moderate
BB_0011,A_pos,packed_RBC,3,256.0,19.078784028338912,218.0,131.66666666666666,14.266666666666666,42,15.974157533973031,15.974157533973031,pooled_blood_group_product,218.0,0.2,26.4,282.4,64.4,64.4,0.0,Low,Moderate
BB_0011,A_pos,platelet_concentrate,2,255.0,12.727922061357855,204.5,157.0,13.865,5,15.570295650182972,15.570295650182972,pooled_blood_group_product,204.5,0.2,25.7,280.7,76.2,76.2,0.0,Low,Low
BB_0011,A_pos,whole_blood,3,252.0,17.69180601295413,189.33333333333334,147.66666666666666,14.540000000000001,42,16.26859652330014,16.26859652330014,pooled_blood_group_product,189.33333333333334,0.2,26.8,278.8,89.5,89.5,0.0,Low,Moderate
BB_0011,B_neg,group_O_neg_emergency,2,255.0,4.242640687119285,207.0,169.0,17.990000000000002,42,16.421857975114715,16.421857975114715,pooled_blood_group_product,207.0,0.2,27.1,282.1,75.1,75.1,0.0,Low,Moderate
BB_0011,B_pos,cryoprecipitate,3,242.0,21.656407827707714,207.33333333333334,146.33333333333334,13.483333333333334,365,15.142364873820988,15.142364873820988,pooled_blood_group_product,207.33333333333334,0.2,25.0,267.0,59.7,59.7,0.0,Low,Low
BB_0011,B_pos,fresh_frozen_plasma,4,264.25,9.429563439877093,201.5,161.25,16.6425,365,15.753623140581702,15.753623140581702,pooled_blood_group_product,201.5,0.2,26.0,290.2,88.7,88.7,0.0,Low,Moderate
BB_0011,B_pos,group_O_neg_emergency,3,249.0,15.588457268119896,203.33333333333334,139.0,16.150000000000002,42,15.327786820822924,15.327786820822924,pooled_blood_group_product,203.33333333333334,0.2,25.3,274.3,71.0,71.0,0.0,Low,Moderate
BB_0011,B_pos,packed_RBC,4,257.75,16.99754884289693,190.5,139.25,14.532499999999999,42,15.425681398117081,15.425681398117081,pooled_blood_group_product,190.5,0.2,25.5,283.2,92.7,92.7,0.0,Low,Moderate
BB_0011,B_pos,platelet_concentrate,1,237.0,,212.0,159.0,10.85,5,15.918915219368015,15.918915219368015,pooled_blood_group_product,212.0,0.2,26.3,263.3,51.3,51.3,0.0,Low,Low
BB_0011,O_neg,cryoprecipitate,1,233.0,,190.0,125.0,19.47,365,16.832005704612282,16.832005704612282,pooled_blood_group_product,190.0,0.2,27.8,260.8,70.8,70.8,0.0,Low,Moderate
BB_0011,O_neg,fresh_frozen_plasma,1,268.0,,214.0,133.0,20.09,365,14.714175377770642,14.714175377770642,pooled_blood_group_product,214.0,0.2,24.3,292.3,78.3,78.3,0.0,Low,Moderate
BB_0011,O_neg,group_O_neg_emergency,1,270.0,,181.0,148.0,18.78,42,15.737583585569908,15.737583585569908,pooled_blood_group_product,181.0,0.2,26.0,296.0,115.0,115.0,0.0,Low,Moderate
BB_0011,O_pos,cryoprecipitate,4,262.25,24.851223980587626,187.5,138.25,14.455,365,15.956259435791292,15.956259435791292,pooled_blood_group_product,187.5,0.2,26.3,288.6,101.1,101.1,0.0,Low,Moderate
BB_0011,O_pos,fresh_frozen_plasma,4,242.75,22.20172665957913,213.75,153.25,18.32,365,16.129072159319048,16.129072159319048,pooled_blood_group_product,213.75,0.2,26.6,269.4,55.6,55.6,0.0,Low,Moderate
BB_0011,O_pos,group_O_neg_emergency,2,242.0,21.213203435596427,202.5,140.0,16.435,42,15.59947653940603,15.59947653940603,pooled_blood_group_product,202.5,0.2,25.7,267.7,65.2,65.2,0.0,Low,Moderate
BB_0011,O_pos,packed_RBC,3,258.6666666666667,12.741009902410937,200.33333333333334,143.0,15.693333333333333,42,16.220879283084294,16.220879283084294,pooled_blood_group_product,200.33333333333334,0.2,26.8,285.5,85.2,85.2,0.0,Low,Moderate
BB_0011,O_pos,platelet_concentrate,6,256.5,14.61163919620246,196.66666666666666,130.16666666666666,19.123333333333335,5,15.814220480272407,14.61163919620246,own_history,196.66666666666666,0.2,24.1,280.6,83.9,83.9,0.0,Low,High
BB_0011,O_pos,whole_blood,2,229.0,18.384776310850235,199.0,147.0,13.705000000000002,42,15.320728507460478,15.320728507460478,pooled_blood_group_product,199.0,0.2,25.3,254.3,55.3,55.3,0.0,Low,Low
BB_0012,AB_neg,fresh_frozen_plasma,1,251.0,,195.0,140.0,24.1,365,18.018509002319437,18.018509002319437,pooled_blood_group_product,195.0,0.22535211267605634,29.7,280.7,85.7,85.7,0.0,Low,Moderate
BB_0012,AB_neg,packed_RBC,1,237.0,,242.0,153.0,16.53,42,13.932332543759145,13.932332543759145,pooled_blood_group_product,242.0,0.22535211267605634,23.0,260.0,18.0,18.0,0.0,Low,Moderate
BB_0012,AB_pos,fresh_frozen_plasma,2,233.5,7.7781745930520225,199.0,95.0,15.365,365,15.529870914464443,15.529870914464443,pooled_blood_group_product,199.0,0.22535211267605634,25.6,259.1,60.1,60.1,0.0,Low,Moderate
BB_0012,AB_pos,group_O_neg_emergency,1,239.0,,197.0,150.0,19.29,42,16.01343479009551,16.01343479009551,pooled_blood_group_product,197.0,0.22535211267605634,26.4,265.4,68.4,68.4,0.0,Low,High
BB_0012,A_neg,fresh_frozen_plasma,1,255.0,,202.0,138.0,26.24,365,15.630530767171415,15.630530767171415,pooled_blood_group_product,202.0,0.22535211267605634,25.8,280.8,78.8,78.8,0.0,Low,Moderate
BB_0012,A_pos,cryoprecipitate,2,238.0,38.18376618407357,204.0,166.5,12.145,365,15.986014398875405,15.986014398875405,pooled_blood_group_product,204.0,0.22535211267605634,26.4,264.4,60.4,60.4,0.0,Low,Low
BB_0012,A_pos,fresh_frozen_plasma,1,291.0,,178.0,139.0,22.47,365,15.175972252331889,15.175972252331889,pooled_blood_group_product,178.0,0.22535211267605634,25.0,316.0,138.0,138.0,0.0,Low,Moderate
BB_0012,A_pos,packed_RBC,1,245.0,,196.0,135.0,24.49,42,15.974157533973031,15.974157533973031,pooled_blood_group_product,196.0,0.22535211267605634,26.4,271.4,75.4,75.4,0.0,Low,High
BB_0012,A_pos,platelet_concentrate,4,248.25,20.77458383056886,207.75,140.0,12.385,5,15.570295650182972,15.570295650182972,pooled_blood_group_product,207.75,0.22535211267605634,25.7,274.0,66.2,66.2,0.0,Low,Low
BB_0012,A_pos,whole_blood,2,259.5,10.606601717798213,202.0,146.0,22.155,42,16.26859652330014,16.26859652330014,pooled_blood_group_product,202.0,0.22535211267605634,26.8,286.3,84.3,84.3,0.0,Low,High
BB_0012,B_neg,cryoprecipitate,1,230.0,,212.0,146.0,25.94,365,14.855008056807502,14.855008056807502,pooled_blood_group_product,212.0,0.22535211267605634,24.5,254.5,42.5,42.5,0.0,Low,Moderate
BB_0012,B_pos,cryoprecipitate,1,254.0,,198.0,161.0,12.12,365,15.142364873820988,15.142364873820988,pooled_blood_group_product,198.0,0.22535211267605634,25.0,279.0,81.0,81.0,0.0,Low,Low
BB_0012,B_pos,fresh_frozen_plasma,2,258.0,2.8284271247461903,202.5,131.5,16.810000000000002,365,15.753623140581702,15.753623140581702,pooled_blood_group_product,202.5,0.22535211267605634,26.0,284.0,81.5,81.5,0.0,Low,Moderate
BB_0012,B_pos,group_O_neg_emergency,2,256.0,8.48528137423857,201.5,143.5,12.82,42,15.327786820822924,15.327786820822924,pooled_blood_group_product,201.5,0.22535211267605634,25.3,281.3,79.8,79.8,0.0,Low,Low
BB_0012,B_pos,packed_RBC,2,222.0,24.041630560342615,225.0,127.0,13.010000000000002,42,15.425681398117081,15.425681398117081,pooled_blood_group_product,225.0,0.22535211267605634,25.5,247.5,22.5,22.5,0.0,Low,Low
BB_0012,B_pos,platelet_concentrate,3,269.0,26.28687885618983,206.66666666666666,147.0,14.35,5,15.918915219368015,15.918915219368015,pooled_blood_group_product,206.66666666666666,0.22535211267605634,26.3,295.3,88.6,88.6,0.0,Low,Moderate
BB_0012,B_pos,whole_blood,2,248.0,7.0710678118654755,217.5,155.0,13.1,42,15.616055501636811,15.616055501636811,pooled_blood_group_product,217.5,0.22535211267605634,25.8,273.8,56.3,56.3,0.0,Low,Low
BB_0012,O_neg,whole_blood,1,265.0,,219.0,122.0,22.83,42,15.177301566829424,15.177301566829424,pooled_blood_group_product,219.0,0.22535211267605634,25.0,290.0,71.0,71.0,0.0,Low,High
BB_0012,O_pos,cryoprecipitate,9,259.55555555555554,16.860539071387308,198.55555555555554,164.66666666666666,18.073333333333334,365,15.956259435791292,16.860539071387308,own_history,198.55555555555554,0.22535211267605634,27.8,287.4,88.8,88.8,0.0,Low,Moderate
BB_0012,O_pos,fresh_frozen_plasma,5,263.0,21.095023109728988,202.6,151.8,14.334,365,16.129072159319048,21.095023109728988,own_history,202.6,0.22535211267605634,34.8,297.8,95.2,95.2,0.0,Low,Moderate
BB_0012,O_pos,group_O_neg_emergency,4,242.25,6.184658438426487,195.25,138.0,14.835,42,15.59947653940603,15.59947653940603,pooled_blood_group_product,195.25,0.22535211267605634,25.7,268.0,72.8,72.8,0.0,Low,Moderate
BB_0012,O_pos,packed_RBC,10,259.8,18.371475474526026,192.9,137.8,16.404,42,16.220879283084294,18.371475474526026,own_history,192.9,0.22535211267605634,30.3,290.1,97.2,97.2,0.0,Low,Moderate
BB_0012,O_pos,platelet_concentrate,7,251.14285714285714,11.246163366952775,207.57142857142858,132.14285714285714,14.234285714285715,5,15.814220480272407,11.246163366952775,own_history,207.57142857142858,0.22535211267605634,18.6,269.7,62.1,62.1,0.0,Low,Moderate
BB_0012,O_pos,whole_blood,6,252.83333333333334,15.36771507631068,202.16666666666666,135.33333333333334,18.005,42,15.320728507460478,15.36771507631068,own_history,202.16666666666666,0.22535211267605634,25.4,278.2,76.0,76.0,0.0,Low,Moderate
BB_0013,AB_neg,cryoprecipitate,1,246.0,,198.0,147.0,12.12,365,13.13504517558679,13.13504517558679,pooled_blood_group_product,198.0,0.2894736842105263,21.7,267.7,69.7,69.7,0.0,Low,Low
BB_0013,AB_pos,cryoprecipitate,1,255.0,,196.0,149.0,15.82,365,16.64565006228281,16.64565006228281,pooled_blood_group_product,196.0,0.2894736842105263,27.5,282.5,86.5,86.5,0.0,Low,Moderate
BB_0013,AB_pos,fresh_frozen_plasma,2,259.5,6.363961030678928,193.0,153.5,14.5,365,15.529870914464443,15.529870914464443,pooled_blood_group_product,193.0,0.2894736842105263,25.6,285.1,92.1,92.1,0.0,Low,Moderate
BB_0013,A_neg,group_O_neg_emergency,1,229.0,,205.0,149.0,10.24,42,15.275919791953486,15.275919791953486,pooled_blood_group_product,205.0,0.2894736842105263,25.2,254.2,49.2,49.2,0.0,Low,Low
BB_0013,A_neg,platelet_concentrate,1,288.0,,185.0,117.0,10.81,5,15.26163614252437,15.26163614252437,pooled_blood_group_product,185.0,0.2894736842105263,25.2,313.2,128.2,128.2,0.0,Low,Low
BB_0013,A_neg,whole_blood,1,247.0,,185.0,124.0,14.05,42,16.829684030913054,16.829684030913054,pooled_blood_group_product,185.0,0.2894736842105263,27.8,274.8,89.8,89.8,0.0,Low,Moderate
BB_0013,A_pos,cryoprecipitate,1,279.0,,214.0,180.0,21.03,365,15.986014398875405,15.986014398875405,pooled_blood_group_product,214.0,0.2894736842105263,26.4,305.4,91.4,91.4,0.0,Low,Moderate
BB_0013,A_pos,fresh_frozen_plasma,5,254.4,16.14930339054908,205.8,154.8,16.206,365,15.175972252331889,16.14930339054908,own_history,205.8,0.2894736842105263,26.6,281.0,75.2,75.2,0.0,Low,Moderate
BB_0013,A_pos,group_O_neg_emergency,6,246.0,11.966620241321275,191.5,146.5,16.218333333333334,42,16.934146373239873,11.966620241321275,own_history,191.5,0.2894736842105263,19.7,265.7,74.2,74.2,0.0,Low,Moderate
BB_0013,A_pos,packed_RBC,3,235.66666666666666,11.930353445448853,206.66666666666666,163.66666666666666,16.07,42,15.974157533973031,15.974157533973031,pooled_blood_group_product,206.66666666666666,0.2894736842105263,26.4,262.1,55.4,55.4,0.0,Low,Moderate
BB_0013,A_pos,platelet_concentrate,4,252.75,10.404326023342408,201.0,144.25,14.1725,5,15.570295650182972,15.570295650182972,pooled_blood_group_product,201.0,0.2894736842105263,25.7,278.4,77.4,77.4,0.0,Low,Moderate
BB_0013,B_neg,packed_RBC,1,248.0,,206.0,125.0,21.36,42,17.510386528104863,17.510386528104863,pooled_blood_group_product,206.0,0.2894736842105263,28.9,276.9,70.9,70.9,0.0,Low,High
BB_0013,B_pos,cryoprecipitate,1,262.0,,218.0,168.0,17.89,365,15.142364873820988,15.142364873820988,pooled_blood_group_product,218.0,0.2894736842105263,25.0,287.0,69.0,69.0,0.0,Low,Moderate
BB_0013,B_pos,fresh_frozen_plasma,3,250.66666666666666,7.094598884597591,186.66666666666666,139.33333333333334,12.0,365,15.753623140581702,15.753623140581702,pooled_blood_group_product,186.66666666666666,0.2894736842105263,26.0,276.7,90.0,90.0,0.0,Low,Low
BB_0013,B_pos,group_O_neg_emergency,2,248.5,7.7781745930520225,206.5,152.0,21.13,42,15.327786820822924,15.327786820822924,pooled_blood_group_product,206.5,0.2894736842105263,25.3,273.8,67.3,67.3,0.0,Low,High
BB_0013,B_pos,packed_RBC,1,257.0,,199.0,176.0,8.54,42,15.425681398117081,15.425681398117081,pooled_blood_group_product,199.0,0.2894736842105263,25.5,282.5,83.5,83.5,0.0,Low,Low
BB_0013,B_pos,platelet_concentrate,1,268.0,,203.0,168.0,21.67,5,15.918915219368015,15.918915219368015,pooled_blood_group_product,203.0,0.2894736842105263,26.3,294.3,91.3,91.3,0.0,Low,High
BB_0013,B_pos,whole_blood,3,251.66666666666666,13.650396819628844,196.66666666666666,151.33333333333334,20.51,42,15.616055501636811,15.616055501636811,pooled_blood_group_product,196.66666666666666,0.2894736842105263,25.8,277.5,80.8,80.8,0.0,Low,High
BB_0013,O_neg,fresh_frozen_plasma,1,251.0,,185.0,164.0,23.24,365,14.714175377770642,14.714175377770642,pooled_blood_group_product,185.0,0.2894736842105263,24.3,275.3,90.3,90.3,0.0,Low,Moderate
BB_0013,O_neg,group_O_neg_emergency,2,258.5,0.7071067811865476,192.0,146.5,17.525,42,15.737583585569908,15.737583585569908,pooled_blood_group_product,192.0,0.2894736842105263,26.0,284.5,92.5,92.5,0.0,Low,Moderate
BB_0013,O_neg,whole_blood,1,234.0,,209.0,63.0,16.27,42,15.177301566829424,15.177301566829424,pooled_blood_group_product,209.0,0.2894736842105263,25.0,259.0,50.0,50.0,0.0,Low,Moderate
BB_0013,O_pos,cryoprecipitate,15,250.73333333333332,14.660279994727567,197.4,140.33333333333334,16.375333333333334,365,15.956259435791292,14.660279994727567,own_history,197.4,0.2894736842105263,24.2,274.9,77.5,77.5,0.0,Low,Moderate
BB_0013,O_pos,fresh_frozen_plasma,4,252.75,22.425803590209796,203.5,152.75,16.61,365,16.129072159319048,16.129072159319048,pooled_blood_group_product,203.5,0.2894736842105263,26.6,279.4,75.9,75.9,0.0,Low,Moderate
BB_0013,O_pos,group_O_neg_emergency,2,256.0,16.97056274847714,206.0,140.5,12.38,42,15.59947653940603,15.59947653940603,pooled_blood_group_product,206.0,0.2894736842105263,25.7,281.7,75.7,75.7,0.0,Low,Low
BB_0013,O_pos,packed_RBC,3,251.33333333333334,3.5118845842842465,206.33333333333334,118.66666666666667,14.079999999999998,42,16.220879283084294,16.220879283084294,pooled_blood_group_product,206.33333333333334,0.2894736842105263,26.8,278.1,71.8,71.8,0.0,Low,Moderate
BB_0013,O_pos,platelet_concentrate,1,266.0,,211.0,192.0,21.33,5,15.814220480272407,15.814220480272407,pooled_blood_group_product,211.0,0.2894736842105263,26.1,292.1,81.1,81.1,0.0,Low,High
BB_0013,O_pos,whole_blood,9,254.22222222222223,17.866013669659065,199.88888888888889,153.66666666666666,17.87777777777778,42,15.320728507460478,17.866013669659065,own_history,199.88888888888889,0.2894736842105263,29.5,283.7,83.8,83.8,0.0,Low,Moderate
BB_0014,AB_neg,whole_blood,1,268.0,,191.0,175.0,17.8,42,17.64053303608203,17.64053303608203,pooled_blood_group_product,191.0,0.2676056338028169,29.1,297.1,106.1,106.1,0.0,Low,Moderate
BB_0014,AB_pos,cryoprecipitate,1,248.0,,212.0,168.0,22.64,365,16.64565006228281,16.64565006228281,pooled_blood_group_product,212.0,0.2676056338028169,27.5,275.5,63.5,63.5,0.0,Low,Moderate
BB_0014,AB_pos,whole_blood,1,233.0,,190.0,140.0,19.47,42,13.606168437472475,13.606168437472475,pooled_blood_group_product,190.0,0.2676056338028169,22.5,255.5,65.5,65.5,0.0,Low,High
BB_0014,A_pos,cryoprecipitate,4,252.75,12.763881332363859,200.0,136.5,14.1975,365,15.986014398875405,15.986014398875405,pooled_blood_group_product,200.0,0.2676056338028169,26.4,279.2,79.2,79.2,0.0,Low,Moderate
BB_0014,A_pos,fresh_frozen_plasma,2,242.0,0.0,192.0,154.5,13.655000000000001,365,15.175972252331889,15.175972252331889,pooled_blood_group_product,192.0,0.2676056338028169,25.0,267.0,75.0,75.0,0.0,Low,Low
BB_0014,A_pos,group_O_neg_emergency,1,219.0,,208.0,146.0,3.85,42,16.934146373239873,16.934146373239873,pooled_blood_group_product,208.0,0.2676056338028169,27.9,246.9,38.9,38.9,0.0,Low,Low
BB_0014,A_pos,packed_RBC,1,286.0,,183.0,143.0,24.04,42,15.974157533973031,15.974157533973031,pooled_blood_group_product,183.0,0.2676056338028169,26.4,312.4,129.4,129.4,0.0,Low,High
BB_0014,A_pos,platelet_concentrate,3,243.66666666666666,12.897028081435407,207.66666666666666,135.33333333333334,21.986666666666665,5,15.570295650182972,15.570295650182972,pooled_blood_group_product,207.66666666666666,0.2676056338028169,25.7,269.4,61.7,61.7,0.0,Low,High
BB_0014,A_pos,whole_blood,1,257.0,,218.0,173.0,13.3,42,16.26859652330014,16.26859652330014,pooled_blood_group_product,218.0,0.2676056338028169,26.8,283.8,65.8,65.8,0.0,Low,Low
BB_0014,B_pos,cryoprecipitate,2,239.0,9.899494936611665,205.0,162.0,15.405,365,15.142364873820988,15.142364873820988,pooled_blood_group_product,205.0,0.2676056338028169,25.0,264.0,59.0,59.0,0.0,Low,Moderate
BB_0014,B_pos,fresh_frozen_plasma,1,283.0,,184.0,121.0,17.93,365,15.753623140581702,15.753623140581702,pooled_blood_group_product,184.0,0.2676056338028169,26.0,309.0,125.0,125.0,0.0,Low,Moderate
BB_0014,B_pos,group_O_neg_emergency,2,259.5,20.506096654409877,204.0,154.5,19.565,42,15.327786820822924,15.327786820822924,pooled_blood_group_product,204.0,0.2676056338028169,25.3,284.8,80.8,80.8,0.0,Low,High
BB_0014,B_pos,packed_RBC,2,260.0,2.8284271247461903,201.0,135.5,20.945,42,15.425681398117081,15.425681398117081,pooled_blood_group_product,201.0,0.2676056338028169,25.5,285.5,84.5,84.5,0.0,Low,High
BB_0014,B_pos,platelet_concentrate,4,256.75,17.89553016817328,193.25,148.25,21.0275,5,15.918915219368015,15.918915219368015,pooled_blood_group_product,193.25,0.2676056338028169,26.3,283.0,89.8,89.8,0.0,Low,High
BB_0014,B_pos,whole_blood,4,241.25,23.89386253134195,187.5,129.25,16.8025,42,15.616055501636811,15.616055501636811,pooled_blood_group_product,187.5,0.2676056338028169,25.8,267.0,79.5,79.5,0.0,Low,Moderate
BB_0014,O_neg,fresh_frozen_plasma,1,248.0,,201.0,160.0,21.89,365,14.714175377770642,14.714175377770642,pooled_blood_group_product,201.0,0.2676056338028169,24.3,272.3,71.3,71.3,0.0,Low,Moderate
BB_0014,O_neg,group_O_neg_emergency,1,269.0,,217.0,163.0,17.51,42,15.737583585569908,15.737583585569908,pooled_blood_group_product,217.0,0.2676056338028169,26.0,295.0,78.0,78.0,0.0,Low,Moderate
BB_0014,O_neg,whole_blood,1,236.0,,179.0,154.0,3.91,42,15.177301566829424,15.177301566829424,pooled_blood_group_product,179.0,0.2676056338028169,25.0,261.0,82.0,82.0,0.0,Low,Low
BB_0014,O_pos,cryoprecipitate,7,241.42857142857142,5.593363414414829,195.14285714285714,146.42857142857142,14.025714285714287,365,15.956259435791292,5.593363414414829,own_history,195.14285714285714,0.2676056338028169,9.2,250.6,55.5,55.5,0.0,Low,Moderate
BB_0014,O_pos,fresh_frozen_plasma,2,249.0,18.384776310850235,206.5,153.0,13.55,365,16.129072159319048,16.129072159319048,pooled_blood_group_product,206.5,0.2676056338028169,26.6,275.6,69.1,69.1,0.0,Low,Low
BB_0014,O_pos,group_O_neg_emergency,10,251.0,15.853495934125487,200.3,138.5,17.659,42,15.59947653940603,15.853495934125487,own_history,200.3,0.2676056338028169,26.2,277.2,76.9,76.9,0.0,Low,Moderate
BB_0014,O_pos,packed_RBC,10,246.8,11.979612310551255,201.5,144.8,16.462,42,16.220879283084294,11.979612310551255,own_history,201.5,0.2676056338028169,19.8,266.6,65.1,65.1,0.0,Low,Moderate
BB_0014,O_pos,platelet_concentrate,3,258.6666666666667,16.56301099840646,209.0,162.66666666666666,18.59,5,15.814220480272407,15.814220480272407,pooled_blood_group_product,209.0,0.2676056338028169,26.1,284.8,75.8,75.8,0.0,Low,Moderate
BB_0014,O_pos,whole_blood,6,246.66666666666666,15.214028613968974,199.83333333333334,144.16666666666666,15.771666666666667,42,15.320728507460478,15.214028613968974,own_history,199.83333333333334,0.2676056338028169,25.1,271.8,72.0,72.0,0.0,Low,Moderate
BB_0015,AB_neg,platelet_concentrate,1,248.0,,202.0,150.0,17.82,5,12.389960093200914,12.389960093200914,pooled_blood_group_product,202.0,0.24675324675324675,20.4,268.4,66.4,66.4,0.0,Low,Moderate
BB_0015,AB_pos,group_O_neg_emergency,1,278.0,,207.0,146.0,11.11,42,16.01343479009551,16.01343479009551,pooled_blood_group_product,207.0,0.24675324675324675,26.4,304.4,97.4,97.4,0.0,Low,Low
BB_0015,AB_pos,platelet_concentrate,2,267.5,20.506096654409877,196.0,171.0,15.015,5,14.27616380960629,14.27616380960629,pooled_blood_group_product,196.0,0.24675324675324675,23.6,291.1,95.1,95.1,0.0,Low,Moderate
BB_0015,A_neg,packed_RBC,1,273.0,,201.0,128.0,18.91,42,14.982321915176227,14.982321915176227,pooled_blood_group_product,201.0,0.24675324675324675,24.7,297.7,96.7,96.7,0.0,Low,Moderate
BB_0015,A_neg,whole_blood,1,249.0,,211.0,167.0,23.7,42,16.829684030913054,16.829684030913054,pooled_blood_group_product,211.0,0.24675324675324675,27.8,276.8,65.8,65.8,0.0,Low,High
BB_0015,A_pos,cryoprecipitate,3,243.66666666666666,13.051181300301257,208.33333333333334,162.0,14.433333333333335,365,15.986014398875405,15.986014398875405,pooled_blood_group_product,208.33333333333334,0.24675324675324675,26.4,270.1,61.8,61.8,0.0,Low,Moderate
BB_0015,A_pos,fresh_frozen_plasma,5,239.8,12.930583900195689,197.2,135.2,19.137999999999998,365,15.175972252331889,12.930583900195689,own_history,197.2,0.24675324675324675,21.3,261.1,63.9,63.9,0.0,Low,Moderate
BB_0015,A_pos,group_O_neg_emergency,2,268.0,11.313708498984761,203.5,164.5,14.495000000000001,42,16.934146373239873,16.934146373239873,pooled_blood_group_product,203.5,0.24675324675324675,27.9,295.9,92.4,92.4,0.0,Low,Moderate
BB_0015,A_pos,packed_RBC,2,230.5,10.606601717798213,203.5,137.5,13.024999999999999,42,15.974157533973031,15.974157533973031,pooled_blood_group_product,203.5,0.24675324675324675,26.4,256.9,53.4,53.4,0.0,Low,Low
BB_0015,A_pos,platelet_concentrate,3,257.0,20.074859899884732,209.33333333333334,148.0,11.200000000000001,5,15.570295650182972,15.570295650182972,pooled_blood_group_product,209.33333333333334,0.24675324675324675,25.7,282.7,73.4,73.4,0.0,Low,Low
BB_0015,A_pos,whole_blood,3,262.3333333333333,13.650396819628845,199.33333333333334,165.66666666666666,16.45,42,16.26859652330014,16.26859652330014,pooled_blood_group_product,199.33333333333334,0.24675324675324675,26.8,289.1,89.8,89.8,0.0,Low,Moderate
BB_0015,B_neg,whole_blood,2,251.0,18.384776310850235,210.5,119.0,17.8,42,14.346963359011946,14.346963359011946,pooled_blood_group_product,210.5,0.24675324675324675,23.7,274.7,64.2,64.2,0.0,Low,Moderate
BB_0015,B_pos,cryoprecipitate,1,257.0,,208.0,191.0,16.35,365,15.142364873820988,15.142364873820988,pooled_blood_group_product,208.0,0.24675324675324675,25.0,282.0,74.0,74.0,0.0,Low,Moderate
BB_0015,B_pos,fresh_frozen_plasma,3,237.33333333333334,13.051181300301263,199.33333333333334,119.66666666666667,12.943333333333333,365,15.753623140581702,15.753623140581702,pooled_blood_group_product,199.33333333333334,0.24675324675324675,26.0,263.3,64.0,64.0,0.0,Low,Low
BB_0015,B_pos,group_O_neg_emergency,2,255.5,2.1213203435596424,193.0,133.0,17.28,42,15.327786820822924,15.327786820822924,pooled_blood_group_product,193.0,0.24675324675324675,25.3,280.8,87.8,87.8,0.0,Low,Moderate
BB_0015,B_pos,packed_RBC,3,259.0,20.663978319771825,196.33333333333334,144.0,18.61,42,15.425681398117081,15.425681398117081,pooled_blood_group_product,196.33333333333334,0.24675324675324675,25.5,284.5,88.2,88.2,0.0,Low,Moderate
BB_0015,B_pos,platelet_concentrate,6,257.8333333333333,10.284292229738849,198.66666666666666,134.83333333333334,13.338333333333333,5,15.918915219368015,10.284292229738849,own_history,198.66666666666666,0.24675324675324675,17.0,274.8,76.1,76.1,0.0,Low,Low
BB_0015,B_pos,whole_blood,3,260.3333333333333,5.859465277082313,208.66666666666666,139.66666666666666,18.786666666666665,42,15.616055501636811,15.616055501636811,pooled_blood_group_product,208.66666666666666,0.24675324675324675,25.8,286.1,77.4,77.4,0.0,Low,Moderate
BB_0015,O_neg,whole_blood,1,218.0,,221.0,143.0,12.67,42,15.177301566829424,15.177301566829424,pooled_blood_group_product,221.0,0.24675324675324675,25.0,243.0,22.0,22.0,0.0,Low,Low
BB_0015,O_pos,cryoprecipitate,3,245.66666666666666,16.165807537309522,198.33333333333334,149.66666666666666,12.719999999999999,365,15.956259435791292,15.956259435791292,pooled_blood_group_product,198.33333333333334,0.24675324675324675,26.3,272.0,73.7,73.7,0.0,Low,Low
BB_0015,O_pos,fresh_frozen_plasma,3,247.0,13.228756555322953,185.66666666666666,159.33333333333334,18.44,365,16.129072159319048,16.129072159319048,pooled_blood_group_product,185.66666666666666,0.24675324675324675,26.6,273.6,87.9,87.9,0.0,Low,Moderate
BB_0015,O_pos,group_O_neg_emergency,7,253.42857142857142,11.012979355547444,210.71428571428572,146.71428571428572,18.714285714285715,42,15.59947653940603,11.012979355547444,own_history,210.71428571428572,0.24675324675324675,18.2,271.6,60.9,60.9,0.0,Low,Moderate
BB_0015,O_pos,packed_RBC,8,236.125,23.757329696026748,200.125,134.5,15.934999999999999,42,16.220879283084294,23.757329696026748,own_history,200.125,0.24675324675324675,39.2,275.3,75.2,75.2,0.0,Low,Moderate
BB_0015,O_pos,platelet_concentrate,3,249.66666666666666,24.419937209856485,190.33333333333334,132.66666666666666,11.116666666666667,5,15.814220480272407,15.814220480272407,pooled_blood_group_product,190.33333333333334,0.24675324675324675,26.1,275.8,85.5,85.5,0.0,Low,Low
BB_0015,O_pos,whole_blood,8,250.5,15.165750888103103,195.625,136.375,14.15,42,15.320728507460478,15.165750888103103,own_history,195.625,0.24675324675324675,25.0,275.5,79.9,79.9,0.0,Low,Moderate
BB_0016,AB_neg,group_O_neg_emergency,1,251.0,,212.0,148.0,20.28,42,14.768157012249755,14.768157012249755,pooled_blood_group_product,212.0,0.23376623376623376,24.4,275.4,63.4,63.4,0.0,Low,High
BB_0016,AB_neg,whole_blood,1,236.0,,223.0,134.0,25.56,42,17.64053303608203,17.64053303608203,pooled_blood_group_product,223.0,0.23376623376623376,29.1,265.1,42.1,42.1,0.0,Low,High
BB_0016,AB_pos,group_O_neg_emergency,1,250.0,,209.0,161.0,7.18,42,16.01343479009551,16.01343479009551,pooled_blood_group_product,209.0,0.23376623376623376,26.4,276.4,67.4,67.4,0.0,Low,Low
BB_0016,AB_pos,packed_RBC,3,253.0,1.7320508075688772,192.0,120.66666666666667,15.956666666666665,42,17.421402900877148,17.421402900877148,pooled_blood_group_product,192.0,0.23376623376623376,28.7,281.7,89.7,89.7,0.0,Low,Moderate
BB_0016,AB_pos,whole_blood,1,252.0,,219.0,184.0,13.7,42,13.606168437472475,13.606168437472475,pooled_blood_group_product,219.0,0.23376623376623376,22.5,274.5,55.5,55.5,0.0,Low,Low
BB_0016,A_pos,cryoprecipitate,1,262.0,,192.0,151.0,19.79,365,15.986014398875405,15.986014398875405,pooled_blood_group_product,192.0,0.23376623376623376,26.4,288.4,96.4,96.4,0.0,Low,Moderate
BB_0016,A_pos,fresh_frozen_plasma,2,259.0,1.4142135623730951,193.0,126.5,18.535,365,15.175972252331889,15.175972252331889,pooled_blood_group_product,193.0,0.23376623376623376,25.0,284.0,91.0,91.0,0.0,Low,Moderate
BB_0016,A_pos,group_O_neg_emergency,4,238.75,16.070158679988197,195.5,134.75,13.615,42,16.934146373239873,16.934146373239873,pooled_blood_group_product,195.5,0.23376623376623376,27.9,266.6,71.1,71.1,0.0,Low,Low
BB_0016,A_pos,packed_RBC,3,261.6666666666667,20.599352740640505,192.0,126.33333333333333,16.316666666666666,42,15.974157533973031,15.974157533973031,pooled_blood_group_product,192.0,0.23376623376623376,26.4,288.1,96.1,96.1,0.0,Low,Moderate
BB_0016,A_pos,platelet_concentrate,1,243.0,,218.0,126.0,28.44,5,15.570295650182972,15.570295650182972,pooled_blood_group_product,218.0,0.23376623376623376,25.7,268.7,50.7,50.7,0.0,Low,High
BB_0016,A_pos,whole_blood,1,245.0,,182.0,106.0,16.48,42,16.26859652330014,16.26859652330014,pooled_blood_group_product,182.0,0.23376623376623376,26.8,271.8,89.8,89.8,0.0,Low,Moderate
BB_0016,B_neg,cryoprecipitate,1,248.0,,208.0,168.0,13.46,365,14.855008056807502,14.855008056807502,pooled_blood_group_product,208.0,0.23376623376623376,24.5,272.5,64.5,64.5,0.0,Low,Low
BB_0016,B_pos,cryoprecipitate,2,254.5,14.849242404917497,187.5,143.5,11.275,365,15.142364873820988,15.142364873820988,pooled_blood_group_product,187.5,0.23376623376623376,25.0,279.5,92.0,92.0,0.0,Low,Low
BB_0016,B_pos,fresh_frozen_plasma,1,220.0,,220.0,167.0,11.82,365,15.753623140581702,15.753623140581702,pooled_blood_group_product,220.0,0.23376623376623376,26.0,246.0,26.0,26.0,0.0,Low,Low
BB_0016,B_pos,group_O_neg_emergency,3,260.0,17.52141546793523,194.33333333333334,150.0,17.936666666666667,42,15.327786820822924,15.327786820822924,pooled_blood_group_product,194.33333333333334,0.23376623376623376,25.3,285.3,91.0,91.0,0.0,Low,Moderate
BB_0016,B_pos,packed_RBC,2,272.0,1.4142135623730951,200.0,150.0,13.504999999999999,42,15.425681398117081,15.425681398117081,pooled_blood_group_product,200.0,0.23376623376623376,25.5,297.5,97.5,97.5,0.0,Low,Low
BB_0016,B_pos,platelet_concentrate,1,246.0,,208.0,119.0,13.94,5,15.918915219368015,15.918915219368015,pooled_blood_group_product,208.0,0.23376623376623376,26.3,272.3,64.3,64.3,0.0,Low,Low
BB_0016,B_pos,whole_blood,4,258.25,20.516253719104437,218.25,145.75,19.835,42,15.616055501636811,15.616055501636811,pooled_blood_group_product,218.25,0.23376623376623376,25.8,284.0,65.8,65.8,0.0,Low,High
BB_0016,O_neg,cryoprecipitate,1,289.0,,220.0,147.0,19.09,365,16.832005704612282,16.832005704612282,pooled_blood_group_product,220.0,0.23376623376623376,27.8,316.8,96.8,96.8,0.0,Low,Moderate
BB_0016,O_pos,cryoprecipitate,15,245.73333333333332,16.57651810184975,198.4,143.13333333333333,16.775333333333332,365,15.956259435791292,16.57651810184975,own_history,198.4,0.23376623376623376,27.4,273.1,74.7,74.7,0.0,Low,Moderate
BB_0016,O_pos,fresh_frozen_plasma,4,260.0,7.393691004272944,184.5,135.0,17.1275,365,16.129072159319048,16.129072159319048,pooled_blood_group_product,184.5,0.23376623376623376,26.6,286.6,102.1,102.1,0.0,Low,Moderate
BB_0016,O_pos,group_O_neg_emergency,6,246.66666666666666,22.178067243713254,195.83333333333334,140.66666666666666,17.528333333333332,42,15.59947653940603,22.178067243713254,own_history,195.83333333333334,0.23376623376623376,36.6,283.3,87.5,87.5,0.0,Low,Moderate
BB_0016,O_pos,packed_RBC,4,270.0,6.683312551921142,200.5,160.5,14.497499999999999,42,16.220879283084294,16.220879283084294,pooled_blood_group_product,200.5,0.23376623376623376,26.8,296.8,96.3,96.3,0.0,Low,Moderate
BB_0016,O_pos,platelet_concentrate,10,246.8,25.990596590134498,198.2,142.3,16.554,5,15.814220480272407,25.990596590134498,own_history,198.2,0.23376623376623376,42.9,289.7,91.5,91.5,0.0,Low,Moderate
BB_0016,O_pos,whole_blood,4,248.75,8.808140174482542,193.0,149.75,22.16,42,15.320728507460478,15.320728507460478,pooled_blood_group_product,193.0,0.23376623376623376,25.3,274.0,81.0,81.0,0.0,Low,High
BB_0017,AB_neg,whole_blood,1,254.0,,187.0,131.0,12.83,42,17.64053303608203,17.64053303608203,pooled_blood_group_product,187.0,0.2638888888888889,29.1,283.1,96.1,96.1,0.0,Low,Low
BB_0017,AB_pos,fresh_frozen_plasma,2,260.0,14.142135623730951,182.5,118.5,14.3,365,15.529870914464443,15.529870914464443,pooled_blood_group_product,182.5,0.2638888888888889,25.6,285.6,103.1,103.1,0.0,Low,Moderate
BB_0017,AB_pos,packed_RBC,1,260.0,,203.0,151.0,25.62,42,17.421402900877148,17.421402900877148,pooled_blood_group_product,203.0,0.2638888888888889,28.7,288.7,85.7,85.7,0.0,Low,High
BB_0017,AB_pos,platelet_concentrate,1,263.0,,241.0,125.0,18.67,5,14.27616380960629,14.27616380960629,pooled_blood_group_product,241.0,0.2638888888888889,23.6,286.6,45.6,45.6,0.0,Low,Moderate
BB_0017,A_pos,cryoprecipitate,5,254.4,11.0589330407594,199.0,144.8,20.71,365,15.986014398875405,11.0589330407594,own_history,199.0,0.2638888888888889,18.2,272.6,73.6,73.6,0.0,Low,Moderate
BB_0017,A_pos,fresh_frozen_plasma,2,231.0,5.656854249492381,184.5,123.5,25.21,365,15.175972252331889,15.175972252331889,pooled_blood_group_product,184.5,0.2638888888888889,25.0,256.0,71.5,71.5,0.0,Low,Moderate
BB_0017,A_pos,group_O_neg_emergency,3,249.33333333333334,16.25833119767627,196.0,146.0,10.673333333333334,42,16.934146373239873,16.934146373239873,pooled_blood_group_product,196.0,0.2638888888888889,27.9,277.2,81.2,81.2,0.0,Low,Low
BB_0017,A_pos,packed_RBC,4,234.25,3.8622100754188224,204.5,127.75,19.0825,42,15.974157533973031,15.974157533973031,pooled_blood_group_product,204.5,0.2638888888888889,26.4,260.6,56.1,56.1,0.0,Low,High
BB_0017,A_pos,platelet_concentrate,4,246.25,17.557049866079435,200.75,146.25,20.689999999999998,5,15.570295650182972,15.570295650182972,pooled_blood_group_product,200.75,0.2638888888888889,25.7,272.0,71.2,71.2,0.0,Low,High
BB_0017,A_pos,whole_blood,2,258.5,6.363961030678928,208.0,122.0,12.18,42,16.26859652330014,16.26859652330014,pooled_blood_group_product,208.0,0.2638888888888889,26.8,285.3,77.3,77.3,0.0,Low,Low
BB_0017,B_neg,packed_RBC,1,246.0,,221.0,146.0,15.38,42,17.510386528104863,17.510386528104863,pooled_blood_group_product,221.0,0.2638888888888889,28.9,274.9,53.9,53.9,0.0,Low,Moderate
BB_0017,B_pos,cryoprecipitate,4,256.25,11.586630226256466,206.5,130.75,13.747499999999999,365,15.142364873820988,15.142364873820988,pooled_blood_group_product,206.5,0.2638888888888889,25.0,281.2,74.7,74.7,0.0,Low,Low
BB_0017,B_pos,fresh_frozen_plasma,3,257.3333333333333,3.214550253664313,193.0,108.33333333333333,17.46,365,15.753623140581702,15.753623140581702,pooled_blood_group_product,193.0,0.2638888888888889,26.0,283.3,90.3,90.3,0.0,Low,Moderate
BB_0017,B_pos,group_O_neg_emergency,2,252.5,2.1213203435596424,195.0,180.0,13.045,42,15.327786820822924,15.327786820822924,pooled_blood_group_product,195.0,0.2638888888888889,25.3,277.8,82.8,82.8,0.0,Low,Low
BB_0017,B_pos,packed_RBC,8,244.375,16.38760420038791,188.5,146.125,16.54375,42,15.425681398117081,16.38760420038791,own_history,188.5,0.2638888888888889,27.0,271.4,82.9,82.9,0.0,Low,Moderate
BB_0017,B_pos,platelet_concentrate,2,246.0,19.79898987322333,220.5,162.5,19.73,5,15.918915219368015,15.918915219368015,pooled_blood_group_product,220.5,0.2638888888888889,26.3,272.3,51.8,51.8,0.0,Low,High
BB_0017,B_pos,whole_blood,1,238.0,,214.0,146.0,21.96,42,15.616055501636811,15.616055501636811,pooled_blood_group_product,214.0,0.2638888888888889,25.8,263.8,49.8,49.8,0.0,Low,High
BB_0017,O_neg,cryoprecipitate,1,274.0,,226.0,165.0,26.55,365,16.832005704612282,16.832005704612282,pooled_blood_group_product,226.0,0.2638888888888889,27.8,301.8,75.8,75.8,0.0,Low,Moderate
BB_0017,O_neg,group_O_neg_emergency,1,199.0,,201.0,119.0,12.94,42,15.737583585569908,15.737583585569908,pooled_blood_group_product,201.0,0.2638888888888889,26.0,225.0,24.0,24.0,0.0,Low,Low
BB_0017,O_neg,packed_RBC,1,230.0,,206.0,148.0,15.53,42,16.675768019539497,16.675768019539497,pooled_blood_group_product,206.0,0.2638888888888889,27.5,257.5,51.5,51.5,0.0,Low,Moderate
BB_0017,O_neg,whole_blood,1,239.0,,209.0,153.0,15.79,42,15.177301566829424,15.177301566829424,pooled_blood_group_product,209.0,0.2638888888888889,25.0,264.0,55.0,55.0,0.0,Low,Moderate
BB_0017,O_pos,cryoprecipitate,2,243.0,4.242640687119285,204.0,118.0,19.08,365,15.956259435791292,15.956259435791292,pooled_blood_group_product,204.0,0.2638888888888889,26.3,269.3,65.3,65.3,0.0,Low,Moderate
BB_0017,O_pos,fresh_frozen_plasma,12,243.83333333333334,13.861872714446458,201.08333333333334,145.16666666666666,14.006666666666668,365,16.129072159319048,13.861872714446458,own_history,201.08333333333334,0.2638888888888889,22.9,266.7,65.6,65.6,0.0,Low,Moderate
BB_0017,O_pos,group_O_neg_emergency,1,220.0,,195.0,145.0,17.95,42,15.59947653940603,15.59947653940603,pooled_blood_group_product,195.0,0.2638888888888889,25.7,245.7,50.7,50.7,0.0,Low,Moderate
BB_0017,O_pos,packed_RBC,2,257.5,19.091883092036785,188.0,136.0,17.5,42,16.220879283084294,16.220879283084294,pooled_blood_group_product,188.0,0.2638888888888889,26.8,284.3,96.3,96.3,0.0,Low,Moderate
BB_0017,O_pos,platelet_concentrate,3,242.0,29.512709126747414,193.33333333333334,138.0,15.700000000000001,5,15.814220480272407,15.814220480272407,pooled_blood_group_product,193.33333333333334,0.2638888888888889,26.1,268.1,74.8,74.8,0.0,Low,Moderate
BB_0017,O_pos,whole_blood,2,276.5,3.5355339059327378,193.0,145.0,20.145,42,15.320728507460478,15.320728507460478,pooled_blood_group_product,193.0,0.2638888888888889,25.3,301.8,108.8,108.8,0.0,Low,High
BB_0018,A_neg,group_O_neg_emergency,1,249.0,,191.0,127.0,22.51,42,15.275919791953486,15.275919791953486,pooled_blood_group_product,191.0,0.2028985507246377,25.2,274.2,83.2,83.2,0.0,Low,High
BB_0018,A_pos,fresh_frozen_plasma,1,230.0,,207.0,137.0,10.63,365,15.175972252331889,15.175972252331889,pooled_blood_group_product,207.0,0.2028985507246377,25.0,255.0,48.0,48.0,0.0,Low,Low
BB_0018,A_pos,group_O_neg_emergency,2,243.0,14.142135623730951,196.5,136.0,20.35,42,16.934146373239873,16.934146373239873,pooled_blood_group_product,196.5,0.2028985507246377,27.9,270.9,74.4,74.4,0.0,Low,High
BB_0018,A_pos,packed_RBC,1,239.0,,220.0,180.0,21.82,42,15.974157533973031,15.974157533973031,pooled_blood_group_product,220.0,0.2028985507246377,26.4,265.4,45.4,45.4,0.0,Low,High
BB_0018,A_pos,platelet_concentrate,1,260.0,,204.0,156.0,22.06,5,15.570295650182972,15.570295650182972,pooled_blood_group_product,204.0,0.2028985507246377,25.7,285.7,81.7,81.7,0.0,Low,High
BB_0018,A_pos,whole_blood,2,246.5,3.5355339059327378,189.0,144.5,20.35,42,16.26859652330014,16.26859652330014,pooled_blood_group_product,189.0,0.2028985507246377,26.8,273.3,84.3,84.3,0.0,Low,High
BB_0018,B_neg,cryoprecipitate,1,256.0,,211.0,162.0,21.33,365,14.855008056807502,14.855008056807502,pooled_blood_group_product,211.0,0.2028985507246377,24.5,280.5,69.5,69.5,0.0,Low,Moderate
BB_0018,B_pos,cryoprecipitate,2,250.0,4.242640687119285,210.5,156.0,13.645,365,15.142364873820988,15.142364873820988,pooled_blood_group_product,210.5,0.2028985507246377,25.0,275.0,64.5,64.5,0.0,Low,Low
BB_0018,B_pos,fresh_frozen_plasma,5,246.0,10.392304845413262,202.4,140.8,18.454,365,15.753623140581702,10.392304845413262,own_history,202.4,0.2028985507246377,17.1,263.1,60.7,60.7,0.0,Low,Moderate
BB_0018,B_pos,group_O_neg_emergency,5,254.4,13.126309458488329,189.0,136.8,16.689999999999998,42,15.327786820822924,13.126309458488329,own_history,189.0,0.2028985507246377,21.7,276.1,87.1,87.1,0.0,Low,Moderate
BB_0018,B_pos,packed_RBC,1,244.0,,187.0,147.0,10.7,42,15.425681398117081,15.425681398117081,pooled_blood_group_product,187.0,0.2028985507246377,25.5,269.5,82.5,82.5,0.0,Low,Low
BB_0018,B_pos,platelet_concentrate,3,251.33333333333334,7.2341781380702335,194.66666666666666,145.0,17.456666666666667,5,15.918915219368015,15.918915219368015,pooled_blood_group_product,194.66666666666666,0.2028985507246377,26.3,277.6,82.9,82.9,0.0,Low,Moderate
BB_0018,B_pos,whole_blood,4,235.0,5.477225575051661,201.5,124.5,14.705,42,15.616055501636811,15.616055501636811,pooled_blood_group_product,201.5,0.2028985507246377,25.8,260.8,59.3,59.3,0.0,Low,Moderate
BB_0018,O_neg,fresh_frozen_plasma,1,272.0,,195.0,122.0,19.49,365,14.714175377770642,14.714175377770642,pooled_blood_group_product,195.0,0.2028985507246377,24.3,296.3,101.3,101.3,0.0,Low,Moderate
BB_0018,O_neg,packed_RBC,1,254.0,,215.0,172.0,21.4,42,16.675768019539497,16.675768019539497,pooled_blood_group_product,215.0,0.2028985507246377,27.5,281.5,66.5,66.5,0.0,Low,High
BB_0018,O_pos,cryoprecipitate,4,237.75,14.38459824488215,201.25,127.5,17.2525,365,15.956259435791292,15.956259435791292,pooled_blood_group_product,201.25,0.2028985507246377,26.3,264.0,62.8,62.8,0.0,Low,Moderate
BB_0018,O_pos,fresh_frozen_plasma,5,240.0,27.513632984395212,195.2,140.8,19.43,365,16.129072159319048,27.513632984395212,own_history,195.2,0.2028985507246377,45.4,285.4,90.2,90.2,0.0,Low,Moderate
BB_0018,O_pos,group_O_neg_emergency,7,247.85714285714286,17.544501241401075,195.42857142857142,137.28571428571428,17.915714285714284,42,15.59947653940603,17.544501241401075,own_history,195.42857142857142,0.2028985507246377,28.9,276.8,81.4,81.4,0.0,Low,Moderate
BB_0018,O_pos,packed_RBC,5,260.2,9.654014708917735,196.4,134.0,22.336000000000002,42,16.220879283084294,9.654014708917735,own_history,196.4,0.2028985507246377,15.9,276.1,79.7,79.7,0.0,Low,High
BB_0018,O_pos,platelet_concentrate,8,251.875,18.28690007315932,203.125,143.875,14.866249999999999,5,15.814220480272407,18.28690007315932,own_history,203.125,0.2028985507246377,30.2,282.1,79.0,79.0,0.0,Low,Moderate
BB_0018,O_pos,whole_blood,9,249.0,18.801595676963164,200.33333333333334,136.33333333333334,20.198888888888888,42,15.320728507460478,18.801595676963164,own_history,200.33333333333334,0.2028985507246377,31.0,280.0,79.7,79.7,0.0,Low,High
BB_0019,AB_neg,cryoprecipitate,1,258.0,,213.0,120.0,12.68,365,13.13504517558679,13.13504517558679,pooled_blood_group_product,213.0,0.328125,21.7,279.7,66.7,66.7,0.0,Low,Low
BB_0019,AB_pos,cryoprecipitate,1,226.0,,201.0,143.0,11.44,365,16.64565006228281,16.64565006228281,pooled_blood_group_product,201.0,0.328125,27.5,253.5,52.5,52.5,0.0,Low,Low
BB_0019,A_neg,group_O_neg_emergency,2,260.5,2.1213203435596424,173.5,131.0,18.335,42,15.275919791953486,15.275919791953486,pooled_blood_group_product,173.5,0.328125,25.2,285.7,112.2,112.2,0.0,Low,Moderate
BB_0019,A_pos,cryoprecipitate,2,251.5,3.5355339059327378,199.5,177.0,13.47,365,15.986014398875405,15.986014398875405,pooled_blood_group_product,199.5,0.328125,26.4,277.9,78.4,78.4,0.0,Low,Low
BB_0019,A_pos,fresh_frozen_plasma,4,238.0,16.792855623746664,191.75,146.5,16.759999999999998,365,15.175972252331889,15.175972252331889,pooled_blood_group_product,191.75,0.328125,25.0,263.0,71.2,71.2,0.0,Low,Moderate
BB_0019,A_pos,group_O_neg_emergency,1,242.0,,220.0,171.0,8.64,42,16.934146373239873,16.934146373239873,pooled_blood_group_product,220.0,0.328125,27.9,269.9,49.9,49.9,0.0,Low,Low
BB_0019,A_pos,packed_RBC,2,239.0,12.727922061357855,195.0,166.0,15.86,42,15.974157533973031,15.974157533973031,pooled_blood_group_product,195.0,0.328125,26.4,265.4,70.4,70.4,0.0,Low,Moderate
BB_0019,A_pos,platelet_concentrate,1,224.0,,192.0,142.0,10.94,5,15.570295650182972,15.570295650182972,pooled_blood_group_product,192.0,0.328125,25.7,249.7,57.7,57.7,0.0,Low,Low
BB_0019,A_pos,whole_blood,2,244.0,21.213203435596427,196.0,130.0,13.005,42,16.26859652330014,16.26859652330014,pooled_blood_group_product,196.0,0.328125,26.8,270.8,74.8,74.8,0.0,Low,Low
BB_0019,B_neg,cryoprecipitate,1,278.0,,188.0,132.0,8.51,365,14.855008056807502,14.855008056807502,pooled_blood_group_product,188.0,0.328125,24.5,302.5,114.5,114.5,0.0,Low,Low
BB_0019,B_pos,cryoprecipitate,3,247.66666666666666,19.60442127004348,193.0,125.0,18.486666666666665,365,15.142364873820988,15.142364873820988,pooled_blood_group_product,193.0,0.328125,25.0,272.7,79.7,79.7,0.0,Low,Moderate
BB_0019,B_pos,fresh_frozen_plasma,3,254.66666666666666,3.055050463303897,190.33333333333334,152.66666666666666,23.590000000000003,365,15.753623140581702,15.753623140581702,pooled_blood_group_product,190.33333333333334,0.328125,26.0,280.7,90.4,90.4,0.0,Low,Moderate
BB_0019,B_pos,packed_RBC,5,253.2,12.93058390019569,198.2,143.0,14.342000000000002,42,15.425681398117081,12.93058390019569,own_history,198.2,0.328125,21.3,274.5,76.3,76.3,0.0,Low,Moderate
BB_0019,B_pos,platelet_concentrate,7,240.42857142857142,12.367391841143421,200.28571428571428,161.85714285714286,15.46142857142857,5,15.918915219368015,12.367391841143421,own_history,200.28571428571428,0.328125,20.4,260.8,60.5,60.5,0.0,Low,Moderate
BB_0019,B_pos,whole_blood,1,244.0,,204.0,107.0,22.55,42,15.616055501636811,15.616055501636811,pooled_blood_group_product,204.0,0.328125,25.8,269.8,65.8,65.8,0.0,Low,High
BB_0019,O_neg,cryoprecipitate,1,239.0,,195.0,161.0,17.44,365,16.832005704612282,16.832005704612282,pooled_blood_group_product,195.0,0.328125,27.8,266.8,71.8,71.8,0.0,Low,Moderate
BB_0019,O_neg,packed_RBC,1,232.0,,189.0,143.0,17.99,42,16.675768019539497,16.675768019539497,pooled_blood_group_product,189.0,0.328125,27.5,259.5,70.5,70.5,0.0,Low,Moderate
BB_0019,O_neg,platelet_concentrate,2,256.0,16.97056274847714,188.5,134.5,20.759999999999998,5,16.930706830055033,16.930706830055033,pooled_blood_group_product,188.5,0.328125,27.9,283.9,95.4,95.4,0.0,Low,High
BB_0019,O_pos,cryoprecipitate,3,252.0,17.69180601295413,198.66666666666666,158.66666666666666,17.143333333333334,365,15.956259435791292,15.956259435791292,pooled_blood_group_product,198.66666666666666,0.328125,26.3,278.3,79.6,79.6,0.0,Low,Moderate
BB_0019,O_pos,fresh_frozen_plasma,1,236.0,,217.0,154.0,11.98,365,16.129072159319048,16.129072159319048,pooled_blood_group_product,217.0,0.328125,26.6,262.6,45.6,45.6,0.0,Low,Low
BB_0019,O_pos,group_O_neg_emergency,8,241.25,17.588551471259446,203.625,144.375,18.18125,42,15.59947653940603,17.588551471259446,own_history,203.625,0.328125,29.0,270.2,66.6,66.6,0.0,Low,Moderate
BB_0019,O_pos,packed_RBC,5,239.2,8.526429498916885,209.6,134.2,15.644,42,16.220879283084294,8.526429498916885,own_history,209.6,0.328125,14.1,253.3,43.7,43.7,0.0,Low,Moderate
BB_0019,O_pos,platelet_concentrate,3,252.0,27.730849247724095,218.0,155.33333333333334,17.933333333333334,5,15.814220480272407,15.814220480272407,pooled_blood_group_product,218.0,0.328125,26.1,278.1,60.1,60.1,0.0,Low,Moderate
BB_0019,O_pos,whole_blood,4,251.75,10.719919153924,198.0,132.25,17.455,42,15.320728507460478,15.320728507460478,pooled_blood_group_product,198.0,0.328125,25.3,277.0,79.0,79.0,0.0,Low,Moderate
BB_0020,AB_pos,fresh_frozen_plasma,1,251.0,,190.0,125.0,23.16,365,15.529870914464443,15.529870914464443,pooled_blood_group_product,190.0,0.30158730158730157,25.6,276.6,86.6,86.6,0.0,Low,Moderate
BB_0020,AB_pos,group_O_neg_emergency,1,284.0,,209.0,165.0,11.0,42,16.01343479009551,16.01343479009551,pooled_blood_group_product,209.0,0.30158730158730157,26.4,310.4,101.4,101.4,0.0,Low,Low
BB_0020,AB_pos,packed_RBC,1,259.0,,207.0,97.0,16.43,42,17.421402900877148,17.421402900877148,pooled_blood_group_product,207.0,0.30158730158730157,28.7,287.7,80.7,80.7,0.0,Low,Moderate
BB_0020,AB_pos,platelet_concentrate,2,227.5,10.606601717798213,208.0,169.0,21.595,5,14.27616380960629,14.27616380960629,pooled_blood_group_product,208.0,0.30158730158730157,23.6,251.1,43.1,43.1,0.0,Low,High
BB_0020,A_neg,fresh_frozen_plasma,1,268.0,,192.0,145.0,10.94,365,15.630530767171415,15.630530767171415,pooled_blood_group_product,192.0,0.30158730158730157,25.8,293.8,101.8,101.8,0.0,Low,Low
BB_0020,A_neg,platelet_concentrate,2,265.5,13.435028842544403,221.5,141.5,14.155,5,15.26163614252437,15.26163614252437,pooled_blood_group_product,221.5,0.30158730158730157,25.2,290.7,69.2,69.2,0.0,Low,Moderate
BB_0020,A_pos,cryoprecipitate,3,255.66666666666666,11.15048578911849,192.66666666666666,120.33333333333333,15.483333333333334,365,15.986014398875405,15.986014398875405,pooled_blood_group_product,192.66666666666666,0.30158730158730157,26.4,282.1,89.4,89.4,0.0,Low,Moderate
BB_0020,A_pos,fresh_frozen_plasma,4,251.25,12.284814474246922,201.0,134.5,15.845,365,15.175972252331889,15.175972252331889,pooled_blood_group_product,201.0,0.30158730158730157,25.0,276.2,75.2,75.2,0.0,Low,Moderate
BB_0020,A_pos,packed_RBC,4,253.25,21.43789479714213,209.75,146.5,14.445,42,15.974157533973031,15.974157533973031,pooled_blood_group_product,209.75,0.30158730158730157,26.4,279.6,69.9,69.9,0.0,Low,Moderate
BB_0020,A_pos,whole_blood,1,244.0,,215.0,148.0,7.91,42,16.26859652330014,16.26859652330014,pooled_blood_group_product,215.0,0.30158730158730157,26.8,270.8,55.8,55.8,0.0,Low,Low
BB_0020,B_neg,group_O_neg_emergency,1,256.0,,216.0,153.0,33.8,42,16.421857975114715,16.421857975114715,pooled_blood_group_product,216.0,0.30158730158730157,27.1,283.1,67.1,67.1,0.0,Low,High
BB_0020,B_pos,cryoprecipitate,4,235.25,14.2448821218944,203.75,134.5,18.1525,365,15.142364873820988,15.142364873820988,pooled_blood_group_product,203.75,0.30158730158730157,25.0,260.2,56.4,56.4,0.0,Low,Moderate
BB_0020,B_pos,fresh_frozen_plasma,4,250.5,10.908712114635716,209.25,140.25,15.205,365,15.753623140581702,15.753623140581702,pooled_blood_group_product,209.25,0.30158730158730157,26.0,276.5,67.2,67.2,0.0,Low,Moderate
BB_0020,B_pos,group_O_neg_emergency,1,235.0,,176.0,121.0,21.02,42,15.327786820822924,15.327786820822924,pooled_blood_group_product,176.0,0.30158730158730157,25.3,260.3,84.3,84.3,0.0,Low,High
BB_0020,B_pos,packed_RBC,2,247.5,16.263455967290593,219.5,138.5,16.665,42,15.425681398117081,15.425681398117081,pooled_blood_group_product,219.5,0.30158730158730157,25.5,273.0,53.5,53.5,0.0,Low,Moderate
BB_0020,B_pos,platelet_concentrate,4,256.0,28.647280266487194,198.5,164.25,15.32,5,15.918915219368015,15.918915219368015,pooled_blood_group_product,198.5,0.30158730158730157,26.3,282.3,83.8,83.8,0.0,Low,Moderate
BB_0020,B_pos,whole_blood,3,261.0,2.6457513110645907,203.0,172.0,20.973333333333333,42,15.616055501636811,15.616055501636811,pooled_blood_group_product,203.0,0.30158730158730157,25.8,286.8,83.8,83.8,0.0,Low,High
BB_0020,O_neg,fresh_frozen_plasma,1,250.0,,180.0,137.0,25.56,365,14.714175377770642,14.714175377770642,pooled_blood_group_product,180.0,0.30158730158730157,24.3,274.3,94.3,94.3,0.0,Low,Moderate
BB_0020,O_neg,platelet_concentrate,2,261.5,13.435028842544403,194.0,130.5,27.075000000000003,5,16.930706830055033,16.930706830055033,pooled_blood_group_product,194.0,0.30158730158730157,27.9,289.4,95.4,95.4,0.0,Low,High
BB_0020,O_pos,cryoprecipitate,3,260.6666666666667,15.502687938977973,199.33333333333334,123.33333333333333,13.58,365,15.956259435791292,15.956259435791292,pooled_blood_group_product,199.33333333333334,0.30158730158730157,26.3,287.0,87.7,87.7,0.0,Low,Low
BB_0020,O_pos,fresh_frozen_plasma,3,250.66666666666666,2.5166114784235867,206.0,153.66666666666666,13.626666666666667,365,16.129072159319048,16.129072159319048,pooled_blood_group_product,206.0,0.30158730158730157,26.6,277.3,71.3,71.3,0.0,Low,Low
BB_0020,O_pos,group_O_neg_emergency,2,256.0,26.870057685088806,184.0,131.0,8.59,42,15.59947653940603,15.59947653940603,pooled_blood_group_product,184.0,0.30158730158730157,25.7,281.7,97.7,97.7,0.0,Low,Low
BB_0020,O_pos,packed_RBC,6,258.0,17.58408371226661,187.5,145.5,20.455000000000002,42,16.220879283084294,17.58408371226661,own_history,187.5,0.30158730158730157,29.0,287.0,99.5,99.5,0.0,Low,High
BB_0020,O_pos,platelet_concentrate,4,255.5,14.843629385474886,198.5,141.25,16.86,5,15.814220480272407,15.814220480272407,pooled_blood_group_product,198.5,0.30158730158730157,26.1,281.6,83.1,83.1,0.0,Low,Moderate
BB_0020,O_pos,whole_blood,3,249.33333333333334,22.36813209307682,188.33333333333334,141.33333333333334,16.226666666666667,42,15.320728507460478,15.320728507460478,pooled_blood_group_product,188.33333333333334,0.30158730158730157,25.3,274.6,86.3,86.3,0.0,Low,Moderate
BB_0021,AB_neg,group_O_neg_emergency,1,265.0,,219.0,149.0,8.68,42,14.768157012249755,14.768157012249755,pooled_blood_group_product,219.0,0.2638888888888889,24.4,289.4,70.4,70.4,0.0,Low,Low
BB_0021,AB_pos,cryoprecipitate,1,225.0,,221.0,145.0,23.53,365,16.64565006228281,16.64565006228281,pooled_blood_group_product,221.0,0.2638888888888889,27.5,252.5,31.5,31.5,0.0,Low,Moderate
BB_0021,AB_pos,group_O_neg_emergency,1,240.0,,191.0,124.0,15.71,42,16.01343479009551,16.01343479009551,pooled_blood_group_product,191.0,0.2638888888888889,26.4,266.4,75.4,75.4,0.0,Low,Moderate
BB_0021,AB_pos,whole_blood,1,247.0,,179.0,131.0,16.76,42,13.606168437472475,13.606168437472475,pooled_blood_group_product,179.0,0.2638888888888889,22.5,269.5,90.5,90.5,0.0,Low,Moderate
BB_0021,A_neg,fresh_frozen_plasma,1,232.0,,201.0,153.0,23.88,365,15.630530767171415,15.630530767171415,pooled_blood_group_product,201.0,0.2638888888888889,25.8,257.8,56.8,56.8,0.0,Low,Moderate
BB_0021,A_neg,platelet_concentrate,1,238.0,,199.0,150.0,16.58,5,15.26163614252437,15.26163614252437,pooled_blood_group_product,199.0,0.2638888888888889,25.2,263.2,64.2,64.2,0.0,Low,Moderate
BB_0021,A_pos,cryoprecipitate,5,255.8,21.924871721403523,200.4,139.6,19.32,365,15.986014398875405,21.924871721403523,own_history,200.4,0.2638888888888889,36.2,292.0,91.6,91.6,0.0,Low,Moderate
BB_0021,A_pos,fresh_frozen_plasma,3,262.0,8.717797887081348,197.33333333333334,157.33333333333334,13.43,365,15.175972252331889,15.175972252331889,pooled_blood_group_product,197.33333333333334,0.2638888888888889,25.0,287.0,89.7,89.7,0.0,Low,Low
BB_0021,A_pos,group_O_neg_emergency,2,248.5,19.091883092036785,205.5,109.0,29.91,42,16.934146373239873,16.934146373239873,pooled_blood_group_product,205.5,0.2638888888888889,27.9,276.4,70.9,70.9,0.0,Low,High
BB_0021,A_pos,packed_RBC,3,246.0,3.605551275463989,208.66666666666666,124.0,18.656666666666666,42,15.974157533973031,15.974157533973031,pooled_blood_group_product,208.66666666666666,0.2638888888888889,26.4,272.4,63.7,63.7,0.0,Low,Moderate
BB_0021,A_pos,whole_blood,1,262.0,,198.0,109.0,22.73,42,16.26859652330014,16.26859652330014,pooled_blood_group_product,198.0,0.2638888888888889,26.8,288.8,90.8,90.8,0.0,Low,High
BB_0021,B_pos,cryoprecipitate,3,261.6666666666667,12.858201014657269,201.0,135.66666666666666,14.123333333333335,365,15.142364873820988,15.142364873820988,pooled_blood_group_product,201.0,0.2638888888888889,25.0,286.7,85.7,85.7,0.0,Low,Moderate
BB_0021,B_pos,fresh_frozen_plasma,1,271.0,,201.0,129.0,12.94,365,15.753623140581702,15.753623140581702,pooled_blood_group_product,201.0,0.2638888888888889,26.0,297.0,96.0,96.0,0.0,Low,Low
BB_0021,B_pos,packed_RBC,3,253.33333333333334,15.044378795195673,202.66666666666666,131.66666666666666,17.13,42,15.425681398117081,15.425681398117081,pooled_blood_group_product,202.66666666666666,0.2638888888888889,25.5,278.8,76.1,76.1,0.0,Low,Moderate
BB_0021,B_pos,platelet_concentrate,1,274.0,,194.0,143.0,17.01,5,15.918915219368015,15.918915219368015,pooled_blood_group_product,194.0,0.2638888888888889,26.3,300.3,106.3,106.3,0.0,Low,Moderate
BB_0021,O_neg,cryoprecipitate,1,267.0,,201.0,147.0,22.89,365,16.832005704612282,16.832005704612282,pooled_blood_group_product,201.0,0.2638888888888889,27.8,294.8,93.8,93.8,0.0,Low,Moderate
BB_0021,O_neg,platelet_concentrate,2,260.5,2.1213203435596424,197.0,145.5,14.465,5,16.930706830055033,16.930706830055033,pooled_blood_group_product,197.0,0.2638888888888889,27.9,288.4,91.4,91.4,0.0,Low,Moderate
BB_0021,O_pos,cryoprecipitate,11,258.8181818181818,16.03008535110267,191.1818181818182,145.45454545454547,17.576363636363638,365,15.956259435791292,16.03008535110267,own_history,191.1818181818182,0.2638888888888889,26.4,285.2,94.0,94.0,0.0,Low,Moderate
BB_0021,O_pos,fresh_frozen_plasma,7,247.14285714285714,21.843599912625603,194.42857142857142,126.28571428571429,13.594285714285714,365,16.129072159319048,21.843599912625603,own_history,194.42857142857142,0.2638888888888889,36.0,283.1,88.7,88.7,0.0,Low,Low
BB_0021,O_pos,group_O_neg_emergency,7,246.28571428571428,10.781377242175287,201.42857142857142,154.14285714285714,13.99,42,15.59947653940603,10.781377242175287,own_history,201.42857142857142,0.2638888888888889,17.8,264.1,62.7,62.7,0.0,Low,Moderate
BB_0021,O_pos,packed_RBC,6,245.16666666666666,18.258331431614085,200.0,131.16666666666666,15.021666666666667,42,16.220879283084294,18.258331431614085,own_history,200.0,0.2638888888888889,30.1,275.3,75.3,75.3,0.0,Low,Moderate
BB_0021,O_pos,platelet_concentrate,4,257.25,14.5,199.75,142.25,14.8325,5,15.814220480272407,15.814220480272407,pooled_blood_group_product,199.75,0.2638888888888889,26.1,283.4,83.6,83.6,0.0,Low,Moderate
BB_0021,O_pos,whole_blood,6,249.66666666666666,20.51016008388688,207.0,149.33333333333334,15.636666666666665,42,15.320728507460478,20.51016008388688,own_history,207.0,0.2638888888888889,33.8,283.5,76.5,76.5,0.0,Low,Moderate
BB_0022,AB_neg,group_O_neg_emergency,1,274.0,,206.0,154.0,14.56,42,14.768157012249755,14.768157012249755,pooled_blood_group_product,206.0,0.19047619047619047,24.4,298.4,92.4,92.4,0.0,Low,Moderate
BB_0022,AB_neg,packed_RBC,1,223.0,,174.0,146.0,12.07,42,13.932332543759145,13.932332543759145,pooled_blood_group_product,174.0,0.19047619047619047,23.0,246.0,72.0,72.0,0.0,Low,Low
BB_0022,AB_pos,whole_blood,1,246.0,,183.0,130.0,17.49,42,13.606168437472475,13.606168437472475,pooled_blood_group_product,183.0,0.19047619047619047,22.5,268.5,85.5,85.5,0.0,Low,Moderate
BB_0022,A_neg,fresh_frozen_plasma,1,258.0,,194.0,154.0,14.95,365,15.630530767171415,15.630530767171415,pooled_blood_group_product,194.0,0.19047619047619047,25.8,283.8,89.8,89.8,0.0,Low,Moderate
BB_0022,A_neg,platelet_concentrate,1,233.0,,197.0,154.0,15.74,5,15.26163614252437,15.26163614252437,pooled_blood_group_product,197.0,0.19047619047619047,25.2,258.2,61.2,61.2,0.0,Low,Moderate
BB_0022,A_pos,cryoprecipitate,2,260.5,9.192388155425117,196.5,136.0,14.71,365,15.986014398875405,15.986014398875405,pooled_blood_group_product,196.5,0.19047619047619047,26.4,286.9,90.4,90.4,0.0,Low,Moderate
BB_0022,A_pos,fresh_frozen_plasma,2,253.5,16.263455967290593,204.0,129.0,13.2,365,15.175972252331889,15.175972252331889,pooled_blood_group_product,204.0,0.19047619047619047,25.0,278.5,74.5,74.5,0.0,Low,Low
BB_0022,A_pos,group_O_neg_emergency,3,267.6666666666667,21.571586249817923,198.66666666666666,143.0,19.963333333333335,42,16.934146373239873,16.934146373239873,pooled_blood_group_product,198.66666666666666,0.19047619047619047,27.9,295.6,96.9,96.9,0.0,Low,High
BB_0022,A_pos,packed_RBC,2,246.5,13.435028842544403,210.5,158.5,19.89,42,15.974157533973031,15.974157533973031,pooled_blood_group_product,210.5,0.19047619047619047,26.4,272.9,62.4,62.4,0.0,Low,High
BB_0022,A_pos,platelet_concentrate,3,254.0,24.24871130596428,204.66666666666666,136.33333333333334,16.26,5,15.570295650182972,15.570295650182972,pooled_blood_group_product,204.66666666666666,0.19047619047619047,25.7,279.7,75.0,75.0,0.0,Low,Moderate
BB_0022,A_pos,whole_blood,1,276.0,,216.0,151.0,12.04,42,16.26859652330014,16.26859652330014,pooled_blood_group_product,216.0,0.19047619047619047,26.8,302.8,86.8,86.8,0.0,Low,Low
BB_0022,B_neg,fresh_frozen_plasma,1,267.0,,228.0,160.0,8.77,365,18.483089984756752,18.483089984756752,pooled_blood_group_product,228.0,0.19047619047619047,30.5,297.5,69.5,69.5,0.0,Low,Low
BB_0022,B_pos,cryoprecipitate,1,254.0,,193.0,144.0,15.54,365,15.142364873820988,15.142364873820988,pooled_blood_group_product,193.0,0.19047619047619047,25.0,279.0,86.0,86.0,0.0,Low,Moderate
BB_0022,B_pos,fresh_frozen_plasma,2,268.0,8.48528137423857,201.0,151.5,14.78,365,15.753623140581702,15.753623140581702,pooled_blood_group_product,201.0,0.19047619047619047,26.0,294.0,93.0,93.0,0.0,Low,Moderate
BB_0022,B_pos,group_O_neg_emergency,2,261.0,36.76955262170047,182.5,126.0,22.56,42,15.327786820822924,15.327786820822924,pooled_blood_group_product,182.5,0.19047619047619047,25.3,286.3,103.8,103.8,0.0,Low,High
BB_0022,B_pos,packed_RBC,3,247.33333333333334,19.295940851208407,204.66666666666666,135.33333333333334,22.356666666666666,42,15.425681398117081,15.425681398117081,pooled_blood_group_product,204.66666666666666,0.19047619047619047,25.5,272.8,68.1,68.1,0.0,Low,High
BB_0022,B_pos,platelet_concentrate,2,257.0,7.0710678118654755,217.5,158.5,15.93,5,15.918915219368015,15.918915219368015,pooled_blood_group_product,217.5,0.19047619047619047,26.3,283.3,65.8,65.8,0.0,Low,Moderate
BB_0022,B_pos,whole_blood,4,246.75,14.244882121894399,202.25,146.25,20.0075,42,15.616055501636811,15.616055501636811,pooled_blood_group_product,202.25,0.19047619047619047,25.8,272.6,70.4,70.4,0.0,Low,High
BB_0022,O_pos,cryoprecipitate,6,250.16666666666666,11.089033621856625,204.83333333333334,157.83333333333334,14.248333333333333,365,15.956259435791292,11.089033621856625,own_history,204.83333333333334,0.19047619047619047,18.3,268.5,63.7,63.7,0.0,Low,Moderate
BB_0022,O_pos,fresh_frozen_plasma,6,245.0,18.7723200484117,183.66666666666666,133.83333333333334,18.478333333333335,365,16.129072159319048,18.7723200484117,own_history,183.66666666666666,0.19047619047619047,31.0,276.0,92.3,92.3,0.0,Low,Moderate
BB_0022,O_pos,group_O_neg_emergency,4,245.0,14.628738838327793,203.5,136.25,16.682499999999997,42,15.59947653940603,15.59947653940603,pooled_blood_group_product,203.5,0.19047619047619047,25.7,270.7,67.2,67.2,0.0,Low,Moderate
BB_0022,O_pos,packed_RBC,5,250.4,14.842506526863986,196.4,134.0,17.574,42,16.220879283084294,14.842506526863986,own_history,196.4,0.19047619047619047,24.5,274.9,78.5,78.5,0.0,Low,Moderate
BB_0022,O_pos,platelet_concentrate,4,235.0,16.87206764645835,194.5,125.5,13.91,5,15.814220480272407,15.814220480272407,pooled_blood_group_product,194.5,0.19047619047619047,26.1,261.1,66.6,66.6,0.0,Low,Low
BB_0022,O_pos,whole_blood,5,256.8,16.48332490731163,209.4,153.8,15.178,42,15.320728507460478,16.48332490731163,own_history,209.4,0.19047619047619047,27.2,284.0,74.6,74.6,0.0,Low,Moderate
BB_0023,AB_pos,platelet_concentrate,2,251.5,38.890872965260115,209.0,157.5,19.134999999999998,5,14.27616380960629,14.27616380960629,pooled_blood_group_product,209.0,0.17857142857142858,23.6,275.1,66.1,66.1,0.0,Low,High
BB_0023,AB_pos,whole_blood,1,243.0,,189.0,187.0,7.41,42,13.606168437472475,13.606168437472475,pooled_blood_group_product,189.0,0.17857142857142858,22.5,265.5,76.5,76.5,0.0,Low,Low
BB_0023,A_neg,group_O_neg_emergency,1,269.0,,223.0,172.0,15.25,42,15.275919791953486,15.275919791953486,pooled_blood_group_product,223.0,0.17857142857142858,25.2,294.2,71.2,71.2,0.0,Low,Moderate
BB_0023,A_neg,packed_RBC,1,243.0,,208.0,153.0,15.38,42,14.982321915176227,14.982321915176227,pooled_blood_group_product,208.0,0.17857142857142858,24.7,267.7,59.7,59.7,0.0,Low,Moderate
BB_0023,A_neg,platelet_concentrate,1,254.0,,192.0,149.0,23.44,5,15.26163614252437,15.26163614252437,pooled_blood_group_product,192.0,0.17857142857142858,25.2,279.2,87.2,87.2,0.0,Low,High
BB_0023,A_pos,group_O_neg_emergency,1,253.0,,202.0,171.0,26.73,42,16.934146373239873,16.934146373239873,pooled_blood_group_product,202.0,0.17857142857142858,27.9,280.9,78.9,78.9,0.0,Low,High
BB_0023,A_pos,packed_RBC,3,235.0,4.358898943540674,202.33333333333334,135.33333333333334,19.146666666666665,42,15.974157533973031,15.974157533973031,pooled_blood_group_product,202.33333333333334,0.17857142857142858,26.4,261.4,59.1,59.1,0.0,Low,High
BB_0023,A_pos,platelet_concentrate,3,246.33333333333334,2.08166599946613,203.66666666666666,146.33333333333334,13.44,5,15.570295650182972,15.570295650182972,pooled_blood_group_product,203.66666666666666,0.17857142857142858,25.7,272.0,68.3,68.3,0.0,Low,Low
BB_0023,A_pos,whole_blood,3,251.33333333333334,8.736894948054108,198.0,155.66666666666666,12.1,42,16.26859652330014,16.26859652330014,pooled_blood_group_product,198.0,0.17857142857142858,26.8,278.1,80.1,80.1,0.0,Low,Low
BB_0023,B_pos,group_O_neg_emergency,1,238.0,,211.0,133.0,11.85,42,15.327786820822924,15.327786820822924,pooled_blood_group_product,211.0,0.17857142857142858,25.3,263.3,52.3,52.3,0.0,Low,Low
BB_0023,B_pos,packed_RBC,4,257.75,8.421203397773183,200.75,145.75,16.9425,42,15.425681398117081,15.425681398117081,pooled_blood_group_product,200.75,0.17857142857142858,25.5,283.2,82.4,82.4,0.0,Low,Moderate
BB_0023,B_pos,platelet_concentrate,2,239.0,2.8284271247461903,194.0,146.5,26.805,5,15.918915219368015,15.918915219368015,pooled_blood_group_product,194.0,0.17857142857142858,26.3,265.3,71.3,71.3,0.0,Low,High
BB_0023,B_pos,whole_blood,1,270.0,,209.0,111.0,20.57,42,15.616055501636811,15.616055501636811,pooled_blood_group_product,209.0,0.17857142857142858,25.8,295.8,86.8,86.8,0.0,Low,High
BB_0023,O_neg,platelet_concentrate,1,253.0,,216.0,170.0,23.15,5,16.930706830055033,16.930706830055033,pooled_blood_group_product,216.0,0.17857142857142858,27.9,280.9,64.9,64.9,0.0,Low,High
BB_0023,O_pos,cryoprecipitate,10,253.3,15.923776771440457,200.8,136.8,18.097,365,15.956259435791292,15.923776771440457,own_history,200.8,0.17857142857142858,26.3,279.6,78.8,78.8,0.0,Low,Moderate
BB_0023,O_pos,fresh_frozen_plasma,10,250.0,12.849556844930921,201.8,141.4,16.243000000000002,365,16.129072159319048,12.849556844930921,own_history,201.8,0.17857142857142858,21.2,271.2,69.4,69.4,0.0,Low,Moderate
BB_0023,O_pos,group_O_neg_emergency,2,247.0,2.8284271247461903,186.0,132.0,21.735,42,15.59947653940603,15.59947653940603,pooled_blood_group_product,186.0,0.17857142857142858,25.7,272.7,86.7,86.7,0.0,Low,High
BB_0023,O_pos,packed_RBC,2,249.0,5.656854249492381,214.5,153.0,15.96,42,16.220879283084294,16.220879283084294,pooled_blood_group_product,214.5,0.17857142857142858,26.8,275.8,61.3,61.3,0.0,Low,Moderate
BB_0023,O_pos,platelet_concentrate,1,258.0,,181.0,116.0,16.57,5,15.814220480272407,15.814220480272407,pooled_blood_group_product,181.0,0.17857142857142858,26.1,284.1,103.1,103.1,0.0,Low,Moderate
BB_0023,O_pos,whole_blood,6,248.33333333333334,18.98069194383247,192.16666666666666,139.16666666666666,16.641666666666666,42,15.320728507460478,18.98069194383247,own_history,192.16666666666666,0.17857142857142858,31.3,279.6,87.4,87.4,0.0,Low,Moderate
BB_0024,AB_neg,cryoprecipitate,2,240.0,4.242640687119285,193.5,135.0,19.49,365,13.13504517558679,13.13504517558679,pooled_blood_group_product,193.5,0.23809523809523808,21.7,261.7,68.2,68.2,0.0,Low,Moderate
BB_0024,AB_pos,group_O_neg_emergency,2,251.0,25.45584412271571,194.0,144.5,16.48,42,16.01343479009551,16.01343479009551,pooled_blood_group_product,194.0,0.23809523809523808,26.4,277.4,83.4,83.4,0.0,Low,Moderate
BB_0024,AB_pos,platelet_concentrate,3,252.66666666666666,9.018499505645785,211.0,140.33333333333334,24.396666666666665,5,14.27616380960629,14.27616380960629,pooled_blood_group_product,211.0,0.23809523809523808,23.6,276.3,65.3,65.3,0.0,Low,High
BB_0024,A_neg,whole_blood,1,250.0,,204.0,142.0,16.67,42,16.829684030913054,16.829684030913054,pooled_blood_group_product,204.0,0.23809523809523808,27.8,277.8,73.8,73.8,0.0,Low,Moderate
BB_0024,A_pos,cryoprecipitate,1,214.0,,189.0,137.0,6.35,365,15.986014398875405,15.986014398875405,pooled_blood_group_product,189.0,0.23809523809523808,26.4,240.4,51.4,51.4,0.0,Low,Low
BB_0024,A_pos,fresh_frozen_plasma,3,262.0,13.856406460551018,197.33333333333334,144.33333333333334,14.799999999999999,365,15.175972252331889,15.175972252331889,pooled_blood_group_product,197.33333333333334,0.23809523809523808,25.0,287.0,89.7,89.7,0.0,Low,Moderate
BB_0024,A_pos,group_O_neg_emergency,5,244.6,17.854971296532515,183.6,144.4,17.72,42,16.934146373239873,17.854971296532515,own_history,183.6,0.23809523809523808,29.5,274.1,90.5,90.5,0.0,Low,Moderate
BB_0024,A_pos,whole_blood,1,253.0,,192.0,111.0,17.19,42,16.26859652330014,16.26859652330014,pooled_blood_group_product,192.0,0.23809523809523808,26.8,279.8,87.8,87.8,0.0,Low,Moderate
BB_0024,B_neg,platelet_concentrate,1,245.0,,206.0,129.0,16.99,5,15.063664178898293,15.063664178898293,pooled_blood_group_product,206.0,0.23809523809523808,24.9,269.9,63.9,63.9,0.0,Low,Moderate
BB_0024,B_pos,cryoprecipitate,2,252.0,8.48528137423857,206.0,152.0,15.260000000000002,365,15.142364873820988,15.142364873820988,pooled_blood_group_product,206.0,0.23809523809523808,25.0,277.0,71.0,71.0,0.0,Low,Moderate
BB_0024,B_pos,fresh_frozen_plasma,2,242.5,16.263455967290593,198.0,128.0,17.42,365,15.753623140581702,15.753623140581702,pooled_blood_group_product,198.0,0.23809523809523808,26.0,268.5,70.5,70.5,0.0,Low,Moderate
BB_0024,B_pos,group_O_neg_emergency,1,225.0,,182.0,153.0,24.73,42,15.327786820822924,15.327786820822924,pooled_blood_group_product,182.0,0.23809523809523808,25.3,250.3,68.3,68.3,0.0,Low,High
BB_0024,B_pos,packed_RBC,1,254.0,,208.0,139.0,23.08,42,15.425681398117081,15.425681398117081,pooled_blood_group_product,208.0,0.23809523809523808,25.5,279.5,71.5,71.5,0.0,Low,High
BB_0024,B_pos,platelet_concentrate,6,263.6666666666667,8.2381227635103,198.5,138.5,16.661666666666665,5,15.918915219368015,8.2381227635103,own_history,198.5,0.23809523809523808,13.6,277.3,78.8,78.8,0.0,Low,Moderate
BB_0024,O_neg,fresh_frozen_plasma,1,258.0,,207.0,130.0,13.53,365,14.714175377770642,14.714175377770642,pooled_blood_group_product,207.0,0.23809523809523808,24.3,282.3,75.3,75.3,0.0,Low,Low
BB_0024,O_neg,whole_blood,1,289.0,,211.0,146.0,15.17,42,15.177301566829424,15.177301566829424,pooled_blood_group_product,211.0,0.23809523809523808,25.0,314.0,103.0,103.0,0.0,Low,Moderate
BB_0024,O_pos,cryoprecipitate,3,252.0,17.69180601295413,206.66666666666666,143.33333333333334,19.69333333333333,365,15.956259435791292,15.956259435791292,pooled_blood_group_product,206.66666666666666,0.23809523809523808,26.3,278.3,71.6,71.6,0.0,Low,Moderate
BB_0024,O_pos,fresh_frozen_plasma,4,249.0,9.556847457887637,204.0,135.0,16.81,365,16.129072159319048,16.129072159319048,pooled_blood_group_product,204.0,0.23809523809523808,26.6,275.6,71.6,71.6,0.0,Low,Moderate
BB_0024,O_pos,group_O_neg_emergency,9,241.44444444444446,15.517015749743171,205.88888888888889,138.77777777777777,13.237777777777778,42,15.59947653940603,15.517015749743171,own_history,205.88888888888889,0.23809523809523808,25.6,267.0,61.1,61.1,0.0,Low,Low
BB_0024,O_pos,packed_RBC,7,244.71428571428572,13.161994348809577,208.85714285714286,131.71428571428572,14.02,42,16.220879283084294,13.161994348809577,own_history,208.85714285714286,0.23809523809523808,21.7,266.4,57.5,57.5,0.0,Low,Moderate
BB_0024,O_pos,platelet_concentrate,3,245.66666666666666,9.291573243177572,198.33333333333334,126.66666666666667,18.290000000000003,5,15.814220480272407,15.814220480272407,pooled_blood_group_product,198.33333333333334,0.23809523809523808,26.1,271.8,73.5,73.5,0.0,Low,Moderate
BB_0024,O_pos,whole_blood,4,255.25,13.93735986476635,202.75,141.5,17.75,42,15.320728507460478,15.320728507460478,pooled_blood_group_product,202.75,0.23809523809523808,25.3,280.6,77.9,77.9,0.0,Low,Moderate
BB_0025,AB_pos,cryoprecipitate,1,234.0,,203.0,168.0,20.69,365,16.64565006228281,16.64565006228281,pooled_blood_group_product,203.0,0.3013698630136986,27.5,261.5,58.5,58.5,0.0,Low,Moderate
BB_0025,AB_pos,fresh_frozen_plasma,2,237.5,13.435028842544403,213.0,139.0,12.23,365,15.529870914464443,15.529870914464443,pooled_blood_group_product,213.0,0.3013698630136986,25.6,263.1,50.1,50.1,0.0,Low,Low
BB_0025,AB_pos,group_O_neg_emergency,2,236.0,26.870057685088806,199.0,127.5,17.315,42,16.01343479009551,16.01343479009551,pooled_blood_group_product,199.0,0.3013698630136986,26.4,262.4,63.4,63.4,0.0,Low,Moderate
BB_0025,AB_pos,platelet_concentrate,2,251.0,4.242640687119285,202.5,148.5,16.95,5,14.27616380960629,14.27616380960629,pooled_blood_group_product,202.5,0.3013698630136986,23.6,274.6,72.1,72.1,0.0,Low,Moderate
BB_0025,AB_pos,whole_blood,2,265.5,14.849242404917497,208.0,146.5,16.38,42,13.606168437472475,13.606168437472475,pooled_blood_group_product,208.0,0.3013698630136986,22.5,288.0,80.0,80.0,0.0,Low,Moderate
BB_0025,A_neg,fresh_frozen_plasma,3,246.0,11.532562594670797,191.66666666666666,124.66666666666667,12.106666666666667,365,15.630530767171415,15.630530767171415,pooled_blood_group_product,191.66666666666666,0.3013698630136986,25.8,271.8,80.1,80.1,0.0,Low,Low
BB_0025,A_neg,group_O_neg_emergency,1,261.0,,198.0,118.0,16.67,42,15.275919791953486,15.275919791953486,pooled_blood_group_product,198.0,0.3013698630136986,25.2,286.2,88.2,88.2,0.0,Low,Moderate
BB_0025,A_pos,cryoprecipitate,2,244.5,12.020815280171307,196.5,134.0,22.465,365,15.986014398875405,15.986014398875405,pooled_blood_group_product,196.5,0.3013698630136986,26.4,270.9,74.4,74.4,0.0,Low,Moderate
BB_0025,A_pos,fresh_frozen_plasma,2,257.0,8.48528137423857,204.0,154.0,15.68,365,15.175972252331889,15.175972252331889,pooled_blood_group_product,204.0,0.3013698630136986,25.0,282.0,78.0,78.0,0.0,Low,Moderate
BB_0025,A_pos,group_O_neg_emergency,1,262.0,,186.0,172.0,26.34,42,16.934146373239873,16.934146373239873,pooled_blood_group_product,186.0,0.3013698630136986,27.9,289.9,103.9,103.9,0.0,Low,High
BB_0025,A_pos,packed_RBC,3,260.0,6.0,201.0,154.33333333333334,16.55666666666667,42,15.974157533973031,15.974157533973031,pooled_blood_group_product,201.0,0.3013698630136986,26.4,286.4,85.4,85.4,0.0,Low,Moderate
BB_0025,A_pos,platelet_concentrate,2,243.0,14.142135623730951,198.0,145.0,20.635,5,15.570295650182972,15.570295650182972,pooled_blood_group_product,198.0,0.3013698630136986,25.7,268.7,70.7,70.7,0.0,Low,High
BB_0025,A_pos,whole_blood,2,237.0,11.313708498984761,204.5,133.5,13.030000000000001,42,16.26859652330014,16.26859652330014,pooled_blood_group_product,204.5,0.3013698630136986,26.8,263.8,59.3,59.3,0.0,Low,Low
BB_0025,B_neg,packed_RBC,1,234.0,,194.0,128.0,7.22,42,17.510386528104863,17.510386528104863,pooled_blood_group_product,194.0,0.3013698630136986,28.9,262.9,68.9,68.9,0.0,Low,Low
BB_0025,B_pos,cryoprecipitate,2,249.0,29.698484809834994,191.0,133.5,22.189999999999998,365,15.142364873820988,15.142364873820988,pooled_blood_group_product,191.0,0.3013698630136986,25.0,274.0,83.0,83.0,0.0,Low,Moderate
BB_0025,B_pos,fresh_frozen_plasma,3,260.0,11.532562594670797,192.33333333333334,133.66666666666666,18.34,365,15.753623140581702,15.753623140581702,pooled_blood_group_product,192.33333333333334,0.3013698630136986,26.0,286.0,93.7,93.7,0.0,Low,Moderate
BB_0025,B_pos,group_O_neg_emergency,1,264.0,,178.0,148.0,19.1,42,15.327786820822924,15.327786820822924,pooled_blood_group_product,178.0,0.3013698630136986,25.3,289.3,111.3,111.3,0.0,Low,High
BB_0025,B_pos,packed_RBC,1,220.0,,196.0,160.0,22.96,42,15.425681398117081,15.425681398117081,pooled_blood_group_product,196.0,0.3013698630136986,25.5,245.5,49.5,49.5,0.0,Low,High
BB_0025,B_pos,platelet_concentrate,3,246.66666666666666,31.64385143014885,198.66666666666666,122.66666666666667,15.493333333333334,5,15.918915219368015,15.918915219368015,pooled_blood_group_product,198.66666666666666,0.3013698630136986,26.3,273.0,74.3,74.3,0.0,Low,Moderate
BB_0025,B_pos,whole_blood,2,245.0,11.313708498984761,186.0,147.0,18.18,42,15.616055501636811,15.616055501636811,pooled_blood_group_product,186.0,0.3013698630136986,25.8,270.8,84.8,84.8,0.0,Low,Moderate
BB_0025,O_neg,fresh_frozen_plasma,1,272.0,,216.0,150.0,19.44,365,14.714175377770642,14.714175377770642,pooled_blood_group_product,216.0,0.3013698630136986,24.3,296.3,80.3,80.3,0.0,Low,Moderate
BB_0025,O_neg,group_O_neg_emergency,1,244.0,,212.0,149.0,7.55,42,15.737583585569908,15.737583585569908,pooled_blood_group_product,212.0,0.3013698630136986,26.0,270.0,58.0,58.0,0.0,Low,Low
BB_0025,O_neg,platelet_concentrate,2,245.0,2.8284271247461903,223.0,148.5,16.560000000000002,5,16.930706830055033,16.930706830055033,pooled_blood_group_product,223.0,0.3013698630136986,27.9,272.9,49.9,49.9,0.0,Low,Moderate
BB_0025,O_pos,cryoprecipitate,4,245.5,14.843629385474877,199.75,126.5,18.6675,365,15.956259435791292,15.956259435791292,pooled_blood_group_product,199.75,0.3013698630136986,26.3,271.8,72.1,72.1,0.0,Low,Moderate
BB_0025,O_pos,fresh_frozen_plasma,9,247.33333333333334,21.97157254271983,204.11111111111111,138.0,17.016666666666666,365,16.129072159319048,21.97157254271983,own_history,204.11111111111111,0.3013698630136986,36.3,283.6,79.5,79.5,0.0,Low,Moderate
BB_0025,O_pos,group_O_neg_emergency,4,233.5,13.025615788386617,188.25,144.5,15.700000000000001,42,15.59947653940603,15.59947653940603,pooled_blood_group_product,188.25,0.3013698630136986,25.7,259.2,70.9,70.9,0.0,Low,Moderate
BB_0025,O_pos,packed_RBC,6,244.5,14.625320509308505,201.16666666666666,143.5,17.76,42,16.220879283084294,14.625320509308505,own_history,201.16666666666666,0.3013698630136986,24.1,268.6,67.4,67.4,0.0,Low,Moderate
BB_0025,O_pos,platelet_concentrate,4,248.0,4.830458915396476,196.25,147.5,16.2675,5,15.814220480272407,15.814220480272407,pooled_blood_group_product,196.25,0.3013698630136986,26.1,274.1,77.9,77.9,0.0,Low,Moderate
BB_0025,O_pos,whole_blood,4,236.25,14.430869689661812,195.5,153.25,11.6525,42,15.320728507460478,15.320728507460478,pooled_blood_group_product,195.5,0.3013698630136986,25.3,261.6,66.1,66.1,0.0,Low,Low
BB_0026,AB_neg,cryoprecipitate,1,232.0,,201.0,126.0,20.9,365,13.13504517558679,13.13504517558679,pooled_blood_group_product,201.0,0.28378378378378377,21.7,253.7,52.7,52.7,0.0,Low,Moderate
BB_0026,AB_neg,group_O_neg_emergency,1,248.0,,225.0,154.0,16.0,42,14.768157012249755,14.768157012249755,pooled_blood_group_product,225.0,0.28378378378378377,24.4,272.4,47.4,47.4,0.0,Low,Moderate
BB_0026,AB_neg,whole_blood,1,224.0,,178.0,138.0,14.61,42,17.64053303608203,17.64053303608203,pooled_blood_group_product,178.0,0.28378378378378377,29.1,253.1,75.1,75.1,0.0,Low,Moderate
BB_0026,AB_pos,cryoprecipitate,2,256.0,16.97056274847714,187.0,119.0,19.52,365,16.64565006228281,16.64565006228281,pooled_blood_group_product,187.0,0.28378378378378377,27.5,283.5,96.5,96.5,0.0,Low,Moderate
BB_0026,A_neg,cryoprecipitate,1,224.0,,212.0,136.0,24.53,365,14.243844171226868,14.243844171226868,pooled_blood_group_product,212.0,0.28378378378378377,23.5,247.5,35.5,35.5,0.0,Low,Moderate
BB_0026,A_pos,cryoprecipitate,3,252.0,20.42057785666214,205.0,159.66666666666666,15.086666666666666,365,15.986014398875405,15.986014398875405,pooled_blood_group_product,205.0,0.28378378378378377,26.4,278.4,73.4,73.4,0.0,Low,Moderate
BB_0026,A_pos,fresh_frozen_plasma,3,244.0,18.027756377319946,194.66666666666666,125.33333333333333,17.11,365,15.175972252331889,15.175972252331889,pooled_blood_group_product,194.66666666666666,0.28378378378378377,25.0,269.0,74.3,74.3,0.0,Low,Moderate
BB_0026,A_pos,group_O_neg_emergency,2,246.0,7.0710678118654755,181.0,113.5,17.055,42,16.934146373239873,16.934146373239873,pooled_blood_group_product,181.0,0.28378378378378377,27.9,273.9,92.9,92.9,0.0,Low,Moderate
BB_0026,A_pos,packed_RBC,6,259.0,12.457929201917946,202.0,143.0,17.41,42,15.974157533973031,12.457929201917946,own_history,202.0,0.28378378378378377,20.6,279.6,77.6,77.6,0.0,Low,Moderate
BB_0026,A_pos,platelet_concentrate,1,240.0,,197.0,155.0,16.24,5,15.570295650182972,15.570295650182972,pooled_blood_group_product,197.0,0.28378378378378377,25.7,265.7,68.7,68.7,0.0,Low,Moderate
BB_0026,A_pos,whole_blood,4,244.5,22.397916569776456,201.75,110.25,16.4575,42,16.26859652330014,16.26859652330014,pooled_blood_group_product,201.75,0.28378378378378377,26.8,271.3,69.6,69.6,0.0,Low,Moderate
BB_0026,B_neg,cryoprecipitate,1,227.0,,201.0,135.0,26.37,365,14.855008056807502,14.855008056807502,pooled_blood_group_product,201.0,0.28378378378378377,24.5,251.5,50.5,50.5,0.0,Low,Moderate
BB_0026,B_neg,fresh_frozen_plasma,1,278.0,,203.0,182.0,9.36,365,18.483089984756752,18.483089984756752,pooled_blood_group_product,203.0,0.28378378378378377,30.5,308.5,105.5,105.5,0.0,Low,Low
BB_0026,B_pos,cryoprecipitate,4,257.5,20.85665361461421,197.5,140.5,19.22,365,15.142364873820988,15.142364873820988,pooled_blood_group_product,197.5,0.28378378378378377,25.0,282.5,85.0,85.0,0.0,Low,Moderate
BB_0026,B_pos,fresh_frozen_plasma,4,241.75,18.83923211457056,204.25,136.25,14.84,365,15.753623140581702,15.753623140581702,pooled_blood_group_product,204.25,0.28378378378378377,26.0,267.8,63.6,63.6,0.0,Low,Moderate
BB_0026,B_pos,group_O_neg_emergency,3,263.6666666666667,17.92577287966501,214.66666666666666,163.66666666666666,13.280000000000001,42,15.327786820822924,15.327786820822924,pooled_blood_group_product,214.66666666666666,0.28378378378378377,25.3,289.0,74.3,74.3,0.0,Low,Low
BB_0026,B_pos,packed_RBC,2,242.5,28.991378028648448,208.0,137.0,20.125,42,15.425681398117081,15.425681398117081,pooled_blood_group_product,208.0,0.28378378378378377,25.5,268.0,60.0,60.0,0.0,Low,High
BB_0026,B_pos,whole_blood,4,245.25,23.27194305023397,202.25,140.25,12.57,42,15.616055501636811,15.616055501636811,pooled_blood_group_product,202.25,0.28378378378378377,25.8,271.0,68.8,68.8,0.0,Low,Low
BB_0026,O_neg,cryoprecipitate,3,240.0,21.517434791350013,217.0,137.33333333333334,16.956666666666667,365,16.832005704612282,16.832005704612282,pooled_blood_group_product,217.0,0.28378378378378377,27.8,267.8,50.8,50.8,0.0,Low,Moderate
BB_0026,O_neg,fresh_frozen_plasma,1,240.0,,219.0,172.0,10.05,365,14.714175377770642,14.714175377770642,pooled_blood_group_product,219.0,0.28378378378378377,24.3,264.3,45.3,45.3,0.0,Low,Low
BB_0026,O_neg,whole_blood,1,249.0,,190.0,146.0,10.0,42,15.177301566829424,15.177301566829424,pooled_blood_group_product,190.0,0.28378378378378377,25.0,274.0,84.0,84.0,0.0,Low,Low
BB_0026,O_pos,cryoprecipitate,2,251.0,2.8284271247461903,192.0,136.5,15.31,365,15.956259435791292,15.956259435791292,pooled_blood_group_product,192.0,0.28378378378378377,26.3,277.3,85.3,85.3,0.0,Low,Moderate
BB_0026,O_pos,fresh_frozen_plasma,6,262.1666666666667,10.943795807061953,200.5,147.16666666666666,16.916666666666668,365,16.129072159319048,10.943795807061953,own_history,200.5,0.28378378378378377,18.1,280.3,79.8,79.8,0.0,Low,Moderate
BB_0026,O_pos,group_O_neg_emergency,3,252.0,15.716233645501712,195.33333333333334,152.33333333333334,18.02,42,15.59947653940603,15.59947653940603,pooled_blood_group_product,195.33333333333334,0.28378378378378377,25.7,277.7,82.4,82.4,0.0,Low,Moderate
BB_0026,O_pos,packed_RBC,4,240.0,16.309506430300093,199.25,124.25,15.585,42,16.220879283084294,16.220879283084294,pooled_blood_group_product,199.25,0.28378378378378377,26.8,266.8,67.6,67.6,0.0,Low,Moderate
BB_0026,O_pos,platelet_concentrate,6,249.0,8.76356092008266,189.66666666666666,138.33333333333334,20.831666666666667,5,15.814220480272407,8.76356092008266,own_history,189.66666666666666,0.28378378378378377,14.5,263.5,73.8,73.8,0.0,Low,High
BB_0026,O_pos,whole_blood,4,250.75,9.912113800799505,201.75,147.0,12.5775,42,15.320728507460478,15.320728507460478,pooled_blood_group_product,201.75,0.28378378378378377,25.3,276.0,74.2,74.2,0.0,Low,Low
BB_0027,AB_neg,fresh_frozen_plasma,1,274.0,,204.0,166.0,12.25,365,18.018509002319437,18.018509002319437,pooled_blood_group_product,204.0,0.3508771929824561,29.7,303.7,99.7,99.7,0.0,Low,Low
BB_0027,AB_pos,fresh_frozen_plasma,2,251.5,4.949747468305833,211.5,149.5,20.185,365,15.529870914464443,15.529870914464443,pooled_blood_group_product,211.5,0.3508771929824561,25.6,277.1,65.6,65.6,0.0,Low,Moderate
BB_0027,AB_pos,whole_blood,1,270.0,,200.0,112.0,11.0,42,13.606168437472475,13.606168437472475,pooled_blood_group_product,200.0,0.3508771929824561,22.5,292.5,92.5,92.5,0.0,Low,Low
BB_0027,A_neg,group_O_neg_emergency,1,276.0,,184.0,103.0,16.3,42,15.275919791953486,15.275919791953486,pooled_blood_group_product,184.0,0.3508771929824561,25.2,301.2,117.2,117.2,0.0,Low,Moderate
BB_0027,A_pos,cryoprecipitate,2,245.5,2.1213203435596424,193.5,142.5,19.049999999999997,365,15.986014398875405,15.986014398875405,pooled_blood_group_product,193.5,0.3508771929824561,26.4,271.9,78.4,78.4,0.0,Low,Moderate
BB_0027,A_pos,fresh_frozen_plasma,5,245.6,12.300406497347964,203.8,133.8,11.758,365,15.175972252331889,12.300406497347964,own_history,203.8,0.3508771929824561,20.3,265.9,62.1,62.1,0.0,Low,Low
BB_0027,A_pos,group_O_neg_emergency,3,251.33333333333334,24.090108620206205,192.33333333333334,146.0,19.80333333333333,42,16.934146373239873,16.934146373239873,pooled_blood_group_product,192.33333333333334,0.3508771929824561,27.9,279.2,86.9,86.9,0.0,Low,High
BB_0027,A_pos,packed_RBC,4,246.5,9.983319421247959,196.75,136.25,16.11,42,15.974157533973031,15.974157533973031,pooled_blood_group_product,196.75,0.3508771929824561,26.4,272.9,76.1,76.1,0.0,Low,Moderate
BB_0027,A_pos,platelet_concentrate,3,245.0,11.135528725660043,206.33333333333334,157.33333333333334,21.486666666666668,5,15.570295650182972,15.570295650182972,pooled_blood_group_product,206.33333333333334,0.3508771929824561,25.7,270.7,64.4,64.4,0.0,Low,High
BB_0027,B_neg,platelet_concentrate,1,266.0,,191.0,84.0,9.95,5,15.063664178898293,15.063664178898293,pooled_blood_group_product,191.0,0.3508771929824561,24.9,290.9,99.9,99.9,0.0,Low,Low
BB_0027,B_pos,cryoprecipitate,2,262.5,14.849242404917497,206.0,152.5,15.450000000000001,365,15.142364873820988,15.142364873820988,pooled_blood_group_product,206.0,0.3508771929824561,25.0,287.5,81.5,81.5,0.0,Low,Moderate
BB_0027,B_pos,fresh_frozen_plasma,1,268.0,,198.0,115.0,13.64,365,15.753623140581702,15.753623140581702,pooled_blood_group_product,198.0,0.3508771929824561,26.0,294.0,96.0,96.0,0.0,Low,Low
BB_0027,B_pos,group_O_neg_emergency,2,253.0,12.727922061357855,189.5,152.0,16.09,42,15.327786820822924,15.327786820822924,pooled_blood_group_product,189.5,0.3508771929824561,25.3,278.3,88.8,88.8,0.0,Low,Moderate
BB_0027,B_pos,packed_RBC,2,252.5,9.192388155425117,197.0,149.5,14.105,42,15.425681398117081,15.425681398117081,pooled_blood_group_product,197.0,0.3508771929824561,25.5,278.0,81.0,81.0,0.0,Low,Moderate
BB_0027,B_pos,whole_blood,2,241.0,14.142135623730951,210.0,149.0,9.885,42,15.616055501636811,15.616055501636811,pooled_blood_group_product,210.0,0.3508771929824561,25.8,266.8,56.8,56.8,0.0,Low,Low
BB_0027,O_neg,platelet_concentrate,2,255.0,14.142135623730951,218.5,124.0,16.245,5,16.930706830055033,16.930706830055033,pooled_blood_group_product,218.5,0.3508771929824561,27.9,282.9,64.4,64.4,0.0,Low,Moderate
BB_0027,O_pos,cryoprecipitate,9,251.0,11.247221879201994,205.0,142.88888888888889,17.274444444444445,365,15.956259435791292,11.247221879201994,own_history,205.0,0.3508771929824561,18.6,269.6,64.6,64.6,0.0,Low,Moderate
BB_0027,O_pos,group_O_neg_emergency,2,260.5,13.435028842544403,211.5,141.5,16.724999999999998,42,15.59947653940603,15.59947653940603,pooled_blood_group_product,211.5,0.3508771929824561,25.7,286.2,74.7,74.7,0.0,Low,Moderate
BB_0027,O_pos,packed_RBC,3,254.33333333333334,6.65832811847939,215.66666666666666,147.33333333333334,16.856666666666666,42,16.220879283084294,16.220879283084294,pooled_blood_group_product,215.66666666666666,0.3508771929824561,26.8,281.1,65.4,65.4,0.0,Low,Moderate
BB_0027,O_pos,platelet_concentrate,4,251.25,16.700798384109266,205.25,134.25,20.765,5,15.814220480272407,15.814220480272407,pooled_blood_group_product,205.25,0.3508771929824561,26.1,277.4,72.1,72.1,0.0,Low,High
BB_0027,O_pos,whole_blood,5,232.8,15.122830422906953,195.2,137.2,18.082,42,15.320728507460478,15.122830422906953,own_history,195.2,0.3508771929824561,25.0,257.8,62.6,62.6,0.0,Low,Moderate
BB_0028,A_neg,cryoprecipitate,1,250.0,,191.0,143.0,24.08,365,14.243844171226868,14.243844171226868,pooled_blood_group_product,191.0,0.18571428571428572,23.5,273.5,82.5,82.5,0.0,Low,Moderate
BB_0028,A_pos,cryoprecipitate,5,256.0,6.2849025449882685,199.2,170.4,18.214,365,15.986014398875405,6.2849025449882685,own_history,199.2,0.18571428571428572,10.4,266.4,67.2,67.2,0.0,Low,Moderate
BB_0028,A_pos,fresh_frozen_plasma,1,262.0,,187.0,143.0,16.04,365,15.175972252331889,15.175972252331889,pooled_blood_group_product,187.0,0.18571428571428572,25.0,287.0,100.0,100.0,0.0,Low,Moderate
BB_0028,A_pos,group_O_neg_emergency,4,251.0,15.121728296285006,186.5,141.0,17.387500000000003,42,16.934146373239873,16.934146373239873,pooled_blood_group_product,186.5,0.18571428571428572,27.9,278.9,92.4,92.4,0.0,Low,Moderate
BB_0028,A_pos,packed_RBC,1,262.0,,209.0,155.0,11.0,42,15.974157533973031,15.974157533973031,pooled_blood_group_product,209.0,0.18571428571428572,26.4,288.4,79.4,79.4,0.0,Low,Low
BB_0028,A_pos,platelet_concentrate,1,213.0,,186.0,106.0,21.51,5,15.570295650182972,15.570295650182972,pooled_blood_group_product,186.0,0.18571428571428572,25.7,238.7,52.7,52.7,0.0,Low,High
BB_0028,A_pos,whole_blood,2,252.5,9.192388155425117,194.0,148.0,13.629999999999999,42,16.26859652330014,16.26859652330014,pooled_blood_group_product,194.0,0.18571428571428572,26.8,279.3,85.3,85.3,0.0,Low,Low
BB_0028,B_pos,cryoprecipitate,2,252.0,24.041630560342615,193.0,119.5,7.539999999999999,365,15.142364873820988,15.142364873820988,pooled_blood_group_product,193.0,0.18571428571428572,25.0,277.0,84.0,84.0,0.0,Low,Low
BB_0028,B_pos,fresh_frozen_plasma,4,256.0,9.345230512584122,212.0,120.0,15.3125,365,15.753623140581702,15.753623140581702,pooled_blood_group_product,212.0,0.18571428571428572,26.0,282.0,70.0,70.0,0.0,Low,Moderate
BB_0028,B_pos,group_O_neg_emergency,1,286.0,,201.0,143.0,3.48,42,15.327786820822924,15.327786820822924,pooled_blood_group_product,201.0,0.18571428571428572,25.3,311.3,110.3,110.3,0.0,Low,Low
BB_0028,B_pos,packed_RBC,6,246.33333333333334,21.388470414376684,199.66666666666666,134.0,17.793333333333333,42,15.425681398117081,21.388470414376684,own_history,199.66666666666666,0.18571428571428572,35.3,281.6,81.9,81.9,0.0,Low,Moderate
BB_0028,B_pos,platelet_concentrate,1,254.0,,218.0,171.0,23.39,5,15.918915219368015,15.918915219368015,pooled_blood_group_product,218.0,0.18571428571428572,26.3,280.3,62.3,62.3,0.0,Low,High
BB_0028,B_pos,whole_blood,3,231.66666666666666,7.234178138070239,199.0,139.0,16.59,42,15.616055501636811,15.616055501636811,pooled_blood_group_product,199.0,0.18571428571428572,25.8,257.5,58.5,58.5,0.0,Low,Moderate
BB_0028,O_neg,packed_RBC,1,230.0,,202.0,132.0,18.32,42,16.675768019539497,16.675768019539497,pooled_blood_group_product,202.0,0.18571428571428572,27.5,257.5,55.5,55.5,0.0,Low,Moderate
BB_0028,O_neg,platelet_concentrate,1,264.0,,210.0,184.0,10.95,5,16.930706830055033,16.930706830055033,pooled_blood_group_product,210.0,0.18571428571428572,27.9,291.9,81.9,81.9,0.0,Low,Low
BB_0028,O_neg,whole_blood,1,232.0,,238.0,167.0,2.52,42,15.177301566829424,15.177301566829424,pooled_blood_group_product,238.0,0.18571428571428572,25.0,257.0,19.0,19.0,0.0,Low,Low
BB_0028,O_pos,cryoprecipitate,6,250.66666666666666,19.916492328386212,189.83333333333334,144.0,17.321666666666665,365,15.956259435791292,19.916492328386212,own_history,189.83333333333334,0.18571428571428572,32.9,283.6,93.8,93.8,0.0,Low,Moderate
BB_0028,O_pos,fresh_frozen_plasma,10,252.9,14.662499407975739,198.1,137.3,14.680000000000001,365,16.129072159319048,14.662499407975739,own_history,198.1,0.18571428571428572,24.2,277.1,79.0,79.0,0.0,Low,Moderate
BB_0028,O_pos,group_O_neg_emergency,6,261.5,16.009372255026122,199.16666666666666,133.0,18.235,42,15.59947653940603,16.009372255026122,own_history,199.16666666666666,0.18571428571428572,26.4,287.9,88.7,88.7,0.0,Low,Moderate
BB_0028,O_pos,packed_RBC,5,249.4,19.424211695716256,191.6,129.6,16.85,42,16.220879283084294,19.424211695716256,own_history,191.6,0.18571428571428572,32.0,281.4,89.8,89.8,0.0,Low,Moderate
BB_0028,O_pos,platelet_concentrate,3,235.0,13.114877048604,207.66666666666666,153.0,18.62,5,15.814220480272407,15.814220480272407,pooled_blood_group_product,207.66666666666666,0.18571428571428572,26.1,261.1,53.4,53.4,0.0,Low,Moderate
BB_0028,O_pos,whole_blood,5,256.0,10.977249200050075,203.6,153.2,17.622,42,15.320728507460478,10.977249200050075,own_history,203.6,0.18571428571428572,18.1,274.1,70.5,70.5,0.0,Low,Moderate
BB_0029,AB_pos,cryoprecipitate,1,263.0,,197.0,173.0,17.26,365,16.64565006228281,16.64565006228281,pooled_blood_group_product,197.0,0.15625,27.5,290.5,93.5,93.5,0.0,Low,Moderate
BB_0029,AB_pos,fresh_frozen_plasma,2,255.0,8.48528137423857,191.5,146.5,18.3,365,15.529870914464443,15.529870914464443,pooled_blood_group_product,191.5,0.15625,25.6,280.6,89.1,89.1,0.0,Low,Moderate
BB_0029,A_neg,group_O_neg_emergency,1,238.0,,188.0,92.0,24.47,42,15.275919791953486,15.275919791953486,pooled_blood_group_product,188.0,0.15625,25.2,263.2,75.2,75.2,0.0,Low,High
BB_0029,A_pos,cryoprecipitate,3,267.6666666666667,18.14754345175493,197.33333333333334,141.33333333333334,16.31,365,15.986014398875405,15.986014398875405,pooled_blood_group_product,197.33333333333334,0.15625,26.4,294.1,96.8,96.8,0.0,Low,Moderate
BB_0029,A_pos,fresh_frozen_plasma,2,256.5,14.849242404917497,201.5,125.0,16.79,365,15.175972252331889,15.175972252331889,pooled_blood_group_product,201.5,0.15625,25.0,281.5,80.0,80.0,0.0,Low,Moderate
BB_0029,A_pos,group_O_neg_emergency,1,240.0,,188.0,109.0,13.3,42,16.934146373239873,16.934146373239873,pooled_blood_group_product,188.0,0.15625,27.9,267.9,79.9,79.9,0.0,Low,Low
BB_0029,A_pos,packed_RBC,4,254.0,4.320493798938574,186.25,131.5,16.895,42,15.974157533973031,15.974157533973031,pooled_blood_group_product,186.25,0.15625,26.4,280.4,94.1,94.1,0.0,Low,Moderate
BB_0029,A_pos,platelet_concentrate,2,255.0,15.556349186104045,204.5,125.0,16.25,5,15.570295650182972,15.570295650182972,pooled_blood_group_product,204.5,0.15625,25.7,280.7,76.2,76.2,0.0,Low,Moderate
BB_0029,A_pos,whole_blood,6,249.5,22.949945533704433,208.0,154.66666666666666,16.108333333333334,42,16.26859652330014,22.949945533704433,own_history,208.0,0.15625,37.9,287.4,79.4,79.4,0.0,Low,Moderate
BB_0029,B_neg,platelet_concentrate,1,235.0,,179.0,143.0,10.06,5,15.063664178898293,15.063664178898293,pooled_blood_group_product,179.0,0.15625,24.9,259.9,80.9,80.9,0.0,Low,Low
BB_0029,B_pos,cryoprecipitate,3,263.0,19.313207915827967,205.0,161.33333333333334,18.650000000000002,365,15.142364873820988,15.142364873820988,pooled_blood_group_product,205.0,0.15625,25.0,288.0,83.0,83.0,0.0,Low,Moderate
BB_0029,B_pos,group_O_neg_emergency,2,253.0,25.45584412271571,197.5,139.5,13.65,42,15.327786820822924,15.327786820822924,pooled_blood_group_product,197.5,0.15625,25.3,278.3,80.8,80.8,0.0,Low,Low
BB_0029,B_pos,packed_RBC,1,250.0,,155.0,122.0,21.29,42,15.425681398117081,15.425681398117081,pooled_blood_group_product,155.0,0.15625,25.5,275.5,120.5,120.5,0.0,Low,High
BB_0029,B_pos,platelet_concentrate,2,236.5,6.363961030678928,200.5,151.5,13.594999999999999,5,15.918915219368015,15.918915219368015,pooled_blood_group_product,200.5,0.15625,26.3,262.8,62.3,62.3,0.0,Low,Low
BB_0029,B_pos,whole_blood,1,262.0,,192.0,161.0,14.58,42,15.616055501636811,15.616055501636811,pooled_blood_group_product,192.0,0.15625,25.8,287.8,95.8,95.8,0.0,Low,Moderate
BB_0029,O_neg,fresh_frozen_plasma,1,262.0,,188.0,146.0,19.68,365,14.714175377770642,14.714175377770642,pooled_blood_group_product,188.0,0.15625,24.3,286.3,98.3,98.3,0.0,Low,Moderate
BB_0029,O_neg,group_O_neg_emergency,2,254.5,0.7071067811865476,192.0,146.5,16.674999999999997,42,15.737583585569908,15.737583585569908,pooled_blood_group_product,192.0,0.15625,26.0,280.5,88.5,88.5,0.0,Low,Moderate
BB_0029,O_neg,platelet_concentrate,1,219.0,,206.0,146.0,17.48,5,16.930706830055033,16.930706830055033,pooled_blood_group_product,206.0,0.15625,27.9,246.9,40.9,40.9,0.0,Low,Moderate
BB_0029,O_pos,cryoprecipitate,6,241.33333333333334,15.055453054181621,192.83333333333334,129.83333333333334,20.973333333333333,365,15.956259435791292,15.055453054181621,own_history,192.83333333333334,0.15625,24.8,266.1,73.3,73.3,0.0,Low,Moderate
BB_0029,O_pos,fresh_frozen_plasma,5,238.4,10.737783756436894,200.0,143.8,16.944,365,16.129072159319048,10.737783756436894,own_history,200.0,0.15625,17.7,256.1,56.1,56.1,0.0,Low,Moderate
BB_0029,O_pos,group_O_neg_emergency,5,249.8,19.96747355075249,190.4,124.4,15.886000000000001,42,15.59947653940603,19.96747355075249,own_history,190.4,0.15625,32.9,282.7,92.3,92.3,0.0,Low,Moderate
BB_0029,O_pos,packed_RBC,6,241.33333333333334,12.500666648889837,197.5,136.83333333333334,17.533333333333335,42,16.220879283084294,12.500666648889837,own_history,197.5,0.15625,20.6,261.9,64.4,64.4,0.0,Low,Moderate
BB_0029,O_pos,platelet_concentrate,3,260.0,23.065125189341593,200.0,161.0,19.82,5,15.814220480272407,15.814220480272407,pooled_blood_group_product,200.0,0.15625,26.1,286.1,86.1,86.1,0.0,Low,High
BB_0029,O_pos,whole_blood,3,250.33333333333334,5.507570547286106,208.33333333333334,150.33333333333334,11.426666666666668,42,15.320728507460478,15.320728507460478,pooled_blood_group_product,208.33333333333334,0.15625,25.3,275.6,67.3,67.3,0.0,Low,Low
BB_0030,AB_pos,fresh_frozen_plasma,1,259.0,,183.0,136.0,16.94,365,15.529870914464443,15.529870914464443,pooled_blood_group_product,183.0,0.265625,25.6,284.6,101.6,101.6,0.0,Low,Moderate
BB_0030,AB_pos,group_O_neg_emergency,1,233.0,,171.0,147.0,23.39,42,16.01343479009551,16.01343479009551,pooled_blood_group_product,171.0,0.265625,26.4,259.4,88.4,88.4,0.0,Low,High
BB_0030,AB_pos,whole_blood,1,245.0,,152.0,113.0,19.74,42,13.606168437472475,13.606168437472475,pooled_blood_group_product,152.0,0.265625,22.5,267.5,115.5,115.5,0.0,Low,High
BB_0030,A_neg,fresh_frozen_plasma,2,261.0,0.0,197.0,141.0,16.27,365,15.630530767171415,15.630530767171415,pooled_blood_group_product,197.0,0.265625,25.8,286.8,89.8,89.8,0.0,Low,Moderate
BB_0030,A_pos,cryoprecipitate,1,249.0,,214.0,210.0,16.36,365,15.986014398875405,15.986014398875405,pooled_blood_group_product,214.0,0.265625,26.4,275.4,61.4,61.4,0.0,Low,Moderate
BB_0030,A_pos,fresh_frozen_plasma,4,249.0,11.40175425099138,199.5,123.0,17.445,365,15.175972252331889,15.175972252331889,pooled_blood_group_product,199.5,0.265625,25.0,274.0,74.5,74.5,0.0,Low,Moderate
BB_0030,A_pos,group_O_neg_emergency,1,246.0,,219.0,148.0,14.61,42,16.934146373239873,16.934146373239873,pooled_blood_group_product,219.0,0.265625,27.9,273.9,54.9,54.9,0.0,Low,Moderate
BB_0030,A_pos,packed_RBC,1,223.0,,203.0,111.0,13.79,42,15.974157533973031,15.974157533973031,pooled_blood_group_product,203.0,0.265625,26.4,249.4,46.4,46.4,0.0,Low,Low
BB_0030,A_pos,platelet_concentrate,1,229.0,,191.0,149.0,19.9,5,15.570295650182972,15.570295650182972,pooled_blood_group_product,191.0,0.265625,25.7,254.7,63.7,63.7,0.0,Low,High
BB_0030,A_pos,whole_blood,1,242.0,,202.0,120.0,17.82,42,16.26859652330014,16.26859652330014,pooled_blood_group_product,202.0,0.265625,26.8,268.8,66.8,66.8,0.0,Low,Moderate
BB_0030,B_neg,cryoprecipitate,1,261.0,,202.0,146.0,19.8,365,14.855008056807502,14.855008056807502,pooled_blood_group_product,202.0,0.265625,24.5,285.5,83.5,83.5,0.0,Low,Moderate
BB_0030,B_neg,group_O_neg_emergency,1,276.0,,222.0,174.0,16.67,42,16.421857975114715,16.421857975114715,pooled_blood_group_product,222.0,0.265625,27.1,303.1,81.1,81.1,0.0,Low,Moderate
BB_0030,B_pos,cryoprecipitate,1,279.0,,194.0,139.0,19.07,365,15.142364873820988,15.142364873820988,pooled_blood_group_product,194.0,0.265625,25.0,304.0,110.0,110.0,0.0,Low,Moderate
BB_0030,B_pos,fresh_frozen_plasma,1,267.0,,192.0,119.0,20.83,365,15.753623140581702,15.753623140581702,pooled_blood_group_product,192.0,0.265625,26.0,293.0,101.0,101.0,0.0,Low,Moderate
BB_0030,B_pos,group_O_neg_emergency,1,244.0,,214.0,122.0,22.43,42,15.327786820822924,15.327786820822924,pooled_blood_group_product,214.0,0.265625,25.3,269.3,55.3,55.3,0.0,Low,High
BB_0030,B_pos,platelet_concentrate,2,247.0,14.142135623730951,191.5,118.5,16.995,5,15.918915219368015,15.918915219368015,pooled_blood_group_product,191.5,0.265625,26.3,273.3,81.8,81.8,0.0,Low,Moderate
BB_0030,B_pos,whole_blood,7,256.7142857142857,8.654753717163873,196.85714285714286,138.71428571428572,17.108571428571427,42,15.616055501636811,8.654753717163873,own_history,196.85714285714286,0.265625,14.3,271.0,74.1,74.1,0.0,Low,Moderate
BB_0030,O_neg,cryoprecipitate,1,259.0,,197.0,107.0,13.2,365,16.832005704612282,16.832005704612282,pooled_blood_group_product,197.0,0.265625,27.8,286.8,89.8,89.8,0.0,Low,Low
BB_0030,O_neg,fresh_frozen_plasma,2,266.0,1.4142135623730951,197.5,160.5,22.365,365,14.714175377770642,14.714175377770642,pooled_blood_group_product,197.5,0.265625,24.3,290.3,92.8,92.8,0.0,Low,Moderate
BB_0030,O_neg,group_O_neg_emergency,1,241.0,,176.0,159.0,23.3,42,15.737583585569908,15.737583585569908,pooled_blood_group_product,176.0,0.265625,26.0,267.0,91.0,91.0,0.0,Low,High
BB_0030,O_neg,packed_RBC,1,235.0,,192.0,119.0,25.0,42,16.675768019539497,16.675768019539497,pooled_blood_group_product,192.0,0.265625,27.5,262.5,70.5,70.5,0.0,Low,High
BB_0030,O_pos,cryoprecipitate,4,253.5,15.716233645501712,210.75,154.0,17.97,365,15.956259435791292,15.956259435791292,pooled_blood_group_product,210.75,0.265625,26.3,279.8,69.1,69.1,0.0,Low,Moderate
BB_0030,O_pos,fresh_frozen_plasma,5,244.6,14.65605676844901,194.2,141.6,13.425999999999998,365,16.129072159319048,14.65605676844901,own_history,194.2,0.265625,24.2,268.8,74.6,74.6,0.0,Low,Low
BB_0030,O_pos,group_O_neg_emergency,5,250.6,16.226521500309303,202.4,131.8,14.368,42,15.59947653940603,16.226521500309303,own_history,202.4,0.265625,26.8,277.4,75.0,75.0,0.0,Low,Moderate
BB_0030,O_pos,packed_RBC,7,249.0,14.776106839534329,196.71428571428572,140.28571428571428,14.582857142857142,42,16.220879283084294,14.776106839534329,own_history,196.71428571428572,0.265625,24.4,273.4,76.7,76.7,0.0,Low,Moderate
BB_0030,O_pos,platelet_concentrate,5,252.6,9.423375191511798,206.8,135.8,14.841999999999999,5,15.814220480272407,9.423375191511798,own_history,206.8,0.265625,15.5,268.1,61.3,61.3,0.0,Low,Moderate
BB_0030,O_pos,whole_blood,5,266.4,6.5802735505448435,203.4,148.8,21.804,42,15.320728507460478,6.5802735505448435,own_history,203.4,0.265625,10.9,277.3,73.9,73.9,0.0,Low,High
BB_0031,AB_neg,group_O_neg_emergency,1,246.0,,206.0,128.0,24.27,42,14.768157012249755,14.768157012249755,pooled_blood_group_product,206.0,0.2361111111111111,24.4,270.4,64.4,64.4,0.0,Low,High
BB_0031,AB_pos,fresh_frozen_plasma,2,264.0,50.91168824543142,189.0,145.5,13.01,365,15.529870914464443,15.529870914464443,pooled_blood_group_product,189.0,0.2361111111111111,25.6,289.6,100.6,100.6,0.0,Low,Low
BB_0031,AB_pos,packed_RBC,1,229.0,,192.0,126.0,22.92,42,17.421402900877148,17.421402900877148,pooled_blood_group_product,192.0,0.2361111111111111,28.7,257.7,65.7,65.7,0.0,Low,High
BB_0031,A_neg,cryoprecipitate,1,268.0,,207.0,161.0,16.91,365,14.243844171226868,14.243844171226868,pooled_blood_group_product,207.0,0.2361111111111111,23.5,291.5,84.5,84.5,0.0,Low,Moderate
BB_0031,A_pos,cryoprecipitate,1,260.0,,210.0,120.0,19.52,365,15.986014398875405,15.986014398875405,pooled_blood_group_product,210.0,0.2361111111111111,26.4,286.4,76.4,76.4,0.0,Low,Moderate
BB_0031,A_pos,fresh_frozen_plasma,2,249.5,23.33452377915607,205.5,143.5,15.620000000000001,365,15.175972252331889,15.175972252331889,pooled_blood_group_product,205.5,0.2361111111111111,25.0,274.5,69.0,69.0,0.0,Low,Moderate
BB_0031,A_pos,group_O_neg_emergency,3,252.33333333333334,11.372481406154655,207.0,146.33333333333334,10.030000000000001,42,16.934146373239873,16.934146373239873,pooled_blood_group_product,207.0,0.2361111111111111,27.9,280.2,73.2,73.2,0.0,Low,Low
BB_0031,A_pos,packed_RBC,1,264.0,,197.0,146.0,11.68,42,15.974157533973031,15.974157533973031,pooled_blood_group_product,197.0,0.2361111111111111,26.4,290.4,93.4,93.4,0.0,Low,Low
BB_0031,A_pos,platelet_concentrate,4,256.0,25.232254490367417,205.25,154.25,24.73,5,15.570295650182972,15.570295650182972,pooled_blood_group_product,205.25,0.2361111111111111,25.7,281.7,76.4,76.4,0.0,Low,High
BB_0031,A_pos,whole_blood,2,254.0,0.0,211.5,134.0,25.545,42,16.26859652330014,16.26859652330014,pooled_blood_group_product,211.5,0.2361111111111111,26.8,280.8,69.3,69.3,0.0,Low,High
BB_0031,B_neg,platelet_concentrate,2,258.0,12.727922061357855,214.5,167.0,23.175,5,15.063664178898293,15.063664178898293,pooled_blood_group_product,214.5,0.2361111111111111,24.9,282.9,68.4,68.4,0.0,Low,High
BB_0031,B_pos,cryoprecipitate,1,258.0,,195.0,107.0,13.33,365,15.142364873820988,15.142364873820988,pooled_blood_group_product,195.0,0.2361111111111111,25.0,283.0,88.0,88.0,0.0,Low,Low
BB_0031,B_pos,fresh_frozen_plasma,7,250.85714285714286,10.023781246425447,188.85714285714286,134.28571428571428,18.767142857142858,365,15.753623140581702,10.023781246425447,own_history,188.85714285714286,0.2361111111111111,16.5,267.4,78.5,78.5,0.0,Low,Moderate
BB_0031,B_pos,group_O_neg_emergency,2,252.5,30.405591591021544,190.0,139.5,18.27,42,15.327786820822924,15.327786820822924,pooled_blood_group_product,190.0,0.2361111111111111,25.3,277.8,87.8,87.8,0.0,Low,Moderate
BB_0031,B_pos,packed_RBC,1,234.0,,208.0,139.0,22.6,42,15.425681398117081,15.425681398117081,pooled_blood_group_product,208.0,0.2361111111111111,25.5,259.5,51.5,51.5,0.0,Low,High
BB_0031,B_pos,platelet_concentrate,2,249.0,1.4142135623730951,190.5,124.5,20.72,5,15.918915219368015,15.918915219368015,pooled_blood_group_product,190.5,0.2361111111111111,26.3,275.3,84.8,84.8,0.0,Low,High
BB_0031,B_pos,whole_blood,1,235.0,,216.0,177.0,20.83,42,15.616055501636811,15.616055501636811,pooled_blood_group_product,216.0,0.2361111111111111,25.8,260.8,44.8,44.8,0.0,Low,High
BB_0031,O_neg,group_O_neg_emergency,1,239.0,,194.0,111.0,11.34,42,15.737583585569908,15.737583585569908,pooled_blood_group_product,194.0,0.2361111111111111,26.0,265.0,71.0,71.0,0.0,Low,Low
BB_0031,O_neg,platelet_concentrate,1,240.0,,166.0,112.0,10.84,5,16.930706830055033,16.930706830055033,pooled_blood_group_product,166.0,0.2361111111111111,27.9,267.9,101.9,101.9,0.0,Low,Low
BB_0031,O_neg,whole_blood,1,263.0,,197.0,172.0,10.15,42,15.177301566829424,15.177301566829424,pooled_blood_group_product,197.0,0.2361111111111111,25.0,288.0,91.0,91.0,0.0,Low,Low
BB_0031,O_pos,cryoprecipitate,2,253.0,2.8284271247461903,190.0,141.5,16.335,365,15.956259435791292,15.956259435791292,pooled_blood_group_product,190.0,0.2361111111111111,26.3,279.3,89.3,89.3,0.0,Low,Moderate
BB_0031,O_pos,fresh_frozen_plasma,12,248.25,17.088672484213845,200.58333333333334,140.58333333333334,12.8775,365,16.129072159319048,17.088672484213845,own_history,200.58333333333334,0.2361111111111111,28.2,276.4,75.8,75.8,0.0,Low,Low
BB_0031,O_pos,group_O_neg_emergency,7,261.42857142857144,12.660399452059726,204.28571428571428,147.42857142857142,13.911428571428571,42,15.59947653940603,12.660399452059726,own_history,204.28571428571428,0.2361111111111111,20.9,282.3,78.0,78.0,0.0,Low,Low
BB_0031,O_pos,packed_RBC,2,245.0,14.142135623730951,201.5,129.0,15.555,42,16.220879283084294,16.220879283084294,pooled_blood_group_product,201.5,0.2361111111111111,26.8,271.8,70.3,70.3,0.0,Low,Moderate
BB_0031,O_pos,platelet_concentrate,8,250.125,10.960155108391488,190.875,145.0,15.07375,5,15.814220480272407,10.960155108391488,own_history,190.875,0.2361111111111111,18.1,268.2,77.3,77.3,0.0,Low,Moderate
BB_0031,O_pos,whole_blood,4,246.75,17.839562774911272,201.0,142.5,12.3875,42,15.320728507460478,15.320728507460478,pooled_blood_group_product,201.0,0.2361111111111111,25.3,272.0,71.0,71.0,0.0,Low,Low
BB_0032,AB_neg,group_O_neg_emergency,1,231.0,,199.0,128.0,14.57,42,14.768157012249755,14.768157012249755,pooled_blood_group_product,199.0,0.2857142857142857,24.4,255.4,56.4,56.4,0.0,Low,Moderate
BB_0032,AB_neg,platelet_concentrate,1,239.0,,196.0,114.0,18.37,5,12.389960093200914,12.389960093200914,pooled_blood_group_product,196.0,0.2857142857142857,20.4,259.4,63.4,63.4,0.0,Low,Moderate
BB_0032,AB_pos,cryoprecipitate,1,224.0,,183.0,144.0,19.67,365,16.64565006228281,16.64565006228281,pooled_blood_group_product,183.0,0.2857142857142857,27.5,251.5,68.5,68.5,0.0,Low,Moderate
BB_0032,AB_pos,group_O_neg_emergency,1,264.0,,198.0,134.0,16.67,42,16.01343479009551,16.01343479009551,pooled_blood_group_product,198.0,0.2857142857142857,26.4,290.4,92.4,92.4,0.0,Low,Moderate
BB_0032,AB_pos,whole_blood,1,241.0,,187.0,149.0,22.46,42,13.606168437472475,13.606168437472475,pooled_blood_group_product,187.0,0.2857142857142857,22.5,263.5,76.5,76.5,0.0,Low,High
BB_0032,A_pos,cryoprecipitate,3,268.6666666666667,9.504384952922177,203.0,150.33333333333334,17.51666666666667,365,15.986014398875405,15.986014398875405,pooled_blood_group_product,203.0,0.2857142857142857,26.4,295.1,92.1,92.1,0.0,Low,Moderate
BB_0032,A_pos,fresh_frozen_plasma,3,253.33333333333334,11.372481406154657,204.66666666666666,145.0,20.713333333333335,365,15.175972252331889,15.175972252331889,pooled_blood_group_product,204.66666666666666,0.2857142857142857,25.0,278.3,73.6,73.6,0.0,Low,Moderate
BB_0032,A_pos,group_O_neg_emergency,2,241.0,7.0710678118654755,207.0,141.0,16.305,42,16.934146373239873,16.934146373239873,pooled_blood_group_product,207.0,0.2857142857142857,27.9,268.9,61.9,61.9,0.0,Low,Moderate
BB_0032,A_pos,packed_RBC,1,244.0,,180.0,122.0,15.0,42,15.974157533973031,15.974157533973031,pooled_blood_group_product,180.0,0.2857142857142857,26.4,270.4,90.4,90.4,0.0,Low,Moderate
BB_0032,A_pos,platelet_concentrate,1,232.0,,198.0,164.0,8.59,5,15.570295650182972,15.570295650182972,pooled_blood_group_product,198.0,0.2857142857142857,25.7,257.7,59.7,59.7,0.0,Low,Low
BB_0032,A_pos,whole_blood,3,222.0,18.24828759089466,190.33333333333334,121.66666666666667,22.376666666666665,42,16.26859652330014,16.26859652330014,pooled_blood_group_product,190.33333333333334,0.2857142857142857,26.8,248.8,58.5,58.5,0.0,Low,High
BB_0032,B_neg,packed_RBC,1,260.0,,187.0,151.0,7.49,42,17.510386528104863,17.510386528104863,pooled_blood_group_product,187.0,0.2857142857142857,28.9,288.9,101.9,101.9,0.0,Low,Low
BB_0032,B_pos,cryoprecipitate,2,232.0,11.313708498984761,206.0,135.0,18.91,365,15.142364873820988,15.142364873820988,pooled_blood_group_product,206.0,0.2857142857142857,25.0,257.0,51.0,51.0,0.0,Low,Moderate
BB_0032,B_pos,fresh_frozen_plasma,1,270.0,,202.0,162.0,15.84,365,15.753623140581702,15.753623140581702,pooled_blood_group_product,202.0,0.2857142857142857,26.0,296.0,94.0,94.0,0.0,Low,Moderate
BB_0032,B_pos,group_O_neg_emergency,1,249.0,,203.0,121.0,22.66,42,15.327786820822924,15.327786820822924,pooled_blood_group_product,203.0,0.2857142857142857,25.3,274.3,71.3,71.3,0.0,Low,High
BB_0032,B_pos,platelet_concentrate,1,263.0,,198.0,163.0,22.73,5,15.918915219368015,15.918915219368015,pooled_blood_group_product,198.0,0.2857142857142857,26.3,289.3,91.3,91.3,0.0,Low,High
BB_0032,B_pos,whole_blood,2,254.0,11.313708498984761,196.0,139.5,14.504999999999999,42,15.616055501636811,15.616055501636811,pooled_blood_group_product,196.0,0.2857142857142857,25.8,279.8,83.8,83.8,0.0,Low,Moderate
BB_0032,O_neg,fresh_frozen_plasma,2,258.5,21.920310216782973,197.0,150.0,20.130000000000003,365,14.714175377770642,14.714175377770642,pooled_blood_group_product,197.0,0.2857142857142857,24.3,282.8,85.8,85.8,0.0,Low,Moderate
BB_0032,O_neg,group_O_neg_emergency,1,235.0,,209.0,160.0,9.57,42,15.737583585569908,15.737583585569908,pooled_blood_group_product,209.0,0.2857142857142857,26.0,261.0,52.0,52.0,0.0,Low,Low
BB_0032,O_neg,packed_RBC,2,242.0,29.698484809834994,192.5,135.0,19.935,42,16.675768019539497,16.675768019539497,pooled_blood_group_product,192.5,0.2857142857142857,27.5,269.5,77.0,77.0,0.0,Low,High
BB_0032,O_neg,whole_blood,1,256.0,,179.0,103.0,29.05,42,15.177301566829424,15.177301566829424,pooled_blood_group_product,179.0,0.2857142857142857,25.0,281.0,102.0,102.0,0.0,Low,High
BB_0032,O_pos,cryoprecipitate,6,248.83333333333334,16.5095931708406,198.66666666666666,142.16666666666666,15.523333333333333,365,15.956259435791292,16.5095931708406,own_history,198.66666666666666,0.2857142857142857,27.2,276.0,77.3,77.3,0.0,Low,Moderate
BB_0032,O_pos,fresh_frozen_plasma,2,248.5,12.020815280171307,182.5,150.5,18.39,365,16.129072159319048,16.129072159319048,pooled_blood_group_product,182.5,0.2857142857142857,26.6,275.1,92.6,92.6,0.0,Low,Moderate
BB_0032,O_pos,group_O_neg_emergency,5,238.4,16.14930339054908,201.8,141.8,16.15,42,15.59947653940603,16.14930339054908,own_history,201.8,0.2857142857142857,26.6,265.0,63.2,63.2,0.0,Low,Moderate
BB_0032,O_pos,packed_RBC,4,259.75,20.35313243704762,201.25,162.25,19.6025,42,16.220879283084294,16.220879283084294,pooled_blood_group_product,201.25,0.2857142857142857,26.8,286.6,85.4,85.4,0.0,Low,High
BB_0032,O_pos,platelet_concentrate,5,254.6,16.056151469141035,201.8,155.6,22.394,5,15.814220480272407,16.056151469141035,own_history,201.8,0.2857142857142857,26.5,281.1,79.3,79.3,0.0,Low,High
BB_0032,O_pos,whole_blood,9,244.88888888888889,13.109580889986946,197.0,159.22222222222223,15.986666666666666,42,15.320728507460478,13.109580889986946,own_history,197.0,0.2857142857142857,21.6,266.5,69.5,69.5,0.0,Low,Moderate
BB_0033,AB_neg,group_O_neg_emergency,1,273.0,,207.0,165.0,16.91,42,14.768157012249755,14.768157012249755,pooled_blood_group_product,207.0,0.22727272727272727,24.4,297.4,90.4,90.4,0.0,Low,Moderate
BB_0033,AB_pos,cryoprecipitate,1,241.0,,223.0,93.0,13.0,365,16.64565006228281,16.64565006228281,pooled_blood_group_product,223.0,0.22727272727272727,27.5,268.5,45.5,45.5,0.0,Low,Low
BB_0033,AB_pos,fresh_frozen_plasma,1,247.0,,195.0,175.0,18.46,365,15.529870914464443,15.529870914464443,pooled_blood_group_product,195.0,0.22727272727272727,25.6,272.6,77.6,77.6,0.0,Low,Moderate
BB_0033,A_pos,cryoprecipitate,1,261.0,,218.0,156.0,13.3,365,15.986014398875405,15.986014398875405,pooled_blood_group_product,218.0,0.22727272727272727,26.4,287.4,69.4,69.4,0.0,Low,Low
BB_0033,A_pos,fresh_frozen_plasma,3,263.6666666666667,16.25833119767626,196.0,134.66666666666666,18.19,365,15.175972252331889,15.175972252331889,pooled_blood_group_product,196.0,0.22727272727272727,25.0,288.7,92.7,92.7,0.0,Low,Moderate
BB_0033,A_pos,group_O_neg_emergency,5,254.4,20.206434618705007,194.2,134.2,12.85,42,16.934146373239873,20.206434618705007,own_history,194.2,0.22727272727272727,33.3,287.7,93.5,93.5,0.0,Low,Low
BB_0033,A_pos,packed_RBC,3,259.3333333333333,31.005375877955963,199.33333333333334,151.0,18.753333333333334,42,15.974157533973031,15.974157533973031,pooled_blood_group_product,199.33333333333334,0.22727272727272727,26.4,285.7,86.4,86.4,0.0,Low,Moderate
BB_0033,A_pos,platelet_concentrate,3,244.0,12.767145334803704,200.33333333333334,147.0,12.68,5,15.570295650182972,15.570295650182972,pooled_blood_group_product,200.33333333333334,0.22727272727272727,25.7,269.7,69.4,69.4,0.0,Low,Low
BB_0033,A_pos,whole_blood,2,249.5,33.23401871576773,174.0,129.0,12.985,42,16.26859652330014,16.26859652330014,pooled_blood_group_product,174.0,0.22727272727272727,26.8,276.3,102.3,102.3,0.0,Low,Low
BB_0033,B_pos,cryoprecipitate,3,238.0,15.524174696260024,198.33333333333334,132.66666666666666,14.26,365,15.142364873820988,15.142364873820988,pooled_blood_group_product,198.33333333333334,0.22727272727272727,25.0,263.0,64.7,64.7,0.0,Low,Moderate
BB_0033,B_pos,fresh_frozen_plasma,2,241.5,7.7781745930520225,200.0,130.0,11.38,365,15.753623140581702,15.753623140581702,pooled_blood_group_product,200.0,0.22727272727272727,26.0,267.5,67.5,67.5,0.0,Low,Low
BB_0033,B_pos,group_O_neg_emergency,2,241.0,28.284271247461902,201.5,150.5,17.4,42,15.327786820822924,15.327786820822924,pooled_blood_group_product,201.5,0.22727272727272727,25.3,266.3,64.8,64.8,0.0,Low,Moderate
BB_0033,B_pos,packed_RBC,7,239.42857142857142,13.902723268687845,195.42857142857142,150.0,15.252857142857142,42,15.425681398117081,13.902723268687845,own_history,195.42857142857142,0.22727272727272727,22.9,262.3,66.9,66.9,0.0,Low,Moderate
BB_0033,B_pos,platelet_concentrate,1,234.0,,209.0,151.0,23.44,5,15.918915219368015,15.918915219368015,pooled_blood_group_product,209.0,0.22727272727272727,26.3,260.3,51.3,51.3,0.0,Low,High
BB_0033,O_neg,group_O_neg_emergency,1,231.0,,187.0,109.0,11.76,42,15.737583585569908,15.737583585569908,pooled_blood_group_product,187.0,0.22727272727272727,26.0,257.0,70.0,70.0,0.0,Low,Low
BB_0033,O_neg,packed_RBC,1,242.0,,205.0,144.0,16.1,42,16.675768019539497,16.675768019539497,pooled_blood_group_product,205.0,0.22727272727272727,27.5,269.5,64.5,64.5,0.0,Low,Moderate
BB_0033,O_pos,cryoprecipitate,3,246.66666666666666,20.744477176668816,187.33333333333334,131.66666666666666,19.176666666666666,365,15.956259435791292,15.956259435791292,pooled_blood_group_product,187.33333333333334,0.22727272727272727,26.3,273.0,85.7,85.7,0.0,Low,Moderate
BB_0033,O_pos,fresh_frozen_plasma,5,249.8,16.43776140476555,207.2,145.4,16.432,365,16.129072159319048,16.43776140476555,own_history,207.2,0.22727272727272727,27.1,276.9,69.7,69.7,0.0,Low,Moderate
BB_0033,O_pos,group_O_neg_emergency,3,259.6666666666667,8.326663997864536,185.33333333333334,127.33333333333333,10.99,42,15.59947653940603,15.59947653940603,pooled_blood_group_product,185.33333333333334,0.22727272727272727,25.7,285.4,100.1,100.1,0.0,Low,Low
BB_0033,O_pos,packed_RBC,8,257.125,16.16378226600622,197.0,130.875,17.8925,42,16.220879283084294,16.16378226600622,own_history,197.0,0.22727272727272727,26.7,283.8,86.8,86.8,0.0,Low,Moderate
BB_0033,O_pos,platelet_concentrate,3,237.66666666666666,11.15048578911849,201.33333333333334,118.0,8.166666666666666,5,15.814220480272407,15.814220480272407,pooled_blood_group_product,201.33333333333334,0.22727272727272727,26.1,263.8,62.5,62.5,0.0,Low,Low
BB_0033,O_pos,whole_blood,7,248.14285714285714,19.735151138924433,201.71428571428572,142.28571428571428,17.414285714285715,42,15.320728507460478,19.735151138924433,own_history,201.71428571428572,0.22727272727272727,32.6,280.7,79.0,79.0,0.0,Low,Moderate
BB_0034,AB_pos,fresh_frozen_plasma,1,241.0,,203.0,135.0,16.26,365,15.529870914464443,15.529870914464443,pooled_blood_group_product,203.0,0.2625,25.6,266.6,63.6,63.6,0.0,Low,Moderate
BB_0034,AB_pos,platelet_concentrate,2,243.5,4.949747468305833,197.0,130.5,16.1,5,14.27616380960629,14.27616380960629,pooled_blood_group_product,197.0,0.2625,23.6,267.1,70.1,70.1,0.0,Low,Moderate
BB_0034,AB_pos,whole_blood,2,258.5,6.363961030678928,204.5,153.0,16.060000000000002,42,13.606168437472475,13.606168437472475,pooled_blood_group_product,204.5,0.2625,22.5,281.0,76.5,76.5,0.0,Low,Moderate
BB_0034,A_neg,fresh_frozen_plasma,2,262.0,26.870057685088806,204.0,150.5,19.325,365,15.630530767171415,15.630530767171415,pooled_blood_group_product,204.0,0.2625,25.8,287.8,83.8,83.8,0.0,Low,Moderate
BB_0034,A_neg,packed_RBC,1,272.0,,216.0,165.0,15.28,42,14.982321915176227,14.982321915176227,pooled_blood_group_product,216.0,0.2625,24.7,296.7,80.7,80.7,0.0,Low,Moderate
BB_0034,A_neg,platelet_concentrate,1,257.0,,191.0,154.0,15.71,5,15.26163614252437,15.26163614252437,pooled_blood_group_product,191.0,0.2625,25.2,282.2,91.2,91.2,0.0,Low,Moderate
BB_0034,A_pos,cryoprecipitate,1,253.0,,197.0,136.0,11.17,365,15.986014398875405,15.986014398875405,pooled_blood_group_product,197.0,0.2625,26.4,279.4,82.4,82.4,0.0,Low,Low
BB_0034,A_pos,fresh_frozen_plasma,4,241.75,18.08083700127477,197.25,151.25,18.6625,365,15.175972252331889,15.175972252331889,pooled_blood_group_product,197.25,0.2625,25.0,266.8,69.6,69.6,0.0,Low,Moderate
BB_0034,A_pos,group_O_neg_emergency,3,257.6666666666667,19.604421270043478,193.0,130.0,21.076666666666668,42,16.934146373239873,16.934146373239873,pooled_blood_group_product,193.0,0.2625,27.9,285.6,92.6,92.6,0.0,Low,High
BB_0034,A_pos,packed_RBC,2,260.5,7.7781745930520225,205.0,176.0,14.665,42,15.974157533973031,15.974157533973031,pooled_blood_group_product,205.0,0.2625,26.4,286.9,81.9,81.9,0.0,Low,Moderate
BB_0034,A_pos,platelet_concentrate,4,262.5,13.527749258468683,196.25,138.25,12.97,5,15.570295650182972,15.570295650182972,pooled_blood_group_product,196.25,0.2625,25.7,288.2,91.9,91.9,0.0,Low,Low
BB_0034,A_pos,whole_blood,4,251.25,15.840349322747482,193.5,144.0,19.6,42,16.26859652330014,16.26859652330014,pooled_blood_group_product,193.5,0.2625,26.8,278.0,84.5,84.5,0.0,Low,High
BB_0034,B_neg,cryoprecipitate,1,275.0,,217.0,171.0,26.27,365,14.855008056807502,14.855008056807502,pooled_blood_group_product,217.0,0.2625,24.5,299.5,82.5,82.5,0.0,Low,Moderate
BB_0034,B_neg,platelet_concentrate,1,226.0,,176.0,150.0,21.59,5,15.063664178898293,15.063664178898293,pooled_blood_group_product,176.0,0.2625,24.9,250.9,74.9,74.9,0.0,Low,High
BB_0034,B_neg,whole_blood,1,250.0,,224.0,131.0,14.29,42,14.346963359011946,14.346963359011946,pooled_blood_group_product,224.0,0.2625,23.7,273.7,49.7,49.7,0.0,Low,Moderate
BB_0034,B_pos,cryoprecipitate,5,259.2,9.1214034007931,202.4,130.0,13.41,365,15.142364873820988,9.1214034007931,own_history,202.4,0.2625,15.1,274.3,71.9,71.9,0.0,Low,Low
BB_0034,B_pos,fresh_frozen_plasma,1,251.0,,209.0,173.0,21.53,365,15.753623140581702,15.753623140581702,pooled_blood_group_product,209.0,0.2625,26.0,277.0,68.0,68.0,0.0,Low,Moderate
BB_0034,B_pos,packed_RBC,3,257.6666666666667,11.060440015358033,202.66666666666666,146.33333333333334,19.900000000000002,42,15.425681398117081,15.425681398117081,pooled_blood_group_product,202.66666666666666,0.2625,25.5,283.2,80.5,80.5,0.0,Low,High
BB_0034,B_pos,platelet_concentrate,6,254.66666666666666,12.420413304985738,206.16666666666666,165.33333333333334,15.344999999999999,5,15.918915219368015,12.420413304985738,own_history,206.16666666666666,0.2625,20.5,275.2,69.0,69.0,0.0,Low,Moderate
BB_0034,B_pos,whole_blood,3,238.66666666666666,24.006943440041116,199.33333333333334,134.66666666666666,11.573333333333332,42,15.616055501636811,15.616055501636811,pooled_blood_group_product,199.33333333333334,0.2625,25.8,264.5,65.2,65.2,0.0,Low,Low
BB_0034,O_neg,cryoprecipitate,1,215.0,,196.0,111.0,5.61,365,16.832005704612282,16.832005704612282,pooled_blood_group_product,196.0,0.2625,27.8,242.8,46.8,46.8,0.0,Low,Low
BB_0034,O_neg,fresh_frozen_plasma,1,255.0,,183.0,148.0,24.04,365,14.714175377770642,14.714175377770642,pooled_blood_group_product,183.0,0.2625,24.3,279.3,96.3,96.3,0.0,Low,Moderate
BB_0034,O_pos,cryoprecipitate,3,260.6666666666667,20.033305601755632,197.33333333333334,134.33333333333334,17.3,365,15.956259435791292,15.956259435791292,pooled_blood_group_product,197.33333333333334,0.2625,26.3,287.0,89.7,89.7,0.0,Low,Moderate
BB_0034,O_pos,fresh_frozen_plasma,4,255.0,9.055385138137417,199.5,148.75,18.255,365,16.129072159319048,16.129072159319048,pooled_blood_group_product,199.5,0.2625,26.6,281.6,82.1,82.1,0.0,Low,Moderate
BB_0034,O_pos,group_O_neg_emergency,6,254.83333333333334,18.247374240330213,200.0,150.5,16.94,42,15.59947653940603,18.247374240330213,own_history,200.0,0.2625,30.1,284.9,84.9,84.9,0.0,Low,Moderate
BB_0034,O_pos,packed_RBC,6,258.1666666666667,20.054093513960353,210.83333333333334,149.16666666666666,14.208333333333334,42,16.220879283084294,20.054093513960353,own_history,210.83333333333334,0.2625,33.1,291.3,80.5,80.5,0.0,Low,Moderate
BB_0034,O_pos,platelet_concentrate,4,244.75,8.381527307120102,197.5,121.0,21.1675,5,15.814220480272407,15.814220480272407,pooled_blood_group_product,197.5,0.2625,26.1,270.8,73.3,73.3,0.0,Low,High
BB_0034,O_pos,whole_blood,7,246.42857142857142,19.789367034320414,199.14285714285714,124.0,18.041428571428572,42,15.320728507460478,19.789367034320414,own_history,199.14285714285714,0.2625,32.7,279.1,80.0,80.0,0.0,Low,Moderate
BB_0035,AB_neg,fresh_frozen_plasma,1,229.0,,200.0,157.0,26.0,365,18.018509002319437,18.018509002319437,pooled_blood_group_product,200.0,0.2413793103448276,29.7,258.7,58.7,58.7,0.0,Low,Moderate
BB_0035,AB_neg,packed_RBC,1,243.0,,199.0,145.0,6.53,42,13.932332543759145,13.932332543759145,pooled_blood_group_product,199.0,0.2413793103448276,23.0,266.0,67.0,67.0,0.0,Low,Low
BB_0035,AB_pos,group_O_neg_emergency,1,252.0,,192.0,134.0,8.85,42,16.01343479009551,16.01343479009551,pooled_blood_group_product,192.0,0.2413793103448276,26.4,278.4,86.4,86.4,0.0,Low,Low
BB_0035,A_neg,cryoprecipitate,1,224.0,,194.0,172.0,18.04,365,14.243844171226868,14.243844171226868,pooled_blood_group_product,194.0,0.2413793103448276,23.5,247.5,53.5,53.5,0.0,Low,Moderate
BB_0035,A_pos,cryoprecipitate,1,273.0,,225.0,175.0,15.56,365,15.986014398875405,15.986014398875405,pooled_blood_group_product,225.0,0.2413793103448276,26.4,299.4,74.4,74.4,0.0,Low,Moderate
BB_0035,A_pos,fresh_frozen_plasma,2,237.5,12.020815280171307,197.5,164.0,11.74,365,15.175972252331889,15.175972252331889,pooled_blood_group_product,197.5,0.2413793103448276,25.0,262.5,65.0,65.0,0.0,Low,Low
BB_0035,A_pos,group_O_neg_emergency,1,250.0,,207.0,115.0,8.21,42,16.934146373239873,16.934146373239873,pooled_blood_group_product,207.0,0.2413793103448276,27.9,277.9,70.9,70.9,0.0,Low,Low
BB_0035,A_pos,packed_RBC,3,244.0,12.12435565298214,194.33333333333334,142.33333333333334,8.476666666666667,42,15.974157533973031,15.974157533973031,pooled_blood_group_product,194.33333333333334,0.2413793103448276,26.4,270.4,76.1,76.1,0.0,Low,Low
BB_0035,A_pos,platelet_concentrate,3,263.3333333333333,10.69267662156362,193.66666666666666,147.33333333333334,15.65,5,15.570295650182972,15.570295650182972,pooled_blood_group_product,193.66666666666666,0.2413793103448276,25.7,289.0,95.3,95.3,0.0,Low,Moderate
BB_0035,A_pos,whole_blood,3,248.0,19.697715603592208,199.66666666666666,130.0,21.220000000000002,42,16.26859652330014,16.26859652330014,pooled_blood_group_product,199.66666666666666,0.2413793103448276,26.8,274.8,75.1,75.1,0.0,Low,High
BB_0035,B_neg,cryoprecipitate,1,242.0,,194.0,145.0,8.76,365,14.855008056807502,14.855008056807502,pooled_blood_group_product,194.0,0.2413793103448276,24.5,266.5,72.5,72.5,0.0,Low,Low
BB_0035,B_neg,packed_RBC,2,247.0,33.94112549695428,204.0,157.0,21.255,42,17.510386528104863,17.510386528104863,pooled_blood_group_product,204.0,0.2413793103448276,28.9,275.9,71.9,71.9,0.0,Low,High
BB_0035,B_neg,whole_blood,1,254.0,,220.0,190.0,12.73,42,14.346963359011946,14.346963359011946,pooled_blood_group_product,220.0,0.2413793103448276,23.7,277.7,57.7,57.7,0.0,Low,Low
BB_0035,B_pos,cryoprecipitate,3,249.66666666666666,6.658328118479397,187.66666666666666,129.33333333333334,8.66,365,15.142364873820988,15.142364873820988,pooled_blood_group_product,187.66666666666666,0.2413793103448276,25.0,274.7,87.0,87.0,0.0,Low,Low
BB_0035,B_pos,packed_RBC,6,256.5,17.683325479106013,207.16666666666666,152.5,14.125,42,15.425681398117081,17.683325479106013,own_history,207.16666666666666,0.2413793103448276,29.2,285.7,78.5,78.5,0.0,Low,Moderate
BB_0035,B_pos,platelet_concentrate,1,262.0,,194.0,127.0,12.37,5,15.918915219368015,15.918915219368015,pooled_blood_group_product,194.0,0.2413793103448276,26.3,288.3,94.3,94.3,0.0,Low,Low
BB_0035,O_neg,platelet_concentrate,1,296.0,,199.0,157.0,14.07,5,16.930706830055033,16.930706830055033,pooled_blood_group_product,199.0,0.2413793103448276,27.9,323.9,124.9,124.9,0.0,Low,Moderate
BB_0035,O_pos,cryoprecipitate,6,254.16666666666666,12.67149030961499,209.16666666666666,155.33333333333334,18.816666666666666,365,15.956259435791292,12.67149030961499,own_history,209.16666666666666,0.2413793103448276,20.9,275.1,65.9,65.9,0.0,Low,Moderate
BB_0035,O_pos,fresh_frozen_plasma,5,249.2,25.80116276449571,199.8,141.6,18.619999999999997,365,16.129072159319048,25.80116276449571,own_history,199.8,0.2413793103448276,42.6,291.8,92.0,92.0,0.0,Low,Moderate
BB_0035,O_pos,group_O_neg_emergency,5,254.2,6.760177512462226,193.2,122.6,16.69,42,15.59947653940603,6.760177512462226,own_history,193.2,0.2413793103448276,11.2,265.4,72.2,72.2,0.0,Low,Moderate
BB_0035,O_pos,packed_RBC,1,270.0,,224.0,168.0,4.91,42,16.220879283084294,16.220879283084294,pooled_blood_group_product,224.0,0.2413793103448276,26.8,296.8,72.8,72.8,0.0,Low,Low
BB_0035,O_pos,platelet_concentrate,6,242.5,12.35718414526546,210.83333333333334,147.66666666666666,16.911666666666665,5,15.814220480272407,12.35718414526546,own_history,210.83333333333334,0.2413793103448276,20.4,262.9,52.1,52.1,0.0,Low,Moderate
BB_0035,O_pos,whole_blood,3,259.0,26.514147167125703,194.0,138.33333333333334,16.606666666666666,42,15.320728507460478,15.320728507460478,pooled_blood_group_product,194.0,0.2413793103448276,25.3,284.3,90.3,90.3,0.0,Low,Moderate
BB_0036,AB_neg,fresh_frozen_plasma,1,241.0,,175.0,119.0,17.14,365,18.018509002319437,18.018509002319437,pooled_blood_group_product,175.0,0.3230769230769231,29.7,270.7,95.7,95.7,0.0,Low,Moderate
BB_0036,A_neg,packed_RBC,2,230.5,23.33452377915607,198.5,111.5,20.375,42,14.982321915176227,14.982321915176227,pooled_blood_group_product,198.5,0.3230769230769231,24.7,255.2,56.7,56.7,0.0,Low,High
BB_0036,A_neg,whole_blood,1,269.0,,200.0,133.0,17.5,42,16.829684030913054,16.829684030913054,pooled_blood_group_product,200.0,0.3230769230769231,27.8,296.8,96.8,96.8,0.0,Low,Moderate
BB_0036,A_pos,cryoprecipitate,2,247.0,11.313708498984761,189.0,147.0,13.055,365,15.986014398875405,15.986014398875405,pooled_blood_group_product,189.0,0.3230769230769231,26.4,273.4,84.4,84.4,0.0,Low,Low
BB_0036,A_pos,fresh_frozen_plasma,1,232.0,,151.0,116.0,8.61,365,15.175972252331889,15.175972252331889,pooled_blood_group_product,151.0,0.3230769230769231,25.0,257.0,106.0,106.0,0.0,Low,Low
BB_0036,A_pos,packed_RBC,3,262.6666666666667,12.34233905438241,204.33333333333334,167.0,19.45,42,15.974157533973031,15.974157533973031,pooled_blood_group_product,204.33333333333334,0.3230769230769231,26.4,289.1,84.8,84.8,0.0,Low,High
BB_0036,A_pos,platelet_concentrate,4,257.0,13.784048752090225,191.0,142.25,7.5275,5,15.570295650182972,15.570295650182972,pooled_blood_group_product,191.0,0.3230769230769231,25.7,282.7,91.7,91.7,0.0,Low,Low
BB_0036,A_pos,whole_blood,2,251.5,30.405591591021544,199.5,134.5,21.325,42,16.26859652330014,16.26859652330014,pooled_blood_group_product,199.5,0.3230769230769231,26.8,278.3,78.8,78.8,0.0,Low,High
BB_0036,B_neg,platelet_concentrate,1,239.0,,223.0,104.0,12.56,5,15.063664178898293,15.063664178898293,pooled_blood_group_product,223.0,0.3230769230769231,24.9,263.9,40.9,40.9,0.0,Low,Low
BB_0036,B_pos,cryoprecipitate,3,240.66666666666666,12.220201853215578,204.33333333333334,154.0,17.463333333333335,365,15.142364873820988,15.142364873820988,pooled_blood_group_product,204.33333333333334,0.3230769230769231,25.0,265.7,61.4,61.4,0.0,Low,Moderate
BB_0036,B_pos,fresh_frozen_plasma,3,253.66666666666666,3.214550253664321,198.33333333333334,139.66666666666666,10.033333333333333,365,15.753623140581702,15.753623140581702,pooled_blood_group_product,198.33333333333334,0.3230769230769231,26.0,279.7,81.4,81.4,0.0,Low,Low
BB_0036,B_pos,group_O_neg_emergency,2,255.0,21.213203435596427,195.0,161.0,17.675,42,15.327786820822924,15.327786820822924,pooled_blood_group_product,195.0,0.3230769230769231,25.3,280.3,85.3,85.3,0.0,Low,Moderate
BB_0036,B_pos,packed_RBC,3,254.33333333333334,2.5166114784235836,207.66666666666666,128.66666666666666,11.01,42,15.425681398117081,15.425681398117081,pooled_blood_group_product,207.66666666666666,0.3230769230769231,25.5,279.8,72.1,72.1,0.0,Low,Low
BB_0036,B_pos,platelet_concentrate,1,206.0,,183.0,101.0,7.1,5,15.918915219368015,15.918915219368015,pooled_blood_group_product,183.0,0.3230769230769231,26.3,232.3,49.3,49.3,0.0,Low,Low
BB_0036,B_pos,whole_blood,2,254.0,7.0710678118654755,212.5,127.0,17.880000000000003,42,15.616055501636811,15.616055501636811,pooled_blood_group_product,212.5,0.3230769230769231,25.8,279.8,67.3,67.3,0.0,Low,Moderate
BB_0036,O_neg,fresh_frozen_plasma,1,242.0,,196.0,106.0,27.55,365,14.714175377770642,14.714175377770642,pooled_blood_group_product,196.0,0.3230769230769231,24.3,266.3,70.3,70.3,0.0,Low,Moderate
BB_0036,O_neg,platelet_concentrate,1,240.0,,218.0,163.0,21.1,5,16.930706830055033,16.930706830055033,pooled_blood_group_product,218.0,0.3230769230769231,27.9,267.9,49.9,49.9,0.0,Low,High
BB_0036,O_neg,whole_blood,1,224.0,,228.0,120.0,11.84,42,15.177301566829424,15.177301566829424,pooled_blood_group_product,228.0,0.3230769230769231,25.0,249.0,21.0,21.0,0.0,Low,Low
BB_0036,O_pos,cryoprecipitate,2,244.5,28.991378028648448,185.5,156.0,16.064999999999998,365,15.956259435791292,15.956259435791292,pooled_blood_group_product,185.5,0.3230769230769231,26.3,270.8,85.3,85.3,0.0,Low,Moderate
BB_0036,O_pos,fresh_frozen_plasma,5,245.6,25.957657829627077,197.2,130.2,12.03,365,16.129072159319048,25.957657829627077,own_history,197.2,0.3230769230769231,42.8,288.4,91.2,91.2,0.0,Low,Low
BB_0036,O_pos,group_O_neg_emergency,10,253.7,14.629118603357862,197.1,142.3,15.921000000000001,42,15.59947653940603,14.629118603357862,own_history,197.1,0.3230769230769231,24.1,277.8,80.7,80.7,0.0,Low,Moderate
BB_0036,O_pos,packed_RBC,4,248.0,11.518101695447333,204.75,149.75,18.8625,42,16.220879283084294,16.220879283084294,pooled_blood_group_product,204.75,0.3230769230769231,26.8,274.8,70.1,70.1,0.0,Low,Moderate
BB_0036,O_pos,platelet_concentrate,5,249.4,28.271894170713075,197.6,134.4,10.036,5,15.814220480272407,28.271894170713075,own_history,197.6,0.3230769230769231,46.6,296.0,98.4,98.4,0.0,Low,Low
BB_0036,O_pos,whole_blood,5,256.2,12.091319200153475,205.0,158.8,21.16,42,15.320728507460478,12.091319200153475,own_history,205.0,0.3230769230769231,20.0,276.2,71.2,71.2,0.0,Low,High
BB_0037,AB_neg,cryoprecipitate,2,252.0,14.142135623730951,193.5,179.0,14.465,365,13.13504517558679,13.13504517558679,pooled_blood_group_product,193.5,0.2054794520547945,21.7,273.7,80.2,80.2,0.0,Low,Moderate
BB_0037,AB_pos,fresh_frozen_plasma,2,233.5,23.33452377915607,206.0,146.0,21.155,365,15.529870914464443,15.529870914464443,pooled_blood_group_product,206.0,0.2054794520547945,25.6,259.1,53.1,53.1,0.0,Low,Moderate
BB_0037,AB_pos,group_O_neg_emergency,1,252.0,,198.0,152.0,11.11,42,16.01343479009551,16.01343479009551,pooled_blood_group_product,198.0,0.2054794520547945,26.4,278.4,80.4,80.4,0.0,Low,Low
BB_0037,AB_pos,platelet_concentrate,1,259.0,,207.0,147.0,15.46,5,14.27616380960629,14.27616380960629,pooled_blood_group_product,207.0,0.2054794520547945,23.6,282.6,75.6,75.6,0.0,Low,Moderate
BB_0037,AB_pos,whole_blood,1,248.0,,205.0,137.0,10.24,42,13.606168437472475,13.606168437472475,pooled_blood_group_product,205.0,0.2054794520547945,22.5,270.5,65.5,65.5,0.0,Low,Low
BB_0037,A_neg,cryoprecipitate,1,276.0,,180.0,107.0,17.78,365,14.243844171226868,14.243844171226868,pooled_blood_group_product,180.0,0.2054794520547945,23.5,299.5,119.5,119.5,0.0,Low,Moderate
BB_0037,A_neg,group_O_neg_emergency,1,220.0,,184.0,129.0,15.76,42,15.275919791953486,15.275919791953486,pooled_blood_group_product,184.0,0.2054794520547945,25.2,245.2,61.2,61.2,0.0,Low,Moderate
BB_0037,A_neg,packed_RBC,2,252.5,12.020815280171307,199.5,150.0,18.6,42,14.982321915176227,14.982321915176227,pooled_blood_group_product,199.5,0.2054794520547945,24.7,277.2,77.7,77.7,0.0,Low,Moderate
BB_0037,A_pos,cryoprecipitate,4,254.25,8.539125638299666,206.25,126.75,20.9075,365,15.986014398875405,15.986014398875405,pooled_blood_group_product,206.25,0.2054794520547945,26.4,280.6,74.4,74.4,0.0,Low,Moderate
BB_0037,A_pos,fresh_frozen_plasma,4,239.75,13.47528602046477,185.0,134.75,17.052500000000002,365,15.175972252331889,15.175972252331889,pooled_blood_group_product,185.0,0.2054794520547945,25.0,264.8,79.8,79.8,0.0,Low,Moderate
BB_0037,A_pos,group_O_neg_emergency,4,258.0,8.286535263104035,201.5,151.25,14.35,42,16.934146373239873,16.934146373239873,pooled_blood_group_product,201.5,0.2054794520547945,27.9,285.9,84.4,84.4,0.0,Low,Moderate
BB_0037,A_pos,packed_RBC,2,241.5,10.606601717798213,216.5,124.5,18.475,42,15.974157533973031,15.974157533973031,pooled_blood_group_product,216.5,0.2054794520547945,26.4,267.9,51.4,51.4,0.0,Low,Moderate
BB_0037,A_pos,platelet_concentrate,2,239.5,16.263455967290593,209.0,134.0,12.34,5,15.570295650182972,15.570295650182972,pooled_blood_group_product,209.0,0.2054794520547945,25.7,265.2,56.2,56.2,0.0,Low,Low
BB_0037,A_pos,whole_blood,1,267.0,,194.0,156.0,10.31,42,16.26859652330014,16.26859652330014,pooled_blood_group_product,194.0,0.2054794520547945,26.8,293.8,99.8,99.8,0.0,Low,Low
BB_0037,B_pos,cryoprecipitate,2,253.5,17.67766952966369,203.5,116.5,12.030000000000001,365,15.142364873820988,15.142364873820988,pooled_blood_group_product,203.5,0.2054794520547945,25.0,278.5,75.0,75.0,0.0,Low,Low
BB_0037,B_pos,fresh_frozen_plasma,2,228.5,4.949747468305833,198.0,140.5,17.86,365,15.753623140581702,15.753623140581702,pooled_blood_group_product,198.0,0.2054794520547945,26.0,254.5,56.5,56.5,0.0,Low,Moderate
BB_0037,B_pos,packed_RBC,3,255.0,1.7320508075688772,189.33333333333334,168.0,17.023333333333333,42,15.425681398117081,15.425681398117081,pooled_blood_group_product,189.33333333333334,0.2054794520547945,25.5,280.5,91.2,91.2,0.0,Low,Moderate
BB_0037,B_pos,whole_blood,3,255.0,22.60530911091463,193.66666666666666,128.33333333333334,16.226666666666667,42,15.616055501636811,15.616055501636811,pooled_blood_group_product,193.66666666666666,0.2054794520547945,25.8,280.8,87.1,87.1,0.0,Low,Moderate
BB_0037,O_neg,fresh_frozen_plasma,1,232.0,,206.0,108.0,14.08,365,14.714175377770642,14.714175377770642,pooled_blood_group_product,206.0,0.2054794520547945,24.3,256.3,50.3,50.3,0.0,Low,Moderate
BB_0037,O_neg,packed_RBC,1,238.0,,182.0,123.0,17.03,42,16.675768019539497,16.675768019539497,pooled_blood_group_product,182.0,0.2054794520547945,27.5,265.5,83.5,83.5,0.0,Low,Moderate
BB_0037,O_neg,whole_blood,1,248.0,,206.0,138.0,18.93,42,15.177301566829424,15.177301566829424,pooled_blood_group_product,206.0,0.2054794520547945,25.0,273.0,67.0,67.0,0.0,Low,Moderate
BB_0037,O_pos,cryoprecipitate,8,256.125,17.166724456675727,207.375,143.625,14.526250000000001,365,15.956259435791292,17.166724456675727,own_history,207.375,0.2054794520547945,28.3,284.4,77.0,77.0,0.0,Low,Moderate
BB_0037,O_pos,fresh_frozen_plasma,2,255.5,44.54772721475249,203.0,144.0,25.229999999999997,365,16.129072159319048,16.129072159319048,pooled_blood_group_product,203.0,0.2054794520547945,26.6,282.1,79.1,79.1,0.0,Low,Moderate
BB_0037,O_pos,group_O_neg_emergency,3,237.66666666666666,5.033222956847164,217.33333333333334,140.66666666666666,21.623333333333335,42,15.59947653940603,15.59947653940603,pooled_blood_group_product,217.33333333333334,0.2054794520547945,25.7,263.4,46.1,46.1,0.0,Low,High
BB_0037,O_pos,packed_RBC,7,251.14285714285714,14.438704598273022,205.57142857142858,144.0,18.08857142857143,42,16.220879283084294,14.438704598273022,own_history,205.57142857142858,0.2054794520547945,23.8,274.9,69.3,69.3,0.0,Low,Moderate
BB_0037,O_pos,platelet_concentrate,5,250.2,13.103434664239751,209.2,143.4,17.098,5,15.814220480272407,13.103434664239751,own_history,209.2,0.2054794520547945,21.6,271.8,62.6,62.6,0.0,Low,Moderate
BB_0037,O_pos,whole_blood,7,250.14285714285714,19.291004565414863,202.28571428571428,143.28571428571428,16.740000000000002,42,15.320728507460478,19.291004565414863,own_history,202.28571428571428,0.2054794520547945,31.8,281.9,79.6,79.6,0.0,Low,Moderate
BB_0038,AB_neg,cryoprecipitate,1,243.0,,214.0,136.0,19.16,365,13.13504517558679,13.13504517558679,pooled_blood_group_product,214.0,0.23214285714285715,21.7,264.7,50.7,50.7,0.0,Low,Moderate
BB_0038,AB_pos,packed_RBC,1,259.0,,193.0,126.0,12.44,42,17.421402900877148,17.421402900877148,pooled_blood_group_product,193.0,0.23214285714285715,28.7,287.7,94.7,94.7,0.0,Low,Low
BB_0038,A_neg,packed_RBC,1,247.0,,196.0,138.0,11.73,42,14.982321915176227,14.982321915176227,pooled_blood_group_product,196.0,0.23214285714285715,24.7,271.7,75.7,75.7,0.0,Low,Low
BB_0038,A_pos,cryoprecipitate,1,248.0,,219.0,122.0,15.98,365,15.986014398875405,15.986014398875405,pooled_blood_group_product,219.0,0.23214285714285715,26.4,274.4,55.4,55.4,0.0,Low,Moderate
BB_0038,A_pos,fresh_frozen_plasma,1,251.0,,202.0,152.0,16.34,365,15.175972252331889,15.175972252331889,pooled_blood_group_product,202.0,0.23214285714285715,25.0,276.0,74.0,74.0,0.0,Low,Moderate
BB_0038,A_pos,group_O_neg_emergency,2,256.5,19.091883092036785,211.0,162.0,20.85,42,16.934146373239873,16.934146373239873,pooled_blood_group_product,211.0,0.23214285714285715,27.9,284.4,73.4,73.4,0.0,Low,High
BB_0038,A_pos,packed_RBC,2,230.5,28.991378028648448,194.5,141.0,16.990000000000002,42,15.974157533973031,15.974157533973031,pooled_blood_group_product,194.5,0.23214285714285715,26.4,256.9,62.4,62.4,0.0,Low,Moderate
BB_0038,A_pos,platelet_concentrate,3,255.0,15.394804318340652,205.33333333333334,128.66666666666666,11.38,5,15.570295650182972,15.570295650182972,pooled_blood_group_product,205.33333333333334,0.23214285714285715,25.7,280.7,75.4,75.4,0.0,Low,Low
BB_0038,A_pos,whole_blood,3,244.0,13.527749258468683,197.0,121.66666666666667,15.113333333333335,42,16.26859652330014,16.26859652330014,pooled_blood_group_product,197.0,0.23214285714285715,26.8,270.8,73.8,73.8,0.0,Low,Moderate
BB_0038,B_pos,cryoprecipitate,4,238.0,24.138489320308896,191.75,144.25,13.0775,365,15.142364873820988,15.142364873820988,pooled_blood_group_product,191.75,0.23214285714285715,25.0,263.0,71.2,71.2,0.0,Low,Low
BB_0038,B_pos,fresh_frozen_plasma,6,245.16666666666666,9.042492281814047,202.16666666666666,150.33333333333334,15.798333333333332,365,15.753623140581702,9.042492281814047,own_history,202.16666666666666,0.23214285714285715,14.9,260.1,57.9,57.9,0.0,Low,Moderate
BB_0038,B_pos,group_O_neg_emergency,4,251.5,13.916417163432069,202.75,139.75,18.9325,42,15.327786820822924,15.327786820822924,pooled_blood_group_product,202.75,0.23214285714285715,25.3,276.8,74.1,74.1,0.0,Low,Moderate
BB_0038,B_pos,packed_RBC,3,253.66666666666666,10.11599393699568,197.33333333333334,141.33333333333334,15.04,42,15.425681398117081,15.425681398117081,pooled_blood_group_product,197.33333333333334,0.23214285714285715,25.5,279.2,81.9,81.9,0.0,Low,Moderate
BB_0038,B_pos,platelet_concentrate,1,245.0,,223.0,122.0,14.35,5,15.918915219368015,15.918915219368015,pooled_blood_group_product,223.0,0.23214285714285715,26.3,271.3,48.3,48.3,0.0,Low,Moderate
BB_0038,B_pos,whole_blood,6,248.16666666666666,14.091368516459523,209.5,160.5,14.078333333333333,42,15.616055501636811,14.091368516459523,own_history,209.5,0.23214285714285715,23.3,271.5,62.0,62.0,0.0,Low,Moderate
BB_0038,O_pos,cryoprecipitate,2,241.5,0.7071067811865476,202.0,164.5,23.5,365,15.956259435791292,15.956259435791292,pooled_blood_group_product,202.0,0.23214285714285715,26.3,267.8,65.8,65.8,0.0,Low,Moderate
BB_0038,O_pos,fresh_frozen_plasma,4,251.25,11.265729744080792,193.25,157.75,16.9375,365,16.129072159319048,16.129072159319048,pooled_blood_group_product,193.25,0.23214285714285715,26.6,277.8,84.6,84.6,0.0,Low,Moderate
BB_0038,O_pos,group_O_neg_emergency,3,246.0,16.522711641858304,200.0,137.66666666666666,17.599999999999998,42,15.59947653940603,15.59947653940603,pooled_blood_group_product,200.0,0.23214285714285715,25.7,271.7,71.7,71.7,0.0,Low,Moderate
BB_0038,O_pos,packed_RBC,3,259.0,7.0,205.0,150.66666666666666,15.076666666666668,42,16.220879283084294,16.220879283084294,pooled_blood_group_product,205.0,0.23214285714285715,26.8,285.8,80.8,80.8,0.0,Low,Moderate
BB_0038,O_pos,platelet_concentrate,3,244.0,12.288205727444508,204.0,145.33333333333334,15.85,5,15.814220480272407,15.814220480272407,pooled_blood_group_product,204.0,0.23214285714285715,26.1,270.1,66.1,66.1,0.0,Low,Moderate
BB_0038,O_pos,whole_blood,2,247.5,9.192388155425117,209.5,145.5,15.985,42,15.320728507460478,15.320728507460478,pooled_blood_group_product,209.5,0.23214285714285715,25.3,272.8,63.3,63.3,0.0,Low,Moderate
BB_0039,AB_neg,group_O_neg_emergency,1,248.0,,201.0,144.0,14.43,42,14.768157012249755,14.768157012249755,pooled_blood_group_product,201.0,0.32432432432432434,24.4,272.4,71.4,71.4,0.0,Low,Moderate
BB_0039,AB_pos,packed_RBC,1,227.0,,185.0,132.0,25.41,42,17.421402900877148,17.421402900877148,pooled_blood_group_product,185.0,0.32432432432432434,28.7,255.7,70.7,70.7,0.0,Low,High
BB_0039,AB_pos,platelet_concentrate,1,252.0,,178.0,105.0,23.6,5,14.27616380960629,14.27616380960629,pooled_blood_group_product,178.0,0.32432432432432434,23.6,275.6,97.6,97.6,0.0,Low,High
BB_0039,AB_pos,whole_blood,2,251.0,11.313708498984761,208.0,142.0,14.435,42,13.606168437472475,13.606168437472475,pooled_blood_group_product,208.0,0.32432432432432434,22.5,273.5,65.5,65.5,0.0,Low,Moderate
BB_0039,A_neg,fresh_frozen_plasma,2,265.0,2.8284271247461903,185.5,152.0,18.265,365,15.630530767171415,15.630530767171415,pooled_blood_group_product,185.5,0.32432432432432434,25.8,290.8,105.3,105.3,0.0,Low,Moderate
BB_0039,A_neg,group_O_neg_emergency,1,225.0,,188.0,138.0,20.21,42,15.275919791953486,15.275919791953486,pooled_blood_group_product,188.0,0.32432432432432434,25.2,250.2,62.2,62.2,0.0,Low,High
BB_0039,A_pos,cryoprecipitate,2,250.5,0.7071067811865476,178.0,125.0,20.235,365,15.986014398875405,15.986014398875405,pooled_blood_group_product,178.0,0.32432432432432434,26.4,276.9,98.9,98.9,0.0,Low,Moderate
BB_0039,A_pos,fresh_frozen_plasma,2,246.0,22.627416997969522,208.5,156.0,16.425,365,15.175972252331889,15.175972252331889,pooled_blood_group_product,208.5,0.32432432432432434,25.0,271.0,62.5,62.5,0.0,Low,Moderate
BB_0039,A_pos,packed_RBC,3,249.0,6.244997998398398,204.66666666666666,154.66666666666666,17.043333333333333,42,15.974157533973031,15.974157533973031,pooled_blood_group_product,204.66666666666666,0.32432432432432434,26.4,275.4,70.7,70.7,0.0,Low,Moderate
BB_0039,A_pos,platelet_concentrate,2,249.5,0.7071067811865476,201.5,135.0,16.6,5,15.570295650182972,15.570295650182972,pooled_blood_group_product,201.5,0.32432432432432434,25.7,275.2,73.7,73.7,0.0,Low,Moderate
BB_0039,A_pos,whole_blood,3,255.33333333333334,12.858201014657276,201.33333333333334,143.66666666666666,10.82,42,16.26859652330014,16.26859652330014,pooled_blood_group_product,201.33333333333334,0.32432432432432434,26.8,282.1,80.8,80.8,0.0,Low,Low
BB_0039,B_neg,cryoprecipitate,1,253.0,,187.0,131.0,17.65,365,14.855008056807502,14.855008056807502,pooled_blood_group_product,187.0,0.32432432432432434,24.5,277.5,90.5,90.5,0.0,Low,Moderate
BB_0039,B_neg,group_O_neg_emergency,2,268.0,15.556349186104045,216.0,168.0,21.48,42,16.421857975114715,16.421857975114715,pooled_blood_group_product,216.0,0.32432432432432434,27.1,295.1,79.1,79.1,0.0,Low,High
BB_0039,B_pos,cryoprecipitate,5,263.2,22.873565528793275,199.8,152.6,16.338,365,15.142364873820988,22.873565528793275,own_history,199.8,0.32432432432432434,37.7,300.9,101.1,101.1,0.0,Low,Moderate
BB_0039,B_pos,fresh_frozen_plasma,2,233.0,26.870057685088806,207.5,123.0,21.77,365,15.753623140581702,15.753623140581702,pooled_blood_group_product,207.5,0.32432432432432434,26.0,259.0,51.5,51.5,0.0,Low,Moderate
BB_0039,B_pos,group_O_neg_emergency,3,252.0,17.52141546793523,199.66666666666666,140.66666666666666,17.98,42,15.327786820822924,15.327786820822924,pooled_blood_group_product,199.66666666666666,0.32432432432432434,25.3,277.3,77.6,77.6,0.0,Low,Moderate
BB_0039,B_pos,packed_RBC,1,235.0,,193.0,166.0,20.73,42,15.425681398117081,15.425681398117081,pooled_blood_group_product,193.0,0.32432432432432434,25.5,260.5,67.5,67.5,0.0,Low,High
BB_0039,B_pos,platelet_concentrate,2,229.0,14.142135623730951,201.5,129.0,4.615,5,15.918915219368015,15.918915219368015,pooled_blood_group_product,201.5,0.32432432432432434,26.3,255.3,53.8,53.8,0.0,Low,Low
BB_0039,B_pos,whole_blood,1,249.0,,192.0,142.0,4.17,42,15.616055501636811,15.616055501636811,pooled_blood_group_product,192.0,0.32432432432432434,25.8,274.8,82.8,82.8,0.0,Low,Low
BB_0039,O_neg,fresh_frozen_plasma,1,244.0,,215.0,142.0,17.67,365,14.714175377770642,14.714175377770642,pooled_blood_group_product,215.0,0.32432432432432434,24.3,268.3,53.3,53.3,0.0,Low,Moderate
BB_0039,O_neg,whole_blood,2,232.5,3.5355339059327378,200.0,142.0,14.065,42,15.177301566829424,15.177301566829424,pooled_blood_group_product,200.0,0.32432432432432434,25.0,257.5,57.5,57.5,0.0,Low,Moderate
BB_0039,O_pos,cryoprecipitate,6,238.83333333333334,9.45339445208263,197.16666666666666,144.66666666666666,17.25,365,15.956259435791292,9.45339445208263,own_history,197.16666666666666,0.32432432432432434,15.6,254.4,57.2,57.2,0.0,Low,Moderate
BB_0039,O_pos,fresh_frozen_plasma,10,262.2,16.671999146939626,207.3,143.2,15.987,365,16.129072159319048,16.671999146939626,own_history,207.3,0.32432432432432434,27.5,289.7,82.4,82.4,0.0,Low,Moderate
BB_0039,O_pos,group_O_neg_emergency,2,245.0,7.0710678118654755,187.5,137.0,11.5,42,15.59947653940603,15.59947653940603,pooled_blood_group_product,187.5,0.32432432432432434,25.7,270.7,83.2,83.2,0.0,Low,Low
BB_0039,O_pos,packed_RBC,5,250.8,5.718391382198317,208.6,162.0,11.978,42,16.220879283084294,5.718391382198317,own_history,208.6,0.32432432432432434,9.4,260.2,51.6,51.6,0.0,Low,Low
BB_0039,O_pos,platelet_concentrate,5,242.2,15.319921670818037,205.4,153.2,19.576,5,15.814220480272407,15.319921670818037,own_history,205.4,0.32432432432432434,25.3,267.5,62.1,62.1,0.0,Low,High
BB_0039,O_pos,whole_blood,6,249.33333333333334,15.680136053831509,204.33333333333334,141.5,17.60833333333333,42,15.320728507460478,15.680136053831509,own_history,204.33333333333334,0.32432432432432434,25.9,275.2,70.9,70.9,0.0,Low,Moderate
BB_0040,AB_pos,fresh_frozen_plasma,1,255.0,,202.0,125.0,9.9,365,15.529870914464443,15.529870914464443,pooled_blood_group_product,202.0,0.27586206896551724,25.6,280.6,78.6,78.6,0.0,Low,Low
BB_0040,AB_pos,whole_blood,1,243.0,,200.0,134.0,14.5,42,13.606168437472475,13.606168437472475,pooled_blood_group_product,200.0,0.27586206896551724,22.5,265.5,65.5,65.5,0.0,Low,Moderate
BB_0040,A_neg,group_O_neg_emergency,1,282.0,,191.0,144.0,17.8,42,15.275919791953486,15.275919791953486,pooled_blood_group_product,191.0,0.27586206896551724,25.2,307.2,116.2,116.2,0.0,Low,Moderate
BB_0040,A_neg,platelet_concentrate,1,256.0,,194.0,157.0,10.82,5,15.26163614252437,15.26163614252437,pooled_blood_group_product,194.0,0.27586206896551724,25.2,281.2,87.2,87.2,0.0,Low,Low
BB_0040,A_neg,whole_blood,1,230.0,,201.0,112.0,25.37,42,16.829684030913054,16.829684030913054,pooled_blood_group_product,201.0,0.27586206896551724,27.8,257.8,56.8,56.8,0.0,Low,High
BB_0040,A_pos,cryoprecipitate,4,249.5,17.3877351409933,200.25,138.0,15.04,365,15.986014398875405,15.986014398875405,pooled_blood_group_product,200.25,0.27586206896551724,26.4,275.9,75.6,75.6,0.0,Low,Moderate
BB_0040,A_pos,fresh_frozen_plasma,2,265.5,7.7781745930520225,187.0,142.5,24.97,365,15.175972252331889,15.175972252331889,pooled_blood_group_product,187.0,0.27586206896551724,25.0,290.5,103.5,103.5,0.0,Low,Moderate
BB_0040,A_pos,group_O_neg_emergency,2,266.0,12.727922061357855,196.5,154.5,14.355,42,16.934146373239873,16.934146373239873,pooled_blood_group_product,196.5,0.27586206896551724,27.9,293.9,97.4,97.4,0.0,Low,Moderate
BB_0040,A_pos,platelet_concentrate,1,254.0,,181.0,142.0,18.78,5,15.570295650182972,15.570295650182972,pooled_blood_group_product,181.0,0.27586206896551724,25.7,279.7,98.7,98.7,0.0,Low,Moderate
BB_0040,A_pos,whole_blood,1,268.0,,206.0,152.0,25.24,42,16.26859652330014,16.26859652330014,pooled_blood_group_product,206.0,0.27586206896551724,26.8,294.8,88.8,88.8,0.0,Low,High
BB_0040,B_pos,fresh_frozen_plasma,2,244.5,14.849242404917497,195.0,149.0,16.905,365,15.753623140581702,15.753623140581702,pooled_blood_group_product,195.0,0.27586206896551724,26.0,270.5,75.5,75.5,0.0,Low,Moderate
BB_0040,B_pos,group_O_neg_emergency,6,247.16666666666666,11.923366415013282,192.33333333333334,145.5,15.661666666666667,42,15.327786820822924,11.923366415013282,own_history,192.33333333333334,0.27586206896551724,19.7,266.9,74.6,74.6,0.0,Low,Moderate
BB_0040,B_pos,packed_RBC,2,236.0,8.48528137423857,187.5,122.5,11.725000000000001,42,15.425681398117081,15.425681398117081,pooled_blood_group_product,187.5,0.27586206896551724,25.5,261.5,74.0,74.0,0.0,Low,Low
BB_0040,B_pos,platelet_concentrate,1,267.0,,211.0,128.0,29.38,5,15.918915219368015,15.918915219368015,pooled_blood_group_product,211.0,0.27586206896551724,26.3,293.3,82.3,82.3,0.0,Low,High
BB_0040,B_pos,whole_blood,2,243.5,4.949747468305833,191.5,126.0,23.845,42,15.616055501636811,15.616055501636811,pooled_blood_group_product,191.5,0.27586206896551724,25.8,269.3,77.8,77.8,0.0,Low,High
BB_0040,O_neg,cryoprecipitate,1,280.0,,189.0,121.0,14.29,365,16.832005704612282,16.832005704612282,pooled_blood_group_product,189.0,0.27586206896551724,27.8,307.8,118.8,118.8,0.0,Low,Moderate
BB_0040,O_neg,packed_RBC,1,243.0,,208.0,167.0,8.17,42,16.675768019539497,16.675768019539497,pooled_blood_group_product,208.0,0.27586206896551724,27.5,270.5,62.5,62.5,0.0,Low,Low
BB_0040,O_neg,whole_blood,1,246.0,,181.0,78.0,8.84,42,15.177301566829424,15.177301566829424,pooled_blood_group_product,181.0,0.27586206896551724,25.0,271.0,90.0,90.0,0.0,Low,Low
BB_0040,O_pos,cryoprecipitate,4,249.0,8.79393730551528,197.5,151.5,13.435,365,15.956259435791292,15.956259435791292,pooled_blood_group_product,197.5,0.27586206896551724,26.3,275.3,77.8,77.8,0.0,Low,Low
BB_0040,O_pos,fresh_frozen_plasma,6,233.66666666666666,12.30717947649528,200.5,131.5,16.81833333333333,365,16.129072159319048,12.30717947649528,own_history,200.5,0.27586206896551724,20.3,254.0,53.5,53.5,0.0,Low,Moderate
BB_0040,O_pos,group_O_neg_emergency,3,254.33333333333334,14.97776129244065,200.33333333333334,150.33333333333334,15.839999999999998,42,15.59947653940603,15.59947653940603,pooled_blood_group_product,200.33333333333334,0.27586206896551724,25.7,280.0,79.7,79.7,0.0,Low,Moderate
BB_0040,O_pos,packed_RBC,2,221.0,2.8284271247461903,183.5,124.5,20.655,42,16.220879283084294,16.220879283084294,pooled_blood_group_product,183.5,0.27586206896551724,26.8,247.8,64.3,64.3,0.0,Low,High
BB_0040,O_pos,platelet_concentrate,8,260.5,14.091537480751644,196.75,145.125,15.32125,5,15.814220480272407,14.091537480751644,own_history,196.75,0.27586206896551724,23.3,283.8,87.1,87.1,0.0,Low,Moderate
BB_0040,O_pos,whole_blood,4,234.5,20.98412098071619,204.0,132.25,15.225,42,15.320728507460478,15.320728507460478,pooled_blood_group_product,204.0,0.27586206896551724,25.3,259.8,55.8,55.8,0.0,Low,Moderate
BB_0041,AB_pos,cryoprecipitate,1,261.0,,199.0,158.0,9.55,365,16.64565006228281,16.64565006228281,pooled_blood_group_product,199.0,0.19696969696969696,27.5,288.5,89.5,89.5,0.0,Low,Low
BB_0041,AB_pos,fresh_frozen_plasma,1,250.0,,194.0,149.0,20.62,365,15.529870914464443,15.529870914464443,pooled_blood_group_product,194.0,0.19696969696969696,25.6,275.6,81.6,81.6,0.0,Low,Moderate
BB_0041,AB_pos,packed_RBC,1,224.0,,200.0,144.0,15.5,42,17.421402900877148,17.421402900877148,pooled_blood_group_product,200.0,0.19696969696969696,28.7,252.7,52.7,52.7,0.0,Low,Moderate
BB_0041,A_neg,fresh_frozen_plasma,1,271.0,,218.0,171.0,11.01,365,15.630530767171415,15.630530767171415,pooled_blood_group_product,218.0,0.19696969696969696,25.8,296.8,78.8,78.8,0.0,Low,Low
BB_0041,A_neg,group_O_neg_emergency,1,263.0,,197.0,124.0,5.08,42,15.275919791953486,15.275919791953486,pooled_blood_group_product,197.0,0.19696969696969696,25.2,288.2,91.2,91.2,0.0,Low,Low
BB_0041,A_neg,packed_RBC,1,238.0,,188.0,154.0,17.02,42,14.982321915176227,14.982321915176227,pooled_blood_group_product,188.0,0.19696969696969696,24.7,262.7,74.7,74.7,0.0,Low,Moderate
BB_0041,A_pos,fresh_frozen_plasma,4,250.0,15.427248620541512,201.25,127.5,14.93,365,15.175972252331889,15.175972252331889,pooled_blood_group_product,201.25,0.19696969696969696,25.0,275.0,73.8,73.8,0.0,Low,Moderate
BB_0041,A_pos,group_O_neg_emergency,1,254.0,,190.0,119.0,21.05,42,16.934146373239873,16.934146373239873,pooled_blood_group_product,190.0,0.19696969696969696,27.9,281.9,91.9,91.9,0.0,Low,High
BB_0041,A_pos,packed_RBC,2,267.0,12.727922061357855,188.5,133.5,19.985,42,15.974157533973031,15.974157533973031,pooled_blood_group_product,188.5,0.19696969696969696,26.4,293.4,104.9,104.9,0.0,Low,High
BB_0041,A_pos,platelet_concentrate,2,254.0,4.242640687119285,194.0,126.5,15.565,5,15.570295650182972,15.570295650182972,pooled_blood_group_product,194.0,0.19696969696969696,25.7,279.7,85.7,85.7,0.0,Low,Moderate
BB_0041,A_pos,whole_blood,2,246.5,12.020815280171307,194.0,111.5,18.28,42,16.26859652330014,16.26859652330014,pooled_blood_group_product,194.0,0.19696969696969696,26.8,273.3,79.3,79.3,0.0,Low,Moderate
BB_0041,B_neg,fresh_frozen_plasma,1,242.0,,199.0,165.0,17.59,365,18.483089984756752,18.483089984756752,pooled_blood_group_product,199.0,0.19696969696969696,30.5,272.5,73.5,73.5,0.0,Low,Moderate
BB_0041,B_neg,packed_RBC,1,284.0,,183.0,141.0,14.75,42,17.510386528104863,17.510386528104863,pooled_blood_group_product,183.0,0.19696969696969696,28.9,312.9,129.9,129.9,0.0,Low,Moderate
BB_0041,B_neg,whole_blood,1,245.0,,201.0,140.0,25.37,42,14.346963359011946,14.346963359011946,pooled_blood_group_product,201.0,0.19696969696969696,23.7,268.7,67.7,67.7,0.0,Low,High
BB_0041,B_pos,cryoprecipitate,1,253.0,,218.0,177.0,17.89,365,15.142364873820988,15.142364873820988,pooled_blood_group_product,218.0,0.19696969696969696,25.0,278.0,60.0,60.0,0.0,Low,Moderate
BB_0041,B_pos,fresh_frozen_plasma,2,293.0,16.97056274847714,196.0,154.5,11.595,365,15.753623140581702,15.753623140581702,pooled_blood_group_product,196.0,0.19696969696969696,26.0,319.0,123.0,123.0,0.0,Low,Low
BB_0041,B_pos,group_O_neg_emergency,4,270.75,27.219784471348536,192.75,126.25,13.035,42,15.327786820822924,15.327786820822924,pooled_blood_group_product,192.75,0.19696969696969696,25.3,296.0,103.2,103.2,0.0,Low,Low
BB_0041,B_pos,packed_RBC,1,245.0,,205.0,194.0,9.76,42,15.425681398117081,15.425681398117081,pooled_blood_group_product,205.0,0.19696969696969696,25.5,270.5,65.5,65.5,0.0,Low,Low
BB_0041,B_pos,platelet_concentrate,2,252.0,15.556349186104045,208.5,158.5,18.36,5,15.918915219368015,15.918915219368015,pooled_blood_group_product,208.5,0.19696969696969696,26.3,278.3,69.8,69.8,0.0,Low,Moderate
BB_0041,B_pos,whole_blood,2,246.5,19.091883092036785,196.5,148.0,12.95,42,15.616055501636811,15.616055501636811,pooled_blood_group_product,196.5,0.19696969696969696,25.8,272.3,75.8,75.8,0.0,Low,Low
BB_0041,O_neg,whole_blood,1,246.0,,203.0,139.0,5.42,42,15.177301566829424,15.177301566829424,pooled_blood_group_product,203.0,0.19696969696969696,25.0,271.0,68.0,68.0,0.0,Low,Low
BB_0041,O_pos,cryoprecipitate,9,247.66666666666666,10.931605554537724,201.0,146.33333333333334,15.137777777777778,365,15.956259435791292,10.931605554537724,own_history,201.0,0.19696969696969696,18.0,265.7,64.7,64.7,0.0,Low,Moderate
BB_0041,O_pos,fresh_frozen_plasma,5,251.6,12.739701723352862,193.0,130.0,17.496000000000002,365,16.129072159319048,12.739701723352862,own_history,193.0,0.19696969696969696,21.0,272.6,79.6,79.6,0.0,Low,Moderate
BB_0041,O_pos,group_O_neg_emergency,4,254.75,8.732124598286488,197.75,159.25,12.8025,42,15.59947653940603,15.59947653940603,pooled_blood_group_product,197.75,0.19696969696969696,25.7,280.4,82.6,82.6,0.0,Low,Low
BB_0041,O_pos,packed_RBC,6,249.33333333333334,10.327955589886447,184.5,135.0,16.238333333333333,42,16.220879283084294,10.327955589886447,own_history,184.5,0.19696969696969696,17.0,266.3,81.8,81.8,0.0,Low,Moderate
BB_0041,O_pos,platelet_concentrate,4,256.0,11.604596790352806,212.5,150.75,20.75,5,15.814220480272407,15.814220480272407,pooled_blood_group_product,212.5,0.19696969696969696,26.1,282.1,69.6,69.6,0.0,Low,High
BB_0041,O_pos,whole_blood,5,245.8,7.8230428862431785,213.0,150.8,21.022,42,15.320728507460478,7.8230428862431785,own_history,213.0,0.19696969696969696,12.9,258.7,45.7,45.7,0.0,Low,High
BB_0042,AB_pos,fresh_frozen_plasma,1,251.0,,207.0,155.0,25.12,365,15.529870914464443,15.529870914464443,pooled_blood_group_product,207.0,0.23809523809523808,25.6,276.6,69.6,69.6,0.0,Low,Moderate
BB_0042,AB_pos,whole_blood,3,249.66666666666666,27.20906711619003,205.66666666666666,171.33333333333334,19.636666666666667,42,13.606168437472475,13.606168437472475,pooled_blood_group_product,205.66666666666666,0.23809523809523808,22.5,272.2,66.5,66.5,0.0,Low,High
BB_0042,A_neg,cryoprecipitate,1,266.0,,214.0,153.0,23.36,365,14.243844171226868,14.243844171226868,pooled_blood_group_product,214.0,0.23809523809523808,23.5,289.5,75.5,75.5,0.0,Low,Moderate
BB_0042,A_neg,packed_RBC,1,233.0,,208.0,125.0,23.56,42,14.982321915176227,14.982321915176227,pooled_blood_group_product,208.0,0.23809523809523808,24.7,257.7,49.7,49.7,0.0,Low,High
BB_0042,A_pos,cryoprecipitate,1,244.0,,204.0,138.0,20.1,365,15.986014398875405,15.986014398875405,pooled_blood_group_product,204.0,0.23809523809523808,26.4,270.4,66.4,66.4,0.0,Low,Moderate
BB_0042,A_pos,fresh_frozen_plasma,2,261.0,15.556349186104045,223.0,150.5,20.18,365,15.175972252331889,15.175972252331889,pooled_blood_group_product,223.0,0.23809523809523808,25.0,286.0,63.0,63.0,0.0,Low,Moderate
BB_0042,A_pos,group_O_neg_emergency,1,261.0,,181.0,153.0,11.05,42,16.934146373239873,16.934146373239873,pooled_blood_group_product,181.0,0.23809523809523808,27.9,288.9,107.9,107.9,0.0,Low,Low
BB_0042,A_pos,packed_RBC,6,258.1666666666667,17.62290176635695,197.33333333333334,151.5,18.665,42,15.974157533973031,17.62290176635695,own_history,197.33333333333334,0.23809523809523808,29.1,287.3,90.0,90.0,0.0,Low,Moderate
BB_0042,A_pos,platelet_concentrate,2,242.0,28.284271247461902,205.5,140.5,21.145,5,15.570295650182972,15.570295650182972,pooled_blood_group_product,205.5,0.23809523809523808,25.7,267.7,62.2,62.2,0.0,Low,High
BB_0042,A_pos,whole_blood,2,250.5,3.5355339059327378,206.0,146.0,18.745,42,16.26859652330014,16.26859652330014,pooled_blood_group_product,206.0,0.23809523809523808,26.8,277.3,71.3,71.3,0.0,Low,Moderate
BB_0042,B_neg,group_O_neg_emergency,1,271.0,,189.0,138.0,12.17,42,16.421857975114715,16.421857975114715,pooled_blood_group_product,189.0,0.23809523809523808,27.1,298.1,109.1,109.1,0.0,Low,Low
BB_0042,B_neg,packed_RBC,1,246.0,,207.0,143.0,19.32,42,17.510386528104863,17.510386528104863,pooled_blood_group_product,207.0,0.23809523809523808,28.9,274.9,67.9,67.9,0.0,Low,High
BB_0042,B_pos,fresh_frozen_plasma,2,273.5,13.435028842544403,202.0,160.5,13.03,365,15.753623140581702,15.753623140581702,pooled_blood_group_product,202.0,0.23809523809523808,26.0,299.5,97.5,97.5,0.0,Low,Low
BB_0042,B_pos,group_O_neg_emergency,2,231.5,28.991378028648448,197.5,144.0,20.43,42,15.327786820822924,15.327786820822924,pooled_blood_group_product,197.5,0.23809523809523808,25.3,256.8,59.3,59.3,0.0,Low,High
BB_0042,B_pos,packed_RBC,3,256.3333333333333,4.725815626252614,198.66666666666666,153.66666666666666,14.406666666666666,42,15.425681398117081,15.425681398117081,pooled_blood_group_product,198.66666666666666,0.23809523809523808,25.5,281.8,83.1,83.1,0.0,Low,Moderate
BB_0042,B_pos,platelet_concentrate,1,259.0,,171.0,132.0,23.98,5,15.918915219368015,15.918915219368015,pooled_blood_group_product,171.0,0.23809523809523808,26.3,285.3,114.3,114.3,0.0,Low,High
BB_0042,B_pos,whole_blood,2,259.5,30.405591591021544,207.0,132.5,22.674999999999997,42,15.616055501636811,15.616055501636811,pooled_blood_group_product,207.0,0.23809523809523808,25.8,285.3,78.3,78.3,0.0,Low,High
BB_0042,O_neg,cryoprecipitate,2,245.0,9.899494936611665,214.5,159.0,17.47,365,16.832005704612282,16.832005704612282,pooled_blood_group_product,214.5,0.23809523809523808,27.8,272.8,58.3,58.3,0.0,Low,Moderate
BB_0042,O_pos,cryoprecipitate,5,247.0,14.713938969562161,200.8,143.0,18.45,365,15.956259435791292,14.713938969562161,own_history,200.8,0.23809523809523808,24.3,271.3,70.5,70.5,0.0,Low,Moderate
BB_0042,O_pos,fresh_frozen_plasma,5,254.4,10.014988766843427,198.0,134.6,14.95,365,16.129072159319048,10.014988766843427,own_history,198.0,0.23809523809523808,16.5,270.9,72.9,72.9,0.0,Low,Moderate
BB_0042,O_pos,group_O_neg_emergency,5,252.0,17.649362594722792,196.6,127.2,20.125999999999998,42,15.59947653940603,17.649362594722792,own_history,196.6,0.23809523809523808,29.1,281.1,84.5,84.5,0.0,Low,High
BB_0042,O_pos,packed_RBC,3,255.66666666666666,19.139836293274122,200.33333333333334,151.33333333333334,20.61,42,16.220879283084294,16.220879283084294,pooled_blood_group_product,200.33333333333334,0.23809523809523808,26.8,282.5,82.2,82.2,0.0,Low,High
BB_0042,O_pos,platelet_concentrate,4,251.75,3.3040379335998358,206.25,179.75,17.0775,5,15.814220480272407,15.814220480272407,pooled_blood_group_product,206.25,0.23809523809523808,26.1,277.8,71.6,71.6,0.0,Low,Moderate
BB_0042,O_pos,whole_blood,7,250.71428571428572,15.162610655977486,183.85714285714286,138.0,15.861428571428572,42,15.320728507460478,15.162610655977486,own_history,183.85714285714286,0.23809523809523808,25.0,275.7,91.8,91.8,0.0,Low,Moderate
BB_0043,AB_pos,cryoprecipitate,2,268.0,26.870057685088806,199.0,126.5,18.7,365,16.64565006228281,16.64565006228281,pooled_blood_group_product,199.0,0.25,27.5,295.5,96.5,96.5,0.0,Low,Moderate
BB_0043,AB_pos,fresh_frozen_plasma,2,270.5,13.435028842544403,212.0,154.0,12.195,365,15.529870914464443,15.529870914464443,pooled_blood_group_product,212.0,0.25,25.6,296.1,84.1,84.1,0.0,Low,Low
BB_0043,AB_pos,platelet_concentrate,1,236.0,,200.0,144.0,29.5,5,14.27616380960629,14.27616380960629,pooled_blood_group_product,200.0,0.25,23.6,259.6,59.6,59.6,0.0,Low,High
BB_0043,A_pos,cryoprecipitate,1,238.0,,198.0,109.0,20.71,365,15.986014398875405,15.986014398875405,pooled_blood_group_product,198.0,0.25,26.4,264.4,66.4,66.4,0.0,Low,Moderate
BB_0043,A_pos,group_O_neg_emergency,4,255.75,15.67109866388867,202.5,142.5,16.41,42,16.934146373239873,16.934146373239873,pooled_blood_group_product,202.5,0.25,27.9,283.6,81.1,81.1,0.0,Low,Moderate
BB_0043,A_pos,packed_RBC,3,260.6666666666667,9.23760430703402,193.0,140.66666666666666,17.31,42,15.974157533973031,15.974157533973031,pooled_blood_group_product,193.0,0.25,26.4,287.1,94.1,94.1,0.0,Low,Moderate
BB_0043,A_pos,platelet_concentrate,2,229.5,2.1213203435596424,196.5,139.0,22.81,5,15.570295650182972,15.570295650182972,pooled_blood_group_product,196.5,0.25,25.7,255.2,58.7,58.7,0.0,Low,High
BB_0043,A_pos,whole_blood,4,255.75,7.588368291888139,210.5,136.5,21.435000000000002,42,16.26859652330014,16.26859652330014,pooled_blood_group_product,210.5,0.25,26.8,282.6,72.1,72.1,0.0,Low,High
BB_0043,B_neg,cryoprecipitate,1,278.0,,205.0,121.0,11.22,365,14.855008056807502,14.855008056807502,pooled_blood_group_product,205.0,0.25,24.5,302.5,97.5,97.5,0.0,Low,Low
BB_0043,B_neg,platelet_concentrate,2,229.5,10.606601717798213,203.5,123.5,15.475,5,15.063664178898293,15.063664178898293,pooled_blood_group_product,203.5,0.25,24.9,254.4,50.9,50.9,0.0,Low,Moderate
BB_0043,B_pos,cryoprecipitate,3,252.66666666666666,10.01665280087781,193.66666666666666,161.33333333333334,16.826666666666668,365,15.142364873820988,15.142364873820988,pooled_blood_group_product,193.66666666666666,0.25,25.0,277.7,84.0,84.0,0.0,Low,Moderate
BB_0043,B_pos,group_O_neg_emergency,2,280.0,5.656854249492381,182.0,152.5,17.814999999999998,42,15.327786820822924,15.327786820822924,pooled_blood_group_product,182.0,0.25,25.3,305.3,123.3,123.3,0.0,Low,Moderate
BB_0043,B_pos,packed_RBC,3,248.33333333333334,26.689573494781314,204.0,150.33333333333334,19.55,42,15.425681398117081,15.425681398117081,pooled_blood_group_product,204.0,0.25,25.5,273.8,69.8,69.8,0.0,Low,High
BB_0043,B_pos,whole_blood,4,241.5,9.110433579144297,208.75,128.0,17.697499999999998,42,15.616055501636811,15.616055501636811,pooled_blood_group_product,208.75,0.25,25.8,267.3,58.6,58.6,0.0,Low,Moderate
BB_0043,O_neg,group_O_neg_emergency,1,245.0,,174.0,155.0,12.64,42,15.737583585569908,15.737583585569908,pooled_blood_group_product,174.0,0.25,26.0,271.0,97.0,97.0,0.0,Low,Low
BB_0043,O_neg,platelet_concentrate,1,231.0,,196.0,146.0,9.18,5,16.930706830055033,16.930706830055033,pooled_blood_group_product,196.0,0.25,27.9,258.9,62.9,62.9,0.0,Low,Low
BB_0043,O_neg,whole_blood,1,249.0,,193.0,125.0,9.84,42,15.177301566829424,15.177301566829424,pooled_blood_group_product,193.0,0.25,25.0,274.0,81.0,81.0,0.0,Low,Low
BB_0043,O_pos,cryoprecipitate,1,252.0,,206.0,184.0,20.39,365,15.956259435791292,15.956259435791292,pooled_blood_group_product,206.0,0.25,26.3,278.3,72.3,72.3,0.0,Low,Moderate
BB_0043,O_pos,fresh_frozen_plasma,4,251.25,8.05708797684788,209.5,147.25,19.5125,365,16.129072159319048,16.129072159319048,pooled_blood_group_product,209.5,0.25,26.6,277.8,68.3,68.3,0.0,Low,Moderate
BB_0043,O_pos,group_O_neg_emergency,9,239.22222222222223,14.201916928515132,198.0,136.22222222222223,15.134444444444446,42,15.59947653940603,14.201916928515132,own_history,198.0,0.25,23.4,262.6,64.6,64.6,0.0,Low,Moderate
BB_0043,O_pos,packed_RBC,1,269.0,,219.0,128.0,14.16,42,16.220879283084294,16.220879283084294,pooled_blood_group_product,219.0,0.25,26.8,295.8,76.8,76.8,0.0,Low,Moderate
BB_0043,O_pos,platelet_concentrate,7,249.0,7.571877794400365,201.42857142857142,148.71428571428572,21.595714285714283,5,15.814220480272407,7.571877794400365,own_history,201.42857142857142,0.25,12.5,261.5,60.1,60.1,0.0,Low,High
BB_0043,O_pos,whole_blood,5,251.8,5.449770637375485,191.4,127.6,19.668,42,15.320728507460478,5.449770637375485,own_history,191.4,0.25,9.0,260.8,69.4,69.4,0.0,Low,High
BB_0044,AB_pos,fresh_frozen_plasma,1,221.0,,178.0,127.0,19.1,365,15.529870914464443,15.529870914464443,pooled_blood_group_product,178.0,0.25,25.6,246.6,68.6,68.6,0.0,Low,Moderate
BB_0044,A_neg,cryoprecipitate,2,230.5,2.1213203435596424,216.0,151.5,13.055,365,14.243844171226868,14.243844171226868,pooled_blood_group_product,216.0,0.25,23.5,254.0,38.0,38.0,0.0,Low,Low
BB_0044,A_neg,whole_blood,1,240.0,,193.0,156.0,20.73,42,16.829684030913054,16.829684030913054,pooled_blood_group_product,193.0,0.25,27.8,267.8,74.8,74.8,0.0,Low,High
BB_0044,A_pos,cryoprecipitate,2,244.5,7.7781745930520225,194.5,145.0,14.684999999999999,365,15.986014398875405,15.986014398875405,pooled_blood_group_product,194.5,0.25,26.4,270.9,76.4,76.4,0.0,Low,Moderate
BB_0044,A_pos,packed_RBC,3,240.0,22.0,201.0,147.0,13.503333333333332,42,15.974157533973031,15.974157533973031,pooled_blood_group_product,201.0,0.25,26.4,266.4,65.4,65.4,0.0,Low,Low
BB_0044,A_pos,whole_blood,1,276.0,,204.0,142.0,13.73,42,16.26859652330014,16.26859652330014,pooled_blood_group_product,204.0,0.25,26.8,302.8,98.8,98.8,0.0,Low,Low
BB_0044,B_neg,cryoprecipitate,1,237.0,,181.0,158.0,16.02,365,14.855008056807502,14.855008056807502,pooled_blood_group_product,181.0,0.25,24.5,261.5,80.5,80.5,0.0,Low,Moderate
BB_0044,B_neg,whole_blood,1,226.0,,199.0,113.0,21.11,42,14.346963359011946,14.346963359011946,pooled_blood_group_product,199.0,0.25,23.7,249.7,50.7,50.7,0.0,Low,High
BB_0044,B_pos,cryoprecipitate,1,258.0,,200.0,129.0,13.0,365,15.142364873820988,15.142364873820988,pooled_blood_group_product,200.0,0.25,25.0,283.0,83.0,83.0,0.0,Low,Low
BB_0044,B_pos,fresh_frozen_plasma,3,252.66666666666666,10.01665280087781,194.66666666666666,162.0,13.479999999999999,365,15.753623140581702,15.753623140581702,pooled_blood_group_product,194.66666666666666,0.25,26.0,278.7,84.0,84.0,0.0,Low,Low
BB_0044,B_pos,group_O_neg_emergency,5,245.2,14.429137188342203,193.8,152.6,17.05,42,15.327786820822924,14.429137188342203,own_history,193.8,0.25,23.8,269.0,75.2,75.2,0.0,Low,Moderate
BB_0044,B_pos,packed_RBC,2,241.0,18.384776310850235,194.5,138.5,19.240000000000002,42,15.425681398117081,15.425681398117081,pooled_blood_group_product,194.5,0.25,25.5,266.5,72.0,72.0,0.0,Low,High
BB_0044,B_pos,platelet_concentrate,1,223.0,,210.0,129.0,23.81,5,15.918915219368015,15.918915219368015,pooled_blood_group_product,210.0,0.25,26.3,249.3,39.3,39.3,0.0,Low,High
BB_0044,B_pos,whole_blood,3,245.66666666666666,5.859465277082311,202.0,172.33333333333334,12.993333333333334,42,15.616055501636811,15.616055501636811,pooled_blood_group_product,202.0,0.25,25.8,271.5,69.5,69.5,0.0,Low,Low
BB_0044,O_neg,group_O_neg_emergency,1,245.0,,204.0,121.0,8.33,42,15.737583585569908,15.737583585569908,pooled_blood_group_product,204.0,0.25,26.0,271.0,67.0,67.0,0.0,Low,Low
BB_0044,O_neg,platelet_concentrate,1,229.0,,194.0,175.0,9.79,5,16.930706830055033,16.930706830055033,pooled_blood_group_product,194.0,0.25,27.9,256.9,62.9,62.9,0.0,Low,Low
BB_0044,O_neg,whole_blood,1,243.0,,203.0,201.0,13.79,42,15.177301566829424,15.177301566829424,pooled_blood_group_product,203.0,0.25,25.0,268.0,65.0,65.0,0.0,Low,Low
BB_0044,O_pos,cryoprecipitate,6,261.8333333333333,16.880955739135945,199.33333333333334,146.33333333333334,14.618333333333332,365,15.956259435791292,16.880955739135945,own_history,199.33333333333334,0.25,27.9,289.7,90.4,90.4,0.0,Low,Moderate
BB_0044,O_pos,fresh_frozen_plasma,3,243.66666666666666,6.11010092660779,195.66666666666666,110.0,13.43,365,16.129072159319048,16.129072159319048,pooled_blood_group_product,195.66666666666666,0.25,26.6,270.3,74.6,74.6,0.0,Low,Low
BB_0044,O_pos,group_O_neg_emergency,6,252.83333333333334,18.049007359593677,199.83333333333334,147.0,13.953333333333333,42,15.59947653940603,18.049007359593677,own_history,199.83333333333334,0.25,29.8,282.6,82.8,82.8,0.0,Low,Low
BB_0044,O_pos,packed_RBC,6,262.3333333333333,10.250203250017368,196.5,134.33333333333334,16.573333333333334,42,16.220879283084294,10.250203250017368,own_history,196.5,0.25,16.9,279.2,82.7,82.7,0.0,Low,Moderate
BB_0044,O_pos,platelet_concentrate,5,247.2,22.36515146382872,205.4,142.0,19.176,5,15.814220480272407,22.36515146382872,own_history,205.4,0.25,36.9,284.1,78.7,78.7,0.0,Low,High
BB_0044,O_pos,whole_blood,8,251.125,16.295814537131047,200.875,148.25,16.88,42,15.320728507460478,16.295814537131047,own_history,200.875,0.25,26.9,278.0,77.1,77.1,0.0,Low,Moderate
BB_0045,AB_pos,group_O_neg_emergency,2,239.5,10.606601717798213,195.0,117.5,11.82,42,16.01343479009551,16.01343479009551,pooled_blood_group_product,195.0,0.22033898305084745,26.4,265.9,70.9,70.9,0.0,Low,Low
BB_0045,A_neg,platelet_concentrate,1,261.0,,224.0,134.0,11.61,5,15.26163614252437,15.26163614252437,pooled_blood_group_product,224.0,0.22033898305084745,25.2,286.2,62.2,62.2,0.0,Low,Low
BB_0045,A_neg,whole_blood,1,242.0,,183.0,147.0,9.29,42,16.829684030913054,16.829684030913054,pooled_blood_group_product,183.0,0.22033898305084745,27.8,269.8,86.8,86.8,0.0,Low,Low
BB_0045,A_pos,fresh_frozen_plasma,1,253.0,,177.0,135.0,19.77,365,15.175972252331889,15.175972252331889,pooled_blood_group_product,177.0,0.22033898305084745,25.0,278.0,101.0,101.0,0.0,Low,Moderate
BB_0045,A_pos,group_O_neg_emergency,3,253.0,35.510561809129406,205.0,146.0,16.363333333333333,42,16.934146373239873,16.934146373239873,pooled_blood_group_product,205.0,0.22033898305084745,27.9,280.9,75.9,75.9,0.0,Low,Moderate
BB_0045,A_pos,packed_RBC,2,238.5,3.5355339059327378,209.5,126.5,9.275,42,15.974157533973031,15.974157533973031,pooled_blood_group_product,209.5,0.22033898305084745,26.4,264.9,55.4,55.4,0.0,Low,Low
BB_0045,A_pos,platelet_concentrate,1,247.0,,209.0,135.0,10.05,5,15.570295650182972,15.570295650182972,pooled_blood_group_product,209.0,0.22033898305084745,25.7,272.7,63.7,63.7,0.0,Low,Low
BB_0045,A_pos,whole_blood,3,244.0,14.0,193.66666666666666,130.0,19.253333333333334,42,16.26859652330014,16.26859652330014,pooled_blood_group_product,193.66666666666666,0.22033898305084745,26.8,270.8,77.1,77.1,0.0,Low,High
BB_0045,B_neg,platelet_concentrate,1,251.0,,205.0,163.0,16.59,5,15.063664178898293,15.063664178898293,pooled_blood_group_product,205.0,0.22033898305084745,24.9,275.9,70.9,70.9,0.0,Low,Moderate
BB_0045,B_neg,whole_blood,1,260.0,,200.0,139.0,14.5,42,14.346963359011946,14.346963359011946,pooled_blood_group_product,200.0,0.22033898305084745,23.7,283.7,83.7,83.7,0.0,Low,Moderate
BB_0045,B_pos,fresh_frozen_plasma,3,255.33333333333334,7.767453465154031,205.33333333333334,126.0,15.38,365,15.753623140581702,15.753623140581702,pooled_blood_group_product,205.33333333333334,0.22033898305084745,26.0,281.3,76.0,76.0,0.0,Low,Moderate
BB_0045,B_pos,group_O_neg_emergency,4,245.75,8.53912563829967,203.25,155.0,17.2775,42,15.327786820822924,15.327786820822924,pooled_blood_group_product,203.25,0.22033898305084745,25.3,271.0,67.8,67.8,0.0,Low,Moderate
BB_0045,B_pos,packed_RBC,1,246.0,,195.0,144.0,16.92,42,15.425681398117081,15.425681398117081,pooled_blood_group_product,195.0,0.22033898305084745,25.5,271.5,76.5,76.5,0.0,Low,Moderate
BB_0045,B_pos,platelet_concentrate,1,237.0,,186.0,118.0,24.73,5,15.918915219368015,15.918915219368015,pooled_blood_group_product,186.0,0.22033898305084745,26.3,263.3,77.3,77.3,0.0,Low,High
BB_0045,B_pos,whole_blood,1,250.0,,220.0,204.0,9.09,42,15.616055501636811,15.616055501636811,pooled_blood_group_product,220.0,0.22033898305084745,25.8,275.8,55.8,55.8,0.0,Low,Low
BB_0045,O_neg,packed_RBC,1,242.0,,195.0,167.0,23.08,42,16.675768019539497,16.675768019539497,pooled_blood_group_product,195.0,0.22033898305084745,27.5,269.5,74.5,74.5,0.0,Low,High
BB_0045,O_neg,platelet_concentrate,2,262.5,14.849242404917497,189.5,143.5,21.63,5,16.930706830055033,16.930706830055033,pooled_blood_group_product,189.5,0.22033898305084745,27.9,290.4,100.9,100.9,0.0,Low,High
BB_0045,O_pos,cryoprecipitate,4,244.5,9.848857801796104,199.0,130.75,15.6075,365,15.956259435791292,15.956259435791292,pooled_blood_group_product,199.0,0.22033898305084745,26.3,270.8,71.8,71.8,0.0,Low,Moderate
BB_0045,O_pos,fresh_frozen_plasma,5,255.2,14.92313639956427,191.6,122.0,10.696,365,16.129072159319048,14.92313639956427,own_history,191.6,0.22033898305084745,24.6,279.8,88.2,88.2,0.0,Low,Low
BB_0045,O_pos,group_O_neg_emergency,5,248.6,9.423375191511798,201.4,151.4,15.169999999999998,42,15.59947653940603,9.423375191511798,own_history,201.4,0.22033898305084745,15.5,264.1,62.7,62.7,0.0,Low,Moderate
BB_0045,O_pos,packed_RBC,8,251.25,23.915028150277628,194.125,150.125,14.24625,42,16.220879283084294,23.915028150277628,own_history,194.125,0.22033898305084745,39.5,290.8,96.7,96.7,0.0,Low,Moderate
BB_0045,O_pos,platelet_concentrate,6,242.83333333333334,17.197868084930374,200.5,150.66666666666666,22.381666666666664,5,15.814220480272407,17.197868084930374,own_history,200.5,0.22033898305084745,28.4,271.2,70.7,70.7,0.0,Low,High
BB_0045,O_pos,whole_blood,2,258.0,24.041630560342615,218.5,185.5,21.055,42,15.320728507460478,15.320728507460478,pooled_blood_group_product,218.5,0.22033898305084745,25.3,283.3,64.8,64.8,0.0,Low,High
BB_0046,AB_neg,group_O_neg_emergency,1,242.0,,188.0,178.0,6.38,42,14.768157012249755,14.768157012249755,pooled_blood_group_product,188.0,0.2923076923076923,24.4,266.4,78.4,78.4,0.0,Low,Low
BB_0046,AB_pos,cryoprecipitate,1,255.0,,191.0,91.0,19.37,365,16.64565006228281,16.64565006228281,pooled_blood_group_product,191.0,0.2923076923076923,27.5,282.5,91.5,91.5,0.0,Low,Moderate
BB_0046,AB_pos,group_O_neg_emergency,1,269.0,,195.0,172.0,11.79,42,16.01343479009551,16.01343479009551,pooled_blood_group_product,195.0,0.2923076923076923,26.4,295.4,100.4,100.4,0.0,Low,Low
BB_0046,AB_pos,packed_RBC,1,240.0,,200.0,145.0,20.5,42,17.421402900877148,17.421402900877148,pooled_blood_group_product,200.0,0.2923076923076923,28.7,268.7,68.7,68.7,0.0,Low,High
BB_0046,AB_pos,platelet_concentrate,1,245.0,,210.0,122.0,21.9,5,14.27616380960629,14.27616380960629,pooled_blood_group_product,210.0,0.2923076923076923,23.6,268.6,58.6,58.6,0.0,Low,High
BB_0046,A_pos,cryoprecipitate,1,232.0,,180.0,152.0,16.11,365,15.986014398875405,15.986014398875405,pooled_blood_group_product,180.0,0.2923076923076923,26.4,258.4,78.4,78.4,0.0,Low,Moderate
BB_0046,A_pos,fresh_frozen_plasma,4,238.75,21.23479848424907,197.0,127.75,11.9625,365,15.175972252331889,15.175972252331889,pooled_blood_group_product,197.0,0.2923076923076923,25.0,263.8,66.8,66.8,0.0,Low,Low
BB_0046,A_pos,group_O_neg_emergency,5,244.4,16.979399282660147,201.6,141.8,14.430000000000001,42,16.934146373239873,16.979399282660147,own_history,201.6,0.2923076923076923,28.0,272.4,70.8,70.8,0.0,Low,Moderate
BB_0046,A_pos,packed_RBC,5,239.8,18.417383093154143,208.4,132.8,14.988,42,15.974157533973031,18.417383093154143,own_history,208.4,0.2923076923076923,30.4,270.2,61.8,61.8,0.0,Low,Moderate
BB_0046,A_pos,platelet_concentrate,2,249.5,12.020815280171307,200.0,163.5,19.75,5,15.570295650182972,15.570295650182972,pooled_blood_group_product,200.0,0.2923076923076923,25.7,275.2,75.2,75.2,0.0,Low,High
BB_0046,A_pos,whole_blood,2,283.0,8.48528137423857,210.5,192.0,23.295,42,16.26859652330014,16.26859652330014,pooled_blood_group_product,210.5,0.2923076923076923,26.8,309.8,99.3,99.3,0.0,Low,High
BB_0046,B_pos,cryoprecipitate,2,243.0,2.8284271247461903,209.5,126.5,10.995000000000001,365,15.142364873820988,15.142364873820988,pooled_blood_group_product,209.5,0.2923076923076923,25.0,268.0,58.5,58.5,0.0,Low,Low
BB_0046,B_pos,fresh_frozen_plasma,1,251.0,,180.0,137.0,32.22,365,15.753623140581702,15.753623140581702,pooled_blood_group_product,180.0,0.2923076923076923,26.0,277.0,97.0,97.0,0.0,Low,Moderate
BB_0046,B_pos,group_O_neg_emergency,2,254.0,9.899494936611665,208.5,143.5,19.585,42,15.327786820822924,15.327786820822924,pooled_blood_group_product,208.5,0.2923076923076923,25.3,279.3,70.8,70.8,0.0,Low,High
BB_0046,B_pos,packed_RBC,1,241.0,,188.0,142.0,14.89,42,15.425681398117081,15.425681398117081,pooled_blood_group_product,188.0,0.2923076923076923,25.5,266.5,78.5,78.5,0.0,Low,Moderate
BB_0046,B_pos,whole_blood,6,258.0,7.483314773547884,200.5,136.16666666666666,17.026666666666667,42,15.616055501636811,7.483314773547884,own_history,200.5,0.2923076923076923,12.3,270.3,69.8,69.8,0.0,Low,Moderate
BB_0046,O_neg,platelet_concentrate,1,231.0,,186.0,145.0,19.35,5,16.930706830055033,16.930706830055033,pooled_blood_group_product,186.0,0.2923076923076923,27.9,258.9,72.9,72.9,0.0,Low,High
BB_0046,O_pos,cryoprecipitate,8,238.75,17.202574558145987,200.25,144.375,12.442499999999999,365,15.956259435791292,17.202574558145987,own_history,200.25,0.2923076923076923,28.4,267.2,66.9,66.9,0.0,Low,Low
BB_0046,O_pos,fresh_frozen_plasma,3,262.0,17.349351572897472,196.33333333333334,131.66666666666666,16.586666666666666,365,16.129072159319048,16.129072159319048,pooled_blood_group_product,196.33333333333334,0.2923076923076923,26.6,288.6,92.3,92.3,0.0,Low,Moderate
BB_0046,O_pos,group_O_neg_emergency,3,248.66666666666666,7.637626158259737,190.66666666666666,139.66666666666666,21.37,42,15.59947653940603,15.59947653940603,pooled_blood_group_product,190.66666666666666,0.2923076923076923,25.7,274.4,83.7,83.7,0.0,Low,High
BB_0046,O_pos,packed_RBC,8,254.875,15.245022606926973,194.875,141.75,19.81375,42,16.220879283084294,15.245022606926973,own_history,194.875,0.2923076923076923,25.2,280.1,85.2,85.2,0.0,Low,High
BB_0046,O_pos,platelet_concentrate,2,264.0,8.48528137423857,202.0,145.5,13.4,5,15.814220480272407,15.814220480272407,pooled_blood_group_product,202.0,0.2923076923076923,26.1,290.1,88.1,88.1,0.0,Low,Low
BB_0046,O_pos,whole_blood,4,237.5,13.771952173409064,201.75,142.25,14.0725,42,15.320728507460478,15.320728507460478,pooled_blood_group_product,201.75,0.2923076923076923,25.3,262.8,61.1,61.1,0.0,Low,Moderate
BB_0047,AB_neg,fresh_frozen_plasma,1,250.0,,205.0,120.0,22.93,365,18.018509002319437,18.018509002319437,pooled_blood_group_product,205.0,0.3333333333333333,29.7,279.7,74.7,74.7,0.0,Low,Moderate
BB_0047,AB_pos,cryoprecipitate,1,234.0,,206.0,89.0,5.83,365,16.64565006228281,16.64565006228281,pooled_blood_group_product,206.0,0.3333333333333333,27.5,261.5,55.5,55.5,0.0,Low,Low
BB_0047,AB_pos,whole_blood,1,243.0,,218.0,147.0,13.76,42,13.606168437472475,13.606168437472475,pooled_blood_group_product,218.0,0.3333333333333333,22.5,265.5,47.5,47.5,0.0,Low,Low
BB_0047,A_neg,fresh_frozen_plasma,1,252.0,,206.0,164.0,6.8,365,15.630530767171415,15.630530767171415,pooled_blood_group_product,206.0,0.3333333333333333,25.8,277.8,71.8,71.8,0.0,Low,Low
BB_0047,A_neg,group_O_neg_emergency,1,256.0,,205.0,99.0,19.02,42,15.275919791953486,15.275919791953486,pooled_blood_group_product,205.0,0.3333333333333333,25.2,281.2,76.2,76.2,0.0,Low,High
BB_0047,A_pos,cryoprecipitate,1,260.0,,213.0,153.0,22.54,365,15.986014398875405,15.986014398875405,pooled_blood_group_product,213.0,0.3333333333333333,26.4,286.4,73.4,73.4,0.0,Low,Moderate
BB_0047,A_pos,fresh_frozen_plasma,2,255.0,48.08326112068523,222.5,155.0,13.51,365,15.175972252331889,15.175972252331889,pooled_blood_group_product,222.5,0.3333333333333333,25.0,280.0,57.5,57.5,0.0,Low,Low
BB_0047,A_pos,packed_RBC,3,240.66666666666666,11.547005383792513,189.33333333333334,132.66666666666666,15.366666666666665,42,15.974157533973031,15.974157533973031,pooled_blood_group_product,189.33333333333334,0.3333333333333333,26.4,267.1,77.8,77.8,0.0,Low,Moderate
BB_0047,A_pos,platelet_concentrate,3,245.0,3.0,203.33333333333334,153.66666666666666,18.046666666666667,5,15.570295650182972,15.570295650182972,pooled_blood_group_product,203.33333333333334,0.3333333333333333,25.7,270.7,67.4,67.4,0.0,Low,Moderate
BB_0047,A_pos,whole_blood,5,248.8,19.66468916611702,196.4,145.6,18.009999999999998,42,16.26859652330014,19.66468916611702,own_history,196.4,0.3333333333333333,32.4,281.2,84.8,84.8,0.0,Low,Moderate
BB_0047,B_pos,cryoprecipitate,5,258.6,12.58173279004129,201.0,143.6,15.66,365,15.142364873820988,12.58173279004129,own_history,201.0,0.3333333333333333,20.8,279.4,78.4,78.4,0.0,Low,Moderate
BB_0047,B_pos,fresh_frozen_plasma,3,236.66666666666666,9.073771725877462,208.66666666666666,130.0,19.493333333333332,365,15.753623140581702,15.753623140581702,pooled_blood_group_product,208.66666666666666,0.3333333333333333,26.0,262.7,54.0,54.0,0.0,Low,Moderate
BB_0047,B_pos,group_O_neg_emergency,1,256.0,,219.0,176.0,10.96,42,15.327786820822924,15.327786820822924,pooled_blood_group_product,219.0,0.3333333333333333,25.3,281.3,62.3,62.3,0.0,Low,Low
BB_0047,B_pos,packed_RBC,2,243.5,3.5355339059327378,205.0,158.5,21.604999999999997,42,15.425681398117081,15.425681398117081,pooled_blood_group_product,205.0,0.3333333333333333,25.5,269.0,64.0,64.0,0.0,Low,High
BB_0047,B_pos,whole_blood,4,250.25,4.193248541803044,203.0,146.0,15.229999999999999,42,15.616055501636811,15.616055501636811,pooled_blood_group_product,203.0,0.3333333333333333,25.8,276.0,73.0,73.0,0.0,Low,Moderate
BB_0047,O_neg,fresh_frozen_plasma,1,264.0,,192.0,133.0,11.98,365,14.714175377770642,14.714175377770642,pooled_blood_group_product,192.0,0.3333333333333333,24.3,288.3,96.3,96.3,0.0,Low,Low
BB_0047,O_pos,cryoprecipitate,4,257.0,11.69045194450012,196.25,160.25,17.555,365,15.956259435791292,15.956259435791292,pooled_blood_group_product,196.25,0.3333333333333333,26.3,283.3,87.1,87.1,0.0,Low,Moderate
BB_0047,O_pos,fresh_frozen_plasma,5,252.2,11.819475453673906,209.6,139.8,14.953999999999999,365,16.129072159319048,11.819475453673906,own_history,209.6,0.3333333333333333,19.5,271.7,62.1,62.1,0.0,Low,Moderate
BB_0047,O_pos,group_O_neg_emergency,4,238.5,5.686240703077325,190.75,149.5,16.85,42,15.59947653940603,15.59947653940603,pooled_blood_group_product,190.75,0.3333333333333333,25.7,264.2,73.4,73.4,0.0,Low,Moderate
BB_0047,O_pos,packed_RBC,9,250.11111111111111,12.272371861670067,194.44444444444446,144.22222222222223,14.437777777777777,42,16.220879283084294,12.272371861670067,own_history,194.44444444444446,0.3333333333333333,20.2,270.3,75.9,75.9,0.0,Low,Moderate
BB_0047,O_pos,platelet_concentrate,6,247.16666666666666,15.600213673750325,204.5,137.83333333333334,16.06833333333333,5,15.814220480272407,15.600213673750325,own_history,204.5,0.3333333333333333,25.7,272.9,68.4,68.4,0.0,Low,Moderate
BB_0047,O_pos,whole_blood,6,259.3333333333333,16.427619020012195,206.83333333333334,150.16666666666666,16.72,42,15.320728507460478,16.427619020012195,own_history,206.83333333333334,0.3333333333333333,27.1,286.4,79.6,79.6,0.0,Low,Moderate
BB_0048,AB_neg,platelet_concentrate,1,260.0,,221.0,182.0,27.6,5,12.389960093200914,12.389960093200914,pooled_blood_group_product,221.0,0.3246753246753247,20.4,280.4,59.4,59.4,0.0,Low,High
BB_0048,AB_pos,fresh_frozen_plasma,2,228.0,15.556349186104045,204.5,110.5,14.165,365,15.529870914464443,15.529870914464443,pooled_blood_group_product,204.5,0.3246753246753247,25.6,253.6,49.1,49.1,0.0,Low,Moderate
BB_0048,AB_pos,group_O_neg_emergency,2,269.5,20.506096654409877,217.0,173.0,15.56,42,16.01343479009551,16.01343479009551,pooled_blood_group_product,217.0,0.3246753246753247,26.4,295.9,78.9,78.9,0.0,Low,Moderate
BB_0048,AB_pos,platelet_concentrate,1,259.0,,208.0,139.0,9.13,5,14.27616380960629,14.27616380960629,pooled_blood_group_product,208.0,0.3246753246753247,23.6,282.6,74.6,74.6,0.0,Low,Low
BB_0048,AB_pos,whole_blood,2,264.5,27.577164466275352,194.0,136.0,17.12,42,13.606168437472475,13.606168437472475,pooled_blood_group_product,194.0,0.3246753246753247,22.5,287.0,93.0,93.0,0.0,Low,Moderate
BB_0048,A_neg,group_O_neg_emergency,1,238.0,,201.0,173.0,28.36,42,15.275919791953486,15.275919791953486,pooled_blood_group_product,201.0,0.3246753246753247,25.2,263.2,62.2,62.2,0.0,Low,High
BB_0048,A_neg,packed_RBC,1,241.0,,224.0,108.0,20.98,42,14.982321915176227,14.982321915176227,pooled_blood_group_product,224.0,0.3246753246753247,24.7,265.7,41.7,41.7,0.0,Low,High
BB_0048,A_pos,cryoprecipitate,3,265.6666666666667,13.012814197295416,199.66666666666666,158.33333333333334,19.48,365,15.986014398875405,15.986014398875405,pooled_blood_group_product,199.66666666666666,0.3246753246753247,26.4,292.1,92.4,92.4,0.0,Low,Moderate
BB_0048,A_pos,group_O_neg_emergency,4,245.0,13.21615173439934,204.25,135.0,18.0775,42,16.934146373239873,16.934146373239873,pooled_blood_group_product,204.25,0.3246753246753247,27.9,272.9,68.6,68.6,0.0,Low,Moderate
BB_0048,A_pos,packed_RBC,1,226.0,,203.0,152.0,10.34,42,15.974157533973031,15.974157533973031,pooled_blood_group_product,203.0,0.3246753246753247,26.4,252.4,49.4,49.4,0.0,Low,Low
BB_0048,A_pos,platelet_concentrate,1,246.0,,205.0,191.0,23.9,5,15.570295650182972,15.570295650182972,pooled_blood_group_product,205.0,0.3246753246753247,25.7,271.7,66.7,66.7,0.0,Low,High
BB_0048,A_pos,whole_blood,5,253.2,3.962322551231791,196.2,152.2,19.782,42,16.26859652330014,3.962322551231791,own_history,196.2,0.3246753246753247,6.5,259.7,63.5,63.5,0.0,Low,High
BB_0048,B_neg,cryoprecipitate,1,268.0,,218.0,120.0,19.72,365,14.855008056807502,14.855008056807502,pooled_blood_group_product,218.0,0.3246753246753247,24.5,292.5,74.5,74.5,0.0,Low,Moderate
BB_0048,B_neg,platelet_concentrate,1,276.0,,207.0,114.0,10.63,5,15.063664178898293,15.063664178898293,pooled_blood_group_product,207.0,0.3246753246753247,24.9,300.9,93.9,93.9,0.0,Low,Low
BB_0048,B_pos,cryoprecipitate,2,244.5,19.091883092036785,197.5,121.5,22.369999999999997,365,15.142364873820988,15.142364873820988,pooled_blood_group_product,197.5,0.3246753246753247,25.0,269.5,72.0,72.0,0.0,Low,Moderate
BB_0048,B_pos,fresh_frozen_plasma,6,257.1666666666667,13.614942771332776,197.33333333333334,138.83333333333334,18.400000000000002,365,15.753623140581702,13.614942771332776,own_history,197.33333333333334,0.3246753246753247,22.5,279.7,82.4,82.4,0.0,Low,Moderate
BB_0048,B_pos,group_O_neg_emergency,2,256.0,8.48528137423857,192.0,146.5,19.08,42,15.327786820822924,15.327786820822924,pooled_blood_group_product,192.0,0.3246753246753247,25.3,281.3,89.3,89.3,0.0,Low,High
BB_0048,B_pos,packed_RBC,4,254.25,4.5734742446707495,210.25,146.25,13.9425,42,15.425681398117081,15.425681398117081,pooled_blood_group_product,210.25,0.3246753246753247,25.5,279.8,69.6,69.6,0.0,Low,Low
BB_0048,B_pos,platelet_concentrate,1,233.0,,200.0,129.0,16.0,5,15.918915219368015,15.918915219368015,pooled_blood_group_product,200.0,0.3246753246753247,26.3,259.3,59.3,59.3,0.0,Low,Moderate
BB_0048,O_neg,cryoprecipitate,1,259.0,,203.0,162.0,12.81,365,16.832005704612282,16.832005704612282,pooled_blood_group_product,203.0,0.3246753246753247,27.8,286.8,83.8,83.8,0.0,Low,Low
BB_0048,O_neg,fresh_frozen_plasma,1,252.0,,206.0,114.0,25.24,365,14.714175377770642,14.714175377770642,pooled_blood_group_product,206.0,0.3246753246753247,24.3,276.3,70.3,70.3,0.0,Low,Moderate
BB_0048,O_pos,cryoprecipitate,7,248.14285714285714,18.622822659562747,205.57142857142858,124.71428571428571,13.147142857142857,365,15.956259435791292,18.622822659562747,own_history,205.57142857142858,0.3246753246753247,30.7,278.8,73.2,73.2,0.0,Low,Low
BB_0048,O_pos,fresh_frozen_plasma,3,249.33333333333334,22.368132093076824,205.0,135.0,13.409999999999998,365,16.129072159319048,16.129072159319048,pooled_blood_group_product,205.0,0.3246753246753247,26.6,275.9,70.9,70.9,0.0,Low,Low
BB_0048,O_pos,group_O_neg_emergency,4,245.75,16.760568804985905,195.5,126.25,14.1425,42,15.59947653940603,15.59947653940603,pooled_blood_group_product,195.5,0.3246753246753247,25.7,271.4,75.9,75.9,0.0,Low,Moderate
BB_0048,O_pos,packed_RBC,8,253.0,18.875532159007182,196.125,131.75,16.1675,42,16.220879283084294,18.875532159007182,own_history,196.125,0.3246753246753247,31.1,284.1,88.0,88.0,0.0,Low,Moderate
BB_0048,O_pos,platelet_concentrate,4,233.75,11.499999999999998,200.25,127.25,15.39,5,15.814220480272407,15.814220480272407,pooled_blood_group_product,200.25,0.3246753246753247,26.1,259.8,59.6,59.6,0.0,Low,Moderate
BB_0048,O_pos,whole_blood,8,243.625,15.193396121811794,194.75,137.625,14.81875,42,15.320728507460478,15.193396121811794,own_history,194.75,0.3246753246753247,25.1,268.7,73.9,73.9,0.0,Low,Moderate
BB_0049,AB_pos,platelet_concentrate,1,260.0,,222.0,131.0,13.51,5,14.27616380960629,14.27616380960629,pooled_blood_group_product,222.0,0.3698630136986301,23.6,283.6,61.6,61.6,0.0,Low,Low
BB_0049,A_neg,platelet_concentrate,1,234.0,,205.0,163.0,20.0,5,15.26163614252437,15.26163614252437,pooled_blood_group_product,205.0,0.3698630136986301,25.2,259.2,54.2,54.2,0.0,Low,High
BB_0049,A_pos,cryoprecipitate,2,255.5,0.7071067811865476,197.0,122.5,15.855,365,15.986014398875405,15.986014398875405,pooled_blood_group_product,197.0,0.3698630136986301,26.4,281.9,84.9,84.9,0.0,Low,Moderate
BB_0049,A_pos,fresh_frozen_plasma,4,263.25,17.480942003603055,193.25,138.0,14.7725,365,15.175972252331889,15.175972252331889,pooled_blood_group_product,193.25,0.3698630136986301,25.0,288.2,94.9,94.9,0.0,Low,Moderate
BB_0049,A_pos,group_O_neg_emergency,8,244.375,7.463003991117019,202.375,140.125,14.38625,42,16.934146373239873,7.463003991117019,own_history,202.375,0.3698630136986301,12.3,256.7,54.3,54.3,0.0,Low,Moderate
BB_0049,A_pos,packed_RBC,3,241.0,12.489995996796797,204.0,136.66666666666666,17.44333333333333,42,15.974157533973031,15.974157533973031,pooled_blood_group_product,204.0,0.3698630136986301,26.4,267.4,63.4,63.4,0.0,Low,Moderate
BB_0049,A_pos,platelet_concentrate,5,250.0,12.58967831201417,208.2,148.0,21.018,5,15.570295650182972,12.58967831201417,own_history,208.2,0.3698630136986301,20.8,270.8,62.6,62.6,0.0,Low,High
BB_0049,A_pos,whole_blood,3,249.66666666666666,24.337899115029085,197.66666666666666,122.66666666666667,15.06,42,16.26859652330014,16.26859652330014,pooled_blood_group_product,197.66666666666666,0.3698630136986301,26.8,276.5,78.8,78.8,0.0,Low,Moderate
BB_0049,B_neg,whole_blood,1,268.0,,205.0,128.0,26.83,42,14.346963359011946,14.346963359011946,pooled_blood_group_product,205.0,0.3698630136986301,23.7,291.7,86.7,86.7,0.0,Low,High
BB_0049,B_pos,group_O_neg_emergency,2,251.5,0.7071067811865476,197.5,164.0,15.61,42,15.327786820822924,15.327786820822924,pooled_blood_group_product,197.5,0.3698630136986301,25.3,276.8,79.3,79.3,0.0,Low,Moderate
BB_0049,B_pos,packed_RBC,3,248.66666666666666,15.502687938977976,196.33333333333334,155.66666666666666,19.536666666666665,42,15.425681398117081,15.425681398117081,pooled_blood_group_product,196.33333333333334,0.3698630136986301,25.5,274.2,77.9,77.9,0.0,Low,High
BB_0049,B_pos,platelet_concentrate,2,247.5,13.435028842544403,202.5,115.5,11.895,5,15.918915219368015,15.918915219368015,pooled_blood_group_product,202.5,0.3698630136986301,26.3,273.8,71.3,71.3,0.0,Low,Low
BB_0049,B_pos,whole_blood,5,247.4,8.734987120768984,190.6,135.0,15.666,42,15.616055501636811,8.734987120768984,own_history,190.6,0.3698630136986301,14.4,261.8,71.2,71.2,0.0,Low,Moderate
BB_0049,O_neg,packed_RBC,1,245.0,,210.0,166.0,10.48,42,16.675768019539497,16.675768019539497,pooled_blood_group_product,210.0,0.3698630136986301,27.5,272.5,62.5,62.5,0.0,Low,Low
BB_0049,O_pos,cryoprecipitate,4,241.5,6.191391873668902,198.0,143.0,12.3275,365,15.956259435791292,15.956259435791292,pooled_blood_group_product,198.0,0.3698630136986301,26.3,267.8,69.8,69.8,0.0,Low,Low
BB_0049,O_pos,fresh_frozen_plasma,8,248.0,14.813121596360823,206.25,155.875,15.875,365,16.129072159319048,14.813121596360823,own_history,206.25,0.3698630136986301,24.4,272.4,66.1,66.1,0.0,Low,Moderate
BB_0049,O_pos,group_O_neg_emergency,8,260.125,19.179136730162952,193.5,140.25,19.4925,42,15.59947653940603,19.179136730162952,own_history,193.5,0.3698630136986301,31.6,291.7,98.2,98.2,0.0,Low,High
BB_0049,O_pos,packed_RBC,3,237.33333333333334,20.207259421636905,207.33333333333334,129.0,15.393333333333333,42,16.220879283084294,16.220879283084294,pooled_blood_group_product,207.33333333333334,0.3698630136986301,26.8,264.1,56.8,56.8,0.0,Low,Moderate
BB_0049,O_pos,platelet_concentrate,6,243.66666666666666,16.931233465600396,200.0,142.33333333333334,17.405,5,15.814220480272407,16.931233465600396,own_history,200.0,0.3698630136986301,27.9,271.6,71.6,71.6,0.0,Low,Moderate
BB_0049,O_pos,whole_blood,3,253.66666666666666,9.018499505645792,196.33333333333334,157.0,23.703333333333333,42,15.320728507460478,15.320728507460478,pooled_blood_group_product,196.33333333333334,0.3698630136986301,25.3,279.0,82.7,82.7,0.0,Low,High
BB_0050,AB_pos,group_O_neg_emergency,1,231.0,,200.0,128.0,23.0,42,16.01343479009551,16.01343479009551,pooled_blood_group_product,200.0,0.1643835616438356,26.4,257.4,57.4,57.4,0.0,Low,High
BB_0050,AB_pos,platelet_concentrate,2,234.0,15.556349186104045,212.0,126.0,6.995,5,14.27616380960629,14.27616380960629,pooled_blood_group_product,212.0,0.1643835616438356,23.6,257.6,45.6,45.6,0.0,Low,Low
BB_0050,A_pos,cryoprecipitate,4,255.75,11.470977871713169,209.75,172.25,19.11,365,15.986014398875405,15.986014398875405,pooled_blood_group_product,209.75,0.1643835616438356,26.4,282.2,72.4,72.4,0.0,Low,Moderate
BB_0050,A_pos,group_O_neg_emergency,3,232.0,13.0,195.33333333333334,122.33333333333333,14.766666666666666,42,16.934146373239873,16.934146373239873,pooled_blood_group_product,195.33333333333334,0.1643835616438356,27.9,259.9,64.6,64.6,0.0,Low,Moderate
BB_0050,A_pos,packed_RBC,4,256.25,9.429563439877088,199.25,146.75,19.3425,42,15.974157533973031,15.974157533973031,pooled_blood_group_product,199.25,0.1643835616438356,26.4,282.6,83.4,83.4,0.0,Low,High
BB_0050,A_pos,platelet_concentrate,3,245.33333333333334,14.011899704655805,212.66666666666666,137.33333333333334,14.39,5,15.570295650182972,15.570295650182972,pooled_blood_group_product,212.66666666666666,0.1643835616438356,25.7,271.0,58.3,58.3,0.0,Low,Moderate
BB_0050,B_neg,group_O_neg_emergency,1,247.0,,220.0,155.0,18.18,42,16.421857975114715,16.421857975114715,pooled_blood_group_product,220.0,0.1643835616438356,27.1,274.1,54.1,54.1,0.0,Low,Moderate
BB_0050,B_neg,whole_blood,2,263.0,33.94112549695428,211.0,140.5,13.665,42,14.346963359011946,14.346963359011946,pooled_blood_group_product,211.0,0.1643835616438356,23.7,286.7,75.7,75.7,0.0,Low,Low
BB_0050,B_pos,cryoprecipitate,6,253.83333333333334,18.798049544212468,204.83333333333334,143.0,14.861666666666666,365,15.142364873820988,18.798049544212468,own_history,204.83333333333334,0.1643835616438356,31.0,284.8,80.0,80.0,0.0,Low,Moderate
BB_0050,B_pos,fresh_frozen_plasma,2,227.0,7.0710678118654755,211.0,115.5,11.355,365,15.753623140581702,15.753623140581702,pooled_blood_group_product,211.0,0.1643835616438356,26.0,253.0,42.0,42.0,0.0,Low,Low
BB_0050,B_pos,packed_RBC,1,242.0,,190.0,113.0,12.63,42,15.425681398117081,15.425681398117081,pooled_blood_group_product,190.0,0.1643835616438356,25.5,267.5,77.5,77.5,0.0,Low,Low
BB_0050,B_pos,platelet_concentrate,2,245.5,2.1213203435596424,185.0,141.5,13.785,5,15.918915219368015,15.918915219368015,pooled_blood_group_product,185.0,0.1643835616438356,26.3,271.8,86.8,86.8,0.0,Low,Low
BB_0050,O_neg,cryoprecipitate,1,264.0,,217.0,168.0,16.13,365,16.832005704612282,16.832005704612282,pooled_blood_group_product,217.0,0.1643835616438356,27.8,291.8,74.8,74.8,0.0,Low,Moderate
BB_0050,O_neg,packed_RBC,1,256.0,,197.0,176.0,25.89,42,16.675768019539497,16.675768019539497,pooled_blood_group_product,197.0,0.1643835616438356,27.5,283.5,86.5,86.5,0.0,Low,High
BB_0050,O_pos,cryoprecipitate,3,249.0,14.106735979665885,194.0,140.66666666666666,20.66,365,15.956259435791292,15.956259435791292,pooled_blood_group_product,194.0,0.1643835616438356,26.3,275.3,81.3,81.3,0.0,Low,Moderate
BB_0050,O_pos,fresh_frozen_plasma,8,248.0,15.455003812912592,196.125,139.5,15.9625,365,16.129072159319048,15.455003812912592,own_history,196.125,0.1643835616438356,25.5,273.5,77.4,77.4,0.0,Low,Moderate
BB_0050,O_pos,group_O_neg_emergency,5,253.0,22.5055548698538,209.8,135.8,12.396,42,15.59947653940603,22.5055548698538,own_history,209.8,0.1643835616438356,37.1,290.1,80.3,80.3,0.0,Low,Low
BB_0050,O_pos,packed_RBC,9,243.77777777777777,12.37717433198888,205.77777777777777,149.88888888888889,16.628888888888888,42,16.220879283084294,12.37717433198888,own_history,205.77777777777777,0.1643835616438356,20.4,264.2,58.4,58.4,0.0,Low,Moderate
BB_0050,O_pos,platelet_concentrate,3,253.66666666666666,6.027713773341705,212.33333333333334,153.66666666666666,15.866666666666667,5,15.814220480272407,15.814220480272407,pooled_blood_group_product,212.33333333333334,0.1643835616438356,26.1,279.8,67.5,67.5,0.0,Low,Moderate
BB_0050,O_pos,whole_blood,12,245.66666666666666,12.448682539517861,192.33333333333334,130.33333333333334,17.863333333333333,42,15.320728507460478,12.448682539517861,own_history,192.33333333333334,0.1643835616438356,20.5,266.2,73.9,73.9,0.0,Low,Moderate
BB_0051,AB_neg,fresh_frozen_plasma,1,237.0,,180.0,148.0,9.44,365,18.018509002319437,18.018509002319437,pooled_blood_group_product,180.0,0.3076923076923077,29.7,266.7,86.7,86.7,0.0,Low,Low
BB_0051,AB_pos,cryoprecipitate,3,242.66666666666666,10.969655114602894,195.33333333333334,147.0,13.253333333333336,365,16.64565006228281,16.64565006228281,pooled_blood_group_product,195.33333333333334,0.3076923076923077,27.5,270.2,74.9,74.9,0.0,Low,Low
BB_0051,AB_pos,packed_RBC,1,291.0,,212.0,128.0,11.79,42,17.421402900877148,17.421402900877148,pooled_blood_group_product,212.0,0.3076923076923077,28.7,319.7,107.7,107.7,0.0,Low,Low
BB_0051,AB_pos,platelet_concentrate,1,241.0,,202.0,151.0,13.37,5,14.27616380960629,14.27616380960629,pooled_blood_group_product,202.0,0.3076923076923077,23.6,264.6,62.6,62.6,0.0,Low,Low
BB_0051,AB_pos,whole_blood,1,264.0,,208.0,142.0,9.62,42,13.606168437472475,13.606168437472475,pooled_blood_group_product,208.0,0.3076923076923077,22.5,286.5,78.5,78.5,0.0,Low,Low
BB_0051,A_neg,whole_blood,1,254.0,,214.0,150.0,17.76,42,16.829684030913054,16.829684030913054,pooled_blood_group_product,214.0,0.3076923076923077,27.8,281.8,67.8,67.8,0.0,Low,Moderate
BB_0051,A_pos,cryoprecipitate,1,283.0,,181.0,153.0,17.13,365,15.986014398875405,15.986014398875405,pooled_blood_group_product,181.0,0.3076923076923077,26.4,309.4,128.4,128.4,0.0,Low,Moderate
BB_0051,A_pos,fresh_frozen_plasma,3,246.33333333333334,3.2145502536643145,207.0,163.0,15.993333333333334,365,15.175972252331889,15.175972252331889,pooled_blood_group_product,207.0,0.3076923076923077,25.0,271.3,64.3,64.3,0.0,Low,Moderate
BB_0051,A_pos,group_O_neg_emergency,4,251.0,8.04155872120988,205.75,150.0,12.84,42,16.934146373239873,16.934146373239873,pooled_blood_group_product,205.75,0.3076923076923077,27.9,278.9,73.1,73.1,0.0,Low,Low
BB_0051,A_pos,packed_RBC,1,235.0,,197.0,170.0,12.69,42,15.974157533973031,15.974157533973031,pooled_blood_group_product,197.0,0.3076923076923077,26.4,261.4,64.4,64.4,0.0,Low,Low
BB_0051,A_pos,platelet_concentrate,3,264.0,12.767145334803704,187.33333333333334,140.66666666666666,13.520000000000001,5,15.570295650182972,15.570295650182972,pooled_blood_group_product,187.33333333333334,0.3076923076923077,25.7,289.7,102.4,102.4,0.0,Low,Low
BB_0051,A_pos,whole_blood,1,247.0,,199.0,160.0,35.68,42,16.26859652330014,16.26859652330014,pooled_blood_group_product,199.0,0.3076923076923077,26.8,273.8,74.8,74.8,0.0,Low,High
BB_0051,B_neg,packed_RBC,1,231.0,,187.0,114.0,9.63,42,17.510386528104863,17.510386528104863,pooled_blood_group_product,187.0,0.3076923076923077,28.9,259.9,72.9,72.9,0.0,Low,Low
BB_0051,B_pos,cryoprecipitate,1,247.0,,224.0,175.0,22.32,365,15.142364873820988,15.142364873820988,pooled_blood_group_product,224.0,0.3076923076923077,25.0,272.0,48.0,48.0,0.0,Low,Moderate
BB_0051,B_pos,fresh_frozen_plasma,2,228.0,9.899494936611665,215.0,129.5,21.235,365,15.753623140581702,15.753623140581702,pooled_blood_group_product,215.0,0.3076923076923077,26.0,254.0,39.0,39.0,0.0,Low,Moderate
BB_0051,B_pos,group_O_neg_emergency,2,242.0,22.627416997969522,187.0,117.5,16.38,42,15.327786820822924,15.327786820822924,pooled_blood_group_product,187.0,0.3076923076923077,25.3,267.3,80.3,80.3,0.0,Low,Moderate
BB_0051,B_pos,packed_RBC,1,241.0,,180.0,132.0,8.33,42,15.425681398117081,15.425681398117081,pooled_blood_group_product,180.0,0.3076923076923077,25.5,266.5,86.5,86.5,0.0,Low,Low
BB_0051,B_pos,platelet_concentrate,1,244.0,,208.0,118.0,13.46,5,15.918915219368015,15.918915219368015,pooled_blood_group_product,208.0,0.3076923076923077,26.3,270.3,62.3,62.3,0.0,Low,Low
BB_0051,B_pos,whole_blood,2,252.0,11.313708498984761,204.5,146.5,9.79,42,15.616055501636811,15.616055501636811,pooled_blood_group_product,204.5,0.3076923076923077,25.8,277.8,73.3,73.3,0.0,Low,Low
BB_0051,O_neg,group_O_neg_emergency,2,246.5,3.5355339059327378,203.5,157.0,16.055,42,15.737583585569908,15.737583585569908,pooled_blood_group_product,203.5,0.3076923076923077,26.0,272.5,69.0,69.0,0.0,Low,Moderate
BB_0051,O_neg,packed_RBC,1,223.0,,208.0,126.0,11.54,42,16.675768019539497,16.675768019539497,pooled_blood_group_product,208.0,0.3076923076923077,27.5,250.5,42.5,42.5,0.0,Low,Low
BB_0051,O_pos,cryoprecipitate,4,238.5,11.704699910719626,198.5,148.0,19.995,365,15.956259435791292,15.956259435791292,pooled_blood_group_product,198.5,0.3076923076923077,26.3,264.8,66.3,66.3,0.0,Low,Moderate
BB_0051,O_pos,fresh_frozen_plasma,8,252.25,10.713809513227044,195.625,143.375,15.411249999999999,365,16.129072159319048,10.713809513227044,own_history,195.625,0.3076923076923077,17.7,270.0,74.4,74.4,0.0,Low,Moderate
BB_0051,O_pos,group_O_neg_emergency,5,253.6,15.404544783926593,199.4,138.8,14.74,42,15.59947653940603,15.404544783926593,own_history,199.4,0.3076923076923077,25.4,279.0,79.6,79.6,0.0,Low,Moderate
BB_0051,O_pos,packed_RBC,9,249.22222222222223,13.581032524975576,196.0,140.88888888888889,18.455555555555556,42,16.220879283084294,13.581032524975576,own_history,196.0,0.3076923076923077,22.4,271.6,75.6,75.6,0.0,Low,Moderate
BB_0051,O_pos,platelet_concentrate,12,249.08333333333334,7.727852028196254,197.33333333333334,142.16666666666666,15.385,5,15.814220480272407,7.727852028196254,own_history,197.33333333333334,0.3076923076923077,12.8,261.9,64.6,64.6,0.0,Low,Moderate
BB_0051,O_pos,whole_blood,6,248.33333333333334,17.0841056735981,199.5,142.66666666666666,19.045,42,15.320728507460478,17.0841056735981,own_history,199.5,0.3076923076923077,28.2,276.5,77.0,77.0,0.0,Low,High
BB_0052,AB_neg,fresh_frozen_plasma,1,268.0,,186.0,102.0,18.28,365,18.018509002319437,18.018509002319437,pooled_blood_group_product,186.0,0.19298245614035087,29.7,297.7,111.7,111.7,0.0,Low,Moderate
BB_0052,AB_neg,whole_blood,1,249.0,,214.0,162.0,21.96,42,17.64053303608203,17.64053303608203,pooled_blood_group_product,214.0,0.19298245614035087,29.1,278.1,64.1,64.1,0.0,Low,High
BB_0052,AB_pos,cryoprecipitate,1,255.0,,187.0,129.0,21.93,365,16.64565006228281,16.64565006228281,pooled_blood_group_product,187.0,0.19298245614035087,27.5,282.5,95.5,95.5,0.0,Low,Moderate
BB_0052,A_neg,cryoprecipitate,1,252.0,,201.0,124.0,18.41,365,14.243844171226868,14.243844171226868,pooled_blood_group_product,201.0,0.19298245614035087,23.5,275.5,74.5,74.5,0.0,Low,Moderate
BB_0052,A_neg,packed_RBC,1,257.0,,192.0,114.0,8.85,42,14.982321915176227,14.982321915176227,pooled_blood_group_product,192.0,0.19298245614035087,24.7,281.7,89.7,89.7,0.0,Low,Low
BB_0052,A_pos,cryoprecipitate,4,246.75,32.03513695928269,208.75,153.25,14.450000000000001,365,15.986014398875405,15.986014398875405,pooled_blood_group_product,208.75,0.19298245614035087,26.4,273.2,64.4,64.4,0.0,Low,Moderate
BB_0052,A_pos,fresh_frozen_plasma,2,246.0,28.284271247461902,199.0,134.5,20.88,365,15.175972252331889,15.175972252331889,pooled_blood_group_product,199.0,0.19298245614035087,25.0,271.0,72.0,72.0,0.0,Low,Moderate
BB_0052,A_pos,packed_RBC,1,230.0,,178.0,129.0,23.03,42,15.974157533973031,15.974157533973031,pooled_blood_group_product,178.0,0.19298245614035087,26.4,256.4,78.4,78.4,0.0,Low,High
BB_0052,A_pos,platelet_concentrate,3,236.0,16.64331697709324,183.33333333333334,123.33333333333333,21.73,5,15.570295650182972,15.570295650182972,pooled_blood_group_product,183.33333333333334,0.19298245614035087,25.7,261.7,78.4,78.4,0.0,Low,High
BB_0052,A_pos,whole_blood,1,275.0,,195.0,182.0,14.87,42,16.26859652330014,16.26859652330014,pooled_blood_group_product,195.0,0.19298245614035087,26.8,301.8,106.8,106.8,0.0,Low,Moderate
BB_0052,B_neg,whole_blood,1,246.0,,190.0,186.0,22.11,42,14.346963359011946,14.346963359011946,pooled_blood_group_product,190.0,0.19298245614035087,23.7,269.7,79.7,79.7,0.0,Low,High
BB_0052,B_pos,cryoprecipitate,1,284.0,,189.0,128.0,21.69,365,15.142364873820988,15.142364873820988,pooled_blood_group_product,189.0,0.19298245614035087,25.0,309.0,120.0,120.0,0.0,Low,Moderate
BB_0052,B_pos,fresh_frozen_plasma,5,254.4,18.352111595127138,212.0,145.6,21.740000000000002,365,15.753623140581702,18.352111595127138,own_history,212.0,0.19298245614035087,30.3,284.7,72.7,72.7,0.0,Low,Moderate
BB_0052,B_pos,group_O_neg_emergency,4,246.25,19.189841062395487,203.0,133.75,16.1675,42,15.327786820822924,15.327786820822924,pooled_blood_group_product,203.0,0.19298245614035087,25.3,271.6,68.6,68.6,0.0,Low,Moderate
BB_0052,B_pos,packed_RBC,2,257.0,21.213203435596427,216.0,131.0,19.46,42,15.425681398117081,15.425681398117081,pooled_blood_group_product,216.0,0.19298245614035087,25.5,282.5,66.5,66.5,0.0,Low,High
BB_0052,B_pos,platelet_concentrate,1,256.0,,192.0,138.0,20.31,5,15.918915219368015,15.918915219368015,pooled_blood_group_product,192.0,0.19298245614035087,26.3,282.3,90.3,90.3,0.0,Low,High
BB_0052,B_pos,whole_blood,2,252.0,1.4142135623730951,198.0,142.5,24.235,42,15.616055501636811,15.616055501636811,pooled_blood_group_product,198.0,0.19298245614035087,25.8,277.8,79.8,79.8,0.0,Low,High
BB_0052,O_neg,fresh_frozen_plasma,1,254.0,,205.0,142.0,18.54,365,14.714175377770642,14.714175377770642,pooled_blood_group_product,205.0,0.19298245614035087,24.3,278.3,73.3,73.3,0.0,Low,Moderate
BB_0052,O_pos,cryoprecipitate,1,269.0,,239.0,142.0,9.62,365,15.956259435791292,15.956259435791292,pooled_blood_group_product,239.0,0.19298245614035087,26.3,295.3,56.3,56.3,0.0,Low,Low
BB_0052,O_pos,fresh_frozen_plasma,5,252.4,14.046351839534703,207.2,138.2,14.738,365,16.129072159319048,14.046351839534703,own_history,207.2,0.19298245614035087,23.2,275.6,68.4,68.4,0.0,Low,Moderate
BB_0052,O_pos,group_O_neg_emergency,5,251.8,10.059821071967432,208.0,151.0,20.244,42,15.59947653940603,10.059821071967432,own_history,208.0,0.19298245614035087,16.6,268.4,60.4,60.4,0.0,Low,High
BB_0052,O_pos,packed_RBC,5,269.6,20.622802913280236,199.4,144.4,17.918,42,16.220879283084294,20.622802913280236,own_history,199.4,0.19298245614035087,34.0,303.6,104.2,104.2,0.0,Low,Moderate
BB_0052,O_pos,platelet_concentrate,2,249.5,6.363961030678928,204.0,150.5,14.055,5,15.814220480272407,15.814220480272407,pooled_blood_group_product,204.0,0.19298245614035087,26.1,275.6,71.6,71.6,0.0,Low,Moderate
BB_0052,O_pos,whole_blood,6,252.33333333333334,6.80196050169851,208.5,153.66666666666666,16.361666666666668,42,15.320728507460478,6.80196050169851,own_history,208.5,0.19298245614035087,11.2,263.5,55.0,55.0,0.0,Low,Moderate
BB_0053,AB_pos,platelet_concentrate,2,255.0,11.313708498984761,199.5,166.5,17.66,5,14.27616380960629,14.27616380960629,pooled_blood_group_product,199.5,0.2830188679245283,23.6,278.6,79.1,79.1,0.0,Low,Moderate
BB_0053,AB_pos,whole_blood,1,270.0,,199.0,182.0,10.05,42,13.606168437472475,13.606168437472475,pooled_blood_group_product,199.0,0.2830188679245283,22.5,292.5,93.5,93.5,0.0,Low,Low
BB_0053,A_pos,cryoprecipitate,3,245.33333333333334,37.07200201409863,211.33333333333334,137.66666666666666,12.776666666666666,365,15.986014398875405,15.986014398875405,pooled_blood_group_product,211.33333333333334,0.2830188679245283,26.4,271.7,60.4,60.4,0.0,Low,Low
BB_0053,A_pos,group_O_neg_emergency,2,257.5,6.363961030678928,183.5,136.0,10.09,42,16.934146373239873,16.934146373239873,pooled_blood_group_product,183.5,0.2830188679245283,27.9,285.4,101.9,101.9,0.0,Low,Low
BB_0053,A_pos,packed_RBC,1,261.0,,192.0,121.0,27.08,42,15.974157533973031,15.974157533973031,pooled_blood_group_product,192.0,0.2830188679245283,26.4,287.4,95.4,95.4,0.0,Low,High
BB_0053,A_pos,whole_blood,2,259.0,11.313708498984761,190.0,107.0,11.370000000000001,42,16.26859652330014,16.26859652330014,pooled_blood_group_product,190.0,0.2830188679245283,26.8,285.8,95.8,95.8,0.0,Low,Low
BB_0053,B_neg,group_O_neg_emergency,1,230.0,,207.0,131.0,20.29,42,16.421857975114715,16.421857975114715,pooled_blood_group_product,207.0,0.2830188679245283,27.1,257.1,50.1,50.1,0.0,Low,High
BB_0053,B_neg,whole_blood,1,251.0,,209.0,172.0,13.4,42,14.346963359011946,14.346963359011946,pooled_blood_group_product,209.0,0.2830188679245283,23.7,274.7,65.7,65.7,0.0,Low,Low
BB_0053,B_pos,cryoprecipitate,5,249.8,11.211601134539176,190.4,121.6,10.402000000000001,365,15.142364873820988,11.211601134539176,own_history,190.4,0.2830188679245283,18.5,268.3,77.9,77.9,0.0,Low,Low
BB_0053,B_pos,fresh_frozen_plasma,2,239.5,14.849242404917497,196.5,120.0,16.259999999999998,365,15.753623140581702,15.753623140581702,pooled_blood_group_product,196.5,0.2830188679245283,26.0,265.5,69.0,69.0,0.0,Low,Moderate
BB_0053,B_pos,group_O_neg_emergency,3,249.33333333333334,18.23001188516709,186.33333333333334,137.0,17.38,42,15.327786820822924,15.327786820822924,pooled_blood_group_product,186.33333333333334,0.2830188679245283,25.3,274.6,88.3,88.3,0.0,Low,Moderate
BB_0053,B_pos,platelet_concentrate,1,240.0,,225.0,168.0,22.67,5,15.918915219368015,15.918915219368015,pooled_blood_group_product,225.0,0.2830188679245283,26.3,266.3,41.3,41.3,0.0,Low,High
BB_0053,O_neg,group_O_neg_emergency,1,231.0,,221.0,152.0,16.74,42,15.737583585569908,15.737583585569908,pooled_blood_group_product,221.0,0.2830188679245283,26.0,257.0,36.0,36.0,0.0,Low,Moderate
BB_0053,O_neg,packed_RBC,2,244.0,14.142135623730951,197.0,166.0,14.105,42,16.675768019539497,16.675768019539497,pooled_blood_group_product,197.0,0.2830188679245283,27.5,271.5,74.5,74.5,0.0,Low,Moderate
BB_0053,O_neg,whole_blood,1,263.0,,185.0,120.0,7.03,42,15.177301566829424,15.177301566829424,pooled_blood_group_product,185.0,0.2830188679245283,25.0,288.0,103.0,103.0,0.0,Low,Low
BB_0053,O_pos,cryoprecipitate,5,244.6,17.854971296532515,194.4,136.8,16.384,365,15.956259435791292,17.854971296532515,own_history,194.4,0.2830188679245283,29.5,274.1,79.7,79.7,0.0,Low,Moderate
BB_0053,O_pos,fresh_frozen_plasma,7,246.0,25.059928172283335,197.85714285714286,132.42857142857142,15.904285714285715,365,16.129072159319048,25.059928172283335,own_history,197.85714285714286,0.2830188679245283,41.3,287.3,89.4,89.4,0.0,Low,Moderate
BB_0053,O_pos,group_O_neg_emergency,4,258.0,15.641824275533414,192.5,157.25,19.3975,42,15.59947653940603,15.59947653940603,pooled_blood_group_product,192.5,0.2830188679245283,25.7,283.7,91.2,91.2,0.0,Low,High
BB_0053,O_pos,packed_RBC,2,258.0,35.35533905932738,203.5,124.0,17.82,42,16.220879283084294,16.220879283084294,pooled_blood_group_product,203.5,0.2830188679245283,26.8,284.8,81.3,81.3,0.0,Low,Moderate
BB_0053,O_pos,platelet_concentrate,3,250.66666666666666,10.692676621563624,215.66666666666666,157.33333333333334,12.076666666666668,5,15.814220480272407,15.814220480272407,pooled_blood_group_product,215.66666666666666,0.2830188679245283,26.1,276.8,61.1,61.1,0.0,Low,Low
BB_0053,O_pos,whole_blood,4,246.25,15.499999999999996,210.25,137.5,17.259999999999998,42,15.320728507460478,15.320728507460478,pooled_blood_group_product,210.25,0.2830188679245283,25.3,271.6,61.4,61.4,0.0,Low,Moderate
BB_0054,AB_pos,fresh_frozen_plasma,1,234.0,,215.0,116.0,13.95,365,15.529870914464443,15.529870914464443,pooled_blood_group_product,215.0,0.28378378378378377,25.6,259.6,44.6,44.6,0.0,Low,Low
BB_0054,AB_pos,platelet_concentrate,1,241.0,,199.0,160.0,24.62,5,14.27616380960629,14.27616380960629,pooled_blood_group_product,199.0,0.28378378378378377,23.6,264.6,65.6,65.6,0.0,Low,High
BB_0054,AB_pos,whole_blood,1,243.0,,212.0,140.0,15.57,42,13.606168437472475,13.606168437472475,pooled_blood_group_product,212.0,0.28378378378378377,22.5,265.5,53.5,53.5,0.0,Low,Moderate
BB_0054,A_neg,cryoprecipitate,1,260.0,,194.0,194.0,25.26,365,14.243844171226868,14.243844171226868,pooled_blood_group_product,194.0,0.28378378378378377,23.5,283.5,89.5,89.5,0.0,Low,Moderate
BB_0054,A_neg,fresh_frozen_plasma,1,243.0,,212.0,153.0,21.23,365,15.630530767171415,15.630530767171415,pooled_blood_group_product,212.0,0.28378378378378377,25.8,268.8,56.8,56.8,0.0,Low,Moderate
BB_0054,A_neg,platelet_concentrate,2,264.5,2.1213203435596424,192.0,130.5,10.129999999999999,5,15.26163614252437,15.26163614252437,pooled_blood_group_product,192.0,0.28378378378378377,25.2,289.7,97.7,97.7,0.0,Low,Low
BB_0054,A_pos,cryoprecipitate,2,263.0,8.48528137423857,202.0,155.5,16.035,365,15.986014398875405,15.986014398875405,pooled_blood_group_product,202.0,0.28378378378378377,26.4,289.4,87.4,87.4,0.0,Low,Moderate
BB_0054,A_pos,fresh_frozen_plasma,3,240.33333333333334,19.857828011475306,206.33333333333334,135.66666666666666,21.849999999999998,365,15.175972252331889,15.175972252331889,pooled_blood_group_product,206.33333333333334,0.28378378378378377,25.0,265.3,59.0,59.0,0.0,Low,Moderate
BB_0054,A_pos,group_O_neg_emergency,1,253.0,,210.0,140.0,20.95,42,16.934146373239873,16.934146373239873,pooled_blood_group_product,210.0,0.28378378378378377,27.9,280.9,70.9,70.9,0.0,Low,High
BB_0054,A_pos,packed_RBC,4,268.75,8.958236433584458,190.5,140.75,17.6875,42,15.974157533973031,15.974157533973031,pooled_blood_group_product,190.5,0.28378378378378377,26.4,295.2,104.7,104.7,0.0,Low,Moderate
BB_0054,A_pos,platelet_concentrate,1,269.0,,187.0,165.0,13.9,5,15.570295650182972,15.570295650182972,pooled_blood_group_product,187.0,0.28378378378378377,25.7,294.7,107.7,107.7,0.0,Low,Low
BB_0054,A_pos,whole_blood,2,257.0,4.242640687119285,202.5,138.0,21.545,42,16.26859652330014,16.26859652330014,pooled_blood_group_product,202.5,0.28378378378378377,26.8,283.8,81.3,81.3,0.0,Low,High
BB_0054,B_neg,platelet_concentrate,1,261.0,,214.0,156.0,17.29,5,15.063664178898293,15.063664178898293,pooled_blood_group_product,214.0,0.28378378378378377,24.9,285.9,71.9,71.9,0.0,Low,Moderate
BB_0054,B_neg,whole_blood,1,261.0,,214.0,169.0,3.27,42,14.346963359011946,14.346963359011946,pooled_blood_group_product,214.0,0.28378378378378377,23.7,284.7,70.7,70.7,0.0,Low,Low
BB_0054,B_pos,fresh_frozen_plasma,5,250.4,14.859340496805368,190.2,125.6,25.214,365,15.753623140581702,14.859340496805368,own_history,190.2,0.28378378378378377,24.5,274.9,84.7,84.7,0.0,Low,Moderate
BB_0054,B_pos,group_O_neg_emergency,1,258.0,,187.0,123.0,12.83,42,15.327786820822924,15.327786820822924,pooled_blood_group_product,187.0,0.28378378378378377,25.3,283.3,96.3,96.3,0.0,Low,Low
BB_0054,B_pos,packed_RBC,2,248.5,4.949747468305833,196.5,116.0,16.83,42,15.425681398117081,15.425681398117081,pooled_blood_group_product,196.5,0.28378378378378377,25.5,274.0,77.5,77.5,0.0,Low,Moderate
BB_0054,B_pos,platelet_concentrate,2,253.5,7.7781745930520225,212.0,146.0,13.75,5,15.918915219368015,15.918915219368015,pooled_blood_group_product,212.0,0.28378378378378377,26.3,279.8,67.8,67.8,0.0,Low,Low
BB_0054,B_pos,whole_blood,1,267.0,,195.0,175.0,11.28,42,15.616055501636811,15.616055501636811,pooled_blood_group_product,195.0,0.28378378378378377,25.8,292.8,97.8,97.8,0.0,Low,Low
BB_0054,O_neg,fresh_frozen_plasma,2,260.5,7.7781745930520225,198.0,155.0,22.3,365,14.714175377770642,14.714175377770642,pooled_blood_group_product,198.0,0.28378378378378377,24.3,284.8,86.8,86.8,0.0,Low,Moderate
BB_0054,O_neg,whole_blood,1,230.0,,205.0,133.0,21.95,42,15.177301566829424,15.177301566829424,pooled_blood_group_product,205.0,0.28378378378378377,25.0,255.0,50.0,50.0,0.0,Low,High
BB_0054,O_pos,cryoprecipitate,6,239.16666666666666,17.543279814979485,195.5,150.33333333333334,18.875,365,15.956259435791292,17.543279814979485,own_history,195.5,0.28378378378378377,28.9,268.1,72.6,72.6,0.0,Low,Moderate
BB_0054,O_pos,fresh_frozen_plasma,10,258.9,14.01150321065595,194.5,150.3,13.925,365,16.129072159319048,14.01150321065595,own_history,194.5,0.28378378378378377,23.1,282.0,87.5,87.5,0.0,Low,Low
BB_0054,O_pos,group_O_neg_emergency,3,241.33333333333334,8.144527815247077,196.66666666666666,139.66666666666666,12.263333333333334,42,15.59947653940603,15.59947653940603,pooled_blood_group_product,196.66666666666666,0.28378378378378377,25.7,267.0,70.3,70.3,0.0,Low,Low
BB_0054,O_pos,packed_RBC,5,247.6,21.4546032356695,184.4,119.2,21.756,42,16.220879283084294,21.4546032356695,own_history,184.4,0.28378378378378377,35.4,283.0,98.6,98.6,0.0,Low,High
BB_0054,O_pos,platelet_concentrate,5,248.2,25.232915011944222,195.8,147.4,16.818,5,15.814220480272407,25.232915011944222,own_history,195.8,0.28378378378378377,41.6,289.8,94.0,94.0,0.0,Low,Moderate
BB_0054,O_pos,whole_blood,9,247.44444444444446,15.11713523713332,193.66666666666666,130.11111111111111,17.077777777777776,42,15.320728507460478,15.11713523713332,own_history,193.66666666666666,0.28378378378378377,24.9,272.3,78.6,78.6,0.0,Low,Moderate
BB_0055,AB_neg,group_O_neg_emergency,1,254.0,,205.0,145.0,10.73,42,14.768157012249755,14.768157012249755,pooled_blood_group_product,205.0,0.24242424242424243,24.4,278.4,73.4,73.4,0.0,Low,Low
BB_0055,AB_pos,packed_RBC,1,229.0,,227.0,121.0,17.18,42,17.421402900877148,17.421402900877148,pooled_blood_group_product,227.0,0.24242424242424243,28.7,257.7,30.7,30.7,0.0,Low,Moderate
BB_0055,A_pos,cryoprecipitate,1,230.0,,211.0,155.0,25.59,365,15.986014398875405,15.986014398875405,pooled_blood_group_product,211.0,0.24242424242424243,26.4,256.4,45.4,45.4,0.0,Low,Moderate
BB_0055,A_pos,fresh_frozen_plasma,4,246.75,7.365459931328115,205.5,142.5,18.47,365,15.175972252331889,15.175972252331889,pooled_blood_group_product,205.5,0.24242424242424243,25.0,271.8,66.3,66.3,0.0,Low,Moderate
BB_0055,A_pos,group_O_neg_emergency,5,249.2,20.64461188785103,204.2,153.2,16.36,42,16.934146373239873,20.64461188785103,own_history,204.2,0.24242424242424243,34.1,283.3,79.1,79.1,0.0,Low,Moderate
BB_0055,A_pos,packed_RBC,5,254.2,10.158740079360236,205.0,145.0,11.714,42,15.974157533973031,10.158740079360236,own_history,205.0,0.24242424242424243,16.8,271.0,66.0,66.0,0.0,Low,Low
BB_0055,A_pos,platelet_concentrate,1,261.0,,208.0,148.0,15.38,5,15.570295650182972,15.570295650182972,pooled_blood_group_product,208.0,0.24242424242424243,25.7,286.7,78.7,78.7,0.0,Low,Moderate
BB_0055,B_neg,platelet_concentrate,1,263.0,,198.0,161.0,11.11,5,15.063664178898293,15.063664178898293,pooled_blood_group_product,198.0,0.24242424242424243,24.9,287.9,89.9,89.9,0.0,Low,Low
BB_0055,B_pos,fresh_frozen_plasma,5,245.8,10.521406750050106,198.2,140.6,20.13,365,15.753623140581702,10.521406750050106,own_history,198.2,0.24242424242424243,17.4,263.2,65.0,65.0,0.0,Low,Moderate
BB_0055,B_pos,group_O_neg_emergency,1,261.0,,225.0,167.0,15.11,42,15.327786820822924,15.327786820822924,pooled_blood_group_product,225.0,0.24242424242424243,25.3,286.3,61.3,61.3,0.0,Low,Moderate
BB_0055,B_pos,packed_RBC,1,247.0,,205.0,181.0,10.73,42,15.425681398117081,15.425681398117081,pooled_blood_group_product,205.0,0.24242424242424243,25.5,272.5,67.5,67.5,0.0,Low,Low
BB_0055,B_pos,platelet_concentrate,2,241.5,12.020815280171307,189.5,144.0,13.48,5,15.918915219368015,15.918915219368015,pooled_blood_group_product,189.5,0.24242424242424243,26.3,267.8,78.3,78.3,0.0,Low,Low
BB_0055,B_pos,whole_blood,1,271.0,,197.0,136.0,27.92,42,15.616055501636811,15.616055501636811,pooled_blood_group_product,197.0,0.24242424242424243,25.8,296.8,99.8,99.8,0.0,Low,High
BB_0055,O_neg,fresh_frozen_plasma,1,237.0,,215.0,185.0,18.6,365,14.714175377770642,14.714175377770642,pooled_blood_group_product,215.0,0.24242424242424243,24.3,261.3,46.3,46.3,0.0,Low,Moderate
BB_0055,O_neg,whole_blood,1,285.0,,184.0,145.0,20.11,42,15.177301566829424,15.177301566829424,pooled_blood_group_product,184.0,0.24242424242424243,25.0,310.0,126.0,126.0,0.0,Low,High
BB_0055,O_pos,cryoprecipitate,6,256.5,14.293355099485915,202.83333333333334,139.16666666666666,18.5,365,15.956259435791292,14.293355099485915,own_history,202.83333333333334,0.24242424242424243,23.6,280.1,77.3,77.3,0.0,Low,Moderate
BB_0055,O_pos,fresh_frozen_plasma,3,240.0,12.767145334803704,218.66666666666666,149.66666666666666,16.546666666666667,365,16.129072159319048,16.129072159319048,pooled_blood_group_product,218.66666666666666,0.24242424242424243,26.6,266.6,47.9,47.9,0.0,Low,Moderate
BB_0055,O_pos,group_O_neg_emergency,11,246.9090909090909,17.524009503846692,203.45454545454547,137.72727272727272,15.228181818181817,42,15.59947653940603,17.524009503846692,own_history,203.45454545454547,0.24242424242424243,28.9,275.8,72.3,72.3,0.0,Low,Moderate
BB_0055,O_pos,packed_RBC,3,246.0,16.703293088490067,194.0,126.0,16.30333333333333,42,16.220879283084294,16.220879283084294,pooled_blood_group_product,194.0,0.24242424242424243,26.8,272.8,78.8,78.8,0.0,Low,Moderate
BB_0055,O_pos,platelet_concentrate,7,247.28571428571428,10.291003930849598,204.14285714285714,144.0,17.48,5,15.814220480272407,10.291003930849598,own_history,204.14285714285714,0.24242424242424243,17.0,264.3,60.2,60.2,0.0,Low,Moderate
BB_0055,O_pos,whole_blood,5,260.4,10.922453936730514,204.6,137.2,17.922,42,15.320728507460478,10.922453936730514,own_history,204.6,0.24242424242424243,18.0,278.4,73.8,73.8,0.0,Low,Moderate
BB_0056,AB_neg,whole_blood,1,245.0,,203.0,151.0,11.82,42,17.64053303608203,17.64053303608203,pooled_blood_group_product,203.0,0.32432432432432434,29.1,274.1,71.1,71.1,0.0,Low,Low
BB_0056,AB_pos,cryoprecipitate,1,263.0,,211.0,113.0,14.69,365,16.64565006228281,16.64565006228281,pooled_blood_group_product,211.0,0.32432432432432434,27.5,290.5,79.5,79.5,0.0,Low,Moderate
BB_0056,AB_pos,whole_blood,2,247.0,2.8284271247461903,210.5,182.5,17.805,42,13.606168437472475,13.606168437472475,pooled_blood_group_product,210.5,0.32432432432432434,22.5,269.5,59.0,59.0,0.0,Low,Moderate
BB_0056,A_neg,group_O_neg_emergency,1,254.0,,209.0,158.0,21.05,42,15.275919791953486,15.275919791953486,pooled_blood_group_product,209.0,0.32432432432432434,25.2,279.2,70.2,70.2,0.0,Low,High
BB_0056,A_neg,platelet_concentrate,1,221.0,,210.0,129.0,19.52,5,15.26163614252437,15.26163614252437,pooled_blood_group_product,210.0,0.32432432432432434,25.2,246.2,36.2,36.2,0.0,Low,High
BB_0056,A_pos,cryoprecipitate,3,257.0,16.64331697709324,180.66666666666666,147.66666666666666,15.983333333333334,365,15.986014398875405,15.986014398875405,pooled_blood_group_product,180.66666666666666,0.32432432432432434,26.4,283.4,102.7,102.7,0.0,Low,Moderate
BB_0056,A_pos,fresh_frozen_plasma,3,238.66666666666666,9.291573243177572,190.33333333333334,127.0,17.173333333333332,365,15.175972252331889,15.175972252331889,pooled_blood_group_product,190.33333333333334,0.32432432432432434,25.0,263.7,73.4,73.4,0.0,Low,Moderate
BB_0056,A_pos,group_O_neg_emergency,2,264.5,30.405591591021544,195.5,135.0,14.7,42,16.934146373239873,16.934146373239873,pooled_blood_group_product,195.5,0.32432432432432434,27.9,292.4,96.9,96.9,0.0,Low,Moderate
BB_0056,A_pos,packed_RBC,2,268.0,4.242640687119285,224.5,178.0,21.58,42,15.974157533973031,15.974157533973031,pooled_blood_group_product,224.5,0.32432432432432434,26.4,294.4,69.9,69.9,0.0,Low,High
BB_0056,A_pos,platelet_concentrate,3,258.3333333333333,16.04161255402128,206.0,165.33333333333334,8.683333333333334,5,15.570295650182972,15.570295650182972,pooled_blood_group_product,206.0,0.32432432432432434,25.7,284.0,78.0,78.0,0.0,Low,Low
BB_0056,A_pos,whole_blood,1,245.0,,178.0,120.0,20.22,42,16.26859652330014,16.26859652330014,pooled_blood_group_product,178.0,0.32432432432432434,26.8,271.8,93.8,93.8,0.0,Low,High
BB_0056,B_pos,cryoprecipitate,2,249.0,14.142135623730951,221.5,169.0,17.85,365,15.142364873820988,15.142364873820988,pooled_blood_group_product,221.5,0.32432432432432434,25.0,274.0,52.5,52.5,0.0,Low,Moderate
BB_0056,B_pos,fresh_frozen_plasma,6,251.0,19.266551326067674,219.0,147.66666666666666,15.641666666666666,365,15.753623140581702,19.266551326067674,own_history,219.0,0.32432432432432434,31.8,282.8,63.8,63.8,0.0,Low,Moderate
BB_0056,B_pos,group_O_neg_emergency,4,252.25,18.732769861039415,184.25,145.0,19.745,42,15.327786820822924,15.327786820822924,pooled_blood_group_product,184.25,0.32432432432432434,25.3,277.6,93.4,93.4,0.0,Low,High
BB_0056,B_pos,packed_RBC,3,255.33333333333334,21.03172207246314,198.66666666666666,121.33333333333333,15.08,42,15.425681398117081,15.425681398117081,pooled_blood_group_product,198.66666666666666,0.32432432432432434,25.5,280.8,82.1,82.1,0.0,Low,Moderate
BB_0056,B_pos,whole_blood,2,236.0,25.45584412271571,184.0,142.0,18.225,42,15.616055501636811,15.616055501636811,pooled_blood_group_product,184.0,0.32432432432432434,25.8,261.8,77.8,77.8,0.0,Low,Moderate
BB_0056,O_neg,group_O_neg_emergency,1,240.0,,172.0,120.0,20.35,42,15.737583585569908,15.737583585569908,pooled_blood_group_product,172.0,0.32432432432432434,26.0,266.0,94.0,94.0,0.0,Low,High
BB_0056,O_neg,packed_RBC,1,262.0,,195.0,152.0,13.33,42,16.675768019539497,16.675768019539497,pooled_blood_group_product,195.0,0.32432432432432434,27.5,289.5,94.5,94.5,0.0,Low,Low
BB_0056,O_pos,cryoprecipitate,2,264.0,1.4142135623730951,187.0,131.0,18.405,365,15.956259435791292,15.956259435791292,pooled_blood_group_product,187.0,0.32432432432432434,26.3,290.3,103.3,103.3,0.0,Low,Moderate
BB_0056,O_pos,fresh_frozen_plasma,10,249.5,15.479376961335072,191.7,137.3,16.006999999999998,365,16.129072159319048,15.479376961335072,own_history,191.7,0.32432432432432434,25.5,275.0,83.3,83.3,0.0,Low,Moderate
BB_0056,O_pos,group_O_neg_emergency,6,254.5,17.32916616574496,194.33333333333334,138.33333333333334,16.321666666666665,42,15.59947653940603,17.32916616574496,own_history,194.33333333333334,0.32432432432432434,28.6,283.1,88.8,88.8,0.0,Low,Moderate
BB_0056,O_pos,packed_RBC,4,244.75,13.073510112692254,202.75,144.5,11.5625,42,16.220879283084294,16.220879283084294,pooled_blood_group_product,202.75,0.32432432432432434,26.8,271.6,68.9,68.9,0.0,Low,Low
BB_0056,O_pos,platelet_concentrate,5,252.2,17.181385275931625,198.8,135.6,14.116,5,15.814220480272407,17.181385275931625,own_history,198.8,0.32432432432432434,28.3,280.5,81.7,81.7,0.0,Low,Moderate
BB_0056,O_pos,whole_blood,8,242.75,19.674130948314552,198.25,138.625,18.01375,42,15.320728507460478,19.674130948314552,own_history,198.25,0.32432432432432434,32.5,275.2,76.9,76.9,0.0,Low,Moderate
BB_0057,AB_pos,platelet_concentrate,1,256.0,,215.0,142.0,21.86,5,14.27616380960629,14.27616380960629,pooled_blood_group_product,215.0,0.208955223880597,23.6,279.6,64.6,64.6,0.0,Low,High
BB_0057,A_neg,packed_RBC,1,260.0,,187.0,141.0,17.11,42,14.982321915176227,14.982321915176227,pooled_blood_group_product,187.0,0.208955223880597,24.7,284.7,97.7,97.7,0.0,Low,Moderate
BB_0057,A_neg,platelet_concentrate,1,255.0,,189.0,149.0,19.05,5,15.26163614252437,15.26163614252437,pooled_blood_group_product,189.0,0.208955223880597,25.2,280.2,91.2,91.2,0.0,Low,High
BB_0057,A_neg,whole_blood,2,245.5,0.7071067811865476,196.0,130.5,9.725,42,16.829684030913054,16.829684030913054,pooled_blood_group_product,196.0,0.208955223880597,27.8,273.3,77.3,77.3,0.0,Low,Low
BB_0057,A_pos,cryoprecipitate,4,254.5,15.329709716755888,202.75,137.5,14.9375,365,15.986014398875405,15.986014398875405,pooled_blood_group_product,202.75,0.208955223880597,26.4,280.9,78.1,78.1,0.0,Low,Moderate
BB_0057,A_pos,fresh_frozen_plasma,1,237.0,,213.0,145.0,18.78,365,15.175972252331889,15.175972252331889,pooled_blood_group_product,213.0,0.208955223880597,25.0,262.0,49.0,49.0,0.0,Low,Moderate
BB_0057,A_pos,group_O_neg_emergency,4,237.5,7.32575365861197,205.0,138.5,13.4275,42,16.934146373239873,16.934146373239873,pooled_blood_group_product,205.0,0.208955223880597,27.9,265.4,60.4,60.4,0.0,Low,Low
BB_0057,A_pos,packed_RBC,2,275.0,15.556349186104045,216.0,154.0,16.635,42,15.974157533973031,15.974157533973031,pooled_blood_group_product,216.0,0.208955223880597,26.4,301.4,85.4,85.4,0.0,Low,Moderate
BB_0057,A_pos,platelet_concentrate,4,250.25,28.2651139510646,203.25,141.75,12.5925,5,15.570295650182972,15.570295650182972,pooled_blood_group_product,203.25,0.208955223880597,25.7,276.0,72.8,72.8,0.0,Low,Low
BB_0057,A_pos,whole_blood,4,245.0,17.146428199482244,188.25,133.25,9.934999999999999,42,16.26859652330014,16.26859652330014,pooled_blood_group_product,188.25,0.208955223880597,26.8,271.8,83.6,83.6,0.0,Low,Low
BB_0057,B_neg,group_O_neg_emergency,1,235.0,,199.0,118.0,6.03,42,16.421857975114715,16.421857975114715,pooled_blood_group_product,199.0,0.208955223880597,27.1,262.1,63.1,63.1,0.0,Low,Low
BB_0057,B_pos,cryoprecipitate,1,220.0,,219.0,134.0,18.72,365,15.142364873820988,15.142364873820988,pooled_blood_group_product,219.0,0.208955223880597,25.0,245.0,26.0,26.0,0.0,Low,Moderate
BB_0057,B_pos,fresh_frozen_plasma,2,256.5,23.33452377915607,198.5,133.0,14.780000000000001,365,15.753623140581702,15.753623140581702,pooled_blood_group_product,198.5,0.208955223880597,26.0,282.5,84.0,84.0,0.0,Low,Moderate
BB_0057,B_pos,group_O_neg_emergency,4,240.5,21.486429825977755,205.75,143.25,13.9275,42,15.327786820822924,15.327786820822924,pooled_blood_group_product,205.75,0.208955223880597,25.3,265.8,60.1,60.1,0.0,Low,Low
BB_0057,B_pos,packed_RBC,3,259.0,25.865034312755125,208.66666666666666,152.33333333333334,21.106666666666666,42,15.425681398117081,15.425681398117081,pooled_blood_group_product,208.66666666666666,0.208955223880597,25.5,284.5,75.8,75.8,0.0,Low,High
BB_0057,B_pos,platelet_concentrate,1,252.0,,174.0,128.0,20.11,5,15.918915219368015,15.918915219368015,pooled_blood_group_product,174.0,0.208955223880597,26.3,278.3,104.3,104.3,0.0,Low,High
BB_0057,B_pos,whole_blood,3,262.3333333333333,13.868429375143153,206.0,159.0,19.726666666666667,42,15.616055501636811,15.616055501636811,pooled_blood_group_product,206.0,0.208955223880597,25.8,288.1,82.1,82.1,0.0,Low,High
BB_0057,O_neg,group_O_neg_emergency,1,204.0,,188.0,111.0,23.4,42,15.737583585569908,15.737583585569908,pooled_blood_group_product,188.0,0.208955223880597,26.0,230.0,42.0,42.0,0.0,Low,High
BB_0057,O_pos,cryoprecipitate,9,252.11111111111111,11.027742793115513,200.77777777777777,162.77777777777777,15.582222222222223,365,15.956259435791292,11.027742793115513,own_history,200.77777777777777,0.208955223880597,18.2,270.3,69.5,69.5,0.0,Low,Moderate
BB_0057,O_pos,fresh_frozen_plasma,4,254.0,22.420228961066982,195.0,139.5,18.5525,365,16.129072159319048,16.129072159319048,pooled_blood_group_product,195.0,0.208955223880597,26.6,280.6,85.6,85.6,0.0,Low,Moderate
BB_0057,O_pos,group_O_neg_emergency,2,246.0,26.870057685088806,215.5,161.5,11.61,42,15.59947653940603,15.59947653940603,pooled_blood_group_product,215.5,0.208955223880597,25.7,271.7,56.2,56.2,0.0,Low,Low
BB_0057,O_pos,packed_RBC,4,259.75,16.85971530008737,198.0,145.0,20.490000000000002,42,16.220879283084294,16.220879283084294,pooled_blood_group_product,198.0,0.208955223880597,26.8,286.6,88.6,88.6,0.0,Low,High
BB_0057,O_pos,platelet_concentrate,3,253.0,25.514701644346147,201.66666666666666,140.0,16.476666666666667,5,15.814220480272407,15.814220480272407,pooled_blood_group_product,201.66666666666666,0.208955223880597,26.1,279.1,77.4,77.4,0.0,Low,Moderate
BB_0057,O_pos,whole_blood,5,244.8,19.318385025669205,205.0,151.2,12.642,42,15.320728507460478,19.318385025669205,own_history,205.0,0.208955223880597,31.9,276.7,71.7,71.7,0.0,Low,Low
BB_0058,AB_pos,cryoprecipitate,1,279.0,,202.0,177.0,10.89,365,16.64565006228281,16.64565006228281,pooled_blood_group_product,202.0,0.21428571428571427,27.5,306.5,104.5,104.5,0.0,Low,Low
BB_0058,AB_pos,packed_RBC,1,283.0,,191.0,119.0,28.27,42,17.421402900877148,17.421402900877148,pooled_blood_group_product,191.0,0.21428571428571427,28.7,311.7,120.7,120.7,0.0,Low,High
BB_0058,A_neg,whole_blood,2,245.5,9.192388155425117,180.5,126.5,13.155000000000001,42,16.829684030913054,16.829684030913054,pooled_blood_group_product,180.5,0.21428571428571427,27.8,273.3,92.8,92.8,0.0,Low,Low
BB_0058,A_pos,cryoprecipitate,2,251.5,2.1213203435596424,187.5,145.5,11.7,365,15.986014398875405,15.986014398875405,pooled_blood_group_product,187.5,0.21428571428571427,26.4,277.9,90.4,90.4,0.0,Low,Low
BB_0058,A_pos,fresh_frozen_plasma,1,255.0,,219.0,175.0,10.05,365,15.175972252331889,15.175972252331889,pooled_blood_group_product,219.0,0.21428571428571427,25.0,280.0,61.0,61.0,0.0,Low,Low
BB_0058,A_pos,group_O_neg_emergency,3,262.0,9.539392014169456,199.0,152.0,21.006666666666664,42,16.934146373239873,16.934146373239873,pooled_blood_group_product,199.0,0.21428571428571427,27.9,289.9,90.9,90.9,0.0,Low,High
BB_0058,A_pos,packed_RBC,4,243.75,18.37344097694641,203.25,129.5,22.675,42,15.974157533973031,15.974157533973031,pooled_blood_group_product,203.25,0.21428571428571427,26.4,270.2,66.9,66.9,0.0,Low,High
BB_0058,A_pos,platelet_concentrate,4,245.25,16.7605688049859,196.75,134.75,11.6975,5,15.570295650182972,15.570295650182972,pooled_blood_group_product,196.75,0.21428571428571427,25.7,271.0,74.2,74.2,0.0,Low,Low
BB_0058,A_pos,whole_blood,1,259.0,,183.0,112.0,17.49,42,16.26859652330014,16.26859652330014,pooled_blood_group_product,183.0,0.21428571428571427,26.8,285.8,102.8,102.8,0.0,Low,Moderate
BB_0058,B_neg,whole_blood,1,245.0,,202.0,148.0,15.35,42,14.346963359011946,14.346963359011946,pooled_blood_group_product,202.0,0.21428571428571427,23.7,268.7,66.7,66.7,0.0,Low,Moderate
BB_0058,B_pos,cryoprecipitate,3,232.33333333333334,13.868429375143144,194.0,116.33333333333333,15.079999999999998,365,15.142364873820988,15.142364873820988,pooled_blood_group_product,194.0,0.21428571428571427,25.0,257.3,63.3,63.3,0.0,Low,Moderate
BB_0058,B_pos,fresh_frozen_plasma,3,233.0,10.535653752852738,213.33333333333334,133.0,12.996666666666664,365,15.753623140581702,15.753623140581702,pooled_blood_group_product,213.33333333333334,0.21428571428571427,26.0,259.0,45.7,45.7,0.0,Low,Low
BB_0058,B_pos,group_O_neg_emergency,2,256.5,4.949747468305833,201.5,126.5,13.06,42,15.327786820822924,15.327786820822924,pooled_blood_group_product,201.5,0.21428571428571427,25.3,281.8,80.3,80.3,0.0,Low,Low
BB_0058,B_pos,packed_RBC,1,266.0,,212.0,181.0,12.74,42,15.425681398117081,15.425681398117081,pooled_blood_group_product,212.0,0.21428571428571427,25.5,291.5,79.5,79.5,0.0,Low,Low
BB_0058,B_pos,whole_blood,4,251.0,23.930454794396756,202.5,159.0,17.9325,42,15.616055501636811,15.616055501636811,pooled_blood_group_product,202.5,0.21428571428571427,25.8,276.8,74.3,74.3,0.0,Low,Moderate
BB_0058,O_neg,cryoprecipitate,1,278.0,,213.0,161.0,23.0,365,16.832005704612282,16.832005704612282,pooled_blood_group_product,213.0,0.21428571428571427,27.8,305.8,92.8,92.8,0.0,Low,Moderate
BB_0058,O_neg,fresh_frozen_plasma,1,294.0,,198.0,150.0,18.69,365,14.714175377770642,14.714175377770642,pooled_blood_group_product,198.0,0.21428571428571427,24.3,318.3,120.3,120.3,0.0,Low,Moderate
BB_0058,O_neg,group_O_neg_emergency,2,250.5,4.949747468305833,189.0,126.5,19.705,42,15.737583585569908,15.737583585569908,pooled_blood_group_product,189.0,0.21428571428571427,26.0,276.5,87.5,87.5,0.0,Low,High
BB_0058,O_neg,whole_blood,1,234.0,,208.0,92.0,20.67,42,15.177301566829424,15.177301566829424,pooled_blood_group_product,208.0,0.21428571428571427,25.0,259.0,51.0,51.0,0.0,Low,High
BB_0058,O_pos,cryoprecipitate,4,241.25,9.535023160258536,197.0,139.0,17.6125,365,15.956259435791292,15.956259435791292,pooled_blood_group_product,197.0,0.21428571428571427,26.3,267.6,70.6,70.6,0.0,Low,Moderate
BB_0058,O_pos,fresh_frozen_plasma,7,245.85714285714286,18.19733104449268,193.85714285714286,144.85714285714286,15.542857142857143,365,16.129072159319048,18.19733104449268,own_history,193.85714285714286,0.21428571428571427,30.0,275.9,82.0,82.0,0.0,Low,Moderate
BB_0058,O_pos,group_O_neg_emergency,6,248.83333333333334,21.14158619088612,206.0,141.0,17.841666666666665,42,15.59947653940603,21.14158619088612,own_history,206.0,0.21428571428571427,34.9,283.7,77.7,77.7,0.0,Low,Moderate
BB_0058,O_pos,packed_RBC,7,253.42857142857142,15.10912685384944,198.42857142857142,136.57142857142858,13.691428571428572,42,16.220879283084294,15.10912685384944,own_history,198.42857142857142,0.21428571428571427,24.9,278.3,79.9,79.9,0.0,Low,Low
BB_0058,O_pos,platelet_concentrate,6,240.16666666666666,9.86745492346769,206.16666666666666,147.16666666666666,17.24,5,15.814220480272407,9.86745492346769,own_history,206.16666666666666,0.21428571428571427,16.3,256.5,50.3,50.3,0.0,Low,Moderate
BB_0058,O_pos,whole_blood,2,251.0,1.4142135623730951,203.5,141.5,23.33,42,15.320728507460478,15.320728507460478,pooled_blood_group_product,203.5,0.21428571428571427,25.3,276.3,72.8,72.8,0.0,Low,High
BB_0059,AB_pos,fresh_frozen_plasma,1,247.0,,210.0,153.0,10.95,365,15.529870914464443,15.529870914464443,pooled_blood_group_product,210.0,0.36923076923076925,25.6,272.6,62.6,62.6,0.0,Low,Low
BB_0059,AB_pos,platelet_concentrate,1,273.0,,207.0,119.0,15.46,5,14.27616380960629,14.27616380960629,pooled_blood_group_product,207.0,0.36923076923076925,23.6,296.6,89.6,89.6,0.0,Low,Moderate
BB_0059,A_pos,cryoprecipitate,5,251.0,7.211102550927981,198.2,141.2,17.314,365,15.986014398875405,7.211102550927981,own_history,198.2,0.36923076923076925,11.9,262.9,64.7,64.7,0.0,Low,Moderate
BB_0059,A_pos,fresh_frozen_plasma,3,255.0,8.54400374531753,204.0,141.66666666666666,21.576666666666668,365,15.175972252331889,15.175972252331889,pooled_blood_group_product,204.0,0.36923076923076925,25.0,280.0,76.0,76.0,0.0,Low,Moderate
BB_0059,A_pos,group_O_neg_emergency,1,251.0,,199.0,159.0,5.03,42,16.934146373239873,16.934146373239873,pooled_blood_group_product,199.0,0.36923076923076925,27.9,278.9,79.9,79.9,0.0,Low,Low
BB_0059,A_pos,whole_blood,5,238.2,21.22969618247044,204.0,146.6,14.096,42,16.26859652330014,21.22969618247044,own_history,204.0,0.36923076923076925,35.0,273.2,69.2,69.2,0.0,Low,Moderate
BB_0059,B_pos,cryoprecipitate,2,253.5,2.1213203435596424,209.5,151.0,9.625,365,15.142364873820988,15.142364873820988,pooled_blood_group_product,209.5,0.36923076923076925,25.0,278.5,69.0,69.0,0.0,Low,Low
BB_0059,B_pos,fresh_frozen_plasma,5,249.8,13.971399357258385,201.2,135.2,15.790000000000001,365,15.753623140581702,13.971399357258385,own_history,201.2,0.36923076923076925,23.1,272.9,71.7,71.7,0.0,Low,Moderate
BB_0059,B_pos,group_O_neg_emergency,1,258.0,,230.0,165.0,22.61,42,15.327786820822924,15.327786820822924,pooled_blood_group_product,230.0,0.36923076923076925,25.3,283.3,53.3,53.3,0.0,Low,High
BB_0059,B_pos,packed_RBC,3,258.0,32.449961479175904,196.33333333333334,152.0,11.536666666666667,42,15.425681398117081,15.425681398117081,pooled_blood_group_product,196.33333333333334,0.36923076923076925,25.5,283.5,87.2,87.2,0.0,Low,Low
BB_0059,B_pos,platelet_concentrate,3,240.0,12.165525060596439,202.0,126.0,18.593333333333334,5,15.918915219368015,15.918915219368015,pooled_blood_group_product,202.0,0.36923076923076925,26.3,266.3,64.3,64.3,0.0,Low,Moderate
BB_0059,B_pos,whole_blood,1,248.0,,225.0,142.0,18.67,42,15.616055501636811,15.616055501636811,pooled_blood_group_product,225.0,0.36923076923076925,25.8,273.8,48.8,48.8,0.0,Low,Moderate
BB_0059,O_neg,packed_RBC,1,247.0,,203.0,138.0,27.09,42,16.675768019539497,16.675768019539497,pooled_blood_group_product,203.0,0.36923076923076925,27.5,274.5,71.5,71.5,0.0,Low,High
BB_0059,O_neg,platelet_concentrate,1,230.0,,212.0,121.0,13.21,5,16.930706830055033,16.930706830055033,pooled_blood_group_product,212.0,0.36923076923076925,27.9,257.9,45.9,45.9,0.0,Low,Low
BB_0059,O_neg,whole_blood,2,248.0,15.556349186104045,194.5,149.5,15.895,42,15.177301566829424,15.177301566829424,pooled_blood_group_product,194.5,0.36923076923076925,25.0,273.0,78.5,78.5,0.0,Low,Moderate
BB_0059,O_pos,cryoprecipitate,4,247.25,13.573871960498227,203.5,148.0,17.6625,365,15.956259435791292,15.956259435791292,pooled_blood_group_product,203.5,0.36923076923076925,26.3,273.6,70.1,70.1,0.0,Low,Moderate
BB_0059,O_pos,fresh_frozen_plasma,6,238.0,11.331372379372239,198.66666666666666,137.33333333333334,19.451666666666664,365,16.129072159319048,11.331372379372239,own_history,198.66666666666666,0.36923076923076925,18.7,256.7,58.0,58.0,0.0,Low,Moderate
BB_0059,O_pos,group_O_neg_emergency,5,244.6,25.715753926338618,203.6,157.2,17.895999999999997,42,15.59947653940603,25.715753926338618,own_history,203.6,0.36923076923076925,42.4,287.0,83.4,83.4,0.0,Low,Moderate
BB_0059,O_pos,packed_RBC,5,249.2,16.03745615738357,204.4,140.6,16.932,42,16.220879283084294,16.03745615738357,own_history,204.4,0.36923076923076925,26.5,275.7,71.3,71.3,0.0,Low,Moderate
BB_0059,O_pos,platelet_concentrate,4,263.0,17.068489485989478,187.5,144.0,13.5775,5,15.814220480272407,15.814220480272407,pooled_blood_group_product,187.5,0.36923076923076925,26.1,289.1,101.6,101.6,0.0,Low,Low
BB_0059,O_pos,whole_blood,6,251.33333333333334,6.088240030309796,204.5,148.16666666666666,18.451666666666664,42,15.320728507460478,6.088240030309796,own_history,204.5,0.36923076923076925,10.0,261.3,56.8,56.8,0.0,Low,Moderate
BB_0060,AB_pos,fresh_frozen_plasma,1,253.0,,190.0,190.0,26.84,365,15.529870914464443,15.529870914464443,pooled_blood_group_product,190.0,0.25333333333333335,25.6,278.6,88.6,88.6,0.0,Low,Moderate
BB_0060,AB_pos,group_O_neg_emergency,3,253.0,1.0,193.33333333333334,145.66666666666666,16.8,42,16.01343479009551,16.01343479009551,pooled_blood_group_product,193.33333333333334,0.25333333333333335,26.4,279.4,86.1,86.1,0.0,Low,Moderate
BB_0060,AB_pos,packed_RBC,1,276.0,,199.0,143.0,4.52,42,17.421402900877148,17.421402900877148,pooled_blood_group_product,199.0,0.25333333333333335,28.7,304.7,105.7,105.7,0.0,Low,Low
BB_0060,AB_pos,platelet_concentrate,1,251.0,,210.0,176.0,3.81,5,14.27616380960629,14.27616380960629,pooled_blood_group_product,210.0,0.25333333333333335,23.6,274.6,64.6,64.6,0.0,Low,Low
BB_0060,A_neg,fresh_frozen_plasma,1,237.0,,189.0,139.0,19.05,365,15.630530767171415,15.630530767171415,pooled_blood_group_product,189.0,0.25333333333333335,25.8,262.8,73.8,73.8,0.0,Low,Moderate
BB_0060,A_pos,cryoprecipitate,2,238.5,3.5355339059327378,190.5,123.0,12.185,365,15.986014398875405,15.986014398875405,pooled_blood_group_product,190.5,0.25333333333333335,26.4,264.9,74.4,74.4,0.0,Low,Low
BB_0060,A_pos,fresh_frozen_plasma,1,261.0,,203.0,144.0,13.3,365,15.175972252331889,15.175972252331889,pooled_blood_group_product,203.0,0.25333333333333335,25.0,286.0,83.0,83.0,0.0,Low,Low
BB_0060,A_pos,group_O_neg_emergency,6,241.33333333333334,9.179687721631204,209.33333333333334,145.16666666666666,18.118333333333332,42,16.934146373239873,9.179687721631204,own_history,209.33333333333334,0.25333333333333335,15.1,256.4,47.1,47.1,0.0,Low,Moderate
BB_0060,A_pos,packed_RBC,3,261.0,17.08800749063506,215.0,131.66666666666666,18.823333333333334,42,15.974157533973031,15.974157533973031,pooled_blood_group_product,215.0,0.25333333333333335,26.4,287.4,72.4,72.4,0.0,Low,Moderate
BB_0060,A_pos,platelet_concentrate,1,231.0,,213.0,127.0,13.62,5,15.570295650182972,15.570295650182972,pooled_blood_group_product,213.0,0.25333333333333335,25.7,256.7,43.7,43.7,0.0,Low,Low
BB_0060,A_pos,whole_blood,5,234.2,10.281050529979902,193.4,128.8,13.785999999999998,42,16.26859652330014,10.281050529979902,own_history,193.4,0.25333333333333335,17.0,251.2,57.8,57.8,0.0,Low,Low
BB_0060,B_neg,cryoprecipitate,1,268.0,,199.0,121.0,10.55,365,14.855008056807502,14.855008056807502,pooled_blood_group_product,199.0,0.25333333333333335,24.5,292.5,93.5,93.5,0.0,Low,Low
BB_0060,B_neg,group_O_neg_emergency,1,233.0,,191.0,144.0,15.18,42,16.421857975114715,16.421857975114715,pooled_blood_group_product,191.0,0.25333333333333335,27.1,260.1,69.1,69.1,0.0,Low,Moderate
BB_0060,B_pos,cryoprecipitate,1,268.0,,187.0,146.0,20.86,365,15.142364873820988,15.142364873820988,pooled_blood_group_product,187.0,0.25333333333333335,25.0,293.0,106.0,106.0,0.0,Low,Moderate
BB_0060,B_pos,fresh_frozen_plasma,5,244.0,18.35755975068582,205.0,149.0,15.401999999999997,365,15.753623140581702,18.35755975068582,own_history,205.0,0.25333333333333335,30.3,274.3,69.3,69.3,0.0,Low,Moderate
BB_0060,B_pos,group_O_neg_emergency,1,243.0,,191.0,121.0,19.37,42,15.327786820822924,15.327786820822924,pooled_blood_group_product,191.0,0.25333333333333335,25.3,268.3,77.3,77.3,0.0,Low,High
BB_0060,B_pos,packed_RBC,1,248.0,,210.0,124.0,19.52,42,15.425681398117081,15.425681398117081,pooled_blood_group_product,210.0,0.25333333333333335,25.5,273.5,63.5,63.5,0.0,Low,High
BB_0060,B_pos,platelet_concentrate,2,237.0,26.870057685088806,199.0,143.5,17.810000000000002,5,15.918915219368015,15.918915219368015,pooled_blood_group_product,199.0,0.25333333333333335,26.3,263.3,64.3,64.3,0.0,Low,Moderate
BB_0060,O_neg,fresh_frozen_plasma,1,247.0,,186.0,121.0,18.28,365,14.714175377770642,14.714175377770642,pooled_blood_group_product,186.0,0.25333333333333335,24.3,271.3,85.3,85.3,0.0,Low,Moderate
BB_0060,O_neg,group_O_neg_emergency,1,228.0,,192.0,127.0,11.98,42,15.737583585569908,15.737583585569908,pooled_blood_group_product,192.0,0.25333333333333335,26.0,254.0,62.0,62.0,0.0,Low,Low
BB_0060,O_neg,packed_RBC,1,238.0,,200.0,124.0,21.0,42,16.675768019539497,16.675768019539497,pooled_blood_group_product,200.0,0.25333333333333335,27.5,265.5,65.5,65.5,0.0,Low,High
BB_0060,O_neg,platelet_concentrate,1,257.0,,223.0,179.0,19.73,5,16.930706830055033,16.930706830055033,pooled_blood_group_product,223.0,0.25333333333333335,27.9,284.9,61.9,61.9,0.0,Low,High
BB_0060,O_neg,whole_blood,2,258.5,34.64823227814083,204.5,134.0,19.835,42,15.177301566829424,15.177301566829424,pooled_blood_group_product,204.5,0.25333333333333335,25.0,283.5,79.0,79.0,0.0,Low,High
BB_0060,O_pos,cryoprecipitate,5,247.8,15.880806024884253,206.0,136.6,18.084,365,15.956259435791292,15.880806024884253,own_history,206.0,0.25333333333333335,26.2,274.0,68.0,68.0,0.0,Low,Moderate
BB_0060,O_pos,fresh_frozen_plasma,5,248.6,21.881499034572563,193.2,142.6,16.372,365,16.129072159319048,21.881499034572563,own_history,193.2,0.25333333333333335,36.1,284.7,91.5,91.5,0.0,Low,Moderate
BB_0060,O_pos,group_O_neg_emergency,3,249.0,7.810249675906654,193.33333333333334,129.66666666666666,16.959999999999997,42,15.59947653940603,15.59947653940603,pooled_blood_group_product,193.33333333333334,0.25333333333333335,25.7,274.7,81.4,81.4,0.0,Low,Moderate
BB_0060,O_pos,packed_RBC,3,243.66666666666666,27.93444707405775,202.66666666666666,148.0,13.206666666666669,42,16.220879283084294,16.220879283084294,pooled_blood_group_product,202.66666666666666,0.25333333333333335,26.8,270.5,67.8,67.8,0.0,Low,Low
BB_0060,O_pos,platelet_concentrate,6,252.66666666666666,20.69460477193674,194.83333333333334,139.83333333333334,19.805,5,15.814220480272407,20.69460477193674,own_history,194.83333333333334,0.25333333333333335,34.1,286.8,92.0,92.0,0.0,Low,High
BB_0060,O_pos,whole_blood,10,253.3,16.350671070156245,202.6,143.4,16.699,42,15.320728507460478,16.350671070156245,own_history,202.6,0.25333333333333335,27.0,280.3,77.7,77.7,0.0,Low,Moderate
BB_0061,AB_pos,fresh_frozen_plasma,1,244.0,,154.0,129.0,16.88,365,15.529870914464443,15.529870914464443,pooled_blood_group_product,154.0,0.265625,25.6,269.6,115.6,115.6,0.0,Low,Moderate
BB_0061,AB_pos,platelet_concentrate,1,231.0,,224.0,163.0,12.5,5,14.27616380960629,14.27616380960629,pooled_blood_group_product,224.0,0.265625,23.6,254.6,30.6,30.6,0.0,Low,Low
BB_0061,A_neg,platelet_concentrate,1,241.0,,184.0,100.0,25.0,5,15.26163614252437,15.26163614252437,pooled_blood_group_product,184.0,0.265625,25.2,266.2,82.2,82.2,0.0,Low,High
BB_0061,A_pos,cryoprecipitate,2,258.0,19.79898987322333,201.0,126.5,15.440000000000001,365,15.986014398875405,15.986014398875405,pooled_blood_group_product,201.0,0.265625,26.4,284.4,83.4,83.4,0.0,Low,Moderate
BB_0061,A_pos,fresh_frozen_plasma,2,229.5,3.5355339059327378,201.0,149.0,18.39,365,15.175972252331889,15.175972252331889,pooled_blood_group_product,201.0,0.265625,25.0,254.5,53.5,53.5,0.0,Low,Moderate
BB_0061,A_pos,group_O_neg_emergency,2,245.0,2.8284271247461903,200.0,173.5,19.35,42,16.934146373239873,16.934146373239873,pooled_blood_group_product,200.0,0.265625,27.9,272.9,72.9,72.9,0.0,Low,High
BB_0061,A_pos,packed_RBC,2,256.5,14.849242404917497,183.5,143.5,19.64,42,15.974157533973031,15.974157533973031,pooled_blood_group_product,183.5,0.265625,26.4,282.9,99.4,99.4,0.0,Low,High
BB_0061,A_pos,platelet_concentrate,3,247.66666666666666,17.616280348965088,198.0,126.66666666666667,14.59666666666667,5,15.570295650182972,15.570295650182972,pooled_blood_group_product,198.0,0.265625,25.7,273.4,75.4,75.4,0.0,Low,Moderate
BB_0061,A_pos,whole_blood,3,244.33333333333334,2.309401076758505,207.0,140.66666666666666,17.7,42,16.26859652330014,16.26859652330014,pooled_blood_group_product,207.0,0.265625,26.8,271.1,64.1,64.1,0.0,Low,Moderate
BB_0061,B_pos,cryoprecipitate,1,250.0,,179.0,155.0,16.2,365,15.142364873820988,15.142364873820988,pooled_blood_group_product,179.0,0.265625,25.0,275.0,96.0,96.0,0.0,Low,Moderate
BB_0061,B_pos,group_O_neg_emergency,1,246.0,,184.0,161.0,11.96,42,15.327786820822924,15.327786820822924,pooled_blood_group_product,184.0,0.265625,25.3,271.3,87.3,87.3,0.0,Low,Low
BB_0061,B_pos,packed_RBC,2,255.5,31.81980515339464,198.0,147.0,17.415,42,15.425681398117081,15.425681398117081,pooled_blood_group_product,198.0,0.265625,25.5,281.0,83.0,83.0,0.0,Low,Moderate
BB_0061,B_pos,platelet_concentrate,2,253.0,1.4142135623730951,194.5,135.0,22.825,5,15.918915219368015,15.918915219368015,pooled_blood_group_product,194.5,0.265625,26.3,279.3,84.8,84.8,0.0,Low,High
BB_0061,B_pos,whole_blood,2,262.5,0.7071067811865476,186.5,108.0,9.085,42,15.616055501636811,15.616055501636811,pooled_blood_group_product,186.5,0.265625,25.8,288.3,101.8,101.8,0.0,Low,Low
BB_0061,O_pos,cryoprecipitate,5,255.0,19.27433526739638,191.6,130.0,20.484,365,15.956259435791292,19.27433526739638,own_history,191.6,0.265625,31.8,286.8,95.2,95.2,0.0,Low,Moderate
BB_0061,O_pos,fresh_frozen_plasma,5,244.2,17.282939564784687,201.4,139.8,10.446,365,16.129072159319048,17.282939564784687,own_history,201.4,0.265625,28.5,272.7,71.3,71.3,0.0,Low,Low
BB_0061,O_pos,group_O_neg_emergency,7,255.0,16.852299546352718,202.71428571428572,139.71428571428572,13.695714285714287,42,15.59947653940603,16.852299546352718,own_history,202.71428571428572,0.265625,27.8,282.8,80.1,80.1,0.0,Low,Low
BB_0061,O_pos,packed_RBC,9,247.55555555555554,13.938356351370045,203.77777777777777,130.77777777777777,17.72888888888889,42,16.220879283084294,13.938356351370045,own_history,203.77777777777777,0.265625,23.0,270.6,66.8,66.8,0.0,Low,Moderate
BB_0061,O_pos,platelet_concentrate,6,255.83333333333334,14.162156144693036,205.5,138.0,15.548333333333334,5,15.814220480272407,14.162156144693036,own_history,205.5,0.265625,23.4,279.2,73.7,73.7,0.0,Low,Moderate
BB_0061,O_pos,whole_blood,7,255.28571428571428,13.174650984805202,202.57142857142858,160.71428571428572,14.405714285714286,42,15.320728507460478,13.174650984805202,own_history,202.57142857142858,0.265625,21.7,277.0,74.4,74.4,0.0,Low,Moderate
BB_0062,AB_pos,packed_RBC,2,229.5,4.949747468305833,205.0,148.5,19.855,42,17.421402900877148,17.421402900877148,pooled_blood_group_product,205.0,0.32786885245901637,28.7,258.2,53.2,53.2,0.0,Low,High
BB_0062,A_neg,group_O_neg_emergency,1,237.0,,196.0,134.0,7.65,42,15.275919791953486,15.275919791953486,pooled_blood_group_product,196.0,0.32786885245901637,25.2,262.2,66.2,66.2,0.0,Low,Low
BB_0062,A_pos,fresh_frozen_plasma,1,238.0,,207.0,118.0,11.59,365,15.175972252331889,15.175972252331889,pooled_blood_group_product,207.0,0.32786885245901637,25.0,263.0,56.0,56.0,0.0,Low,Low
BB_0062,A_pos,group_O_neg_emergency,2,246.5,2.1213203435596424,201.5,164.5,15.145,42,16.934146373239873,16.934146373239873,pooled_blood_group_product,201.5,0.32786885245901637,27.9,274.4,72.9,72.9,0.0,Low,Moderate
BB_0062,A_pos,packed_RBC,2,224.5,9.192388155425117,214.0,141.0,19.93,42,15.974157533973031,15.974157533973031,pooled_blood_group_product,214.0,0.32786885245901637,26.4,250.9,36.9,36.9,0.0,Low,High
BB_0062,A_pos,platelet_concentrate,1,241.0,,192.0,129.0,21.88,5,15.570295650182972,15.570295650182972,pooled_blood_group_product,192.0,0.32786885245901637,25.7,266.7,74.7,74.7,0.0,Low,High
BB_0062,A_pos,whole_blood,1,247.0,,189.0,129.0,28.04,42,16.26859652330014,16.26859652330014,pooled_blood_group_product,189.0,0.32786885245901637,26.8,273.8,84.8,84.8,0.0,Low,High
BB_0062,B_pos,cryoprecipitate,2,258.0,11.313708498984761,194.0,127.0,16.0,365,15.142364873820988,15.142364873820988,pooled_blood_group_product,194.0,0.32786885245901637,25.0,283.0,89.0,89.0,0.0,Low,Moderate
BB_0062,B_pos,fresh_frozen_plasma,2,247.0,25.45584412271571,190.5,153.0,25.465,365,15.753623140581702,15.753623140581702,pooled_blood_group_product,190.5,0.32786885245901637,26.0,273.0,82.5,82.5,0.0,Low,Moderate
BB_0062,B_pos,group_O_neg_emergency,1,237.0,,205.0,166.0,20.0,42,15.327786820822924,15.327786820822924,pooled_blood_group_product,205.0,0.32786885245901637,25.3,262.3,57.3,57.3,0.0,Low,High
BB_0062,B_pos,packed_RBC,6,250.33333333333334,16.378848148348734,202.16666666666666,139.33333333333334,14.631666666666666,42,15.425681398117081,16.378848148348734,own_history,202.16666666666666,0.32786885245901637,27.0,277.3,75.1,75.1,0.0,Low,Moderate
BB_0062,B_pos,platelet_concentrate,2,261.0,21.213203435596427,191.0,143.5,13.975,5,15.918915219368015,15.918915219368015,pooled_blood_group_product,191.0,0.32786885245901637,26.3,287.3,96.3,96.3,0.0,Low,Moderate
BB_0062,B_pos,whole_blood,3,233.0,8.54400374531753,206.66666666666666,148.33333333333334,16.029999999999998,42,15.616055501636811,15.616055501636811,pooled_blood_group_product,206.66666666666666,0.32786885245901637,25.8,258.8,52.1,52.1,0.0,Low,Moderate
BB_0062,O_pos,cryoprecipitate,5,257.6,15.404544783926598,200.2,156.6,15.919999999999998,365,15.956259435791292,15.404544783926598,own_history,200.2,0.32786885245901637,25.4,283.0,82.8,82.8,0.0,Low,Moderate
BB_0062,O_pos,fresh_frozen_plasma,10,241.9,10.918384088825189,200.7,149.0,14.379,365,16.129072159319048,10.918384088825189,own_history,200.7,0.32786885245901637,18.0,259.9,59.2,59.2,0.0,Low,Moderate
BB_0062,O_pos,group_O_neg_emergency,2,253.5,7.7781745930520225,215.0,161.5,18.615000000000002,42,15.59947653940603,15.59947653940603,pooled_blood_group_product,215.0,0.32786885245901637,25.7,279.2,64.2,64.2,0.0,Low,Moderate
BB_0062,O_pos,packed_RBC,6,254.83333333333334,18.25833143161408,198.83333333333334,142.66666666666666,18.961666666666666,42,16.220879283084294,18.25833143161408,own_history,198.83333333333334,0.32786885245901637,30.1,284.9,86.1,86.1,0.0,Low,High
BB_0062,O_pos,platelet_concentrate,9,259.6666666666667,15.074813431681335,194.77777777777777,137.55555555555554,16.938888888888886,5,15.814220480272407,15.074813431681335,own_history,194.77777777777777,0.32786885245901637,24.9,284.6,89.8,89.8,0.0,Low,Moderate
BB_0062,O_pos,whole_blood,3,241.33333333333334,31.659648345067467,206.33333333333334,121.0,14.273333333333333,42,15.320728507460478,15.320728507460478,pooled_blood_group_product,206.33333333333334,0.32786885245901637,25.3,266.6,60.3,60.3,0.0,Low,Moderate
BB_0063,AB_pos,packed_RBC,1,259.0,,223.0,148.0,10.31,42,17.421402900877148,17.421402900877148,pooled_blood_group_product,223.0,0.2857142857142857,28.7,287.7,64.7,64.7,0.0,Low,Low
BB_0063,A_neg,fresh_frozen_plasma,2,231.5,3.5355339059327378,205.0,133.0,21.71,365,15.630530767171415,15.630530767171415,pooled_blood_group_product,205.0,0.2857142857142857,25.8,257.3,52.3,52.3,0.0,Low,Moderate
BB_0063,A_pos,group_O_neg_emergency,1,238.0,,216.0,159.0,18.06,42,16.934146373239873,16.934146373239873,pooled_blood_group_product,216.0,0.2857142857142857,27.9,265.9,49.9,49.9,0.0,Low,Moderate
BB_0063,A_pos,packed_RBC,1,237.0,,194.0,140.0,14.95,42,15.974157533973031,15.974157533973031,pooled_blood_group_product,194.0,0.2857142857142857,26.4,263.4,69.4,69.4,0.0,Low,Moderate
BB_0063,A_pos,platelet_concentrate,1,212.0,,207.0,149.0,13.04,5,15.570295650182972,15.570295650182972,pooled_blood_group_product,207.0,0.2857142857142857,25.7,237.7,30.7,30.7,0.0,Low,Low
BB_0063,A_pos,whole_blood,6,269.1666666666667,11.373946837693003,203.33333333333334,148.66666666666666,10.276666666666666,42,16.26859652330014,11.373946837693003,own_history,203.33333333333334,0.2857142857142857,18.8,288.0,84.7,84.7,0.0,Low,Low
BB_0063,B_neg,platelet_concentrate,1,248.0,,190.0,142.0,13.68,5,15.063664178898293,15.063664178898293,pooled_blood_group_product,190.0,0.2857142857142857,24.9,272.9,82.9,82.9,0.0,Low,Low
BB_0063,B_pos,cryoprecipitate,2,252.5,10.606601717798213,218.0,147.5,9.885000000000002,365,15.142364873820988,15.142364873820988,pooled_blood_group_product,218.0,0.2857142857142857,25.0,277.5,59.5,59.5,0.0,Low,Low
BB_0063,B_pos,fresh_frozen_plasma,1,229.0,,195.0,152.0,26.67,365,15.753623140581702,15.753623140581702,pooled_blood_group_product,195.0,0.2857142857142857,26.0,255.0,60.0,60.0,0.0,Low,Moderate
BB_0063,B_pos,platelet_concentrate,1,263.0,,187.0,126.0,8.02,5,15.918915219368015,15.918915219368015,pooled_blood_group_product,187.0,0.2857142857142857,26.3,289.3,102.3,102.3,0.0,Low,Low
BB_0063,B_pos,whole_blood,1,277.0,,169.0,148.0,21.3,42,15.616055501636811,15.616055501636811,pooled_blood_group_product,169.0,0.2857142857142857,25.8,302.8,133.8,133.8,0.0,Low,High
BB_0063,O_neg,cryoprecipitate,1,270.0,,199.0,137.0,19.6,365,16.832005704612282,16.832005704612282,pooled_blood_group_product,199.0,0.2857142857142857,27.8,297.8,98.8,98.8,0.0,Low,Moderate
BB_0063,O_neg,fresh_frozen_plasma,1,218.0,,211.0,161.0,18.96,365,14.714175377770642,14.714175377770642,pooled_blood_group_product,211.0,0.2857142857142857,24.3,242.3,31.3,31.3,0.0,Low,Moderate
BB_0063,O_neg,platelet_concentrate,1,259.0,,201.0,151.0,22.89,5,16.930706830055033,16.930706830055033,pooled_blood_group_product,201.0,0.2857142857142857,27.9,286.9,85.9,85.9,0.0,Low,High
BB_0063,O_neg,whole_blood,1,265.0,,206.0,129.0,17.48,42,15.177301566829424,15.177301566829424,pooled_blood_group_product,206.0,0.2857142857142857,25.0,290.0,84.0,84.0,0.0,Low,Moderate
BB_0063,O_pos,cryoprecipitate,2,236.5,9.192388155425117,189.0,123.0,19.31,365,15.956259435791292,15.956259435791292,pooled_blood_group_product,189.0,0.2857142857142857,26.3,262.8,73.8,73.8,0.0,Low,Moderate
BB_0063,O_pos,fresh_frozen_plasma,3,263.6666666666667,9.018499505645782,197.0,150.0,14.786666666666667,365,16.129072159319048,16.129072159319048,pooled_blood_group_product,197.0,0.2857142857142857,26.6,290.3,93.3,93.3,0.0,Low,Moderate
BB_0063,O_pos,group_O_neg_emergency,6,253.16666666666666,12.750163397645796,193.0,142.0,13.166666666666666,42,15.59947653940603,12.750163397645796,own_history,193.0,0.2857142857142857,21.0,274.2,81.2,81.2,0.0,Low,Low
BB_0063,O_pos,packed_RBC,10,251.2,18.71897433087614,203.6,156.1,16.091,42,16.220879283084294,18.71897433087614,own_history,203.6,0.2857142857142857,30.9,282.1,78.5,78.5,0.0,Low,Moderate
BB_0063,O_pos,platelet_concentrate,4,245.75,6.701989754294367,199.5,145.25,18.18,5,15.814220480272407,15.814220480272407,pooled_blood_group_product,199.5,0.2857142857142857,26.1,271.8,72.3,72.3,0.0,Low,Moderate
BB_0063,O_pos,whole_blood,9,258.55555555555554,17.966017304282488,203.11111111111111,131.44444444444446,15.0,42,15.320728507460478,17.966017304282488,own_history,203.11111111111111,0.2857142857142857,29.6,288.2,85.1,85.1,0.0,Low,Moderate
BB_0064,AB_pos,cryoprecipitate,1,248.0,,197.0,111.0,19.8,365,16.64565006228281,16.64565006228281,pooled_blood_group_product,197.0,0.125,27.5,275.5,78.5,78.5,0.0,Low,Moderate
BB_0064,AB_pos,fresh_frozen_plasma,1,255.0,,195.0,130.0,10.26,365,15.529870914464443,15.529870914464443,pooled_blood_group_product,195.0,0.125,25.6,280.6,85.6,85.6,0.0,Low,Low
BB_0064,AB_pos,platelet_concentrate,1,232.0,,209.0,124.0,12.92,5,14.27616380960629,14.27616380960629,pooled_blood_group_product,209.0,0.125,23.6,255.6,46.6,46.6,0.0,Low,Low
BB_0064,AB_pos,whole_blood,1,258.0,,209.0,175.0,3.83,42,13.606168437472475,13.606168437472475,pooled_blood_group_product,209.0,0.125,22.5,280.5,71.5,71.5,0.0,Low,Low
BB_0064,A_neg,whole_blood,1,254.0,,210.0,133.0,16.67,42,16.829684030913054,16.829684030913054,pooled_blood_group_product,210.0,0.125,27.8,281.8,71.8,71.8,0.0,Low,Moderate
BB_0064,A_pos,cryoprecipitate,1,266.0,,190.0,174.0,16.32,365,15.986014398875405,15.986014398875405,pooled_blood_group_product,190.0,0.125,26.4,292.4,102.4,102.4,0.0,Low,Moderate
BB_0064,A_pos,fresh_frozen_plasma,1,223.0,,201.0,128.0,7.96,365,15.175972252331889,15.175972252331889,pooled_blood_group_product,201.0,0.125,25.0,248.0,47.0,47.0,0.0,Low,Low
BB_0064,A_pos,group_O_neg_emergency,4,258.0,21.213203435596427,201.75,146.25,17.6025,42,16.934146373239873,16.934146373239873,pooled_blood_group_product,201.75,0.125,27.9,285.9,84.1,84.1,0.0,Low,Moderate
BB_0064,A_pos,packed_RBC,2,232.0,8.48528137423857,191.5,154.5,13.365,42,15.974157533973031,15.974157533973031,pooled_blood_group_product,191.5,0.125,26.4,258.4,66.9,66.9,0.0,Low,Low
BB_0064,A_pos,platelet_concentrate,3,260.6666666666667,5.8594652770823235,192.33333333333334,147.33333333333334,18.01,5,15.570295650182972,15.570295650182972,pooled_blood_group_product,192.33333333333334,0.125,25.7,286.4,94.1,94.1,0.0,Low,Moderate
BB_0064,A_pos,whole_blood,1,228.0,,187.0,151.0,18.18,42,16.26859652330014,16.26859652330014,pooled_blood_group_product,187.0,0.125,26.8,254.8,67.8,67.8,0.0,Low,Moderate
BB_0064,B_pos,cryoprecipitate,1,244.0,,213.0,130.0,23.47,365,15.142364873820988,15.142364873820988,pooled_blood_group_product,213.0,0.125,25.0,269.0,56.0,56.0,0.0,Low,Moderate
BB_0064,B_pos,fresh_frozen_plasma,1,256.0,,208.0,154.0,22.12,365,15.753623140581702,15.753623140581702,pooled_blood_group_product,208.0,0.125,26.0,282.0,74.0,74.0,0.0,Low,Moderate
BB_0064,B_pos,group_O_neg_emergency,1,282.0,,202.0,128.0,18.32,42,15.327786820822924,15.327786820822924,pooled_blood_group_product,202.0,0.125,25.3,307.3,105.3,105.3,0.0,Low,Moderate
BB_0064,B_pos,packed_RBC,2,240.0,31.11269837220809,202.0,143.0,13.614999999999998,42,15.425681398117081,15.425681398117081,pooled_blood_group_product,202.0,0.125,25.5,265.5,63.5,63.5,0.0,Low,Low
BB_0064,B_pos,whole_blood,2,283.5,20.506096654409877,193.5,145.5,21.7,42,15.616055501636811,15.616055501636811,pooled_blood_group_product,193.5,0.125,25.8,309.3,115.8,115.8,0.0,Low,High
BB_0064,O_neg,group_O_neg_emergency,1,244.0,,210.0,166.0,21.43,42,15.737583585569908,15.737583585569908,pooled_blood_group_product,210.0,0.125,26.0,270.0,60.0,60.0,0.0,Low,High
BB_0064,O_pos,cryoprecipitate,9,249.11111111111111,11.274356350191841,204.33333333333334,135.66666666666666,14.002222222222223,365,15.956259435791292,11.274356350191841,own_history,204.33333333333334,0.125,18.6,267.7,63.4,63.4,0.0,Low,Moderate
BB_0064,O_pos,fresh_frozen_plasma,3,243.0,6.082762530298219,203.33333333333334,135.66666666666666,19.523333333333333,365,16.129072159319048,16.129072159319048,pooled_blood_group_product,203.33333333333334,0.125,26.6,269.6,66.3,66.3,0.0,Low,Moderate
BB_0064,O_pos,group_O_neg_emergency,8,251.125,12.123619214456669,198.125,148.375,14.78125,42,15.59947653940603,12.123619214456669,own_history,198.125,0.125,20.0,271.1,73.0,73.0,0.0,Low,Moderate
BB_0064,O_pos,packed_RBC,4,239.5,16.82260384126072,193.5,146.0,12.285,42,16.220879283084294,16.220879283084294,pooled_blood_group_product,193.5,0.125,26.8,266.3,72.8,72.8,0.0,Low,Low
BB_0064,O_pos,platelet_concentrate,5,234.2,16.917446615846018,207.8,152.8,18.22,5,15.814220480272407,16.917446615846018,own_history,207.8,0.125,27.9,262.1,54.3,54.3,0.0,Low,Moderate
BB_0064,O_pos,whole_blood,2,244.5,41.71930009000631,206.0,133.0,18.445,42,15.320728507460478,15.320728507460478,pooled_blood_group_product,206.0,0.125,25.3,269.8,63.8,63.8,0.0,Low,Moderate
BB_0065,AB_pos,packed_RBC,1,282.0,,192.0,150.0,11.98,42,17.421402900877148,17.421402900877148,pooled_blood_group_product,192.0,0.3150684931506849,28.7,310.7,118.7,118.7,0.0,Low,Low
BB_0065,AB_pos,platelet_concentrate,1,259.0,,198.0,122.0,17.68,5,14.27616380960629,14.27616380960629,pooled_blood_group_product,198.0,0.3150684931506849,23.6,282.6,84.6,84.6,0.0,Low,Moderate
BB_0065,A_neg,whole_blood,2,247.0,8.48528137423857,207.0,135.5,17.740000000000002,42,16.829684030913054,16.829684030913054,pooled_blood_group_product,207.0,0.3150684931506849,27.8,274.8,67.8,67.8,0.0,Low,Moderate
BB_0065,A_pos,cryoprecipitate,6,239.0,11.099549540409285,195.16666666666666,130.0,17.188333333333333,365,15.986014398875405,11.099549540409285,own_history,195.16666666666666,0.3150684931506849,18.3,257.3,62.1,62.1,0.0,Low,Moderate
BB_0065,A_pos,fresh_frozen_plasma,2,208.0,12.727922061357855,212.0,124.5,12.525,365,15.175972252331889,15.175972252331889,pooled_blood_group_product,212.0,0.3150684931506849,25.0,233.0,21.0,21.0,0.0,Low,Low
BB_0065,A_pos,group_O_neg_emergency,1,247.0,,194.0,126.0,20.1,42,16.934146373239873,16.934146373239873,pooled_blood_group_product,194.0,0.3150684931506849,27.9,274.9,80.9,80.9,0.0,Low,High
BB_0065,A_pos,packed_RBC,2,255.5,21.920310216782973,177.5,125.5,13.285,42,15.974157533973031,15.974157533973031,pooled_blood_group_product,177.5,0.3150684931506849,26.4,281.9,104.4,104.4,0.0,Low,Low
BB_0065,A_pos,platelet_concentrate,9,251.77777777777777,14.472195564061606,206.55555555555554,140.77777777777777,15.68,5,15.570295650182972,14.472195564061606,own_history,206.55555555555554,0.3150684931506849,23.9,275.7,69.1,69.1,0.0,Low,Moderate
BB_0065,B_neg,fresh_frozen_plasma,1,235.0,,210.0,122.0,8.57,365,18.483089984756752,18.483089984756752,pooled_blood_group_product,210.0,0.3150684931506849,30.5,265.5,55.5,55.5,0.0,Low,Low
BB_0065,B_pos,cryoprecipitate,1,265.0,,196.0,150.0,15.31,365,15.142364873820988,15.142364873820988,pooled_blood_group_product,196.0,0.3150684931506849,25.0,290.0,94.0,94.0,0.0,Low,Moderate
BB_0065,B_pos,fresh_frozen_plasma,3,256.0,11.789826122551595,181.0,134.33333333333334,16.296666666666667,365,15.753623140581702,15.753623140581702,pooled_blood_group_product,181.0,0.3150684931506849,26.0,282.0,101.0,101.0,0.0,Low,Moderate
BB_0065,B_pos,group_O_neg_emergency,2,266.5,9.192388155425117,212.0,150.5,12.665,42,15.327786820822924,15.327786820822924,pooled_blood_group_product,212.0,0.3150684931506849,25.3,291.8,79.8,79.8,0.0,Low,Low
BB_0065,B_pos,platelet_concentrate,4,255.25,13.250786140200635,197.75,121.75,18.4425,5,15.918915219368015,15.918915219368015,pooled_blood_group_product,197.75,0.3150684931506849,26.3,281.6,83.9,83.9,0.0,Low,Moderate
BB_0065,B_pos,whole_blood,1,245.0,,183.0,117.0,9.29,42,15.616055501636811,15.616055501636811,pooled_blood_group_product,183.0,0.3150684931506849,25.8,270.8,87.8,87.8,0.0,Low,Low
BB_0065,O_neg,fresh_frozen_plasma,1,251.0,,205.0,124.0,16.1,365,14.714175377770642,14.714175377770642,pooled_blood_group_product,205.0,0.3150684931506849,24.3,275.3,70.3,70.3,0.0,Low,Moderate
BB_0065,O_neg,whole_blood,1,249.0,,200.0,158.0,24.0,42,15.177301566829424,15.177301566829424,pooled_blood_group_product,200.0,0.3150684931506849,25.0,274.0,74.0,74.0,0.0,Low,High
BB_0065,O_pos,cryoprecipitate,7,244.0,16.196707484341797,197.71428571428572,142.71428571428572,15.24,365,15.956259435791292,16.196707484341797,own_history,197.71428571428572,0.3150684931506849,26.7,270.7,73.0,73.0,0.0,Low,Moderate
BB_0065,O_pos,fresh_frozen_plasma,5,245.2,16.115210206509875,205.2,152.6,16.94,365,16.129072159319048,16.115210206509875,own_history,205.2,0.3150684931506849,26.6,271.8,66.6,66.6,0.0,Low,Moderate
BB_0065,O_pos,group_O_neg_emergency,6,243.66666666666666,7.659416862050708,199.0,142.66666666666666,17.348333333333333,42,15.59947653940603,7.659416862050708,own_history,199.0,0.3150684931506849,12.6,256.3,57.3,57.3,0.0,Low,Moderate
BB_0065,O_pos,packed_RBC,7,246.85714285714286,14.052622192181445,198.28571428571428,139.14285714285714,17.05142857142857,42,16.220879283084294,14.052622192181445,own_history,198.28571428571428,0.3150684931506849,23.2,270.1,71.8,71.8,0.0,Low,Moderate
BB_0065,O_pos,platelet_concentrate,1,224.0,,204.0,161.0,8.82,5,15.814220480272407,15.814220480272407,pooled_blood_group_product,204.0,0.3150684931506849,26.1,250.1,46.1,46.1,0.0,Low,Low
BB_0065,O_pos,whole_blood,9,248.88888888888889,20.077627128500794,195.66666666666666,135.33333333333334,13.52888888888889,42,15.320728507460478,20.077627128500794,own_history,195.66666666666666,0.3150684931506849,33.1,282.0,86.3,86.3,0.0,Low,Low
BB_0066,AB_neg,whole_blood,1,263.0,,193.0,124.0,12.95,42,17.64053303608203,17.64053303608203,pooled_blood_group_product,193.0,0.22388059701492538,29.1,292.1,99.1,99.1,0.0,Low,Low
BB_0066,AB_pos,cryoprecipitate,1,252.0,,200.0,162.0,16.5,365,16.64565006228281,16.64565006228281,pooled_blood_group_product,200.0,0.22388059701492538,27.5,279.5,79.5,79.5,0.0,Low,Moderate
BB_0066,AB_pos,fresh_frozen_plasma,1,236.0,,196.0,150.0,17.35,365,15.529870914464443,15.529870914464443,pooled_blood_group_product,196.0,0.22388059701492538,25.6,261.6,65.6,65.6,0.0,Low,Moderate
BB_0066,A_neg,fresh_frozen_plasma,1,241.0,,205.0,150.0,16.1,365,15.630530767171415,15.630530767171415,pooled_blood_group_product,205.0,0.22388059701492538,25.8,266.8,61.8,61.8,0.0,Low,Moderate
BB_0066,A_neg,whole_blood,1,269.0,,209.0,185.0,26.79,42,16.829684030913054,16.829684030913054,pooled_blood_group_product,209.0,0.22388059701492538,27.8,296.8,87.8,87.8,0.0,Low,High
BB_0066,A_pos,cryoprecipitate,4,242.0,23.607908279501032,202.0,152.0,18.0125,365,15.986014398875405,15.986014398875405,pooled_blood_group_product,202.0,0.22388059701492538,26.4,268.4,66.4,66.4,0.0,Low,Moderate
BB_0066,A_pos,fresh_frozen_plasma,2,232.5,26.16295090390226,195.5,148.0,17.605,365,15.175972252331889,15.175972252331889,pooled_blood_group_product,195.5,0.22388059701492538,25.0,257.5,62.0,62.0,0.0,Low,Moderate
BB_0066,A_pos,group_O_neg_emergency,3,250.33333333333334,8.962886439832499,200.66666666666666,158.66666666666666,13.313333333333333,42,16.934146373239873,16.934146373239873,pooled_blood_group_product,200.66666666666666,0.22388059701492538,27.9,278.2,77.5,77.5,0.0,Low,Low
BB_0066,A_pos,platelet_concentrate,3,257.0,7.0,191.0,141.0,14.363333333333332,5,15.570295650182972,15.570295650182972,pooled_blood_group_product,191.0,0.22388059701492538,25.7,282.7,91.7,91.7,0.0,Low,Moderate
BB_0066,A_pos,whole_blood,4,241.25,18.463928798245153,202.25,145.0,16.345,42,16.26859652330014,16.26859652330014,pooled_blood_group_product,202.25,0.22388059701492538,26.8,268.0,65.8,65.8,0.0,Low,Moderate
BB_0066,B_neg,platelet_concentrate,1,251.0,,169.0,154.0,18.93,5,15.063664178898293,15.063664178898293,pooled_blood_group_product,169.0,0.22388059701492538,24.9,275.9,106.9,106.9,0.0,Low,Moderate
BB_0066,B_pos,cryoprecipitate,1,249.0,,212.0,148.0,16.98,365,15.142364873820988,15.142364873820988,pooled_blood_group_product,212.0,0.22388059701492538,25.0,274.0,62.0,62.0,0.0,Low,Moderate
BB_0066,B_pos,fresh_frozen_plasma,2,260.0,8.48528137423857,195.0,167.5,13.75,365,15.753623140581702,15.753623140581702,pooled_blood_group_product,195.0,0.22388059701492538,26.0,286.0,91.0,91.0,0.0,Low,Low
BB_0066,B_pos,group_O_neg_emergency,3,257.3333333333333,21.594752448994022,198.66666666666666,152.33333333333334,17.25,42,15.327786820822924,15.327786820822924,pooled_blood_group_product,198.66666666666666,0.22388059701492538,25.3,282.6,83.9,83.9,0.0,Low,Moderate
BB_0066,B_pos,packed_RBC,3,257.0,13.0,201.66666666666666,120.33333333333333,14.866666666666667,42,15.425681398117081,15.425681398117081,pooled_blood_group_product,201.66666666666666,0.22388059701492538,25.5,282.5,80.8,80.8,0.0,Low,Moderate
BB_0066,O_neg,fresh_frozen_plasma,1,260.0,,176.0,159.0,11.36,365,14.714175377770642,14.714175377770642,pooled_blood_group_product,176.0,0.22388059701492538,24.3,284.3,108.3,108.3,0.0,Low,Low
BB_0066,O_neg,packed_RBC,1,250.0,,230.0,151.0,16.09,42,16.675768019539497,16.675768019539497,pooled_blood_group_product,230.0,0.22388059701492538,27.5,277.5,47.5,47.5,0.0,Low,Moderate
BB_0066,O_pos,cryoprecipitate,5,259.8,16.873055443517043,203.8,147.2,15.344,365,15.956259435791292,16.873055443517043,own_history,203.8,0.22388059701492538,27.8,287.6,83.8,83.8,0.0,Low,Moderate
BB_0066,O_pos,fresh_frozen_plasma,5,236.6,19.138965489283894,195.8,138.0,16.490000000000002,365,16.129072159319048,19.138965489283894,own_history,195.8,0.22388059701492538,31.6,268.2,72.4,72.4,0.0,Low,Moderate
BB_0066,O_pos,group_O_neg_emergency,7,246.57142857142858,12.699831269970256,200.42857142857142,134.14285714285714,19.118571428571425,42,15.59947653940603,12.699831269970256,own_history,200.42857142857142,0.22388059701492538,21.0,267.6,67.2,67.2,0.0,Low,High
BB_0066,O_pos,packed_RBC,6,246.0,14.77836256152893,204.66666666666666,152.5,17.564999999999998,42,16.220879283084294,14.77836256152893,own_history,204.66666666666666,0.22388059701492538,24.4,270.4,65.7,65.7,0.0,Low,Moderate
BB_0066,O_pos,platelet_concentrate,7,255.28571428571428,11.856282240712252,203.85714285714286,145.14285714285714,15.794285714285715,5,15.814220480272407,11.856282240712252,own_history,203.85714285714286,0.22388059701492538,19.6,274.9,71.0,71.0,0.0,Low,Moderate
BB_0066,O_pos,whole_blood,4,252.25,10.53169818531972,197.5,126.75,13.2025,42,15.320728507460478,15.320728507460478,pooled_blood_group_product,197.5,0.22388059701492538,25.3,277.6,80.1,80.1,0.0,Low,Low
BB_0067,AB_pos,fresh_frozen_plasma,1,236.0,,184.0,132.0,17.93,365,15.529870914464443,15.529870914464443,pooled_blood_group_product,184.0,0.2835820895522388,25.6,261.6,77.6,77.6,0.0,Low,Moderate
BB_0067,AB_pos,packed_RBC,1,248.0,,194.0,137.0,9.28,42,17.421402900877148,17.421402900877148,pooled_blood_group_product,194.0,0.2835820895522388,28.7,276.7,82.7,82.7,0.0,Low,Low
BB_0067,AB_pos,platelet_concentrate,2,249.5,7.7781745930520225,196.0,141.0,19.915,5,14.27616380960629,14.27616380960629,pooled_blood_group_product,196.0,0.2835820895522388,23.6,273.1,77.1,77.1,0.0,Low,High
BB_0067,AB_pos,whole_blood,1,269.0,,203.0,153.0,19.21,42,13.606168437472475,13.606168437472475,pooled_blood_group_product,203.0,0.2835820895522388,22.5,291.5,88.5,88.5,0.0,Low,High
BB_0067,A_neg,fresh_frozen_plasma,1,259.0,,193.0,139.0,10.88,365,15.630530767171415,15.630530767171415,pooled_blood_group_product,193.0,0.2835820895522388,25.8,284.8,91.8,91.8,0.0,Low,Low
BB_0067,A_neg,group_O_neg_emergency,1,232.0,,207.0,139.0,7.25,42,15.275919791953486,15.275919791953486,pooled_blood_group_product,207.0,0.2835820895522388,25.2,257.2,50.2,50.2,0.0,Low,Low
BB_0067,A_neg,platelet_concentrate,1,264.0,,208.0,162.0,31.25,5,15.26163614252437,15.26163614252437,pooled_blood_group_product,208.0,0.2835820895522388,25.2,289.2,81.2,81.2,0.0,Low,High
BB_0067,A_pos,cryoprecipitate,3,241.0,4.58257569495584,207.33333333333334,133.33333333333334,11.43,365,15.986014398875405,15.986014398875405,pooled_blood_group_product,207.33333333333334,0.2835820895522388,26.4,267.4,60.1,60.1,0.0,Low,Low
BB_0067,A_pos,fresh_frozen_plasma,3,242.0,12.165525060596439,197.0,145.0,19.183333333333334,365,15.175972252331889,15.175972252331889,pooled_blood_group_product,197.0,0.2835820895522388,25.0,267.0,70.0,70.0,0.0,Low,Moderate
BB_0067,A_pos,group_O_neg_emergency,2,242.5,9.192388155425117,207.5,144.0,11.830000000000002,42,16.934146373239873,16.934146373239873,pooled_blood_group_product,207.5,0.2835820895522388,27.9,270.4,62.9,62.9,0.0,Low,Low
BB_0067,A_pos,packed_RBC,3,248.66666666666666,10.016652800877809,194.33333333333334,158.33333333333334,17.76,42,15.974157533973031,15.974157533973031,pooled_blood_group_product,194.33333333333334,0.2835820895522388,26.4,275.1,80.8,80.8,0.0,Low,Moderate
BB_0067,A_pos,platelet_concentrate,1,273.0,,199.0,176.0,16.08,5,15.570295650182972,15.570295650182972,pooled_blood_group_product,199.0,0.2835820895522388,25.7,298.7,99.7,99.7,0.0,Low,Moderate
BB_0067,A_pos,whole_blood,2,264.5,12.020815280171307,191.5,146.0,20.759999999999998,42,16.26859652330014,16.26859652330014,pooled_blood_group_product,191.5,0.2835820895522388,26.8,291.3,99.8,99.8,0.0,Low,High
BB_0067,B_neg,cryoprecipitate,1,259.0,,212.0,128.0,14.62,365,14.855008056807502,14.855008056807502,pooled_blood_group_product,212.0,0.2835820895522388,24.5,283.5,71.5,71.5,0.0,Low,Moderate
BB_0067,B_pos,cryoprecipitate,4,255.0,15.769168230019826,197.0,151.5,18.142500000000002,365,15.142364873820988,15.142364873820988,pooled_blood_group_product,197.0,0.2835820895522388,25.0,280.0,83.0,83.0,0.0,Low,Moderate
BB_0067,B_pos,fresh_frozen_plasma,3,249.33333333333334,11.15048578911849,212.33333333333334,165.66666666666666,13.49,365,15.753623140581702,15.753623140581702,pooled_blood_group_product,212.33333333333334,0.2835820895522388,26.0,275.3,63.0,63.0,0.0,Low,Low
BB_0067,B_pos,group_O_neg_emergency,2,249.5,2.1213203435596424,206.5,141.0,23.035,42,15.327786820822924,15.327786820822924,pooled_blood_group_product,206.5,0.2835820895522388,25.3,274.8,68.3,68.3,0.0,Low,High
BB_0067,B_pos,packed_RBC,2,241.5,12.020815280171307,210.0,150.5,16.415,42,15.425681398117081,15.425681398117081,pooled_blood_group_product,210.0,0.2835820895522388,25.5,267.0,57.0,57.0,0.0,Low,Moderate
BB_0067,B_pos,platelet_concentrate,1,247.0,,179.0,105.0,13.97,5,15.918915219368015,15.918915219368015,pooled_blood_group_product,179.0,0.2835820895522388,26.3,273.3,94.3,94.3,0.0,Low,Moderate
BB_0067,B_pos,whole_blood,2,243.5,21.920310216782973,190.5,138.5,13.780000000000001,42,15.616055501636811,15.616055501636811,pooled_blood_group_product,190.5,0.2835820895522388,25.8,269.3,78.8,78.8,0.0,Low,Low
BB_0067,O_neg,group_O_neg_emergency,1,248.0,,199.0,144.0,22.11,42,15.737583585569908,15.737583585569908,pooled_blood_group_product,199.0,0.2835820895522388,26.0,274.0,75.0,75.0,0.0,Low,High
BB_0067,O_neg,packed_RBC,1,237.0,,185.0,138.0,24.32,42,16.675768019539497,16.675768019539497,pooled_blood_group_product,185.0,0.2835820895522388,27.5,264.5,79.5,79.5,0.0,Low,High
BB_0067,O_neg,platelet_concentrate,1,234.0,,167.0,126.0,12.57,5,16.930706830055033,16.930706830055033,pooled_blood_group_product,167.0,0.2835820895522388,27.9,261.9,94.9,94.9,0.0,Low,Low
BB_0067,O_neg,whole_blood,1,237.0,,189.0,142.0,9.52,42,15.177301566829424,15.177301566829424,pooled_blood_group_product,189.0,0.2835820895522388,25.0,262.0,73.0,73.0,0.0,Low,Low
BB_0067,O_pos,cryoprecipitate,3,243.33333333333334,16.921386861996076,202.0,128.33333333333334,21.603333333333335,365,15.956259435791292,15.956259435791292,pooled_blood_group_product,202.0,0.2835820895522388,26.3,269.6,67.6,67.6,0.0,Low,Moderate
BB_0067,O_pos,fresh_frozen_plasma,3,256.3333333333333,17.9536440126603,193.0,125.66666666666667,21.430000000000003,365,16.129072159319048,16.129072159319048,pooled_blood_group_product,193.0,0.2835820895522388,26.6,282.9,89.9,89.9,0.0,Low,Moderate
BB_0067,O_pos,group_O_neg_emergency,5,251.6,6.465291950097847,192.8,144.0,14.2,42,15.59947653940603,6.465291950097847,own_history,192.8,0.2835820895522388,10.7,262.3,69.5,69.5,0.0,Low,Moderate
BB_0067,O_pos,packed_RBC,4,252.5,18.556220879622376,187.5,138.75,17.8475,42,16.220879283084294,16.220879283084294,pooled_blood_group_product,187.5,0.2835820895522388,26.8,279.3,91.8,91.8,0.0,Low,Moderate
BB_0067,O_pos,platelet_concentrate,1,211.0,,188.0,120.0,11.17,5,15.814220480272407,15.814220480272407,pooled_blood_group_product,188.0,0.2835820895522388,26.1,237.1,49.1,49.1,0.0,Low,Low
BB_0067,O_pos,whole_blood,10,249.1,20.647571823878522,207.6,144.4,16.009,42,15.320728507460478,20.647571823878522,own_history,207.6,0.2835820895522388,34.1,283.2,75.6,75.6,0.0,Low,Moderate
BB_0068,AB_neg,fresh_frozen_plasma,1,235.0,,202.0,121.0,19.8,365,18.018509002319437,18.018509002319437,pooled_blood_group_product,202.0,0.265625,29.7,264.7,62.7,62.7,0.0,Low,Moderate
BB_0068,AB_neg,group_O_neg_emergency,1,241.0,,184.0,158.0,0.54,42,14.768157012249755,14.768157012249755,pooled_blood_group_product,184.0,0.265625,24.4,265.4,81.4,81.4,0.0,Low,Low
BB_0068,A_pos,cryoprecipitate,1,244.0,,202.0,172.0,20.79,365,15.986014398875405,15.986014398875405,pooled_blood_group_product,202.0,0.265625,26.4,270.4,68.4,68.4,0.0,Low,Moderate
BB_0068,A_pos,group_O_neg_emergency,1,235.0,,210.0,143.0,10.48,42,16.934146373239873,16.934146373239873,pooled_blood_group_product,210.0,0.265625,27.9,262.9,52.9,52.9,0.0,Low,Low
BB_0068,A_pos,packed_RBC,1,264.0,,205.0,158.0,38.54,42,15.974157533973031,15.974157533973031,pooled_blood_group_product,205.0,0.265625,26.4,290.4,85.4,85.4,0.0,Low,High
BB_0068,A_pos,platelet_concentrate,1,230.0,,215.0,105.0,18.14,5,15.570295650182972,15.570295650182972,pooled_blood_group_product,215.0,0.265625,25.7,255.7,40.7,40.7,0.0,Low,Moderate
BB_0068,A_pos,whole_blood,5,247.4,16.133815419794537,191.4,141.2,23.214,42,16.26859652330014,16.133815419794537,own_history,191.4,0.265625,26.6,274.0,82.6,82.6,0.0,Low,High
BB_0068,B_neg,fresh_frozen_plasma,1,246.0,,201.0,127.0,18.91,365,18.483089984756752,18.483089984756752,pooled_blood_group_product,201.0,0.265625,30.5,276.5,75.5,75.5,0.0,Low,Moderate
BB_0068,B_pos,cryoprecipitate,2,253.0,2.8284271247461903,207.5,147.0,24.125,365,15.142364873820988,15.142364873820988,pooled_blood_group_product,207.5,0.265625,25.0,278.0,70.5,70.5,0.0,Low,Moderate
BB_0068,B_pos,fresh_frozen_plasma,3,244.33333333333334,13.012814197295423,213.0,124.0,21.856666666666666,365,15.753623140581702,15.753623140581702,pooled_blood_group_product,213.0,0.265625,26.0,270.3,57.3,57.3,0.0,Low,Moderate
BB_0068,B_pos,group_O_neg_emergency,1,265.0,,198.0,127.0,21.72,42,15.327786820822924,15.327786820822924,pooled_blood_group_product,198.0,0.265625,25.3,290.3,92.3,92.3,0.0,Low,High
BB_0068,B_pos,packed_RBC,4,262.75,3.7749172176353816,207.0,158.5,27.6375,42,15.425681398117081,15.425681398117081,pooled_blood_group_product,207.0,0.265625,25.5,288.2,81.2,81.2,0.0,Low,High
BB_0068,B_pos,platelet_concentrate,3,241.33333333333334,15.044378795195682,199.66666666666666,122.0,14.066666666666668,5,15.918915219368015,15.918915219368015,pooled_blood_group_product,199.66666666666666,0.265625,26.3,267.6,67.9,67.9,0.0,Low,Moderate
BB_0068,B_pos,whole_blood,3,250.0,10.535653752852738,204.33333333333334,127.33333333333333,14.476666666666667,42,15.616055501636811,15.616055501636811,pooled_blood_group_product,204.33333333333334,0.265625,25.8,275.8,71.5,71.5,0.0,Low,Moderate
BB_0068,O_neg,cryoprecipitate,1,243.0,,203.0,130.0,22.66,365,16.832005704612282,16.832005704612282,pooled_blood_group_product,203.0,0.265625,27.8,270.8,67.8,67.8,0.0,Low,Moderate
BB_0068,O_neg,group_O_neg_emergency,1,259.0,,219.0,152.0,15.53,42,15.737583585569908,15.737583585569908,pooled_blood_group_product,219.0,0.265625,26.0,285.0,66.0,66.0,0.0,Low,Moderate
BB_0068,O_neg,platelet_concentrate,1,248.0,,185.0,165.0,15.68,5,16.930706830055033,16.930706830055033,pooled_blood_group_product,185.0,0.265625,27.9,275.9,90.9,90.9,0.0,Low,Moderate
BB_0068,O_neg,whole_blood,1,271.0,,205.0,175.0,9.76,42,15.177301566829424,15.177301566829424,pooled_blood_group_product,205.0,0.265625,25.0,296.0,91.0,91.0,0.0,Low,Low
BB_0068,O_pos,cryoprecipitate,7,265.2857142857143,9.551863443229035,202.14285714285714,146.28571428571428,20.851428571428574,365,15.956259435791292,9.551863443229035,own_history,202.14285714285714,0.265625,15.8,281.1,79.0,79.0,0.0,Low,Moderate
BB_0068,O_pos,fresh_frozen_plasma,5,248.0,10.488088481701515,204.0,141.0,16.169999999999998,365,16.129072159319048,10.488088481701515,own_history,204.0,0.265625,17.3,265.3,61.3,61.3,0.0,Low,Moderate
BB_0068,O_pos,group_O_neg_emergency,6,263.6666666666667,14.403703227526835,196.0,155.5,18.455000000000002,42,15.59947653940603,14.403703227526835,own_history,196.0,0.265625,23.8,287.5,91.5,91.5,0.0,Low,Moderate
BB_0068,O_pos,packed_RBC,6,243.66666666666666,10.53881713792713,204.33333333333334,147.66666666666666,16.55333333333333,42,16.220879283084294,10.53881713792713,own_history,204.33333333333334,0.265625,17.4,261.1,56.8,56.8,0.0,Low,Moderate
BB_0068,O_pos,platelet_concentrate,2,257.5,4.949747468305833,191.5,162.0,20.575000000000003,5,15.814220480272407,15.814220480272407,pooled_blood_group_product,191.5,0.265625,26.1,283.6,92.1,92.1,0.0,Low,High
BB_0068,O_pos,whole_blood,6,250.16666666666666,14.41411345406531,190.83333333333334,133.66666666666666,18.716666666666665,42,15.320728507460478,14.41411345406531,own_history,190.83333333333334,0.265625,23.8,274.0,83.2,83.2,0.0,Low,Moderate
BB_0069,A_neg,fresh_frozen_plasma,1,256.0,,169.0,118.0,5.92,365,15.630530767171415,15.630530767171415,pooled_blood_group_product,169.0,0.14893617021276595,25.8,281.8,112.8,112.8,0.0,Low,Low
BB_0069,A_neg,group_O_neg_emergency,1,257.0,,191.0,189.0,17.28,42,15.275919791953486,15.275919791953486,pooled_blood_group_product,191.0,0.14893617021276595,25.2,282.2,91.2,91.2,0.0,Low,Moderate
BB_0069,A_pos,fresh_frozen_plasma,5,248.8,5.540758070878032,201.4,149.6,15.862,365,15.175972252331889,5.540758070878032,own_history,201.4,0.14893617021276595,9.1,257.9,56.5,56.5,0.0,Low,Moderate
BB_0069,A_pos,group_O_neg_emergency,2,258.5,0.7071067811865476,230.0,158.0,11.344999999999999,42,16.934146373239873,16.934146373239873,pooled_blood_group_product,230.0,0.14893617021276595,27.9,286.4,56.4,56.4,0.0,Low,Low
BB_0069,A_pos,packed_RBC,1,259.0,,207.0,142.0,19.81,42,15.974157533973031,15.974157533973031,pooled_blood_group_product,207.0,0.14893617021276595,26.4,285.4,78.4,78.4,0.0,Low,High
BB_0069,A_pos,platelet_concentrate,2,262.0,15.556349186104045,207.0,170.0,19.185,5,15.570295650182972,15.570295650182972,pooled_blood_group_product,207.0,0.14893617021276595,25.7,287.7,80.7,80.7,0.0,Low,High
BB_0069,B_neg,fresh_frozen_plasma,1,257.0,,203.0,147.0,23.15,365,18.483089984756752,18.483089984756752,pooled_blood_group_product,203.0,0.14893617021276595,30.5,287.5,84.5,84.5,0.0,Low,Moderate
BB_0069,B_pos,cryoprecipitate,2,233.0,1.4142135623730951,195.0,148.0,18.19,365,15.142364873820988,15.142364873820988,pooled_blood_group_product,195.0,0.14893617021276595,25.0,258.0,63.0,63.0,0.0,Low,Moderate
BB_0069,B_pos,group_O_neg_emergency,2,257.0,1.4142135623730951,202.5,125.5,10.06,42,15.327786820822924,15.327786820822924,pooled_blood_group_product,202.5,0.14893617021276595,25.3,282.3,79.8,79.8,0.0,Low,Low
BB_0069,B_pos,packed_RBC,2,251.0,1.4142135623730951,204.5,157.5,12.955,42,15.425681398117081,15.425681398117081,pooled_blood_group_product,204.5,0.14893617021276595,25.5,276.5,72.0,72.0,0.0,Low,Low
BB_0069,B_pos,platelet_concentrate,1,272.0,,208.0,172.0,15.87,5,15.918915219368015,15.918915219368015,pooled_blood_group_product,208.0,0.14893617021276595,26.3,298.3,90.3,90.3,0.0,Low,Moderate
BB_0069,B_pos,whole_blood,2,234.0,5.656854249492381,186.0,134.5,10.765,42,15.616055501636811,15.616055501636811,pooled_blood_group_product,186.0,0.14893617021276595,25.8,259.8,73.8,73.8,0.0,Low,Low
BB_0069,O_neg,group_O_neg_emergency,2,258.5,19.091883092036785,201.5,154.0,17.1,42,15.737583585569908,15.737583585569908,pooled_blood_group_product,201.5,0.14893617021276595,26.0,284.5,83.0,83.0,0.0,Low,Moderate
BB_0069,O_pos,cryoprecipitate,3,245.33333333333334,16.258331197676267,200.33333333333334,161.0,15.103333333333333,365,15.956259435791292,15.956259435791292,pooled_blood_group_product,200.33333333333334,0.14893617021276595,26.3,271.6,71.3,71.3,0.0,Low,Moderate
BB_0069,O_pos,fresh_frozen_plasma,6,249.66666666666666,16.741166825125028,200.83333333333334,142.5,14.926666666666668,365,16.129072159319048,16.741166825125028,own_history,200.83333333333334,0.14893617021276595,27.6,277.3,76.5,76.5,0.0,Low,Moderate
BB_0069,O_pos,group_O_neg_emergency,3,237.0,10.535653752852738,203.0,137.66666666666666,16.28,42,15.59947653940603,15.59947653940603,pooled_blood_group_product,203.0,0.14893617021276595,25.7,262.7,59.7,59.7,0.0,Low,Moderate
BB_0069,O_pos,packed_RBC,2,259.5,3.5355339059327378,176.0,117.5,17.61,42,16.220879283084294,16.220879283084294,pooled_blood_group_product,176.0,0.14893617021276595,26.8,286.3,110.3,110.3,0.0,Low,Moderate
BB_0069,O_pos,platelet_concentrate,4,243.25,4.924428900898052,196.25,136.0,13.465,5,15.814220480272407,15.814220480272407,pooled_blood_group_product,196.25,0.14893617021276595,26.1,269.4,73.1,73.1,0.0,Low,Low
BB_0069,O_pos,whole_blood,5,255.2,14.822280526288793,200.0,142.0,11.952,42,15.320728507460478,14.822280526288793,own_history,200.0,0.14893617021276595,24.5,279.7,79.7,79.7,0.0,Low,Low
BB_0070,AB_neg,packed_RBC,1,245.0,,218.0,140.0,7.34,42,13.932332543759145,13.932332543759145,pooled_blood_group_product,218.0,0.22413793103448276,23.0,268.0,50.0,50.0,0.0,Low,Low
BB_0070,AB_pos,fresh_frozen_plasma,1,272.0,,179.0,126.0,18.44,365,15.529870914464443,15.529870914464443,pooled_blood_group_product,179.0,0.22413793103448276,25.6,297.6,118.6,118.6,0.0,Low,Moderate
BB_0070,AB_pos,group_O_neg_emergency,2,251.5,7.7781745930520225,191.0,139.5,18.44,42,16.01343479009551,16.01343479009551,pooled_blood_group_product,191.0,0.22413793103448276,26.4,277.9,86.9,86.9,0.0,Low,Moderate
BB_0070,AB_pos,platelet_concentrate,1,219.0,,171.0,138.0,8.77,5,14.27616380960629,14.27616380960629,pooled_blood_group_product,171.0,0.22413793103448276,23.6,242.6,71.6,71.6,0.0,Low,Low
BB_0070,A_neg,packed_RBC,1,265.0,,220.0,161.0,13.64,42,14.982321915176227,14.982321915176227,pooled_blood_group_product,220.0,0.22413793103448276,24.7,289.7,69.7,69.7,0.0,Low,Low
BB_0070,A_neg,whole_blood,1,243.0,,177.0,95.0,2.82,42,16.829684030913054,16.829684030913054,pooled_blood_group_product,177.0,0.22413793103448276,27.8,270.8,93.8,93.8,0.0,Low,Low
BB_0070,A_pos,cryoprecipitate,1,260.0,,174.0,144.0,14.94,365,15.986014398875405,15.986014398875405,pooled_blood_group_product,174.0,0.22413793103448276,26.4,286.4,112.4,112.4,0.0,Low,Moderate
BB_0070,A_pos,fresh_frozen_plasma,1,274.0,,204.0,103.0,14.22,365,15.175972252331889,15.175972252331889,pooled_blood_group_product,204.0,0.22413793103448276,25.0,299.0,95.0,95.0,0.0,Low,Moderate
BB_0070,A_pos,group_O_neg_emergency,3,245.33333333333334,9.71253485622231,184.0,136.0,18.233333333333334,42,16.934146373239873,16.934146373239873,pooled_blood_group_product,184.0,0.22413793103448276,27.9,273.2,89.2,89.2,0.0,Low,Moderate
BB_0070,A_pos,packed_RBC,4,245.0,10.67707825203131,203.5,142.5,12.9725,42,15.974157533973031,15.974157533973031,pooled_blood_group_product,203.5,0.22413793103448276,26.4,271.4,67.9,67.9,0.0,Low,Low
BB_0070,A_pos,platelet_concentrate,2,247.5,12.020815280171307,218.5,124.5,18.76,5,15.570295650182972,15.570295650182972,pooled_blood_group_product,218.5,0.22413793103448276,25.7,273.2,54.7,54.7,0.0,Low,Moderate
BB_0070,B_neg,fresh_frozen_plasma,1,245.0,,182.0,143.0,22.53,365,18.483089984756752,18.483089984756752,pooled_blood_group_product,182.0,0.22413793103448276,30.5,275.5,93.5,93.5,0.0,Low,Moderate
BB_0070,B_pos,cryoprecipitate,3,242.33333333333334,15.502687938977983,201.66666666666666,153.33333333333334,15.409999999999998,365,15.142364873820988,15.142364873820988,pooled_blood_group_product,201.66666666666666,0.22413793103448276,25.0,267.3,65.6,65.6,0.0,Low,Moderate
BB_0070,B_pos,fresh_frozen_plasma,2,230.5,2.1213203435596424,212.0,151.0,13.795000000000002,365,15.753623140581702,15.753623140581702,pooled_blood_group_product,212.0,0.22413793103448276,26.0,256.5,44.5,44.5,0.0,Low,Low
BB_0070,B_pos,group_O_neg_emergency,1,244.0,,190.0,190.0,25.26,42,15.327786820822924,15.327786820822924,pooled_blood_group_product,190.0,0.22413793103448276,25.3,269.3,79.3,79.3,0.0,Low,High
BB_0070,B_pos,packed_RBC,1,253.0,,212.0,133.0,11.32,42,15.425681398117081,15.425681398117081,pooled_blood_group_product,212.0,0.22413793103448276,25.5,278.5,66.5,66.5,0.0,Low,Low
BB_0070,B_pos,platelet_concentrate,1,233.0,,214.0,131.0,19.16,5,15.918915219368015,15.918915219368015,pooled_blood_group_product,214.0,0.22413793103448276,26.3,259.3,45.3,45.3,0.0,Low,High
BB_0070,B_pos,whole_blood,1,229.0,,182.0,182.0,6.04,42,15.616055501636811,15.616055501636811,pooled_blood_group_product,182.0,0.22413793103448276,25.8,254.8,72.8,72.8,0.0,Low,Low
BB_0070,O_neg,group_O_neg_emergency,1,243.0,,214.0,116.0,19.16,42,15.737583585569908,15.737583585569908,pooled_blood_group_product,214.0,0.22413793103448276,26.0,269.0,55.0,55.0,0.0,Low,High
BB_0070,O_neg,platelet_concentrate,1,254.0,,233.0,157.0,12.02,5,16.930706830055033,16.930706830055033,pooled_blood_group_product,233.0,0.22413793103448276,27.9,281.9,48.9,48.9,0.0,Low,Low
BB_0070,O_pos,cryoprecipitate,5,262.4,22.029525641738186,190.8,136.4,19.310000000000002,365,15.956259435791292,22.029525641738186,own_history,190.8,0.22413793103448276,36.3,298.7,107.9,107.9,0.0,Low,Moderate
BB_0070,O_pos,fresh_frozen_plasma,8,247.625,14.212042177574022,196.875,139.5,17.35,365,16.129072159319048,14.212042177574022,own_history,196.875,0.22413793103448276,23.4,271.0,74.1,74.1,0.0,Low,Moderate
BB_0070,O_pos,group_O_neg_emergency,5,251.4,21.384573879317777,197.8,155.6,20.342000000000002,42,15.59947653940603,21.384573879317777,own_history,197.8,0.22413793103448276,35.3,286.7,88.9,88.9,0.0,Low,High
BB_0070,O_pos,packed_RBC,4,243.0,15.427248620541514,198.5,135.5,15.695,42,16.220879283084294,16.220879283084294,pooled_blood_group_product,198.5,0.22413793103448276,26.8,269.8,71.3,71.3,0.0,Low,Moderate
BB_0070,O_pos,platelet_concentrate,1,239.0,,185.0,154.0,7.03,5,15.814220480272407,15.814220480272407,pooled_blood_group_product,185.0,0.22413793103448276,26.1,265.1,80.1,80.1,0.0,Low,Low
BB_0070,O_pos,whole_blood,5,246.8,8.64291617453276,198.2,141.6,17.322,42,15.320728507460478,8.64291617453276,own_history,198.2,0.22413793103448276,14.3,261.1,62.9,62.9,0.0,Low,Moderate
BB_0071,AB_pos,cryoprecipitate,1,272.0,,200.0,114.0,23.0,365,16.64565006228281,16.64565006228281,pooled_blood_group_product,200.0,0.15517241379310345,27.5,299.5,99.5,99.5,0.0,Low,Moderate
BB_0071,A_pos,cryoprecipitate,2,249.5,13.435028842544403,198.0,157.0,14.795,365,15.986014398875405,15.986014398875405,pooled_blood_group_product,198.0,0.15517241379310345,26.4,275.9,77.9,77.9,0.0,Low,Moderate
BB_0071,A_pos,fresh_frozen_plasma,2,235.0,19.79898987322333,208.0,139.5,14.04,365,15.175972252331889,15.175972252331889,pooled_blood_group_product,208.0,0.15517241379310345,25.0,260.0,52.0,52.0,0.0,Low,Moderate
BB_0071,A_pos,group_O_neg_emergency,6,252.16666666666666,13.452385166455304,201.33333333333334,152.0,19.67833333333333,42,16.934146373239873,13.452385166455304,own_history,201.33333333333334,0.15517241379310345,22.2,274.4,73.1,73.1,0.0,Low,High
BB_0071,A_pos,packed_RBC,3,249.66666666666666,12.342339054382414,201.66666666666666,129.33333333333334,17.19,42,15.974157533973031,15.974157533973031,pooled_blood_group_product,201.66666666666666,0.15517241379310345,26.4,276.1,74.4,74.4,0.0,Low,Moderate
BB_0071,A_pos,platelet_concentrate,2,239.5,6.363961030678928,201.0,116.0,10.325,5,15.570295650182972,15.570295650182972,pooled_blood_group_product,201.0,0.15517241379310345,25.7,265.2,64.2,64.2,0.0,Low,Low
BB_0071,B_pos,cryoprecipitate,1,239.0,,203.0,140.0,10.84,365,15.142364873820988,15.142364873820988,pooled_blood_group_product,203.0,0.15517241379310345,25.0,264.0,61.0,61.0,0.0,Low,Low
BB_0071,B_pos,fresh_frozen_plasma,3,253.66666666666666,9.073771725877464,202.33333333333334,122.0,18.13,365,15.753623140581702,15.753623140581702,pooled_blood_group_product,202.33333333333334,0.15517241379310345,26.0,279.7,77.4,77.4,0.0,Low,Moderate
BB_0071,B_pos,group_O_neg_emergency,2,271.5,28.991378028648448,193.5,145.5,12.115,42,15.327786820822924,15.327786820822924,pooled_blood_group_product,193.5,0.15517241379310345,25.3,296.8,103.3,103.3,0.0,Low,Low
BB_0071,B_pos,packed_RBC,1,239.0,,209.0,166.0,14.83,42,15.425681398117081,15.425681398117081,pooled_blood_group_product,209.0,0.15517241379310345,25.5,264.5,55.5,55.5,0.0,Low,Moderate
BB_0071,B_pos,platelet_concentrate,3,236.0,23.0,199.0,138.33333333333334,13.12,5,15.918915219368015,15.918915219368015,pooled_blood_group_product,199.0,0.15517241379310345,26.3,262.3,63.3,63.3,0.0,Low,Low
BB_0071,B_pos,whole_blood,1,225.0,,195.0,151.0,12.31,42,15.616055501636811,15.616055501636811,pooled_blood_group_product,195.0,0.15517241379310345,25.8,250.8,55.8,55.8,0.0,Low,Low
BB_0071,O_neg,group_O_neg_emergency,1,246.0,,206.0,137.0,14.08,42,15.737583585569908,15.737583585569908,pooled_blood_group_product,206.0,0.15517241379310345,26.0,272.0,66.0,66.0,0.0,Low,Moderate
BB_0071,O_pos,cryoprecipitate,8,243.375,8.416607731995459,190.625,144.375,18.24875,365,15.956259435791292,8.416607731995459,own_history,190.625,0.15517241379310345,13.9,257.3,66.7,66.7,0.0,Low,Moderate
BB_0071,O_pos,fresh_frozen_plasma,4,256.75,19.60229578391266,200.0,134.75,18.1075,365,16.129072159319048,16.129072159319048,pooled_blood_group_product,200.0,0.15517241379310345,26.6,283.4,83.4,83.4,0.0,Low,Moderate
BB_0071,O_pos,group_O_neg_emergency,8,252.125,12.229209763045665,210.75,156.875,13.655,42,15.59947653940603,12.229209763045665,own_history,210.75,0.15517241379310345,20.2,272.3,61.6,61.6,0.0,Low,Low
BB_0071,O_pos,packed_RBC,3,259.0,17.0,202.33333333333334,122.66666666666667,13.233333333333334,42,16.220879283084294,16.220879283084294,pooled_blood_group_product,202.33333333333334,0.15517241379310345,26.8,285.8,83.5,83.5,0.0,Low,Low
BB_0071,O_pos,platelet_concentrate,3,245.0,5.5677643628300215,212.66666666666666,144.66666666666666,14.050000000000002,5,15.814220480272407,15.814220480272407,pooled_blood_group_product,212.66666666666666,0.15517241379310345,26.1,271.1,58.4,58.4,0.0,Low,Moderate
BB_0071,O_pos,whole_blood,4,238.0,5.887840577551897,191.75,123.5,19.7325,42,15.320728507460478,15.320728507460478,pooled_blood_group_product,191.75,0.15517241379310345,25.3,263.3,71.6,71.6,0.0,Low,High
BB_0072,AB_neg,whole_blood,2,255.5,17.67766952966369,195.0,153.5,15.355,42,17.64053303608203,17.64053303608203,pooled_blood_group_product,195.0,0.2839506172839506,29.1,284.6,89.6,89.6,0.0,Low,Moderate
BB_0072,AB_pos,group_O_neg_emergency,1,259.0,,220.0,146.0,24.55,42,16.01343479009551,16.01343479009551,pooled_blood_group_product,220.0,0.2839506172839506,26.4,285.4,65.4,65.4,0.0,Low,High
BB_0072,AB_pos,platelet_concentrate,1,254.0,,201.0,154.0,17.91,5,14.27616380960629,14.27616380960629,pooled_blood_group_product,201.0,0.2839506172839506,23.6,277.6,76.6,76.6,0.0,Low,Moderate
BB_0072,AB_pos,whole_blood,3,255.66666666666666,7.234178138070239,193.33333333333334,145.0,11.393333333333333,42,13.606168437472475,13.606168437472475,pooled_blood_group_product,193.33333333333334,0.2839506172839506,22.5,278.2,84.9,84.9,0.0,Low,Low
BB_0072,A_neg,group_O_neg_emergency,1,256.0,,187.0,134.0,11.23,42,15.275919791953486,15.275919791953486,pooled_blood_group_product,187.0,0.2839506172839506,25.2,281.2,94.2,94.2,0.0,Low,Low
BB_0072,A_neg,whole_blood,2,241.5,67.17514421272202,204.5,118.5,17.65,42,16.829684030913054,16.829684030913054,pooled_blood_group_product,204.5,0.2839506172839506,27.8,269.3,64.8,64.8,0.0,Low,Moderate
BB_0072,A_pos,cryoprecipitate,5,248.8,13.423859355639864,196.8,139.0,18.406,365,15.986014398875405,13.423859355639864,own_history,196.8,0.2839506172839506,22.1,270.9,74.1,74.1,0.0,Low,Moderate
BB_0072,A_pos,fresh_frozen_plasma,2,255.5,12.020815280171307,199.5,153.5,18.05,365,15.175972252331889,15.175972252331889,pooled_blood_group_product,199.5,0.2839506172839506,25.0,280.5,81.0,81.0,0.0,Low,Moderate
BB_0072,A_pos,group_O_neg_emergency,3,255.0,6.557438524302,188.33333333333334,131.66666666666666,15.543333333333335,42,16.934146373239873,16.934146373239873,pooled_blood_group_product,188.33333333333334,0.2839506172839506,27.9,282.9,94.6,94.6,0.0,Low,Moderate
BB_0072,A_pos,packed_RBC,1,242.0,,193.0,140.0,5.18,42,15.974157533973031,15.974157533973031,pooled_blood_group_product,193.0,0.2839506172839506,26.4,268.4,75.4,75.4,0.0,Low,Low
BB_0072,A_pos,platelet_concentrate,5,252.4,9.289779329994875,206.4,153.6,15.668000000000001,5,15.570295650182972,9.289779329994875,own_history,206.4,0.2839506172839506,15.3,267.7,61.3,61.3,0.0,Low,Moderate
BB_0072,A_pos,whole_blood,4,249.25,13.59840676942217,199.25,140.0,16.08,42,16.26859652330014,16.26859652330014,pooled_blood_group_product,199.25,0.2839506172839506,26.8,276.0,76.8,76.8,0.0,Low,Moderate
BB_0072,B_neg,cryoprecipitate,1,246.0,,187.0,142.0,17.11,365,14.855008056807502,14.855008056807502,pooled_blood_group_product,187.0,0.2839506172839506,24.5,270.5,83.5,83.5,0.0,Low,Moderate
BB_0072,B_neg,platelet_concentrate,1,246.0,,187.0,127.0,16.58,5,15.063664178898293,15.063664178898293,pooled_blood_group_product,187.0,0.2839506172839506,24.9,270.9,83.9,83.9,0.0,Low,Moderate
BB_0072,B_pos,cryoprecipitate,1,230.0,,220.0,132.0,17.73,365,15.142364873820988,15.142364873820988,pooled_blood_group_product,220.0,0.2839506172839506,25.0,255.0,35.0,35.0,0.0,Low,Moderate
BB_0072,B_pos,group_O_neg_emergency,4,246.75,13.889444433333777,194.0,128.5,18.8,42,15.327786820822924,15.327786820822924,pooled_blood_group_product,194.0,0.2839506172839506,25.3,272.0,78.0,78.0,0.0,Low,Moderate
BB_0072,B_pos,platelet_concentrate,5,264.0,16.30950643030009,191.4,139.4,15.014,5,15.918915219368015,16.30950643030009,own_history,191.4,0.2839506172839506,26.9,290.9,99.5,99.5,0.0,Low,Moderate
BB_0072,B_pos,whole_blood,1,254.0,,223.0,181.0,25.56,42,15.616055501636811,15.616055501636811,pooled_blood_group_product,223.0,0.2839506172839506,25.8,279.8,56.8,56.8,0.0,Low,High
BB_0072,O_neg,cryoprecipitate,2,252.0,1.4142135623730951,199.5,123.5,18.0,365,16.832005704612282,16.832005704612282,pooled_blood_group_product,199.5,0.2839506172839506,27.8,279.8,80.3,80.3,0.0,Low,Moderate
BB_0072,O_neg,fresh_frozen_plasma,1,257.0,,215.0,163.0,14.88,365,14.714175377770642,14.714175377770642,pooled_blood_group_product,215.0,0.2839506172839506,24.3,281.3,66.3,66.3,0.0,Low,Moderate
BB_0072,O_neg,whole_blood,1,261.0,,186.0,135.0,15.05,42,15.177301566829424,15.177301566829424,pooled_blood_group_product,186.0,0.2839506172839506,25.0,286.0,100.0,100.0,0.0,Low,Moderate
BB_0072,O_pos,cryoprecipitate,4,252.0,12.436505404118419,209.25,147.5,19.035,365,15.956259435791292,15.956259435791292,pooled_blood_group_product,209.25,0.2839506172839506,26.3,278.3,69.1,69.1,0.0,Low,Moderate
BB_0072,O_pos,fresh_frozen_plasma,7,237.14285714285714,11.753418955472364,205.42857142857142,143.85714285714286,21.33142857142857,365,16.129072159319048,11.753418955472364,own_history,205.42857142857142,0.2839506172839506,19.4,256.5,51.1,51.1,0.0,Low,Moderate
BB_0072,O_pos,group_O_neg_emergency,4,257.75,27.475746880961523,197.75,135.5,18.5825,42,15.59947653940603,15.59947653940603,pooled_blood_group_product,197.75,0.2839506172839506,25.7,283.4,85.6,85.6,0.0,Low,Moderate
BB_0072,O_pos,packed_RBC,10,251.0,19.072959334559958,199.3,143.9,17.362000000000002,42,16.220879283084294,19.072959334559958,own_history,199.3,0.2839506172839506,31.5,282.5,83.2,83.2,0.0,Low,Moderate
BB_0072,O_pos,platelet_concentrate,6,251.83333333333334,14.607075910895608,204.0,156.83333333333334,20.92833333333333,5,15.814220480272407,14.607075910895608,own_history,204.0,0.2839506172839506,24.1,275.9,71.9,71.9,0.0,Low,High
BB_0072,O_pos,whole_blood,3,262.6666666666667,14.011899704655798,184.0,130.66666666666666,15.223333333333334,42,15.320728507460478,15.320728507460478,pooled_blood_group_product,184.0,0.2839506172839506,25.3,288.0,104.0,104.0,0.0,Low,Moderate
BB_0073,AB_neg,fresh_frozen_plasma,1,258.0,,185.0,94.0,12.43,365,18.018509002319437,18.018509002319437,pooled_blood_group_product,185.0,0.208955223880597,29.7,287.7,102.7,102.7,0.0,Low,Low
BB_0073,AB_neg,whole_blood,1,266.0,,208.0,204.0,23.08,42,17.64053303608203,17.64053303608203,pooled_blood_group_product,208.0,0.208955223880597,29.1,295.1,87.1,87.1,0.0,Low,High
BB_0073,AB_pos,cryoprecipitate,1,246.0,,201.0,168.0,13.93,365,16.64565006228281,16.64565006228281,pooled_blood_group_product,201.0,0.208955223880597,27.5,273.5,72.5,72.5,0.0,Low,Low
BB_0073,AB_pos,fresh_frozen_plasma,1,262.0,,219.0,173.0,24.2,365,15.529870914464443,15.529870914464443,pooled_blood_group_product,219.0,0.208955223880597,25.6,287.6,68.6,68.6,0.0,Low,Moderate
BB_0073,A_neg,cryoprecipitate,1,256.0,,205.0,120.0,21.46,365,14.243844171226868,14.243844171226868,pooled_blood_group_product,205.0,0.208955223880597,23.5,279.5,74.5,74.5,0.0,Low,Moderate
BB_0073,A_neg,platelet_concentrate,1,229.0,,217.0,139.0,29.49,5,15.26163614252437,15.26163614252437,pooled_blood_group_product,217.0,0.208955223880597,25.2,254.2,37.2,37.2,0.0,Low,High
BB_0073,A_neg,whole_blood,1,262.0,,180.0,134.0,20.0,42,16.829684030913054,16.829684030913054,pooled_blood_group_product,180.0,0.208955223880597,27.8,289.8,109.8,109.8,0.0,Low,High
BB_0073,A_pos,cryoprecipitate,1,251.0,,206.0,123.0,13.11,365,15.986014398875405,15.986014398875405,pooled_blood_group_product,206.0,0.208955223880597,26.4,277.4,71.4,71.4,0.0,Low,Low
BB_0073,A_pos,fresh_frozen_plasma,3,252.0,7.0,195.66666666666666,149.0,14.07,365,15.175972252331889,15.175972252331889,pooled_blood_group_product,195.66666666666666,0.208955223880597,25.0,277.0,81.3,81.3,0.0,Low,Moderate
BB_0073,A_pos,group_O_neg_emergency,1,217.0,,217.0,114.0,22.12,42,16.934146373239873,16.934146373239873,pooled_blood_group_product,217.0,0.208955223880597,27.9,244.9,27.9,27.9,0.0,Low,High
BB_0073,A_pos,packed_RBC,3,248.33333333333334,5.507570547286099,189.66666666666666,140.0,11.916666666666666,42,15.974157533973031,15.974157533973031,pooled_blood_group_product,189.66666666666666,0.208955223880597,26.4,274.7,85.0,85.0,0.0,Low,Low
BB_0073,A_pos,platelet_concentrate,1,248.0,,231.0,149.0,13.42,5,15.570295650182972,15.570295650182972,pooled_blood_group_product,231.0,0.208955223880597,25.7,273.7,42.7,42.7,0.0,Low,Low
BB_0073,A_pos,whole_blood,1,225.0,,201.0,129.0,9.95,42,16.26859652330014,16.26859652330014,pooled_blood_group_product,201.0,0.208955223880597,26.8,251.8,50.8,50.8,0.0,Low,Low
BB_0073,B_neg,packed_RBC,1,235.0,,204.0,134.0,17.16,42,17.510386528104863,17.510386528104863,pooled_blood_group_product,204.0,0.208955223880597,28.9,263.9,59.9,59.9,0.0,Low,Moderate
BB_0073,B_pos,cryoprecipitate,3,256.6666666666667,18.8767935130237,197.33333333333334,153.0,14.916666666666666,365,15.142364873820988,15.142364873820988,pooled_blood_group_product,197.33333333333334,0.208955223880597,25.0,281.7,84.4,84.4,0.0,Low,Moderate
BB_0073,B_pos,fresh_frozen_plasma,2,243.5,34.64823227814083,207.0,142.5,16.6,365,15.753623140581702,15.753623140581702,pooled_blood_group_product,207.0,0.208955223880597,26.0,269.5,62.5,62.5,0.0,Low,Moderate
BB_0073,B_pos,group_O_neg_emergency,1,249.0,,200.0,134.0,23.0,42,15.327786820822924,15.327786820822924,pooled_blood_group_product,200.0,0.208955223880597,25.3,274.3,74.3,74.3,0.0,Low,High
BB_0073,B_pos,packed_RBC,1,270.0,,207.0,186.0,17.39,42,15.425681398117081,15.425681398117081,pooled_blood_group_product,207.0,0.208955223880597,25.5,295.5,88.5,88.5,0.0,Low,Moderate
BB_0073,B_pos,platelet_concentrate,1,224.0,,174.0,104.0,14.37,5,15.918915219368015,15.918915219368015,pooled_blood_group_product,174.0,0.208955223880597,26.3,250.3,76.3,76.3,0.0,Low,Moderate
BB_0073,B_pos,whole_blood,4,246.75,16.47978559731083,203.25,148.75,14.86,42,15.616055501636811,15.616055501636811,pooled_blood_group_product,203.25,0.208955223880597,25.8,272.6,69.4,69.4,0.0,Low,Moderate
BB_0073,O_neg,cryoprecipitate,2,246.0,1.4142135623730951,181.0,167.5,16.62,365,16.832005704612282,16.832005704612282,pooled_blood_group_product,181.0,0.208955223880597,27.8,273.8,92.8,92.8,0.0,Low,Moderate
BB_0073,O_neg,fresh_frozen_plasma,1,252.0,,213.0,145.0,8.45,365,14.714175377770642,14.714175377770642,pooled_blood_group_product,213.0,0.208955223880597,24.3,276.3,63.3,63.3,0.0,Low,Low
BB_0073,O_neg,platelet_concentrate,2,239.0,1.4142135623730951,204.5,121.0,14.325,5,16.930706830055033,16.930706830055033,pooled_blood_group_product,204.5,0.208955223880597,27.9,266.9,62.4,62.4,0.0,Low,Moderate
BB_0073,O_pos,cryoprecipitate,4,236.5,9.609023536933048,196.5,140.25,12.9675,365,15.956259435791292,15.956259435791292,pooled_blood_group_product,196.5,0.208955223880597,26.3,262.8,66.3,66.3,0.0,Low,Low
BB_0073,O_pos,fresh_frozen_plasma,6,240.16666666666666,17.30221565773201,200.5,145.16666666666666,17.003333333333334,365,16.129072159319048,17.30221565773201,own_history,200.5,0.208955223880597,28.5,268.7,68.2,68.2,0.0,Low,Moderate
BB_0073,O_pos,group_O_neg_emergency,8,253.625,8.814557763803505,199.25,151.5,15.92375,42,15.59947653940603,8.814557763803505,own_history,199.25,0.208955223880597,14.5,268.1,68.9,68.9,0.0,Low,Moderate
BB_0073,O_pos,packed_RBC,5,247.8,7.259476565152616,203.8,137.2,19.863999999999997,42,16.220879283084294,7.259476565152616,own_history,203.8,0.208955223880597,12.0,259.8,56.0,56.0,0.0,Low,High
BB_0073,O_pos,platelet_concentrate,5,253.0,10.77032961426901,191.4,137.4,15.074000000000002,5,15.814220480272407,10.77032961426901,own_history,191.4,0.208955223880597,17.8,270.8,79.4,79.4,0.0,Low,Moderate
BB_0073,O_pos,whole_blood,4,252.5,12.288205727444504,200.25,152.0,15.754999999999999,42,15.320728507460478,15.320728507460478,pooled_blood_group_product,200.25,0.208955223880597,25.3,277.8,77.6,77.6,0.0,Low,Moderate
BB_0074,AB_pos,cryoprecipitate,1,234.0,,209.0,133.0,24.4,365,16.64565006228281,16.64565006228281,pooled_blood_group_product,209.0,0.2535211267605634,27.5,261.5,52.5,52.5,0.0,Low,Moderate
BB_0074,AB_pos,fresh_frozen_plasma,1,269.0,,198.0,147.0,19.7,365,15.529870914464443,15.529870914464443,pooled_blood_group_product,198.0,0.2535211267605634,25.6,294.6,96.6,96.6,0.0,Low,Moderate
BB_0074,AB_pos,platelet_concentrate,2,244.5,21.920310216782973,196.0,122.0,17.294999999999998,5,14.27616380960629,14.27616380960629,pooled_blood_group_product,196.0,0.2535211267605634,23.6,268.1,72.1,72.1,0.0,Low,Moderate
BB_0074,A_neg,cryoprecipitate,1,272.0,,201.0,165.0,11.94,365,14.243844171226868,14.243844171226868,pooled_blood_group_product,201.0,0.2535211267605634,23.5,295.5,94.5,94.5,0.0,Low,Low
BB_0074,A_neg,fresh_frozen_plasma,1,271.0,,178.0,74.0,19.66,365,15.630530767171415,15.630530767171415,pooled_blood_group_product,178.0,0.2535211267605634,25.8,296.8,118.8,118.8,0.0,Low,Moderate
BB_0074,A_neg,platelet_concentrate,1,254.0,,194.0,122.0,14.95,5,15.26163614252437,15.26163614252437,pooled_blood_group_product,194.0,0.2535211267605634,25.2,279.2,85.2,85.2,0.0,Low,Moderate
BB_0074,A_pos,cryoprecipitate,6,248.5,15.706686474237651,209.0,153.66666666666666,13.74,365,15.986014398875405,15.706686474237651,own_history,209.0,0.2535211267605634,25.9,274.4,65.4,65.4,0.0,Low,Low
BB_0074,A_pos,fresh_frozen_plasma,2,229.0,18.384776310850235,205.0,121.5,17.85,365,15.175972252331889,15.175972252331889,pooled_blood_group_product,205.0,0.2535211267605634,25.0,254.0,49.0,49.0,0.0,Low,Moderate
BB_0074,A_pos,group_O_neg_emergency,3,257.6666666666667,33.50124375800597,197.66666666666666,129.66666666666666,16.683333333333334,42,16.934146373239873,16.934146373239873,pooled_blood_group_product,197.66666666666666,0.2535211267605634,27.9,285.6,87.9,87.9,0.0,Low,Moderate
BB_0074,A_pos,packed_RBC,3,258.3333333333333,23.028967265887832,200.66666666666666,145.0,15.420000000000002,42,15.974157533973031,15.974157533973031,pooled_blood_group_product,200.66666666666666,0.2535211267605634,26.4,284.7,84.0,84.0,0.0,Low,Moderate
BB_0074,A_pos,platelet_concentrate,3,249.66666666666666,18.77054430040145,193.33333333333334,153.33333333333334,9.896666666666667,5,15.570295650182972,15.570295650182972,pooled_blood_group_product,193.33333333333334,0.2535211267605634,25.7,275.4,82.1,82.1,0.0,Low,Low
BB_0074,B_pos,cryoprecipitate,1,271.0,,181.0,117.0,16.02,365,15.142364873820988,15.142364873820988,pooled_blood_group_product,181.0,0.2535211267605634,25.0,296.0,115.0,115.0,0.0,Low,Moderate
BB_0074,B_pos,fresh_frozen_plasma,3,262.0,7.937253933193772,199.66666666666666,144.66666666666666,19.523333333333333,365,15.753623140581702,15.753623140581702,pooled_blood_group_product,199.66666666666666,0.2535211267605634,26.0,288.0,88.3,88.3,0.0,Low,Moderate
BB_0074,B_pos,group_O_neg_emergency,2,257.5,3.5355339059327378,203.0,185.0,11.605,42,15.327786820822924,15.327786820822924,pooled_blood_group_product,203.0,0.2535211267605634,25.3,282.8,79.8,79.8,0.0,Low,Low
BB_0074,B_pos,packed_RBC,2,254.0,14.142135623730951,201.5,122.5,17.725,42,15.425681398117081,15.425681398117081,pooled_blood_group_product,201.5,0.2535211267605634,25.5,279.5,78.0,78.0,0.0,Low,Moderate
BB_0074,B_pos,platelet_concentrate,1,249.0,,179.0,133.0,6.7,5,15.918915219368015,15.918915219368015,pooled_blood_group_product,179.0,0.2535211267605634,26.3,275.3,96.3,96.3,0.0,Low,Low
BB_0074,B_pos,whole_blood,1,240.0,,212.0,160.0,16.04,42,15.616055501636811,15.616055501636811,pooled_blood_group_product,212.0,0.2535211267605634,25.8,265.8,53.8,53.8,0.0,Low,Moderate
BB_0074,O_neg,fresh_frozen_plasma,1,267.0,,220.0,141.0,11.36,365,14.714175377770642,14.714175377770642,pooled_blood_group_product,220.0,0.2535211267605634,24.3,291.3,71.3,71.3,0.0,Low,Low
BB_0074,O_neg,group_O_neg_emergency,1,234.0,,187.0,135.0,10.7,42,15.737583585569908,15.737583585569908,pooled_blood_group_product,187.0,0.2535211267605634,26.0,260.0,73.0,73.0,0.0,Low,Low
BB_0074,O_neg,whole_blood,1,286.0,,192.0,174.0,22.4,42,15.177301566829424,15.177301566829424,pooled_blood_group_product,192.0,0.2535211267605634,25.0,311.0,119.0,119.0,0.0,Low,High
BB_0074,O_pos,cryoprecipitate,5,250.4,11.69615321377076,194.4,141.4,12.854,365,15.956259435791292,11.69615321377076,own_history,194.4,0.2535211267605634,19.3,269.7,75.3,75.3,0.0,Low,Low
BB_0074,O_pos,fresh_frozen_plasma,8,251.125,15.459047281677575,197.75,148.25,18.4125,365,16.129072159319048,15.459047281677575,own_history,197.75,0.2535211267605634,25.5,276.6,78.9,78.9,0.0,Low,Moderate
BB_0074,O_pos,group_O_neg_emergency,7,252.0,17.24335620850341,200.85714285714286,160.14285714285714,14.627142857142857,42,15.59947653940603,17.24335620850341,own_history,200.85714285714286,0.2535211267605634,28.5,280.5,79.6,79.6,0.0,Low,Moderate
BB_0074,O_pos,packed_RBC,6,259.8333333333333,10.323113225508418,190.5,158.16666666666666,19.375,42,16.220879283084294,10.323113225508418,own_history,190.5,0.2535211267605634,17.0,276.8,86.3,86.3,0.0,Low,High
BB_0074,O_pos,platelet_concentrate,7,245.85714285714286,14.91563577177287,202.42857142857142,135.14285714285714,16.107142857142858,5,15.814220480272407,14.91563577177287,own_history,202.42857142857142,0.2535211267605634,24.6,270.5,68.1,68.1,0.0,Low,Moderate
BB_0074,O_pos,whole_blood,1,258.0,,196.0,130.0,4.08,42,15.320728507460478,15.320728507460478,pooled_blood_group_product,196.0,0.2535211267605634,25.3,283.3,87.3,87.3,0.0,Low,Low
BB_0075,AB_pos,group_O_neg_emergency,1,255.0,,183.0,121.0,20.22,42,16.01343479009551,16.01343479009551,pooled_blood_group_product,183.0,0.28125,26.4,281.4,98.4,98.4,0.0,Low,High
BB_0075,A_neg,packed_RBC,1,253.0,,210.0,149.0,16.67,42,14.982321915176227,14.982321915176227,pooled_blood_group_product,210.0,0.28125,24.7,277.7,67.7,67.7,0.0,Low,Moderate
BB_0075,A_pos,cryoprecipitate,4,253.5,15.110702608857514,208.75,139.75,15.2275,365,15.986014398875405,15.986014398875405,pooled_blood_group_product,208.75,0.28125,26.4,279.9,71.1,71.1,0.0,Low,Moderate
BB_0075,A_pos,fresh_frozen_plasma,2,259.5,2.1213203435596424,210.5,116.0,17.06,365,15.175972252331889,15.175972252331889,pooled_blood_group_product,210.5,0.28125,25.0,284.5,74.0,74.0,0.0,Low,Moderate
BB_0075,A_pos,group_O_neg_emergency,1,225.0,,197.0,127.0,27.92,42,16.934146373239873,16.934146373239873,pooled_blood_group_product,197.0,0.28125,27.9,252.9,55.9,55.9,0.0,Low,High
BB_0075,A_pos,packed_RBC,5,248.8,24.221890925359233,206.8,159.8,15.276,42,15.974157533973031,24.221890925359233,own_history,206.8,0.28125,40.0,288.8,82.0,82.0,0.0,Low,Moderate
BB_0075,A_pos,platelet_concentrate,2,257.0,24.041630560342615,188.5,151.5,8.695,5,15.570295650182972,15.570295650182972,pooled_blood_group_product,188.5,0.28125,25.7,282.7,94.2,94.2,0.0,Low,Low
BB_0075,A_pos,whole_blood,1,266.0,,202.0,129.0,13.86,42,16.26859652330014,16.26859652330014,pooled_blood_group_product,202.0,0.28125,26.8,292.8,90.8,90.8,0.0,Low,Low
BB_0075,B_pos,cryoprecipitate,4,257.25,7.804912982645397,191.25,156.25,20.175,365,15.142364873820988,15.142364873820988,pooled_blood_group_product,191.25,0.28125,25.0,282.2,90.9,90.9,0.0,Low,Moderate
BB_0075,B_pos,fresh_frozen_plasma,5,249.6,17.714400921284355,208.6,137.6,21.086000000000002,365,15.753623140581702,17.714400921284355,own_history,208.6,0.28125,29.2,278.8,70.2,70.2,0.0,Low,Moderate
BB_0075,B_pos,packed_RBC,2,252.0,2.8284271247461903,200.0,133.0,17.355,42,15.425681398117081,15.425681398117081,pooled_blood_group_product,200.0,0.28125,25.5,277.5,77.5,77.5,0.0,Low,Moderate
BB_0075,B_pos,platelet_concentrate,1,259.0,,192.0,137.0,13.02,5,15.918915219368015,15.918915219368015,pooled_blood_group_product,192.0,0.28125,26.3,285.3,93.3,93.3,0.0,Low,Low
BB_0075,B_pos,whole_blood,3,252.0,11.789826122551595,203.0,137.0,16.94333333333333,42,15.616055501636811,15.616055501636811,pooled_blood_group_product,203.0,0.28125,25.8,277.8,74.8,74.8,0.0,Low,Moderate
BB_0075,O_neg,cryoprecipitate,1,227.0,,193.0,143.0,18.65,365,16.832005704612282,16.832005704612282,pooled_blood_group_product,193.0,0.28125,27.8,254.8,61.8,61.8,0.0,Low,Moderate
BB_0075,O_neg,platelet_concentrate,1,269.0,,180.0,153.0,14.44,5,16.930706830055033,16.930706830055033,pooled_blood_group_product,180.0,0.28125,27.9,296.9,116.9,116.9,0.0,Low,Moderate
BB_0075,O_pos,cryoprecipitate,4,247.25,8.770214744615249,182.0,127.75,9.067499999999999,365,15.956259435791292,15.956259435791292,pooled_blood_group_product,182.0,0.28125,26.3,273.6,91.6,91.6,0.0,Low,Low
BB_0075,O_pos,fresh_frozen_plasma,6,246.83333333333334,9.389710680668852,193.0,131.16666666666666,15.176666666666668,365,16.129072159319048,9.389710680668852,own_history,193.0,0.28125,15.5,262.3,69.3,69.3,0.0,Low,Moderate
BB_0075,O_pos,group_O_neg_emergency,6,242.83333333333334,15.065412927187447,204.0,151.33333333333334,15.525,42,15.59947653940603,15.065412927187447,own_history,204.0,0.28125,24.9,267.7,63.7,63.7,0.0,Low,Moderate
BB_0075,O_pos,packed_RBC,5,247.8,13.442470011125188,202.4,131.0,15.284,42,16.220879283084294,13.442470011125188,own_history,202.4,0.28125,22.2,270.0,67.6,67.6,0.0,Low,Moderate
BB_0075,O_pos,platelet_concentrate,6,244.83333333333334,26.603884428155723,200.5,130.66666666666666,16.466666666666665,5,15.814220480272407,26.603884428155723,own_history,200.5,0.28125,43.9,288.7,88.2,88.2,0.0,Low,Moderate
BB_0075,O_pos,whole_blood,3,253.33333333333334,16.44181660685136,211.33333333333334,126.0,11.396666666666667,42,15.320728507460478,15.320728507460478,pooled_blood_group_product,211.33333333333334,0.28125,25.3,278.6,67.3,67.3,0.0,Low,Low
BB_0076,AB_neg,whole_blood,2,261.5,30.405591591021544,182.0,122.5,15.815000000000001,42,17.64053303608203,17.64053303608203,pooled_blood_group_product,182.0,0.21052631578947367,29.1,290.6,108.6,108.6,0.0,Low,Moderate
BB_0076,AB_pos,group_O_neg_emergency,1,255.0,,184.0,126.0,15.22,42,16.01343479009551,16.01343479009551,pooled_blood_group_product,184.0,0.21052631578947367,26.4,281.4,97.4,97.4,0.0,Low,Moderate
BB_0076,A_neg,fresh_frozen_plasma,2,252.0,31.11269837220809,215.5,134.0,14.415,365,15.630530767171415,15.630530767171415,pooled_blood_group_product,215.5,0.21052631578947367,25.8,277.8,62.3,62.3,0.0,Low,Moderate
BB_0076,A_pos,cryoprecipitate,2,244.0,7.0710678118654755,191.0,139.0,18.735,365,15.986014398875405,15.986014398875405,pooled_blood_group_product,191.0,0.21052631578947367,26.4,270.4,79.4,79.4,0.0,Low,Moderate
BB_0076,A_pos,fresh_frozen_plasma,3,249.33333333333334,2.309401076758505,194.0,158.0,13.403333333333334,365,15.175972252331889,15.175972252331889,pooled_blood_group_product,194.0,0.21052631578947367,25.0,274.3,80.3,80.3,0.0,Low,Low
BB_0076,A_pos,group_O_neg_emergency,1,260.0,,191.0,141.0,14.66,42,16.934146373239873,16.934146373239873,pooled_blood_group_product,191.0,0.21052631578947367,27.9,287.9,96.9,96.9,0.0,Low,Moderate
BB_0076,A_pos,platelet_concentrate,2,234.5,0.7071067811865476,214.5,132.0,11.89,5,15.570295650182972,15.570295650182972,pooled_blood_group_product,214.5,0.21052631578947367,25.7,260.2,45.7,45.7,0.0,Low,Low
BB_0076,A_pos,whole_blood,2,272.0,26.870057685088806,200.0,164.5,11.535,42,16.26859652330014,16.26859652330014,pooled_blood_group_product,200.0,0.21052631578947367,26.8,298.8,98.8,98.8,0.0,Low,Low
BB_0076,B_pos,cryoprecipitate,1,261.0,,212.0,157.0,20.28,365,15.142364873820988,15.142364873820988,pooled_blood_group_product,212.0,0.21052631578947367,25.0,286.0,74.0,74.0,0.0,Low,Moderate
BB_0076,B_pos,fresh_frozen_plasma,3,249.33333333333334,10.263202878893768,197.33333333333334,156.66666666666666,18.343333333333334,365,15.753623140581702,15.753623140581702,pooled_blood_group_product,197.33333333333334,0.21052631578947367,26.0,275.3,78.0,78.0,0.0,Low,Moderate
BB_0076,B_pos,group_O_neg_emergency,3,231.0,10.535653752852738,193.66666666666666,103.66666666666667,14.979999999999999,42,15.327786820822924,15.327786820822924,pooled_blood_group_product,193.66666666666666,0.21052631578947367,25.3,256.3,62.6,62.6,0.0,Low,Moderate
BB_0076,B_pos,platelet_concentrate,4,255.25,12.446552400832394,193.0,123.25,17.259999999999998,5,15.918915219368015,15.918915219368015,pooled_blood_group_product,193.0,0.21052631578947367,26.3,281.6,88.6,88.6,0.0,Low,Moderate
BB_0076,B_pos,whole_blood,2,253.0,7.0710678118654755,184.5,140.0,15.035,42,15.616055501636811,15.616055501636811,pooled_blood_group_product,184.5,0.21052631578947367,25.8,278.8,94.3,94.3,0.0,Low,Moderate
BB_0076,O_neg,whole_blood,1,248.0,,209.0,135.0,14.83,42,15.177301566829424,15.177301566829424,pooled_blood_group_product,209.0,0.21052631578947367,25.0,273.0,64.0,64.0,0.0,Low,Moderate
BB_0076,O_pos,cryoprecipitate,4,257.25,20.15564437074637,193.5,130.25,16.6875,365,15.956259435791292,15.956259435791292,pooled_blood_group_product,193.5,0.21052631578947367,26.3,283.6,90.1,90.1,0.0,Low,Moderate
BB_0076,O_pos,fresh_frozen_plasma,3,247.0,14.52583904633395,201.33333333333334,159.0,18.106666666666666,365,16.129072159319048,16.129072159319048,pooled_blood_group_product,201.33333333333334,0.21052631578947367,26.6,273.6,72.3,72.3,0.0,Low,Moderate
BB_0076,O_pos,group_O_neg_emergency,6,245.16666666666666,8.931218655181755,192.66666666666666,137.0,15.223333333333334,42,15.59947653940603,8.931218655181755,own_history,192.66666666666666,0.21052631578947367,14.7,259.9,67.2,67.2,0.0,Low,Moderate
BB_0076,O_pos,packed_RBC,2,249.5,20.506096654409877,200.5,160.5,15.135000000000002,42,16.220879283084294,16.220879283084294,pooled_blood_group_product,200.5,0.21052631578947367,26.8,276.3,75.8,75.8,0.0,Low,Moderate
BB_0076,O_pos,platelet_concentrate,8,266.875,19.037087862530715,205.0,139.625,18.58625,5,15.814220480272407,19.037087862530715,own_history,205.0,0.21052631578947367,31.4,298.3,93.3,93.3,0.0,Low,Moderate
BB_0076,O_pos,whole_blood,5,243.8,10.256705123966471,211.2,156.4,19.274,42,15.320728507460478,10.256705123966471,own_history,211.2,0.21052631578947367,16.9,260.7,49.5,49.5,0.0,Low,High
BB_0077,AB_pos,cryoprecipitate,1,240.0,,214.0,159.0,20.09,365,16.64565006228281,16.64565006228281,pooled_blood_group_product,214.0,0.25316455696202533,27.5,267.5,53.5,53.5,0.0,Low,Moderate
BB_0077,AB_pos,packed_RBC,1,255.0,,190.0,116.0,17.37,42,17.421402900877148,17.421402900877148,pooled_blood_group_product,190.0,0.25316455696202533,28.7,283.7,93.7,93.7,0.0,Low,Moderate
BB_0077,A_pos,fresh_frozen_plasma,6,246.16666666666666,10.245324136730213,192.5,137.83333333333334,16.099999999999998,365,15.175972252331889,10.245324136730213,own_history,192.5,0.25316455696202533,16.9,263.1,70.6,70.6,0.0,Low,Moderate
BB_0077,A_pos,group_O_neg_emergency,1,286.0,,171.0,148.0,7.02,42,16.934146373239873,16.934146373239873,pooled_blood_group_product,171.0,0.25316455696202533,27.9,313.9,142.9,142.9,0.0,Low,Low
BB_0077,A_pos,packed_RBC,5,247.0,18.371173070873837,191.6,143.4,18.372,42,15.974157533973031,18.371173070873837,own_history,191.6,0.25316455696202533,30.3,277.3,85.7,85.7,0.0,Low,Moderate
BB_0077,A_pos,platelet_concentrate,4,232.25,16.997548842896926,205.25,124.5,17.07,5,15.570295650182972,15.570295650182972,pooled_blood_group_product,205.25,0.25316455696202533,25.7,258.0,52.8,52.8,0.0,Low,Moderate
BB_0077,A_pos,whole_blood,2,251.5,24.748737341529164,199.0,113.5,13.094999999999999,42,16.26859652330014,16.26859652330014,pooled_blood_group_product,199.0,0.25316455696202533,26.8,278.3,79.3,79.3,0.0,Low,Low
BB_0077,B_neg,cryoprecipitate,1,238.0,,207.0,115.0,7.73,365,14.855008056807502,14.855008056807502,pooled_blood_group_product,207.0,0.25316455696202533,24.5,262.5,55.5,55.5,0.0,Low,Low
BB_0077,B_neg,platelet_concentrate,1,272.0,,192.0,162.0,15.1,5,15.063664178898293,15.063664178898293,pooled_blood_group_product,192.0,0.25316455696202533,24.9,296.9,104.9,104.9,0.0,Low,Moderate
BB_0077,B_pos,cryoprecipitate,5,253.2,7.3959448348402415,196.2,129.6,14.169999999999998,365,15.142364873820988,7.3959448348402415,own_history,196.2,0.25316455696202533,12.2,265.4,69.2,69.2,0.0,Low,Moderate
BB_0077,B_pos,group_O_neg_emergency,4,249.0,16.673332000533065,213.0,137.5,16.490000000000002,42,15.327786820822924,15.327786820822924,pooled_blood_group_product,213.0,0.25316455696202533,25.3,274.3,61.3,61.3,0.0,Low,Moderate
BB_0077,B_pos,packed_RBC,1,258.0,,180.0,155.0,21.67,42,15.425681398117081,15.425681398117081,pooled_blood_group_product,180.0,0.25316455696202533,25.5,283.5,103.5,103.5,0.0,Low,High
BB_0077,B_pos,platelet_concentrate,1,236.0,,202.0,160.0,13.86,5,15.918915219368015,15.918915219368015,pooled_blood_group_product,202.0,0.25316455696202533,26.3,262.3,60.3,60.3,0.0,Low,Low
BB_0077,B_pos,whole_blood,3,253.0,6.557438524302,215.0,158.33333333333334,20.963333333333335,42,15.616055501636811,15.616055501636811,pooled_blood_group_product,215.0,0.25316455696202533,25.8,278.8,63.8,63.8,0.0,Low,High
BB_0077,O_neg,cryoprecipitate,2,254.0,8.48528137423857,218.5,143.0,17.215,365,16.832005704612282,16.832005704612282,pooled_blood_group_product,218.5,0.25316455696202533,27.8,281.8,63.3,63.3,0.0,Low,Moderate
BB_0077,O_neg,group_O_neg_emergency,2,267.5,4.949747468305833,190.5,127.0,18.285,42,15.737583585569908,15.737583585569908,pooled_blood_group_product,190.5,0.25316455696202533,26.0,293.5,103.0,103.0,0.0,Low,Moderate
BB_0077,O_neg,platelet_concentrate,1,247.0,,194.0,154.0,23.71,5,16.930706830055033,16.930706830055033,pooled_blood_group_product,194.0,0.25316455696202533,27.9,274.9,80.9,80.9,0.0,Low,High
BB_0077,O_pos,cryoprecipitate,9,252.88888888888889,12.722464820588467,194.22222222222223,142.66666666666666,21.185555555555553,365,15.956259435791292,12.722464820588467,own_history,194.22222222222223,0.25316455696202533,21.0,273.9,79.7,79.7,0.0,Low,Moderate
BB_0077,O_pos,fresh_frozen_plasma,7,264.14285714285717,16.886173549471085,202.28571428571428,136.14285714285714,20.798571428571428,365,16.129072159319048,16.886173549471085,own_history,202.28571428571428,0.25316455696202533,27.9,292.0,89.7,89.7,0.0,Low,Moderate
BB_0077,O_pos,group_O_neg_emergency,7,247.42857142857142,8.580154288767053,206.0,132.42857142857142,14.248571428571429,42,15.59947653940603,8.580154288767053,own_history,206.0,0.25316455696202533,14.2,261.6,55.6,55.6,0.0,Low,Moderate
BB_0077,O_pos,packed_RBC,6,252.0,11.541230437002804,202.33333333333334,154.16666666666666,15.604999999999999,42,16.220879283084294,11.541230437002804,own_history,202.33333333333334,0.25316455696202533,19.0,271.0,68.7,68.7,0.0,Low,Moderate
BB_0077,O_pos,platelet_concentrate,6,254.33333333333334,21.181753153756333,189.0,131.66666666666666,15.451666666666668,5,15.814220480272407,21.181753153756333,own_history,189.0,0.25316455696202533,34.9,289.2,100.2,100.2,0.0,Low,Moderate
BB_0077,O_pos,whole_blood,3,246.33333333333334,19.03505538035898,199.33333333333334,143.0,15.573333333333332,42,15.320728507460478,15.320728507460478,pooled_blood_group_product,199.33333333333334,0.25316455696202533,25.3,271.6,72.3,72.3,0.0,Low,Moderate
BB_0078,AB_pos,cryoprecipitate,1,261.0,,208.0,163.0,13.94,365,16.64565006228281,16.64565006228281,pooled_blood_group_product,208.0,0.2463768115942029,27.5,288.5,80.5,80.5,0.0,Low,Low
BB_0078,AB_pos,fresh_frozen_plasma,2,262.5,28.991378028648448,202.0,130.0,17.615000000000002,365,15.529870914464443,15.529870914464443,pooled_blood_group_product,202.0,0.2463768115942029,25.6,288.1,86.1,86.1,0.0,Low,Moderate
BB_0078,AB_pos,group_O_neg_emergency,2,256.0,21.213203435596427,212.5,109.5,15.274999999999999,42,16.01343479009551,16.01343479009551,pooled_blood_group_product,212.5,0.2463768115942029,26.4,282.4,69.9,69.9,0.0,Low,Moderate
BB_0078,AB_pos,packed_RBC,1,257.0,,203.0,164.0,10.34,42,17.421402900877148,17.421402900877148,pooled_blood_group_product,203.0,0.2463768115942029,28.7,285.7,82.7,82.7,0.0,Low,Low
BB_0078,AB_pos,platelet_concentrate,1,237.0,,156.0,105.0,19.87,5,14.27616380960629,14.27616380960629,pooled_blood_group_product,156.0,0.2463768115942029,23.6,260.6,104.6,104.6,0.0,Low,High
BB_0078,AB_pos,whole_blood,1,245.0,,215.0,131.0,14.88,42,13.606168437472475,13.606168437472475,pooled_blood_group_product,215.0,0.2463768115942029,22.5,267.5,52.5,52.5,0.0,Low,Moderate
BB_0078,A_neg,cryoprecipitate,2,254.5,16.263455967290593,200.5,165.5,18.6,365,14.243844171226868,14.243844171226868,pooled_blood_group_product,200.5,0.2463768115942029,23.5,278.0,77.5,77.5,0.0,Low,Moderate
BB_0078,A_neg,group_O_neg_emergency,1,262.0,,170.0,149.0,13.53,42,15.275919791953486,15.275919791953486,pooled_blood_group_product,170.0,0.2463768115942029,25.2,287.2,117.2,117.2,0.0,Low,Low
BB_0078,A_neg,packed_RBC,1,255.0,,208.0,160.0,8.17,42,14.982321915176227,14.982321915176227,pooled_blood_group_product,208.0,0.2463768115942029,24.7,279.7,71.7,71.7,0.0,Low,Low
BB_0078,A_neg,platelet_concentrate,2,247.5,16.263455967290593,191.5,151.5,11.760000000000002,5,15.26163614252437,15.26163614252437,pooled_blood_group_product,191.5,0.2463768115942029,25.2,272.7,81.2,81.2,0.0,Low,Low
BB_0078,A_pos,cryoprecipitate,1,222.0,,198.0,122.0,22.73,365,15.986014398875405,15.986014398875405,pooled_blood_group_product,198.0,0.2463768115942029,26.4,248.4,50.4,50.4,0.0,Low,Moderate
BB_0078,A_pos,fresh_frozen_plasma,1,243.0,,178.0,142.0,15.73,365,15.175972252331889,15.175972252331889,pooled_blood_group_product,178.0,0.2463768115942029,25.0,268.0,90.0,90.0,0.0,Low,Moderate
BB_0078,A_pos,group_O_neg_emergency,2,254.5,7.7781745930520225,208.0,129.5,17.89,42,16.934146373239873,16.934146373239873,pooled_blood_group_product,208.0,0.2463768115942029,27.9,282.4,74.4,74.4,0.0,Low,Moderate
BB_0078,A_pos,packed_RBC,4,248.5,19.485036994233976,207.75,135.75,15.870000000000001,42,15.974157533973031,15.974157533973031,pooled_blood_group_product,207.75,0.2463768115942029,26.4,274.9,67.1,67.1,0.0,Low,Moderate
BB_0078,A_pos,platelet_concentrate,3,255.33333333333334,23.459184413217216,194.0,155.33333333333334,18.55333333333333,5,15.570295650182972,15.570295650182972,pooled_blood_group_product,194.0,0.2463768115942029,25.7,281.0,87.0,87.0,0.0,Low,Moderate
BB_0078,A_pos,whole_blood,1,248.0,,186.0,148.0,22.58,42,16.26859652330014,16.26859652330014,pooled_blood_group_product,186.0,0.2463768115942029,26.8,274.8,88.8,88.8,0.0,Low,High
BB_0078,B_neg,cryoprecipitate,1,239.0,,193.0,130.0,8.81,365,14.855008056807502,14.855008056807502,pooled_blood_group_product,193.0,0.2463768115942029,24.5,263.5,70.5,70.5,0.0,Low,Low
BB_0078,B_neg,group_O_neg_emergency,1,257.0,,211.0,128.0,28.44,42,16.421857975114715,16.421857975114715,pooled_blood_group_product,211.0,0.2463768115942029,27.1,284.1,73.1,73.1,0.0,Low,High
BB_0078,B_neg,platelet_concentrate,1,269.0,,215.0,186.0,10.23,5,15.063664178898293,15.063664178898293,pooled_blood_group_product,215.0,0.2463768115942029,24.9,293.9,78.9,78.9,0.0,Low,Low
BB_0078,B_neg,whole_blood,1,247.0,,204.0,152.0,12.75,42,14.346963359011946,14.346963359011946,pooled_blood_group_product,204.0,0.2463768115942029,23.7,270.7,66.7,66.7,0.0,Low,Low
BB_0078,B_pos,fresh_frozen_plasma,3,238.0,11.357816691600547,207.66666666666666,130.0,16.11,365,15.753623140581702,15.753623140581702,pooled_blood_group_product,207.66666666666666,0.2463768115942029,26.0,264.0,56.3,56.3,0.0,Low,Moderate
BB_0078,B_pos,group_O_neg_emergency,5,249.2,12.94990347454374,203.2,126.2,10.67,42,15.327786820822924,12.94990347454374,own_history,203.2,0.2463768115942029,21.4,270.6,67.4,67.4,0.0,Low,Low
BB_0078,B_pos,whole_blood,1,256.0,,216.0,157.0,19.91,42,15.616055501636811,15.616055501636811,pooled_blood_group_product,216.0,0.2463768115942029,25.8,281.8,65.8,65.8,0.0,Low,High
BB_0078,O_neg,cryoprecipitate,1,235.0,,180.0,88.0,24.44,365,16.832005704612282,16.832005704612282,pooled_blood_group_product,180.0,0.2463768115942029,27.8,262.8,82.8,82.8,0.0,Low,Moderate
BB_0078,O_neg,group_O_neg_emergency,1,268.0,,191.0,160.0,15.71,42,15.737583585569908,15.737583585569908,pooled_blood_group_product,191.0,0.2463768115942029,26.0,294.0,103.0,103.0,0.0,Low,Moderate
BB_0078,O_neg,whole_blood,1,266.0,,189.0,172.0,11.11,42,15.177301566829424,15.177301566829424,pooled_blood_group_product,189.0,0.2463768115942029,25.0,291.0,102.0,102.0,0.0,Low,Low
BB_0078,O_pos,cryoprecipitate,3,260.3333333333333,9.018499505645796,195.66666666666666,142.33333333333334,21.216666666666665,365,15.956259435791292,15.956259435791292,pooled_blood_group_product,195.66666666666666,0.2463768115942029,26.3,286.6,90.9,90.9,0.0,Low,Moderate
BB_0078,O_pos,fresh_frozen_plasma,4,247.5,7.14142842854285,203.5,140.5,11.605,365,16.129072159319048,16.129072159319048,pooled_blood_group_product,203.5,0.2463768115942029,26.6,274.1,70.6,70.6,0.0,Low,Low
BB_0078,O_pos,group_O_neg_emergency,4,254.75,8.920949127381755,210.0,143.0,16.7825,42,15.59947653940603,15.59947653940603,pooled_blood_group_product,210.0,0.2463768115942029,25.7,280.4,70.4,70.4,0.0,Low,Moderate
BB_0078,O_pos,packed_RBC,4,262.5,10.785793124908963,200.25,139.5,20.33,42,16.220879283084294,16.220879283084294,pooled_blood_group_product,200.25,0.2463768115942029,26.8,289.3,89.1,89.1,0.0,Low,High
BB_0078,O_pos,platelet_concentrate,6,240.66666666666666,14.719601443879744,193.83333333333334,139.5,18.275000000000002,5,15.814220480272407,14.719601443879744,own_history,193.83333333333334,0.2463768115942029,24.3,265.0,71.2,71.2,0.0,Low,Moderate
BB_0078,O_pos,whole_blood,6,243.33333333333334,19.966638842495918,204.5,141.66666666666666,18.461666666666666,42,15.320728507460478,19.966638842495918,own_history,204.5,0.2463768115942029,32.9,276.2,71.7,71.7,0.0,Low,Moderate
BB_0079,AB_pos,cryoprecipitate,1,236.0,,198.0,164.0,15.15,365,16.64565006228281,16.64565006228281,pooled_blood_group_product,198.0,0.39436619718309857,27.5,263.5,65.5,65.5,0.0,Low,Moderate
BB_0079,AB_pos,fresh_frozen_plasma,1,262.0,,204.0,152.0,14.71,365,15.529870914464443,15.529870914464443,pooled_blood_group_product,204.0,0.39436619718309857,25.6,287.6,83.6,83.6,0.0,Low,Moderate
BB_0079,AB_pos,platelet_concentrate,1,261.0,,199.0,152.0,15.58,5,14.27616380960629,14.27616380960629,pooled_blood_group_product,199.0,0.39436619718309857,23.6,284.6,85.6,85.6,0.0,Low,Moderate
BB_0079,A_neg,group_O_neg_emergency,2,239.0,5.656854249492381,207.0,153.5,13.370000000000001,42,15.275919791953486,15.275919791953486,pooled_blood_group_product,207.0,0.39436619718309857,25.2,264.2,57.2,57.2,0.0,Low,Low
BB_0079,A_neg,whole_blood,1,264.0,,211.0,130.0,18.96,42,16.829684030913054,16.829684030913054,pooled_blood_group_product,211.0,0.39436619718309857,27.8,291.8,80.8,80.8,0.0,Low,High
BB_0079,A_pos,cryoprecipitate,3,242.0,28.583211855912904,194.0,136.66666666666666,18.783333333333335,365,15.986014398875405,15.986014398875405,pooled_blood_group_product,194.0,0.39436619718309857,26.4,268.4,74.4,74.4,0.0,Low,Moderate
BB_0079,A_pos,fresh_frozen_plasma,5,249.0,11.335784048754634,210.4,139.0,16.934,365,15.175972252331889,11.335784048754634,own_history,210.4,0.39436619718309857,18.7,267.7,57.3,57.3,0.0,Low,Moderate
BB_0079,A_pos,group_O_neg_emergency,2,257.5,4.949747468305833,200.0,149.0,14.99,42,16.934146373239873,16.934146373239873,pooled_blood_group_product,200.0,0.39436619718309857,27.9,285.4,85.4,85.4,0.0,Low,Moderate
BB_0079,A_pos,packed_RBC,2,257.0,8.48528137423857,205.5,149.5,13.985,42,15.974157533973031,15.974157533973031,pooled_blood_group_product,205.5,0.39436619718309857,26.4,283.4,77.9,77.9,0.0,Low,Moderate
BB_0079,A_pos,platelet_concentrate,1,227.0,,244.0,134.0,16.39,5,15.570295650182972,15.570295650182972,pooled_blood_group_product,244.0,0.39436619718309857,25.7,252.7,8.7,8.7,0.0,Low,Moderate
BB_0079,A_pos,whole_blood,2,247.0,4.242640687119285,186.5,148.0,17.03,42,16.26859652330014,16.26859652330014,pooled_blood_group_product,186.5,0.39436619718309857,26.8,273.8,87.3,87.3,0.0,Low,Moderate
BB_0079,B_neg,fresh_frozen_plasma,1,254.0,,227.0,170.0,18.06,365,18.483089984756752,18.483089984756752,pooled_blood_group_product,227.0,0.39436619718309857,30.5,284.5,57.5,57.5,0.0,Low,Moderate
BB_0079,B_neg,packed_RBC,1,258.0,,189.0,143.0,8.47,42,17.510386528104863,17.510386528104863,pooled_blood_group_product,189.0,0.39436619718309857,28.9,286.9,97.9,97.9,0.0,Low,Low
BB_0079,B_neg,whole_blood,1,222.0,,195.0,117.0,18.46,42,14.346963359011946,14.346963359011946,pooled_blood_group_product,195.0,0.39436619718309857,23.7,245.7,50.7,50.7,0.0,Low,Moderate
BB_0079,B_pos,cryoprecipitate,4,244.0,10.360180178613367,191.75,160.0,13.942499999999999,365,15.142364873820988,15.142364873820988,pooled_blood_group_product,191.75,0.39436619718309857,25.0,269.0,77.2,77.2,0.0,Low,Low
BB_0079,B_pos,fresh_frozen_plasma,2,258.5,6.363961030678928,198.0,133.0,16.575,365,15.753623140581702,15.753623140581702,pooled_blood_group_product,198.0,0.39436619718309857,26.0,284.5,86.5,86.5,0.0,Low,Moderate
BB_0079,B_pos,group_O_neg_emergency,2,241.0,12.727922061357855,204.5,114.0,14.995000000000001,42,15.327786820822924,15.327786820822924,pooled_blood_group_product,204.5,0.39436619718309857,25.3,266.3,61.8,61.8,0.0,Low,Moderate
BB_0079,B_pos,packed_RBC,4,251.25,12.76388133236386,204.75,147.25,12.9175,42,15.425681398117081,15.425681398117081,pooled_blood_group_product,204.75,0.39436619718309857,25.5,276.8,72.1,72.1,0.0,Low,Low
BB_0079,B_pos,platelet_concentrate,5,248.4,16.53178756214826,195.6,136.4,17.068,5,15.918915219368015,16.53178756214826,own_history,195.6,0.39436619718309857,27.3,275.7,80.1,80.1,0.0,Low,Moderate
BB_0079,B_pos,whole_blood,4,242.75,11.615363389350616,207.0,159.75,13.07,42,15.616055501636811,15.616055501636811,pooled_blood_group_product,207.0,0.39436619718309857,25.8,268.6,61.6,61.6,0.0,Low,Low
BB_0079,O_neg,group_O_neg_emergency,2,254.0,0.0,196.5,154.0,12.245,42,15.737583585569908,15.737583585569908,pooled_blood_group_product,196.5,0.39436619718309857,26.0,280.0,83.5,83.5,0.0,Low,Low
BB_0079,O_neg,packed_RBC,1,230.0,,180.0,165.0,13.89,42,16.675768019539497,16.675768019539497,pooled_blood_group_product,180.0,0.39436619718309857,27.5,257.5,77.5,77.5,0.0,Low,Low
BB_0079,O_pos,cryoprecipitate,3,278.6666666666667,18.230011885167087,199.33333333333334,154.33333333333334,16.266666666666666,365,15.956259435791292,15.956259435791292,pooled_blood_group_product,199.33333333333334,0.39436619718309857,26.3,305.0,105.7,105.7,0.0,Low,Moderate
BB_0079,O_pos,fresh_frozen_plasma,2,246.0,25.45584412271571,182.0,127.0,10.045,365,16.129072159319048,16.129072159319048,pooled_blood_group_product,182.0,0.39436619718309857,26.6,272.6,90.6,90.6,0.0,Low,Low
BB_0079,O_pos,group_O_neg_emergency,2,270.0,15.556349186104045,196.0,128.5,20.04,42,15.59947653940603,15.59947653940603,pooled_blood_group_product,196.0,0.39436619718309857,25.7,295.7,99.7,99.7,0.0,Low,High
BB_0079,O_pos,packed_RBC,9,248.88888888888889,17.0473197632681,199.66666666666666,139.33333333333334,17.16,42,16.220879283084294,17.0473197632681,own_history,199.66666666666666,0.39436619718309857,28.1,277.0,77.3,77.3,0.0,Low,Moderate
BB_0079,O_pos,platelet_concentrate,4,243.25,12.685293322058685,200.75,129.75,19.6,5,15.814220480272407,15.814220480272407,pooled_blood_group_product,200.75,0.39436619718309857,26.1,269.4,68.6,68.6,0.0,Low,High
BB_0079,O_pos,whole_blood,3,250.66666666666666,32.31614663497697,203.66666666666666,140.0,17.17,42,15.320728507460478,15.320728507460478,pooled_blood_group_product,203.66666666666666,0.39436619718309857,25.3,276.0,72.3,72.3,0.0,Low,Moderate
BB_0080,AB_pos,cryoprecipitate,1,238.0,,202.0,120.0,9.41,365,16.64565006228281,16.64565006228281,pooled_blood_group_product,202.0,0.26666666666666666,27.5,265.5,63.5,63.5,0.0,Low,Low
BB_0080,AB_pos,fresh_frozen_plasma,1,261.0,,210.0,153.0,7.14,365,15.529870914464443,15.529870914464443,pooled_blood_group_product,210.0,0.26666666666666666,25.6,286.6,76.6,76.6,0.0,Low,Low
BB_0080,AB_pos,group_O_neg_emergency,1,252.0,,217.0,152.0,11.98,42,16.01343479009551,16.01343479009551,pooled_blood_group_product,217.0,0.26666666666666666,26.4,278.4,61.4,61.4,0.0,Low,Low
BB_0080,AB_pos,whole_blood,1,268.0,,199.0,88.0,16.08,42,13.606168437472475,13.606168437472475,pooled_blood_group_product,199.0,0.26666666666666666,22.5,290.5,91.5,91.5,0.0,Low,Moderate
BB_0080,A_neg,group_O_neg_emergency,2,233.5,27.577164466275352,210.5,145.5,13.04,42,15.275919791953486,15.275919791953486,pooled_blood_group_product,210.5,0.26666666666666666,25.2,258.7,48.2,48.2,0.0,Low,Low
BB_0080,A_pos,cryoprecipitate,2,271.0,2.8284271247461903,212.0,164.5,16.384999999999998,365,15.986014398875405,15.986014398875405,pooled_blood_group_product,212.0,0.26666666666666666,26.4,297.4,85.4,85.4,0.0,Low,Moderate
BB_0080,A_pos,fresh_frozen_plasma,2,260.5,6.363961030678928,196.5,144.0,17.85,365,15.175972252331889,15.175972252331889,pooled_blood_group_product,196.5,0.26666666666666666,25.0,285.5,89.0,89.0,0.0,Low,Moderate
BB_0080,A_pos,platelet_concentrate,1,249.0,,187.0,153.0,13.9,5,15.570295650182972,15.570295650182972,pooled_blood_group_product,187.0,0.26666666666666666,25.7,274.7,87.7,87.7,0.0,Low,Low
BB_0080,A_pos,whole_blood,2,263.5,13.435028842544403,182.0,148.0,21.130000000000003,42,16.26859652330014,16.26859652330014,pooled_blood_group_product,182.0,0.26666666666666666,26.8,290.3,108.3,108.3,0.0,Low,High
BB_0080,B_neg,group_O_neg_emergency,1,225.0,,186.0,126.0,14.52,42,16.421857975114715,16.421857975114715,pooled_blood_group_product,186.0,0.26666666666666666,27.1,252.1,66.1,66.1,0.0,Low,Moderate
BB_0080,B_pos,cryoprecipitate,1,271.0,,200.0,145.0,12.5,365,15.142364873820988,15.142364873820988,pooled_blood_group_product,200.0,0.26666666666666666,25.0,296.0,96.0,96.0,0.0,Low,Low
BB_0080,B_pos,fresh_frozen_plasma,1,257.0,,190.0,118.0,11.58,365,15.753623140581702,15.753623140581702,pooled_blood_group_product,190.0,0.26666666666666666,26.0,283.0,93.0,93.0,0.0,Low,Low
BB_0080,B_pos,group_O_neg_emergency,3,254.0,6.244997998398398,201.66666666666666,122.66666666666667,12.449999999999998,42,15.327786820822924,15.327786820822924,pooled_blood_group_product,201.66666666666666,0.26666666666666666,25.3,279.3,77.6,77.6,0.0,Low,Low
BB_0080,B_pos,packed_RBC,2,257.5,17.67766952966369,201.5,148.5,21.105,42,15.425681398117081,15.425681398117081,pooled_blood_group_product,201.5,0.26666666666666666,25.5,283.0,81.5,81.5,0.0,Low,High
BB_0080,B_pos,platelet_concentrate,3,233.33333333333334,10.69267662156363,191.33333333333334,145.0,19.033333333333335,5,15.918915219368015,15.918915219368015,pooled_blood_group_product,191.33333333333334,0.26666666666666666,26.3,259.6,68.3,68.3,0.0,Low,High
BB_0080,B_pos,whole_blood,2,224.5,17.67766952966369,192.0,125.5,15.315000000000001,42,15.616055501636811,15.616055501636811,pooled_blood_group_product,192.0,0.26666666666666666,25.8,250.3,58.3,58.3,0.0,Low,Moderate
BB_0080,O_neg,cryoprecipitate,1,246.0,,171.0,143.0,14.04,365,16.832005704612282,16.832005704612282,pooled_blood_group_product,171.0,0.26666666666666666,27.8,273.8,102.8,102.8,0.0,Low,Moderate
BB_0080,O_neg,platelet_concentrate,1,238.0,,204.0,136.0,9.31,5,16.930706830055033,16.930706830055033,pooled_blood_group_product,204.0,0.26666666666666666,27.9,265.9,61.9,61.9,0.0,Low,Low
BB_0080,O_neg,whole_blood,1,280.0,,201.0,111.0,18.91,42,15.177301566829424,15.177301566829424,pooled_blood_group_product,201.0,0.26666666666666666,25.0,305.0,104.0,104.0,0.0,Low,Moderate
BB_0080,O_pos,cryoprecipitate,7,247.42857142857142,14.875675254781354,196.42857142857142,152.14285714285714,14.98857142857143,365,15.956259435791292,14.875675254781354,own_history,196.42857142857142,0.26666666666666666,24.5,271.9,75.5,75.5,0.0,Low,Moderate
BB_0080,O_pos,fresh_frozen_plasma,4,235.25,17.858238061652855,190.5,152.25,17.855,365,16.129072159319048,16.129072159319048,pooled_blood_group_product,190.5,0.26666666666666666,26.6,261.8,71.3,71.3,0.0,Low,Moderate
BB_0080,O_pos,group_O_neg_emergency,2,265.5,7.7781745930520225,201.0,147.5,12.415,42,15.59947653940603,15.59947653940603,pooled_blood_group_product,201.0,0.26666666666666666,25.7,291.2,90.2,90.2,0.0,Low,Low
BB_0080,O_pos,packed_RBC,8,239.75,15.322718893385545,204.5,141.625,18.19,42,16.220879283084294,15.322718893385545,own_history,204.5,0.26666666666666666,25.3,265.0,60.5,60.5,0.0,Low,Moderate
BB_0080,O_pos,platelet_concentrate,5,246.8,8.843076387773658,207.4,156.2,17.046,5,15.814220480272407,8.843076387773658,own_history,207.4,0.26666666666666666,14.6,261.4,54.0,54.0,0.0,Low,Moderate
BB_0080,O_pos,whole_blood,5,250.4,22.656124999655173,195.2,136.6,16.676,42,15.320728507460478,22.656124999655173,own_history,195.2,0.26666666666666666,37.4,287.8,92.6,92.6,0.0,Low,Moderate
BB_0081,AB_pos,group_O_neg_emergency,2,240.5,9.192388155425117,191.0,151.0,18.91,42,16.01343479009551,16.01343479009551,pooled_blood_group_product,191.0,0.2602739726027397,26.4,266.9,75.9,75.9,0.0,Low,Moderate
BB_0081,AB_pos,packed_RBC,1,255.0,,209.0,144.0,14.35,42,17.421402900877148,17.421402900877148,pooled_blood_group_product,209.0,0.2602739726027397,28.7,283.7,74.7,74.7,0.0,Low,Moderate
BB_0081,AB_pos,platelet_concentrate,1,238.0,,205.0,192.0,16.59,5,14.27616380960629,14.27616380960629,pooled_blood_group_product,205.0,0.2602739726027397,23.6,261.6,56.6,56.6,0.0,Low,Moderate
BB_0081,AB_pos,whole_blood,1,239.0,,183.0,147.0,13.11,42,13.606168437472475,13.606168437472475,pooled_blood_group_product,183.0,0.2602739726027397,22.5,261.5,78.5,78.5,0.0,Low,Low
BB_0081,A_neg,packed_RBC,2,230.5,0.7071067811865476,178.0,128.5,17.31,42,14.982321915176227,14.982321915176227,pooled_blood_group_product,178.0,0.2602739726027397,24.7,255.2,77.2,77.2,0.0,Low,Moderate
BB_0081,A_pos,cryoprecipitate,1,245.0,,202.0,139.0,17.33,365,15.986014398875405,15.986014398875405,pooled_blood_group_product,202.0,0.2602739726027397,26.4,271.4,69.4,69.4,0.0,Low,Moderate
BB_0081,A_pos,fresh_frozen_plasma,2,242.5,0.7071067811865476,177.0,130.0,14.46,365,15.175972252331889,15.175972252331889,pooled_blood_group_product,177.0,0.2602739726027397,25.0,267.5,90.5,90.5,0.0,Low,Moderate
BB_0081,A_pos,group_O_neg_emergency,3,252.0,18.083141320025124,201.66666666666666,141.33333333333334,18.496666666666666,42,16.934146373239873,16.934146373239873,pooled_blood_group_product,201.66666666666666,0.2602739726027397,27.9,279.9,78.2,78.2,0.0,Low,Moderate
BB_0081,A_pos,packed_RBC,3,257.0,12.489995996796797,196.0,152.66666666666666,14.913333333333334,42,15.974157533973031,15.974157533973031,pooled_blood_group_product,196.0,0.2602739726027397,26.4,283.4,87.4,87.4,0.0,Low,Moderate
BB_0081,A_pos,platelet_concentrate,3,240.66666666666666,13.012814197295423,203.33333333333334,142.33333333333334,16.236666666666668,5,15.570295650182972,15.570295650182972,pooled_blood_group_product,203.33333333333334,0.2602739726027397,25.7,266.4,63.1,63.1,0.0,Low,Moderate
BB_0081,A_pos,whole_blood,1,246.0,,218.0,124.0,16.06,42,16.26859652330014,16.26859652330014,pooled_blood_group_product,218.0,0.2602739726027397,26.8,272.8,54.8,54.8,0.0,Low,Moderate
BB_0081,B_neg,packed_RBC,1,213.0,,191.0,134.0,15.18,42,17.510386528104863,17.510386528104863,pooled_blood_group_product,191.0,0.2602739726027397,28.9,241.9,50.9,50.9,0.0,Low,Moderate
BB_0081,B_pos,fresh_frozen_plasma,2,240.5,4.949747468305833,219.0,143.0,24.439999999999998,365,15.753623140581702,15.753623140581702,pooled_blood_group_product,219.0,0.2602739726027397,26.0,266.5,47.5,47.5,0.0,Low,Moderate
BB_0081,B_pos,group_O_neg_emergency,1,233.0,,189.0,141.0,13.23,42,15.327786820822924,15.327786820822924,pooled_blood_group_product,189.0,0.2602739726027397,25.3,258.3,69.3,69.3,0.0,Low,Low
BB_0081,B_pos,packed_RBC,3,252.0,5.196152422706632,199.33333333333334,145.66666666666666,14.603333333333333,42,15.425681398117081,15.425681398117081,pooled_blood_group_product,199.33333333333334,0.2602739726027397,25.5,277.5,78.2,78.2,0.0,Low,Moderate
BB_0081,B_pos,platelet_concentrate,4,243.0,11.74734012447073,198.5,135.0,16.36,5,15.918915219368015,15.918915219368015,pooled_blood_group_product,198.5,0.2602739726027397,26.3,269.3,70.8,70.8,0.0,Low,Moderate
BB_0081,B_pos,whole_blood,2,244.5,6.363961030678928,203.5,154.0,19.375,42,15.616055501636811,15.616055501636811,pooled_blood_group_product,203.5,0.2602739726027397,25.8,270.3,66.8,66.8,0.0,Low,High
BB_0081,O_neg,cryoprecipitate,2,237.5,14.849242404917497,208.5,163.0,18.705,365,16.832005704612282,16.832005704612282,pooled_blood_group_product,208.5,0.2602739726027397,27.8,265.3,56.8,56.8,0.0,Low,Moderate
BB_0081,O_neg,fresh_frozen_plasma,2,245.0,8.48528137423857,212.5,146.5,24.99,365,14.714175377770642,14.714175377770642,pooled_blood_group_product,212.5,0.2602739726027397,24.3,269.3,56.8,56.8,0.0,Low,Moderate
BB_0081,O_neg,group_O_neg_emergency,1,276.0,,196.0,142.0,9.18,42,15.737583585569908,15.737583585569908,pooled_blood_group_product,196.0,0.2602739726027397,26.0,302.0,106.0,106.0,0.0,Low,Low
BB_0081,O_neg,whole_blood,2,251.5,0.7071067811865476,190.5,136.0,10.22,42,15.177301566829424,15.177301566829424,pooled_blood_group_product,190.5,0.2602739726027397,25.0,276.5,86.0,86.0,0.0,Low,Low
BB_0081,O_pos,cryoprecipitate,8,248.875,15.394224334377585,201.875,131.375,17.5075,365,15.956259435791292,15.394224334377585,own_history,201.875,0.2602739726027397,25.4,274.3,72.4,72.4,0.0,Low,Moderate
BB_0081,O_pos,fresh_frozen_plasma,5,260.6,20.378910667648544,197.2,148.0,11.684000000000001,365,16.129072159319048,20.378910667648544,own_history,197.2,0.2602739726027397,33.6,294.2,97.0,97.0,0.0,Low,Low
BB_0081,O_pos,group_O_neg_emergency,5,254.2,11.278297743897351,211.2,144.6,10.888,42,15.59947653940603,11.278297743897351,own_history,211.2,0.2602739726027397,18.6,272.8,61.6,61.6,0.0,Low,Low
BB_0081,O_pos,packed_RBC,5,252.6,10.899541274750971,192.2,135.8,16.05,42,16.220879283084294,10.899541274750971,own_history,192.2,0.2602739726027397,18.0,270.6,78.4,78.4,0.0,Low,Moderate
BB_0081,O_pos,platelet_concentrate,6,243.0,10.73312629199899,203.16666666666666,142.0,18.375,5,15.814220480272407,10.73312629199899,own_history,203.16666666666666,0.2602739726027397,17.7,260.7,57.5,57.5,0.0,Low,Moderate
BB_0081,O_pos,whole_blood,4,248.75,9.5,198.25,137.75,18.7175,42,15.320728507460478,15.320728507460478,pooled_blood_group_product,198.25,0.2602739726027397,25.3,274.0,75.8,75.8,0.0,Low,Moderate
BB_0082,AB_pos,fresh_frozen_plasma,1,263.0,,205.0,179.0,10.73,365,15.529870914464443,15.529870914464443,pooled_blood_group_product,205.0,0.3333333333333333,25.6,288.6,83.6,83.6,0.0,Low,Low
BB_0082,AB_pos,platelet_concentrate,1,248.0,,201.0,127.0,15.42,5,14.27616380960629,14.27616380960629,pooled_blood_group_product,201.0,0.3333333333333333,23.6,271.6,70.6,70.6,0.0,Low,Moderate
BB_0082,A_neg,group_O_neg_emergency,1,255.0,,220.0,154.0,14.55,42,15.275919791953486,15.275919791953486,pooled_blood_group_product,220.0,0.3333333333333333,25.2,280.2,60.2,60.2,0.0,Low,Moderate
BB_0082,A_pos,cryoprecipitate,4,243.75,11.11680409710153,202.0,132.0,10.2875,365,15.986014398875405,15.986014398875405,pooled_blood_group_product,202.0,0.3333333333333333,26.4,270.2,68.2,68.2,0.0,Low,Low
BB_0082,A_pos,fresh_frozen_plasma,1,266.0,,220.0,208.0,34.55,365,15.175972252331889,15.175972252331889,pooled_blood_group_product,220.0,0.3333333333333333,25.0,291.0,71.0,71.0,0.0,Low,Moderate
BB_0082,A_pos,group_O_neg_emergency,2,236.5,24.748737341529164,193.5,142.5,12.795,42,16.934146373239873,16.934146373239873,pooled_blood_group_product,193.5,0.3333333333333333,27.9,264.4,70.9,70.9,0.0,Low,Low
BB_0082,A_pos,packed_RBC,1,244.0,,201.0,144.0,13.93,42,15.974157533973031,15.974157533973031,pooled_blood_group_product,201.0,0.3333333333333333,26.4,270.4,69.4,69.4,0.0,Low,Low
BB_0082,A_pos,platelet_concentrate,6,251.66666666666666,16.391054470858997,203.83333333333334,128.33333333333334,14.729999999999999,5,15.570295650182972,16.391054470858997,own_history,203.83333333333334,0.3333333333333333,27.0,278.7,74.9,74.9,0.0,Low,Moderate
BB_0082,A_pos,whole_blood,4,263.5,17.97220075561143,203.0,148.5,18.200000000000003,42,16.26859652330014,16.26859652330014,pooled_blood_group_product,203.0,0.3333333333333333,26.8,290.3,87.3,87.3,0.0,Low,Moderate
BB_0082,B_pos,cryoprecipitate,2,236.5,7.7781745930520225,208.0,143.5,16.485,365,15.142364873820988,15.142364873820988,pooled_blood_group_product,208.0,0.3333333333333333,25.0,261.5,53.5,53.5,0.0,Low,Moderate
BB_0082,B_pos,fresh_frozen_plasma,3,237.33333333333334,9.291573243177572,193.0,131.0,14.753333333333336,365,15.753623140581702,15.753623140581702,pooled_blood_group_product,193.0,0.3333333333333333,26.0,263.3,70.3,70.3,0.0,Low,Moderate
BB_0082,B_pos,group_O_neg_emergency,4,246.0,2.8284271247461867,202.5,139.0,16.832500000000003,42,15.327786820822924,15.327786820822924,pooled_blood_group_product,202.5,0.3333333333333333,25.3,271.3,68.8,68.8,0.0,Low,Moderate
BB_0082,B_pos,platelet_concentrate,3,238.66666666666666,18.823743871327334,194.33333333333334,151.0,14.703333333333333,5,15.918915219368015,15.918915219368015,pooled_blood_group_product,194.33333333333334,0.3333333333333333,26.3,265.0,70.7,70.7,0.0,Low,Moderate
BB_0082,B_pos,whole_blood,3,241.0,16.64331697709324,207.0,132.33333333333334,21.643333333333334,42,15.616055501636811,15.616055501636811,pooled_blood_group_product,207.0,0.3333333333333333,25.8,266.8,59.8,59.8,0.0,Low,High
BB_0082,O_neg,packed_RBC,1,264.0,,188.0,112.0,9.57,42,16.675768019539497,16.675768019539497,pooled_blood_group_product,188.0,0.3333333333333333,27.5,291.5,103.5,103.5,0.0,Low,Low
BB_0082,O_pos,cryoprecipitate,6,242.16666666666666,10.186592495366972,208.66666666666666,163.33333333333334,13.588333333333333,365,15.956259435791292,10.186592495366972,own_history,208.66666666666666,0.3333333333333333,16.8,259.0,50.3,50.3,0.0,Low,Low
BB_0082,O_pos,fresh_frozen_plasma,8,250.0,24.52404068314542,197.5,144.0,19.951249999999998,365,16.129072159319048,24.52404068314542,own_history,197.5,0.3333333333333333,40.5,290.5,93.0,93.0,0.0,Low,Moderate
BB_0082,O_pos,group_O_neg_emergency,6,245.5,13.39776100697426,201.0,137.16666666666666,15.635,42,15.59947653940603,13.39776100697426,own_history,201.0,0.3333333333333333,22.1,267.6,66.6,66.6,0.0,Low,Moderate
BB_0082,O_pos,packed_RBC,6,251.66666666666666,22.56250577100573,199.66666666666666,151.0,20.518333333333334,42,16.220879283084294,22.56250577100573,own_history,199.66666666666666,0.3333333333333333,37.2,288.9,89.2,89.2,0.0,Low,High
BB_0082,O_pos,platelet_concentrate,6,237.16666666666666,11.178849076119896,199.66666666666666,140.33333333333334,15.358333333333334,5,15.814220480272407,11.178849076119896,own_history,199.66666666666666,0.3333333333333333,18.4,255.6,55.9,55.9,0.0,Low,Moderate
BB_0082,O_pos,whole_blood,3,265.6666666666667,23.4591844132172,197.0,143.0,19.18,42,15.320728507460478,15.320728507460478,pooled_blood_group_product,197.0,0.3333333333333333,25.3,291.0,94.0,94.0,0.0,Low,High
BB_0083,AB_pos,cryoprecipitate,1,254.0,,203.0,123.0,16.75,365,16.64565006228281,16.64565006228281,pooled_blood_group_product,203.0,0.29333333333333333,27.5,281.5,78.5,78.5,0.0,Low,Moderate
BB_0083,AB_pos,fresh_frozen_plasma,1,282.0,,191.0,121.0,11.52,365,15.529870914464443,15.529870914464443,pooled_blood_group_product,191.0,0.29333333333333333,25.6,307.6,116.6,116.6,0.0,Low,Low
BB_0083,A_neg,group_O_neg_emergency,1,261.0,,211.0,148.0,26.54,42,15.275919791953486,15.275919791953486,pooled_blood_group_product,211.0,0.29333333333333333,25.2,286.2,75.2,75.2,0.0,Low,High
BB_0083,A_neg,packed_RBC,1,248.0,,204.0,129.0,21.08,42,14.982321915176227,14.982321915176227,pooled_blood_group_product,204.0,0.29333333333333333,24.7,272.7,68.7,68.7,0.0,Low,High
BB_0083,A_pos,cryoprecipitate,3,244.66666666666666,17.785762095938804,198.0,144.0,13.503333333333332,365,15.986014398875405,15.986014398875405,pooled_blood_group_product,198.0,0.29333333333333333,26.4,271.1,73.1,73.1,0.0,Low,Low
BB_0083,A_pos,fresh_frozen_plasma,3,253.66666666666666,18.50225211517056,198.0,139.0,17.936666666666667,365,15.175972252331889,15.175972252331889,pooled_blood_group_product,198.0,0.29333333333333333,25.0,278.7,80.7,80.7,0.0,Low,Moderate
BB_0083,A_pos,group_O_neg_emergency,3,261.6666666666667,28.936712552280945,193.66666666666666,151.33333333333334,12.910000000000002,42,16.934146373239873,16.934146373239873,pooled_blood_group_product,193.66666666666666,0.29333333333333333,27.9,289.6,95.9,95.9,0.0,Low,Low
BB_0083,A_pos,packed_RBC,1,237.0,,207.0,102.0,19.81,42,15.974157533973031,15.974157533973031,pooled_blood_group_product,207.0,0.29333333333333333,26.4,263.4,56.4,56.4,0.0,Low,High
BB_0083,A_pos,platelet_concentrate,2,258.5,2.1213203435596424,201.0,162.0,19.925,5,15.570295650182972,15.570295650182972,pooled_blood_group_product,201.0,0.29333333333333333,25.7,284.2,83.2,83.2,0.0,Low,High
BB_0083,A_pos,whole_blood,1,223.0,,188.0,147.0,11.7,42,16.26859652330014,16.26859652330014,pooled_blood_group_product,188.0,0.29333333333333333,26.8,249.8,61.8,61.8,0.0,Low,Low
BB_0083,B_neg,cryoprecipitate,1,237.0,,213.0,135.0,15.02,365,14.855008056807502,14.855008056807502,pooled_blood_group_product,213.0,0.29333333333333333,24.5,261.5,48.5,48.5,0.0,Low,Moderate
BB_0083,B_neg,fresh_frozen_plasma,1,255.0,,189.0,145.0,9.52,365,18.483089984756752,18.483089984756752,pooled_blood_group_product,189.0,0.29333333333333333,30.5,285.5,96.5,96.5,0.0,Low,Low
BB_0083,B_neg,whole_blood,1,261.0,,182.0,135.0,25.27,42,14.346963359011946,14.346963359011946,pooled_blood_group_product,182.0,0.29333333333333333,23.7,284.7,102.7,102.7,0.0,Low,High
BB_0083,B_pos,cryoprecipitate,3,248.66666666666666,9.71253485622231,200.0,123.66666666666667,11.396666666666667,365,15.142364873820988,15.142364873820988,pooled_blood_group_product,200.0,0.29333333333333333,25.0,273.7,73.7,73.7,0.0,Low,Low
BB_0083,B_pos,fresh_frozen_plasma,3,246.0,15.524174696260024,193.66666666666666,155.33333333333334,20.599999999999998,365,15.753623140581702,15.753623140581702,pooled_blood_group_product,193.66666666666666,0.29333333333333333,26.0,272.0,78.3,78.3,0.0,Low,Moderate
BB_0083,B_pos,packed_RBC,5,251.0,6.123724356957945,194.4,138.4,19.802,42,15.425681398117081,6.123724356957945,own_history,194.4,0.29333333333333333,10.1,261.1,66.7,66.7,0.0,Low,High
BB_0083,B_pos,platelet_concentrate,3,261.0,17.52141546793523,203.66666666666666,132.66666666666666,16.486666666666668,5,15.918915219368015,15.918915219368015,pooled_blood_group_product,203.66666666666666,0.29333333333333333,26.3,287.3,83.6,83.6,0.0,Low,Moderate
BB_0083,B_pos,whole_blood,3,269.0,13.45362404707371,200.0,138.33333333333334,13.423333333333334,42,15.616055501636811,15.616055501636811,pooled_blood_group_product,200.0,0.29333333333333333,25.8,294.8,94.8,94.8,0.0,Low,Low
BB_0083,O_neg,group_O_neg_emergency,1,259.0,,205.0,158.0,19.51,42,15.737583585569908,15.737583585569908,pooled_blood_group_product,205.0,0.29333333333333333,26.0,285.0,80.0,80.0,0.0,Low,High
BB_0083,O_neg,packed_RBC,1,236.0,,196.0,139.0,7.14,42,16.675768019539497,16.675768019539497,pooled_blood_group_product,196.0,0.29333333333333333,27.5,263.5,67.5,67.5,0.0,Low,Low
BB_0083,O_neg,platelet_concentrate,1,224.0,,214.0,110.0,12.15,5,16.930706830055033,16.930706830055033,pooled_blood_group_product,214.0,0.29333333333333333,27.9,251.9,37.9,37.9,0.0,Low,Low
BB_0083,O_pos,cryoprecipitate,4,250.75,7.675719293112971,192.25,145.5,14.5,365,15.956259435791292,15.956259435791292,pooled_blood_group_product,192.25,0.29333333333333333,26.3,277.0,84.8,84.8,0.0,Low,Moderate
BB_0083,O_pos,fresh_frozen_plasma,10,250.0,14.892205269125785,205.6,149.8,15.978,365,16.129072159319048,14.892205269125785,own_history,205.6,0.29333333333333333,24.6,274.6,69.0,69.0,0.0,Low,Moderate
BB_0083,O_pos,group_O_neg_emergency,4,243.0,4.546060565661952,193.25,148.25,14.025,42,15.59947653940603,15.59947653940603,pooled_blood_group_product,193.25,0.29333333333333333,25.7,268.7,75.4,75.4,0.0,Low,Moderate
BB_0083,O_pos,packed_RBC,6,240.0,13.386560424545209,200.5,135.0,16.459999999999997,42,16.220879283084294,13.386560424545209,own_history,200.5,0.29333333333333333,22.1,262.1,61.6,61.6,0.0,Low,Moderate
BB_0083,O_pos,platelet_concentrate,8,250.75,24.13503677229435,191.75,128.75,14.80125,5,15.814220480272407,24.13503677229435,own_history,191.75,0.29333333333333333,39.8,290.6,98.9,98.9,0.0,Low,Moderate
BB_0083,O_pos,whole_blood,3,257.3333333333333,0.577350269189634,195.66666666666666,133.33333333333334,17.919999999999998,42,15.320728507460478,15.320728507460478,pooled_blood_group_product,195.66666666666666,0.29333333333333333,25.3,282.6,86.9,86.9,0.0,Low,Moderate
BB_0084,AB_neg,whole_blood,1,228.0,,212.0,127.0,19.34,42,17.64053303608203,17.64053303608203,pooled_blood_group_product,212.0,0.15517241379310345,29.1,257.1,45.1,45.1,0.0,Low,High
BB_0084,A_pos,cryoprecipitate,4,248.0,13.266499161421603,203.75,144.0,21.442500000000003,365,15.986014398875405,15.986014398875405,pooled_blood_group_product,203.75,0.15517241379310345,26.4,274.4,70.6,70.6,0.0,Low,Moderate
BB_0084,A_pos,fresh_frozen_plasma,2,240.5,4.949747468305833,176.5,121.0,15.559999999999999,365,15.175972252331889,15.175972252331889,pooled_blood_group_product,176.5,0.15517241379310345,25.0,265.5,89.0,89.0,0.0,Low,Moderate
BB_0084,A_pos,group_O_neg_emergency,2,249.0,5.656854249492381,203.5,155.0,12.285,42,16.934146373239873,16.934146373239873,pooled_blood_group_product,203.5,0.15517241379310345,27.9,276.9,73.4,73.4,0.0,Low,Low
BB_0084,A_pos,packed_RBC,5,251.4,17.42985943718422,199.0,154.8,16.663999999999998,42,15.974157533973031,17.42985943718422,own_history,199.0,0.15517241379310345,28.8,280.2,81.2,81.2,0.0,Low,Moderate
BB_0084,A_pos,whole_blood,4,248.0,14.988884770611408,195.0,133.25,16.4925,42,16.26859652330014,16.26859652330014,pooled_blood_group_product,195.0,0.15517241379310345,26.8,274.8,79.8,79.8,0.0,Low,Moderate
BB_0084,B_neg,cryoprecipitate,1,240.0,,194.0,152.0,19.59,365,14.855008056807502,14.855008056807502,pooled_blood_group_product,194.0,0.15517241379310345,24.5,264.5,70.5,70.5,0.0,Low,Moderate
BB_0084,B_neg,packed_RBC,1,246.0,,200.0,132.0,20.5,42,17.510386528104863,17.510386528104863,pooled_blood_group_product,200.0,0.15517241379310345,28.9,274.9,74.9,74.9,0.0,Low,High
BB_0084,B_pos,cryoprecipitate,3,255.0,14.52583904633395,212.33333333333334,143.0,17.603333333333335,365,15.142364873820988,15.142364873820988,pooled_blood_group_product,212.33333333333334,0.15517241379310345,25.0,280.0,67.7,67.7,0.0,Low,Moderate
BB_0084,B_pos,fresh_frozen_plasma,3,239.0,7.0,197.33333333333334,156.33333333333334,21.723333333333333,365,15.753623140581702,15.753623140581702,pooled_blood_group_product,197.33333333333334,0.15517241379310345,26.0,265.0,67.7,67.7,0.0,Low,Moderate
BB_0084,B_pos,group_O_neg_emergency,2,247.0,7.0710678118654755,205.0,151.0,13.415,42,15.327786820822924,15.327786820822924,pooled_blood_group_product,205.0,0.15517241379310345,25.3,272.3,67.3,67.3,0.0,Low,Low
BB_0084,B_pos,packed_RBC,4,243.75,15.217862311551299,183.75,133.75,17.0075,42,15.425681398117081,15.425681398117081,pooled_blood_group_product,183.75,0.15517241379310345,25.5,269.2,85.4,85.4,0.0,Low,Moderate
BB_0084,O_neg,whole_blood,1,250.0,,178.0,149.0,16.29,42,15.177301566829424,15.177301566829424,pooled_blood_group_product,178.0,0.15517241379310345,25.0,275.0,97.0,97.0,0.0,Low,Moderate
BB_0084,O_pos,cryoprecipitate,2,250.5,41.71930009000631,213.5,154.5,9.745000000000001,365,15.956259435791292,15.956259435791292,pooled_blood_group_product,213.5,0.15517241379310345,26.3,276.8,63.3,63.3,0.0,Low,Low
BB_0084,O_pos,fresh_frozen_plasma,3,252.33333333333334,26.83902631120089,208.0,156.33333333333334,16.703333333333333,365,16.129072159319048,16.129072159319048,pooled_blood_group_product,208.0,0.15517241379310345,26.6,278.9,70.9,70.9,0.0,Low,Moderate
BB_0084,O_pos,group_O_neg_emergency,4,261.5,12.922847983320086,196.75,126.0,22.58,42,15.59947653940603,15.59947653940603,pooled_blood_group_product,196.75,0.15517241379310345,25.7,287.2,90.4,90.4,0.0,Low,High
BB_0084,O_pos,packed_RBC,8,248.25,17.417150824895064,193.125,151.75,17.71375,42,16.220879283084294,17.417150824895064,own_history,193.125,0.15517241379310345,28.7,277.0,83.9,83.9,0.0,Low,Moderate
BB_0084,O_pos,platelet_concentrate,5,256.0,11.202678251204043,194.4,150.4,14.486,5,15.814220480272407,11.202678251204043,own_history,194.4,0.15517241379310345,18.5,274.5,80.1,80.1,0.0,Low,Moderate
BB_0084,O_pos,whole_blood,3,256.3333333333333,19.553345834749962,194.0,117.0,16.606666666666666,42,15.320728507460478,15.320728507460478,pooled_blood_group_product,194.0,0.15517241379310345,25.3,281.6,87.6,87.6,0.0,Low,Moderate
BB_0085,AB_pos,cryoprecipitate,1,233.0,,217.0,126.0,22.12,365,16.64565006228281,16.64565006228281,pooled_blood_group_product,217.0,0.29850746268656714,27.5,260.5,43.5,43.5,0.0,Low,Moderate
BB_0085,AB_pos,group_O_neg_emergency,1,250.0,,212.0,143.0,20.28,42,16.01343479009551,16.01343479009551,pooled_blood_group_product,212.0,0.29850746268656714,26.4,276.4,64.4,64.4,0.0,Low,High
BB_0085,AB_pos,platelet_concentrate,1,247.0,,175.0,140.0,8.0,5,14.27616380960629,14.27616380960629,pooled_blood_group_product,175.0,0.29850746268656714,23.6,270.6,95.6,95.6,0.0,Low,Low
BB_0085,A_neg,group_O_neg_emergency,3,251.0,10.14889156509222,189.66666666666666,144.33333333333334,18.626666666666665,42,15.275919791953486,15.275919791953486,pooled_blood_group_product,189.66666666666666,0.29850746268656714,25.2,276.2,86.5,86.5,0.0,Low,Moderate
BB_0085,A_pos,cryoprecipitate,2,227.5,24.748737341529164,200.5,130.5,17.695,365,15.986014398875405,15.986014398875405,pooled_blood_group_product,200.5,0.29850746268656714,26.4,253.9,53.4,53.4,0.0,Low,Moderate
BB_0085,A_pos,fresh_frozen_plasma,1,226.0,,209.0,118.0,19.62,365,15.175972252331889,15.175972252331889,pooled_blood_group_product,209.0,0.29850746268656714,25.0,251.0,42.0,42.0,0.0,Low,Moderate
BB_0085,A_pos,group_O_neg_emergency,2,246.0,2.8284271247461903,195.5,148.0,22.25,42,16.934146373239873,16.934146373239873,pooled_blood_group_product,195.5,0.29850746268656714,27.9,273.9,78.4,78.4,0.0,Low,High
BB_0085,A_pos,packed_RBC,1,256.0,,206.0,115.0,15.05,42,15.974157533973031,15.974157533973031,pooled_blood_group_product,206.0,0.29850746268656714,26.4,282.4,76.4,76.4,0.0,Low,Moderate
BB_0085,A_pos,platelet_concentrate,5,232.2,15.959323293924466,186.0,136.4,16.014000000000003,5,15.570295650182972,15.959323293924466,own_history,186.0,0.29850746268656714,26.3,258.5,72.5,72.5,0.0,Low,Moderate
BB_0085,A_pos,whole_blood,3,247.66666666666666,10.263202878893768,203.0,136.66666666666666,14.06,42,16.26859652330014,16.26859652330014,pooled_blood_group_product,203.0,0.29850746268656714,26.8,274.5,71.5,71.5,0.0,Low,Moderate
BB_0085,B_pos,fresh_frozen_plasma,3,253.66666666666666,14.468356276140472,207.33333333333334,120.0,16.243333333333336,365,15.753623140581702,15.753623140581702,pooled_blood_group_product,207.33333333333334,0.29850746268656714,26.0,279.7,72.4,72.4,0.0,Low,Moderate
BB_0085,B_pos,group_O_neg_emergency,1,233.0,,199.0,147.0,13.07,42,15.327786820822924,15.327786820822924,pooled_blood_group_product,199.0,0.29850746268656714,25.3,258.3,59.3,59.3,0.0,Low,Low
BB_0085,B_pos,packed_RBC,1,228.0,,193.0,131.0,13.47,42,15.425681398117081,15.425681398117081,pooled_blood_group_product,193.0,0.29850746268656714,25.5,253.5,60.5,60.5,0.0,Low,Low
BB_0085,B_pos,platelet_concentrate,3,243.0,10.44030650891055,215.66666666666666,149.33333333333334,14.159999999999998,5,15.918915219368015,15.918915219368015,pooled_blood_group_product,215.66666666666666,0.29850746268656714,26.3,269.3,53.6,53.6,0.0,Low,Moderate
BB_0085,O_neg,whole_blood,2,238.5,12.020815280171307,207.0,140.0,18.994999999999997,42,15.177301566829424,15.177301566829424,pooled_blood_group_product,207.0,0.29850746268656714,25.0,263.5,56.5,56.5,0.0,Low,High
BB_0085,O_pos,cryoprecipitate,8,239.625,18.730704357132048,209.75,133.25,15.405000000000001,365,15.956259435791292,18.730704357132048,own_history,209.75,0.29850746268656714,30.9,270.5,60.8,60.8,0.0,Low,Moderate
BB_0085,O_pos,fresh_frozen_plasma,5,253.4,10.714476188783099,197.8,146.6,17.25,365,16.129072159319048,10.714476188783099,own_history,197.8,0.29850746268656714,17.7,271.1,73.3,73.3,0.0,Low,Moderate
BB_0085,O_pos,group_O_neg_emergency,4,249.75,9.287087810503355,186.5,130.0,17.985,42,15.59947653940603,15.59947653940603,pooled_blood_group_product,186.5,0.29850746268656714,25.7,275.4,88.9,88.9,0.0,Low,Moderate
BB_0085,O_pos,packed_RBC,6,238.5,15.17563837207516,204.83333333333334,124.33333333333333,20.89,42,16.220879283084294,15.17563837207516,own_history,204.83333333333334,0.29850746268656714,25.0,263.5,58.7,58.7,0.0,Low,High
BB_0085,O_pos,platelet_concentrate,10,240.4,16.405960976290157,203.3,148.2,17.22,5,15.814220480272407,16.405960976290157,own_history,203.3,0.29850746268656714,27.1,267.5,64.2,64.2,0.0,Low,Moderate
BB_0085,O_pos,whole_blood,4,253.5,15.947831618540915,197.0,132.0,14.4625,42,15.320728507460478,15.320728507460478,pooled_blood_group_product,197.0,0.29850746268656714,25.3,278.8,81.8,81.8,0.0,Low,Moderate
BB_0086,AB_pos,whole_blood,2,257.5,23.33452377915607,189.5,143.0,20.98,42,13.606168437472475,13.606168437472475,pooled_blood_group_product,189.5,0.40540540540540543,22.5,280.0,90.5,90.5,0.0,Low,High
BB_0086,A_neg,fresh_frozen_plasma,1,244.0,,180.0,130.0,12.78,365,15.630530767171415,15.630530767171415,pooled_blood_group_product,180.0,0.40540540540540543,25.8,269.8,89.8,89.8,0.0,Low,Low
BB_0086,A_neg,platelet_concentrate,2,233.0,11.313708498984761,189.0,134.5,16.125,5,15.26163614252437,15.26163614252437,pooled_blood_group_product,189.0,0.40540540540540543,25.2,258.2,69.2,69.2,0.0,Low,Moderate
BB_0086,A_pos,cryoprecipitate,3,251.0,19.974984355438178,197.33333333333334,130.66666666666666,12.756666666666668,365,15.986014398875405,15.986014398875405,pooled_blood_group_product,197.33333333333334,0.40540540540540543,26.4,277.4,80.1,80.1,0.0,Low,Low
BB_0086,A_pos,fresh_frozen_plasma,1,243.0,,217.0,175.0,10.6,365,15.175972252331889,15.175972252331889,pooled_blood_group_product,217.0,0.40540540540540543,25.0,268.0,51.0,51.0,0.0,Low,Low
BB_0086,A_pos,group_O_neg_emergency,3,257.3333333333333,23.45918441321721,211.66666666666666,138.0,15.84666666666667,42,16.934146373239873,16.934146373239873,pooled_blood_group_product,211.66666666666666,0.40540540540540543,27.9,285.2,73.5,73.5,0.0,Low,Moderate
BB_0086,A_pos,packed_RBC,5,245.6,8.61974477580398,191.6,133.0,18.374000000000002,42,15.974157533973031,8.61974477580398,own_history,191.6,0.40540540540540543,14.2,259.8,68.2,68.2,0.0,Low,Moderate
BB_0086,A_pos,platelet_concentrate,2,240.5,17.67766952966369,198.0,132.0,23.515,5,15.570295650182972,15.570295650182972,pooled_blood_group_product,198.0,0.40540540540540543,25.7,266.2,68.2,68.2,0.0,Low,High
BB_0086,B_neg,whole_blood,2,254.0,9.899494936611665,213.0,113.0,13.425,42,14.346963359011946,14.346963359011946,pooled_blood_group_product,213.0,0.40540540540540543,23.7,277.7,64.7,64.7,0.0,Low,Low
BB_0086,B_pos,cryoprecipitate,3,266.3333333333333,30.892285984260425,197.0,130.0,16.0,365,15.142364873820988,15.142364873820988,pooled_blood_group_product,197.0,0.40540540540540543,25.0,291.3,94.3,94.3,0.0,Low,Moderate
BB_0086,B_pos,fresh_frozen_plasma,2,234.5,28.991378028648448,215.5,163.5,24.740000000000002,365,15.753623140581702,15.753623140581702,pooled_blood_group_product,215.5,0.40540540540540543,26.0,260.5,45.0,45.0,0.0,Low,Moderate
BB_0086,B_pos,packed_RBC,2,255.0,11.313708498984761,200.0,134.5,16.939999999999998,42,15.425681398117081,15.425681398117081,pooled_blood_group_product,200.0,0.40540540540540543,25.5,280.5,80.5,80.5,0.0,Low,Moderate
BB_0086,B_pos,platelet_concentrate,4,247.25,11.086778913041726,217.0,151.5,17.95,5,15.918915219368015,15.918915219368015,pooled_blood_group_product,217.0,0.40540540540540543,26.3,273.6,56.6,56.6,0.0,Low,Moderate
BB_0086,B_pos,whole_blood,2,251.5,28.991378028648448,190.0,124.5,25.939999999999998,42,15.616055501636811,15.616055501636811,pooled_blood_group_product,190.0,0.40540540540540543,25.8,277.3,87.3,87.3,0.0,Low,High
BB_0086,O_neg,cryoprecipitate,1,269.0,,204.0,128.0,5.39,365,16.832005704612282,16.832005704612282,pooled_blood_group_product,204.0,0.40540540540540543,27.8,296.8,92.8,92.8,0.0,Low,Low
BB_0086,O_pos,cryoprecipitate,9,252.88888888888889,15.053607910102837,194.22222222222223,140.88888888888889,17.743333333333332,365,15.956259435791292,15.053607910102837,own_history,194.22222222222223,0.40540540540540543,24.8,277.7,83.5,83.5,0.0,Low,Moderate
BB_0086,O_pos,fresh_frozen_plasma,4,249.0,26.369173922088144,207.5,140.5,18.5125,365,16.129072159319048,16.129072159319048,pooled_blood_group_product,207.5,0.40540540540540543,26.6,275.6,68.1,68.1,0.0,Low,Moderate
BB_0086,O_pos,group_O_neg_emergency,8,253.875,9.745878249657281,205.25,145.875,14.48875,42,15.59947653940603,9.745878249657281,own_history,205.25,0.40540540540540543,16.1,270.0,64.8,64.8,0.0,Low,Moderate
BB_0086,O_pos,packed_RBC,4,243.0,7.70281333886089,185.25,140.25,18.92,42,16.220879283084294,16.220879283084294,pooled_blood_group_product,185.25,0.40540540540540543,26.8,269.8,84.6,84.6,0.0,Low,Moderate
BB_0086,O_pos,platelet_concentrate,8,266.375,10.848798485151642,199.875,154.125,17.08875,5,15.814220480272407,10.848798485151642,own_history,199.875,0.40540540540540543,17.9,284.3,84.4,84.4,0.0,Low,Moderate
BB_0086,O_pos,whole_blood,6,258.5,8.45576726264388,199.83333333333334,150.66666666666666,16.275000000000002,42,15.320728507460478,8.45576726264388,own_history,199.83333333333334,0.40540540540540543,14.0,272.5,72.7,72.7,0.0,Low,Moderate
BB_0087,AB_neg,packed_RBC,1,238.0,,206.0,119.0,13.11,42,13.932332543759145,13.932332543759145,pooled_blood_group_product,206.0,0.20588235294117646,23.0,261.0,55.0,55.0,0.0,Low,Low
BB_0087,AB_pos,cryoprecipitate,1,260.0,,175.0,139.0,17.14,365,16.64565006228281,16.64565006228281,pooled_blood_group_product,175.0,0.20588235294117646,27.5,287.5,112.5,112.5,0.0,Low,Moderate
BB_0087,AB_pos,fresh_frozen_plasma,1,240.0,,191.0,125.0,10.99,365,15.529870914464443,15.529870914464443,pooled_blood_group_product,191.0,0.20588235294117646,25.6,265.6,74.6,74.6,0.0,Low,Low
BB_0087,AB_pos,group_O_neg_emergency,2,251.5,2.1213203435596424,199.5,141.0,17.645,42,16.01343479009551,16.01343479009551,pooled_blood_group_product,199.5,0.20588235294117646,26.4,277.9,78.4,78.4,0.0,Low,Moderate
BB_0087,AB_pos,packed_RBC,1,236.0,,183.0,89.0,22.4,42,17.421402900877148,17.421402900877148,pooled_blood_group_product,183.0,0.20588235294117646,28.7,264.7,81.7,81.7,0.0,Low,High
BB_0087,AB_pos,platelet_concentrate,1,241.0,,199.0,140.0,25.13,5,14.27616380960629,14.27616380960629,pooled_blood_group_product,199.0,0.20588235294117646,23.6,264.6,65.6,65.6,0.0,Low,High
BB_0087,A_neg,whole_blood,1,264.0,,205.0,154.0,10.73,42,16.829684030913054,16.829684030913054,pooled_blood_group_product,205.0,0.20588235294117646,27.8,291.8,86.8,86.8,0.0,Low,Low
BB_0087,A_pos,cryoprecipitate,1,277.0,,212.0,137.0,12.74,365,15.986014398875405,15.986014398875405,pooled_blood_group_product,212.0,0.20588235294117646,26.4,303.4,91.4,91.4,0.0,Low,Low
BB_0087,A_pos,group_O_neg_emergency,3,248.0,8.717797887081348,196.66666666666666,132.66666666666666,16.116666666666667,42,16.934146373239873,16.934146373239873,pooled_blood_group_product,196.66666666666666,0.20588235294117646,27.9,275.9,79.2,79.2,0.0,Low,Moderate
BB_0087,A_pos,packed_RBC,1,241.0,,205.0,118.0,20.0,42,15.974157533973031,15.974157533973031,pooled_blood_group_product,205.0,0.20588235294117646,26.4,267.4,62.4,62.4,0.0,Low,High
BB_0087,A_pos,platelet_concentrate,6,249.33333333333334,13.793718377097113,212.5,141.5,16.773333333333333,5,15.570295650182972,13.793718377097113,own_history,212.5,0.20588235294117646,22.8,272.1,59.6,59.6,0.0,Low,Moderate
BB_0087,A_pos,whole_blood,3,254.0,3.4641016151377544,185.33333333333334,123.0,20.613333333333333,42,16.26859652330014,16.26859652330014,pooled_blood_group_product,185.33333333333334,0.20588235294117646,26.8,280.8,95.5,95.5,0.0,Low,High
BB_0087,B_neg,packed_RBC,1,266.0,,206.0,142.0,27.67,42,17.510386528104863,17.510386528104863,pooled_blood_group_product,206.0,0.20588235294117646,28.9,294.9,88.9,88.9,0.0,Low,High
BB_0087,B_neg,platelet_concentrate,1,251.0,,176.0,125.0,13.07,5,15.063664178898293,15.063664178898293,pooled_blood_group_product,176.0,0.20588235294117646,24.9,275.9,99.9,99.9,0.0,Low,Low
BB_0087,B_pos,cryoprecipitate,2,260.0,18.384776310850235,192.5,130.0,13.18,365,15.142364873820988,15.142364873820988,pooled_blood_group_product,192.5,0.20588235294117646,25.0,285.0,92.5,92.5,0.0,Low,Low
BB_0087,B_pos,fresh_frozen_plasma,1,261.0,,200.0,164.0,18.5,365,15.753623140581702,15.753623140581702,pooled_blood_group_product,200.0,0.20588235294117646,26.0,287.0,87.0,87.0,0.0,Low,Moderate
BB_0087,B_pos,group_O_neg_emergency,1,260.0,,189.0,134.0,17.46,42,15.327786820822924,15.327786820822924,pooled_blood_group_product,189.0,0.20588235294117646,25.3,285.3,96.3,96.3,0.0,Low,Moderate
BB_0087,B_pos,packed_RBC,2,241.0,4.242640687119285,193.0,137.5,14.705,42,15.425681398117081,15.425681398117081,pooled_blood_group_product,193.0,0.20588235294117646,25.5,266.5,73.5,73.5,0.0,Low,Moderate
BB_0087,B_pos,platelet_concentrate,3,248.0,16.64331697709324,198.0,138.33333333333334,15.943333333333333,5,15.918915219368015,15.918915219368015,pooled_blood_group_product,198.0,0.20588235294117646,26.3,274.3,76.3,76.3,0.0,Low,Moderate
BB_0087,B_pos,whole_blood,2,257.5,26.16295090390226,200.5,140.5,22.79,42,15.616055501636811,15.616055501636811,pooled_blood_group_product,200.5,0.20588235294117646,25.8,283.3,82.8,82.8,0.0,Low,High
BB_0087,O_neg,cryoprecipitate,2,247.5,16.263455967290593,210.0,151.5,13.600000000000001,365,16.832005704612282,16.832005704612282,pooled_blood_group_product,210.0,0.20588235294117646,27.8,275.3,65.3,65.3,0.0,Low,Low
BB_0087,O_neg,fresh_frozen_plasma,1,250.0,,180.0,132.0,22.78,365,14.714175377770642,14.714175377770642,pooled_blood_group_product,180.0,0.20588235294117646,24.3,274.3,94.3,94.3,0.0,Low,Moderate
BB_0087,O_neg,platelet_concentrate,1,263.0,,192.0,123.0,22.4,5,16.930706830055033,16.930706830055033,pooled_blood_group_product,192.0,0.20588235294117646,27.9,290.9,98.9,98.9,0.0,Low,High
BB_0087,O_neg,whole_blood,2,251.5,17.67766952966369,203.0,144.0,13.56,42,15.177301566829424,15.177301566829424,pooled_blood_group_product,203.0,0.20588235294117646,25.0,276.5,73.5,73.5,0.0,Low,Low
BB_0087,O_pos,cryoprecipitate,4,246.75,25.38208029299411,190.75,145.0,20.8675,365,15.956259435791292,15.956259435791292,pooled_blood_group_product,190.75,0.20588235294117646,26.3,273.0,82.2,82.2,0.0,Low,Moderate
BB_0087,O_pos,fresh_frozen_plasma,6,254.33333333333334,17.47760471765701,196.5,141.83333333333334,16.745,365,16.129072159319048,17.47760471765701,own_history,196.5,0.20588235294117646,28.8,283.1,86.6,86.6,0.0,Low,Moderate
BB_0087,O_pos,group_O_neg_emergency,4,252.0,35.89800365851375,204.75,142.5,15.5925,42,15.59947653940603,15.59947653940603,pooled_blood_group_product,204.75,0.20588235294117646,25.7,277.7,72.9,72.9,0.0,Low,Moderate
BB_0087,O_pos,packed_RBC,8,245.75,9.48306761699881,212.25,138.625,19.28375,42,16.220879283084294,9.48306761699881,own_history,212.25,0.20588235294117646,15.6,261.4,49.1,49.1,0.0,Low,High
BB_0087,O_pos,platelet_concentrate,3,261.0,13.856406460551018,194.66666666666666,147.0,7.353333333333333,5,15.814220480272407,15.814220480272407,pooled_blood_group_product,194.66666666666666,0.20588235294117646,26.1,287.1,92.4,92.4,0.0,Low,Low
BB_0087,O_pos,whole_blood,2,239.0,5.656854249492381,216.5,150.5,20.89,42,15.320728507460478,15.320728507460478,pooled_blood_group_product,216.5,0.20588235294117646,25.3,264.3,47.8,47.8,0.0,Low,High
BB_0088,AB_pos,fresh_frozen_plasma,1,255.0,,206.0,152.0,16.99,365,15.529870914464443,15.529870914464443,pooled_blood_group_product,206.0,0.31746031746031744,25.6,280.6,74.6,74.6,0.0,Low,Moderate
BB_0088,A_neg,whole_blood,1,275.0,,228.0,171.0,7.02,42,16.829684030913054,16.829684030913054,pooled_blood_group_product,228.0,0.31746031746031744,27.8,302.8,74.8,74.8,0.0,Low,Low
BB_0088,A_pos,cryoprecipitate,2,248.0,21.213203435596427,192.5,143.0,4.845,365,15.986014398875405,15.986014398875405,pooled_blood_group_product,192.5,0.31746031746031744,26.4,274.4,81.9,81.9,0.0,Low,Low
BB_0088,A_pos,group_O_neg_emergency,3,258.6666666666667,20.207259421636905,194.0,133.66666666666666,18.16,42,16.934146373239873,16.934146373239873,pooled_blood_group_product,194.0,0.31746031746031744,27.9,286.6,92.6,92.6,0.0,Low,Moderate
BB_0088,A_pos,packed_RBC,1,226.0,,171.0,145.0,19.88,42,15.974157533973031,15.974157533973031,pooled_blood_group_product,171.0,0.31746031746031744,26.4,252.4,81.4,81.4,0.0,Low,High
BB_0088,A_pos,platelet_concentrate,2,250.0,0.0,196.0,124.5,18.89,5,15.570295650182972,15.570295650182972,pooled_blood_group_product,196.0,0.31746031746031744,25.7,275.7,79.7,79.7,0.0,Low,Moderate
BB_0088,B_neg,cryoprecipitate,1,257.0,,184.0,133.0,4.89,365,14.855008056807502,14.855008056807502,pooled_blood_group_product,184.0,0.31746031746031744,24.5,281.5,97.5,97.5,0.0,Low,Low
BB_0088,B_neg,fresh_frozen_plasma,1,277.0,,224.0,173.0,14.29,365,18.483089984756752,18.483089984756752,pooled_blood_group_product,224.0,0.31746031746031744,30.5,307.5,83.5,83.5,0.0,Low,Moderate
BB_0088,B_neg,group_O_neg_emergency,1,280.0,,180.0,102.0,25.0,42,16.421857975114715,16.421857975114715,pooled_blood_group_product,180.0,0.31746031746031744,27.1,307.1,127.1,127.1,0.0,Low,High
BB_0088,B_neg,whole_blood,2,271.0,8.48528137423857,190.5,169.5,12.55,42,14.346963359011946,14.346963359011946,pooled_blood_group_product,190.5,0.31746031746031744,23.7,294.7,104.2,104.2,0.0,Low,Low
BB_0088,B_pos,fresh_frozen_plasma,1,248.0,,242.0,164.0,12.4,365,15.753623140581702,15.753623140581702,pooled_blood_group_product,242.0,0.31746031746031744,26.0,274.0,32.0,32.0,0.0,Low,Low
BB_0088,B_pos,group_O_neg_emergency,2,231.5,28.991378028648448,194.0,133.5,16.355,42,15.327786820822924,15.327786820822924,pooled_blood_group_product,194.0,0.31746031746031744,25.3,256.8,62.8,62.8,0.0,Low,Moderate
BB_0088,B_pos,packed_RBC,3,244.66666666666666,5.5075705472861065,193.0,153.0,14.793333333333335,42,15.425681398117081,15.425681398117081,pooled_blood_group_product,193.0,0.31746031746031744,25.5,270.2,77.2,77.2,0.0,Low,Moderate
BB_0088,B_pos,whole_blood,4,243.25,14.750706197783662,205.0,145.5,17.695,42,15.616055501636811,15.616055501636811,pooled_blood_group_product,205.0,0.31746031746031744,25.8,269.0,64.0,64.0,0.0,Low,Moderate
BB_0088,O_neg,cryoprecipitate,2,246.5,2.1213203435596424,212.0,152.0,11.754999999999999,365,16.832005704612282,16.832005704612282,pooled_blood_group_product,212.0,0.31746031746031744,27.8,274.3,62.3,62.3,0.0,Low,Low
BB_0088,O_neg,fresh_frozen_plasma,2,248.5,0.7071067811865476,220.0,129.5,17.575,365,14.714175377770642,14.714175377770642,pooled_blood_group_product,220.0,0.31746031746031744,24.3,272.8,52.8,52.8,0.0,Low,Moderate
BB_0088,O_neg,group_O_neg_emergency,1,226.0,,181.0,144.0,12.71,42,15.737583585569908,15.737583585569908,pooled_blood_group_product,181.0,0.31746031746031744,26.0,252.0,71.0,71.0,0.0,Low,Low
BB_0088,O_neg,packed_RBC,1,269.0,,192.0,146.0,25.0,42,16.675768019539497,16.675768019539497,pooled_blood_group_product,192.0,0.31746031746031744,27.5,296.5,104.5,104.5,0.0,Low,High
BB_0088,O_neg,platelet_concentrate,1,266.0,,224.0,155.0,12.05,5,16.930706830055033,16.930706830055033,pooled_blood_group_product,224.0,0.31746031746031744,27.9,293.9,69.9,69.9,0.0,Low,Low
BB_0088,O_neg,whole_blood,1,240.0,,192.0,137.0,8.33,42,15.177301566829424,15.177301566829424,pooled_blood_group_product,192.0,0.31746031746031744,25.0,265.0,73.0,73.0,0.0,Low,Low
BB_0088,O_pos,cryoprecipitate,4,236.75,9.63932916061417,190.0,130.25,18.295,365,15.956259435791292,15.956259435791292,pooled_blood_group_product,190.0,0.31746031746031744,26.3,263.0,73.0,73.0,0.0,Low,Moderate
BB_0088,O_pos,fresh_frozen_plasma,6,250.83333333333334,14.119726154096142,199.16666666666666,138.5,14.165,365,16.129072159319048,14.119726154096142,own_history,199.16666666666666,0.31746031746031744,23.3,274.1,74.9,74.9,0.0,Low,Moderate
BB_0088,O_pos,group_O_neg_emergency,8,245.25,11.196300409382687,197.125,145.75,15.9275,42,15.59947653940603,11.196300409382687,own_history,197.125,0.31746031746031744,18.5,263.8,66.7,66.7,0.0,Low,Moderate
BB_0088,O_pos,packed_RBC,5,254.6,32.97423236407483,207.2,135.4,14.112,42,16.220879283084294,32.97423236407483,own_history,207.2,0.31746031746031744,54.4,309.0,101.8,101.8,0.0,Low,Moderate
BB_0088,O_pos,platelet_concentrate,3,250.0,20.223748416156685,199.33333333333334,138.0,20.673333333333332,5,15.814220480272407,15.814220480272407,pooled_blood_group_product,199.33333333333334,0.31746031746031744,26.1,276.1,76.8,76.8,0.0,Low,High
BB_0088,O_pos,whole_blood,4,252.75,12.711543310445567,204.75,153.0,8.7575,42,15.320728507460478,15.320728507460478,pooled_blood_group_product,204.75,0.31746031746031744,25.3,278.0,73.2,73.2,0.0,Low,Low
BB_0089,AB_neg,whole_blood,1,234.0,,193.0,190.0,13.99,42,17.64053303608203,17.64053303608203,pooled_blood_group_product,193.0,0.2903225806451613,29.1,263.1,70.1,70.1,0.0,Low,Moderate
BB_0089,AB_pos,cryoprecipitate,2,254.0,5.656854249492381,220.5,136.0,20.785,365,16.64565006228281,16.64565006228281,pooled_blood_group_product,220.5,0.2903225806451613,27.5,281.5,61.0,61.0,0.0,Low,Moderate
BB_0089,AB_pos,whole_blood,1,243.0,,189.0,160.0,20.11,42,13.606168437472475,13.606168437472475,pooled_blood_group_product,189.0,0.2903225806451613,22.5,265.5,76.5,76.5,0.0,Low,High
BB_0089,A_neg,cryoprecipitate,1,262.0,,184.0,126.0,9.24,365,14.243844171226868,14.243844171226868,pooled_blood_group_product,184.0,0.2903225806451613,23.5,285.5,101.5,101.5,0.0,Low,Low
BB_0089,A_neg,platelet_concentrate,1,242.0,,203.0,164.0,21.67,5,15.26163614252437,15.26163614252437,pooled_blood_group_product,203.0,0.2903225806451613,25.2,267.2,64.2,64.2,0.0,Low,High
BB_0089,A_neg,whole_blood,2,256.0,9.899494936611665,194.0,137.5,22.855,42,16.829684030913054,16.829684030913054,pooled_blood_group_product,194.0,0.2903225806451613,27.8,283.8,89.8,89.8,0.0,Low,High
BB_0089,A_pos,cryoprecipitate,4,252.25,13.04798835069989,201.5,128.25,18.192500000000003,365,15.986014398875405,15.986014398875405,pooled_blood_group_product,201.5,0.2903225806451613,26.4,278.6,77.1,77.1,0.0,Low,Moderate
BB_0089,A_pos,fresh_frozen_plasma,1,259.0,,201.0,147.0,24.88,365,15.175972252331889,15.175972252331889,pooled_blood_group_product,201.0,0.2903225806451613,25.0,284.0,83.0,83.0,0.0,Low,Moderate
BB_0089,A_pos,group_O_neg_emergency,6,237.0,17.412639087743134,196.16666666666666,144.33333333333334,15.939999999999998,42,16.934146373239873,17.412639087743134,own_history,196.16666666666666,0.2903225806451613,28.7,265.7,69.5,69.5,0.0,Low,Moderate
BB_0089,A_pos,packed_RBC,2,259.5,6.363961030678928,193.0,146.5,14.915,42,15.974157533973031,15.974157533973031,pooled_blood_group_product,193.0,0.2903225806451613,26.4,285.9,92.9,92.9,0.0,Low,Moderate
BB_0089,A_pos,platelet_concentrate,2,233.0,12.727922061357855,206.0,108.0,19.284999999999997,5,15.570295650182972,15.570295650182972,pooled_blood_group_product,206.0,0.2903225806451613,25.7,258.7,52.7,52.7,0.0,Low,High
BB_0089,A_pos,whole_blood,3,274.0,6.082762530298219,189.66666666666666,148.0,10.826666666666666,42,16.26859652330014,16.26859652330014,pooled_blood_group_product,189.66666666666666,0.2903225806451613,26.8,300.8,111.1,111.1,0.0,Low,Low
BB_0089,B_neg,group_O_neg_emergency,1,256.0,,201.0,189.0,19.9,42,16.421857975114715,16.421857975114715,pooled_blood_group_product,201.0,0.2903225806451613,27.1,283.1,82.1,82.1,0.0,Low,High
BB_0089,B_pos,cryoprecipitate,2,250.0,21.213203435596427,232.0,137.0,14.535,365,15.142364873820988,15.142364873820988,pooled_blood_group_product,232.0,0.2903225806451613,25.0,275.0,43.0,43.0,0.0,Low,Moderate
BB_0089,B_pos,fresh_frozen_plasma,1,238.0,,187.0,127.0,17.11,365,15.753623140581702,15.753623140581702,pooled_blood_group_product,187.0,0.2903225806451613,26.0,264.0,77.0,77.0,0.0,Low,Moderate
BB_0089,B_pos,packed_RBC,1,230.0,,200.0,133.0,12.0,42,15.425681398117081,15.425681398117081,pooled_blood_group_product,200.0,0.2903225806451613,25.5,255.5,55.5,55.5,0.0,Low,Low
BB_0089,B_pos,platelet_concentrate,2,244.0,9.899494936611665,199.5,158.5,16.6,5,15.918915219368015,15.918915219368015,pooled_blood_group_product,199.5,0.2903225806451613,26.3,270.3,70.8,70.8,0.0,Low,Moderate
BB_0089,B_pos,whole_blood,4,261.5,16.782927833565473,208.0,182.75,17.5775,42,15.616055501636811,15.616055501636811,pooled_blood_group_product,208.0,0.2903225806451613,25.8,287.3,79.3,79.3,0.0,Low,Moderate
BB_0089,O_neg,group_O_neg_emergency,2,239.0,14.142135623730951,202.5,152.0,13.35,42,15.737583585569908,15.737583585569908,pooled_blood_group_product,202.5,0.2903225806451613,26.0,265.0,62.5,62.5,0.0,Low,Low
BB_0089,O_pos,cryoprecipitate,1,234.0,,197.0,128.0,20.3,365,15.956259435791292,15.956259435791292,pooled_blood_group_product,197.0,0.2903225806451613,26.3,260.3,63.3,63.3,0.0,Low,Moderate
BB_0089,O_pos,fresh_frozen_plasma,5,253.0,9.591663046625436,203.4,139.2,14.724,365,16.129072159319048,9.591663046625436,own_history,203.4,0.2903225806451613,15.8,268.8,65.4,65.4,0.0,Low,Moderate
BB_0089,O_pos,group_O_neg_emergency,4,256.0,10.295630140986999,202.75,129.25,17.385,42,15.59947653940603,15.59947653940603,pooled_blood_group_product,202.75,0.2903225806451613,25.7,281.7,78.9,78.9,0.0,Low,Moderate
BB_0089,O_pos,packed_RBC,3,241.33333333333334,10.214368964029704,199.66666666666666,133.33333333333334,18.48,42,16.220879283084294,16.220879283084294,pooled_blood_group_product,199.66666666666666,0.2903225806451613,26.8,268.1,68.4,68.4,0.0,Low,Moderate
BB_0089,O_pos,platelet_concentrate,2,242.5,19.091883092036785,197.5,149.5,19.61,5,15.814220480272407,15.814220480272407,pooled_blood_group_product,197.5,0.2903225806451613,26.1,268.6,71.1,71.1,0.0,Low,High
BB_0089,O_pos,whole_blood,8,252.125,20.99277086454831,198.625,145.75,17.59625,42,15.320728507460478,20.99277086454831,own_history,198.625,0.2903225806451613,34.6,286.7,88.1,88.1,0.0,Low,Moderate
BB_0090,AB_neg,fresh_frozen_plasma,1,265.0,,178.0,137.0,22.47,365,18.018509002319437,18.018509002319437,pooled_blood_group_product,178.0,0.2,29.7,294.7,116.7,116.7,0.0,Low,Moderate
BB_0090,AB_neg,packed_RBC,1,275.0,,211.0,150.0,20.38,42,13.932332543759145,13.932332543759145,pooled_blood_group_product,211.0,0.2,23.0,298.0,87.0,87.0,0.0,Low,High
BB_0090,AB_pos,group_O_neg_emergency,1,226.0,,226.0,168.0,19.47,42,16.01343479009551,16.01343479009551,pooled_blood_group_product,226.0,0.2,26.4,252.4,26.4,26.4,0.0,Low,High
BB_0090,A_neg,platelet_concentrate,1,250.0,,208.0,122.0,21.63,5,15.26163614252437,15.26163614252437,pooled_blood_group_product,208.0,0.2,25.2,275.2,67.2,67.2,0.0,Low,High
BB_0090,A_pos,cryoprecipitate,4,250.5,19.621416870348583,195.0,128.0,20.1225,365,15.986014398875405,15.986014398875405,pooled_blood_group_product,195.0,0.2,26.4,276.9,81.9,81.9,0.0,Low,Moderate
BB_0090,A_pos,fresh_frozen_plasma,3,241.33333333333334,14.364307617610159,197.66666666666666,138.33333333333334,19.456666666666667,365,15.175972252331889,15.175972252331889,pooled_blood_group_product,197.66666666666666,0.2,25.0,266.3,68.6,68.6,0.0,Low,Moderate
BB_0090,A_pos,group_O_neg_emergency,2,237.5,12.020815280171307,192.0,147.0,20.72,42,16.934146373239873,16.934146373239873,pooled_blood_group_product,192.0,0.2,27.9,265.4,73.4,73.4,0.0,Low,High
BB_0090,A_pos,packed_RBC,3,259.6666666666667,15.885003409925133,191.66666666666666,171.33333333333334,21.026666666666667,42,15.974157533973031,15.974157533973031,pooled_blood_group_product,191.66666666666666,0.2,26.4,286.1,94.4,94.4,0.0,Low,High
BB_0090,A_pos,platelet_concentrate,1,243.0,,184.0,141.0,17.93,5,15.570295650182972,15.570295650182972,pooled_blood_group_product,184.0,0.2,25.7,268.7,84.7,84.7,0.0,Low,Moderate
BB_0090,A_pos,whole_blood,1,251.0,,216.0,166.0,31.94,42,16.26859652330014,16.26859652330014,pooled_blood_group_product,216.0,0.2,26.8,277.8,61.8,61.8,0.0,Low,High
BB_0090,B_neg,whole_blood,1,253.0,,204.0,94.0,15.2,42,14.346963359011946,14.346963359011946,pooled_blood_group_product,204.0,0.2,23.7,276.7,72.7,72.7,0.0,Low,Moderate
BB_0090,B_pos,cryoprecipitate,3,256.0,15.716233645501712,206.0,138.33333333333334,11.456666666666669,365,15.142364873820988,15.142364873820988,pooled_blood_group_product,206.0,0.2,25.0,281.0,75.0,75.0,0.0,Low,Low
BB_0090,B_pos,fresh_frozen_plasma,2,249.5,7.7781745930520225,189.5,130.0,19.424999999999997,365,15.753623140581702,15.753623140581702,pooled_blood_group_product,189.5,0.2,26.0,275.5,86.0,86.0,0.0,Low,Moderate
BB_0090,B_pos,group_O_neg_emergency,4,256.75,13.768926368215249,199.5,149.0,10.442499999999999,42,15.327786820822924,15.327786820822924,pooled_blood_group_product,199.5,0.2,25.3,282.0,82.5,82.5,0.0,Low,Low
BB_0090,B_pos,packed_RBC,3,244.0,5.5677643628300215,215.0,139.66666666666666,21.08666666666667,42,15.425681398117081,15.425681398117081,pooled_blood_group_product,215.0,0.2,25.5,269.5,54.5,54.5,0.0,Low,High
BB_0090,B_pos,platelet_concentrate,1,244.0,,187.0,126.0,16.58,5,15.918915219368015,15.918915219368015,pooled_blood_group_product,187.0,0.2,26.3,270.3,83.3,83.3,0.0,Low,Moderate
BB_0090,B_pos,whole_blood,4,242.25,12.841988423397158,209.25,122.25,15.8575,42,15.616055501636811,15.616055501636811,pooled_blood_group_product,209.25,0.2,25.8,268.0,58.8,58.8,0.0,Low,Moderate
BB_0090,O_neg,fresh_frozen_plasma,1,239.0,,184.0,131.0,13.59,365,14.714175377770642,14.714175377770642,pooled_blood_group_product,184.0,0.2,24.3,263.3,79.3,79.3,0.0,Low,Low
BB_0090,O_neg,group_O_neg_emergency,1,246.0,,181.0,123.0,12.15,42,15.737583585569908,15.737583585569908,pooled_blood_group_product,181.0,0.2,26.0,272.0,91.0,91.0,0.0,Low,Low
BB_0090,O_neg,platelet_concentrate,2,248.0,36.76955262170047,226.0,148.5,15.489999999999998,5,16.930706830055033,16.930706830055033,pooled_blood_group_product,226.0,0.2,27.9,275.9,49.9,49.9,0.0,Low,Moderate
BB_0090,O_pos,cryoprecipitate,6,248.33333333333334,17.50047618399758,197.0,162.33333333333334,12.805,365,15.956259435791292,17.50047618399758,own_history,197.0,0.2,28.9,277.2,80.2,80.2,0.0,Low,Low
BB_0090,O_pos,fresh_frozen_plasma,7,243.71428571428572,12.932056883500598,203.0,137.42857142857142,17.201428571428572,365,16.129072159319048,12.932056883500598,own_history,203.0,0.2,21.3,265.0,62.0,62.0,0.0,Low,Moderate
BB_0090,O_pos,group_O_neg_emergency,3,234.0,18.734993995195193,192.0,129.66666666666666,10.013333333333334,42,15.59947653940603,15.59947653940603,pooled_blood_group_product,192.0,0.2,25.7,259.7,67.7,67.7,0.0,Low,Low
BB_0090,O_pos,packed_RBC,4,244.0,12.780193008453878,199.0,153.75,15.3275,42,16.220879283084294,16.220879283084294,pooled_blood_group_product,199.0,0.2,26.8,270.8,71.8,71.8,0.0,Low,Moderate
BB_0090,O_pos,platelet_concentrate,5,249.0,16.896745248715803,213.8,170.2,14.193999999999999,5,15.814220480272407,16.896745248715803,own_history,213.8,0.2,27.9,276.9,63.1,63.1,0.0,Low,Moderate
BB_0090,O_pos,whole_blood,5,243.6,15.582040944625966,199.2,129.2,16.83,42,15.320728507460478,15.582040944625966,own_history,199.2,0.2,25.7,269.3,70.1,70.1,0.0,Low,Moderate
BB_0091,AB_pos,cryoprecipitate,2,238.0,4.242640687119285,185.0,153.5,14.87,365,16.64565006228281,16.64565006228281,pooled_blood_group_product,185.0,0.21739130434782608,27.5,265.5,80.5,80.5,0.0,Low,Moderate
BB_0091,AB_pos,platelet_concentrate,1,253.0,,188.0,164.0,7.98,5,14.27616380960629,14.27616380960629,pooled_blood_group_product,188.0,0.21739130434782608,23.6,276.6,88.6,88.6,0.0,Low,Low
BB_0091,A_neg,whole_blood,1,267.0,,194.0,131.0,16.49,42,16.829684030913054,16.829684030913054,pooled_blood_group_product,194.0,0.21739130434782608,27.8,294.8,100.8,100.8,0.0,Low,Moderate
BB_0091,A_pos,cryoprecipitate,2,243.5,38.890872965260115,201.5,127.0,10.565000000000001,365,15.986014398875405,15.986014398875405,pooled_blood_group_product,201.5,0.21739130434782608,26.4,269.9,68.4,68.4,0.0,Low,Low
BB_0091,A_pos,fresh_frozen_plasma,2,257.5,24.748737341529164,203.5,165.0,18.685000000000002,365,15.175972252331889,15.175972252331889,pooled_blood_group_product,203.5,0.21739130434782608,25.0,282.5,79.0,79.0,0.0,Low,Moderate
BB_0091,A_pos,group_O_neg_emergency,4,238.25,17.613914953808536,193.75,131.5,15.6025,42,16.934146373239873,16.934146373239873,pooled_blood_group_product,193.75,0.21739130434782608,27.9,266.2,72.4,72.4,0.0,Low,Moderate
BB_0091,A_pos,packed_RBC,4,254.75,26.52514530277513,209.25,134.75,22.002499999999998,42,15.974157533973031,15.974157533973031,pooled_blood_group_product,209.25,0.21739130434782608,26.4,281.2,71.9,71.9,0.0,Low,High
BB_0091,A_pos,platelet_concentrate,2,240.0,5.656854249492381,206.5,119.0,21.4,5,15.570295650182972,15.570295650182972,pooled_blood_group_product,206.5,0.21739130434782608,25.7,265.7,59.2,59.2,0.0,Low,High
BB_0091,A_pos,whole_blood,4,241.75,12.816005617976296,217.25,140.5,13.035,42,16.26859652330014,16.26859652330014,pooled_blood_group_product,217.25,0.21739130434782608,26.8,268.6,51.4,51.4,0.0,Low,Low
BB_0091,B_pos,cryoprecipitate,4,248.0,14.85485330343813,197.75,141.0,15.14,365,15.142364873820988,15.142364873820988,pooled_blood_group_product,197.75,0.21739130434782608,25.0,273.0,75.2,75.2,0.0,Low,Moderate
BB_0091,B_pos,fresh_frozen_plasma,1,230.0,,215.0,131.0,3.26,365,15.753623140581702,15.753623140581702,pooled_blood_group_product,215.0,0.21739130434782608,26.0,256.0,41.0,41.0,0.0,Low,Low
BB_0091,B_pos,group_O_neg_emergency,1,260.0,,205.0,185.0,6.34,42,15.327786820822924,15.327786820822924,pooled_blood_group_product,205.0,0.21739130434782608,25.3,285.3,80.3,80.3,0.0,Low,Low
BB_0091,B_pos,platelet_concentrate,2,252.0,5.656854249492381,205.5,143.0,22.08,5,15.918915219368015,15.918915219368015,pooled_blood_group_product,205.5,0.21739130434782608,26.3,278.3,72.8,72.8,0.0,Low,High
BB_0091,B_pos,whole_blood,4,262.25,4.573474244670755,203.75,151.75,11.79,42,15.616055501636811,15.616055501636811,pooled_blood_group_product,203.75,0.21739130434782608,25.8,288.0,84.2,84.2,0.0,Low,Low
BB_0091,O_neg,platelet_concentrate,1,263.0,,184.0,98.0,20.65,5,16.930706830055033,16.930706830055033,pooled_blood_group_product,184.0,0.21739130434782608,27.9,290.9,106.9,106.9,0.0,Low,High
BB_0091,O_pos,cryoprecipitate,5,240.4,24.2755020545405,210.4,137.4,19.846,365,15.956259435791292,24.2755020545405,own_history,210.4,0.21739130434782608,40.1,280.5,70.1,70.1,0.0,Low,Moderate
BB_0091,O_pos,fresh_frozen_plasma,6,245.0,17.204650534085253,202.16666666666666,141.66666666666666,15.081666666666665,365,16.129072159319048,17.204650534085253,own_history,202.16666666666666,0.21739130434782608,28.4,273.4,71.2,71.2,0.0,Low,Moderate
BB_0091,O_pos,group_O_neg_emergency,6,241.5,25.38306522073329,192.83333333333334,125.66666666666667,17.73,42,15.59947653940603,25.38306522073329,own_history,192.83333333333334,0.21739130434782608,41.9,283.4,90.6,90.6,0.0,Low,Moderate
BB_0091,O_pos,packed_RBC,4,254.5,29.8496231131986,208.5,165.5,11.13,42,16.220879283084294,16.220879283084294,pooled_blood_group_product,208.5,0.21739130434782608,26.8,281.3,72.8,72.8,0.0,Low,Low
BB_0091,O_pos,platelet_concentrate,6,242.33333333333334,19.592515577808445,204.83333333333334,134.83333333333334,15.318333333333333,5,15.814220480272407,19.592515577808445,own_history,204.83333333333334,0.21739130434782608,32.3,274.6,69.8,69.8,0.0,Low,Moderate
BB_0091,O_pos,whole_blood,7,255.85714285714286,19.44589563745669,202.85714285714286,147.28571428571428,16.74142857142857,42,15.320728507460478,19.44589563745669,own_history,202.85714285714286,0.21739130434782608,32.1,288.0,85.1,85.1,0.0,Low,Moderate
BB_0092,A_pos,cryoprecipitate,5,257.8,10.733126291998992,200.0,145.2,17.380000000000003,365,15.986014398875405,10.733126291998992,own_history,200.0,0.18055555555555555,17.7,275.5,75.5,75.5,0.0,Low,Moderate
BB_0092,A_pos,fresh_frozen_plasma,2,262.0,22.627416997969522,197.5,168.5,15.48,365,15.175972252331889,15.175972252331889,pooled_blood_group_product,197.5,0.18055555555555555,25.0,287.0,89.5,89.5,0.0,Low,Moderate
BB_0092,A_pos,packed_RBC,2,260.0,21.213203435596427,191.0,130.0,12.57,42,15.974157533973031,15.974157533973031,pooled_blood_group_product,191.0,0.18055555555555555,26.4,286.4,95.4,95.4,0.0,Low,Low
BB_0092,A_pos,platelet_concentrate,2,258.5,3.5355339059327378,194.0,135.0,20.68,5,15.570295650182972,15.570295650182972,pooled_blood_group_product,194.0,0.18055555555555555,25.7,284.2,90.2,90.2,0.0,Low,High
BB_0092,B_neg,fresh_frozen_plasma,1,256.0,,183.0,156.0,6.01,365,18.483089984756752,18.483089984756752,pooled_blood_group_product,183.0,0.18055555555555555,30.5,286.5,103.5,103.5,0.0,Low,Low
BB_0092,B_neg,group_O_neg_emergency,1,255.0,,203.0,111.0,4.93,42,16.421857975114715,16.421857975114715,pooled_blood_group_product,203.0,0.18055555555555555,27.1,282.1,79.1,79.1,0.0,Low,Low
BB_0092,B_pos,cryoprecipitate,1,221.0,,208.0,163.0,21.63,365,15.142364873820988,15.142364873820988,pooled_blood_group_product,208.0,0.18055555555555555,25.0,246.0,38.0,38.0,0.0,Low,Moderate
BB_0092,B_pos,fresh_frozen_plasma,4,239.0,15.143755588800731,197.5,125.0,15.25,365,15.753623140581702,15.753623140581702,pooled_blood_group_product,197.5,0.18055555555555555,26.0,265.0,67.5,67.5,0.0,Low,Moderate
BB_0092,B_pos,group_O_neg_emergency,1,256.0,,213.0,155.0,19.25,42,15.327786820822924,15.327786820822924,pooled_blood_group_product,213.0,0.18055555555555555,25.3,281.3,68.3,68.3,0.0,Low,High
BB_0092,B_pos,packed_RBC,1,234.0,,173.0,120.0,15.61,42,15.425681398117081,15.425681398117081,pooled_blood_group_product,173.0,0.18055555555555555,25.5,259.5,86.5,86.5,0.0,Low,Moderate
BB_0092,B_pos,platelet_concentrate,1,236.0,,169.0,121.0,10.06,5,15.918915219368015,15.918915219368015,pooled_blood_group_product,169.0,0.18055555555555555,26.3,262.3,93.3,93.3,0.0,Low,Low
BB_0092,B_pos,whole_blood,1,238.0,,174.0,120.0,22.99,42,15.616055501636811,15.616055501636811,pooled_blood_group_product,174.0,0.18055555555555555,25.8,263.8,89.8,89.8,0.0,Low,High
BB_0092,O_neg,packed_RBC,1,206.0,,201.0,131.0,19.9,42,16.675768019539497,16.675768019539497,pooled_blood_group_product,201.0,0.18055555555555555,27.5,233.5,32.5,32.5,0.0,Low,High
BB_0092,O_neg,platelet_concentrate,1,250.0,,181.0,132.0,19.34,5,16.930706830055033,16.930706830055033,pooled_blood_group_product,181.0,0.18055555555555555,27.9,277.9,96.9,96.9,0.0,Low,High
BB_0092,O_neg,whole_blood,1,251.0,,181.0,164.0,18.23,42,15.177301566829424,15.177301566829424,pooled_blood_group_product,181.0,0.18055555555555555,25.0,276.0,95.0,95.0,0.0,Low,Moderate
BB_0092,O_pos,cryoprecipitate,11,248.1818181818182,14.420944364487244,207.63636363636363,135.8181818181818,17.49,365,15.956259435791292,14.420944364487244,own_history,207.63636363636363,0.18055555555555555,23.8,272.0,64.4,64.4,0.0,Low,Moderate
BB_0092,O_pos,fresh_frozen_plasma,9,242.0,14.053469322555195,195.55555555555554,130.33333333333334,16.066666666666666,365,16.129072159319048,14.053469322555195,own_history,195.55555555555554,0.18055555555555555,23.2,265.2,69.6,69.6,0.0,Low,Moderate
BB_0092,O_pos,group_O_neg_emergency,5,258.4,7.127411872482184,200.6,150.0,18.304000000000002,42,15.59947653940603,7.127411872482184,own_history,200.6,0.18055555555555555,11.8,270.2,69.6,69.6,0.0,Low,Moderate
BB_0092,O_pos,packed_RBC,8,245.875,16.771042219935442,197.25,137.125,20.05125,42,16.220879283084294,16.771042219935442,own_history,197.25,0.18055555555555555,27.7,273.6,76.4,76.4,0.0,Low,High
BB_0092,O_pos,platelet_concentrate,10,250.4,16.412732185037857,205.9,144.8,17.454,5,15.814220480272407,16.412732185037857,own_history,205.9,0.18055555555555555,27.1,277.5,71.6,71.6,0.0,Low,Moderate
BB_0092,O_pos,whole_blood,4,252.75,8.73212459828649,205.0,168.0,17.6425,42,15.320728507460478,15.320728507460478,pooled_blood_group_product,205.0,0.18055555555555555,25.3,278.0,73.0,73.0,0.0,Low,Moderate
BB_0093,AB_neg,platelet_concentrate,1,231.0,,190.0,124.0,14.21,5,12.389960093200914,12.389960093200914,pooled_blood_group_product,190.0,0.2857142857142857,20.4,251.4,61.4,61.4,0.0,Low,Moderate
BB_0093,AB_pos,fresh_frozen_plasma,1,253.0,,206.0,136.0,11.65,365,15.529870914464443,15.529870914464443,pooled_blood_group_product,206.0,0.2857142857142857,25.6,278.6,72.6,72.6,0.0,Low,Low
BB_0093,AB_pos,group_O_neg_emergency,1,267.0,,209.0,175.0,12.44,42,16.01343479009551,16.01343479009551,pooled_blood_group_product,209.0,0.2857142857142857,26.4,293.4,84.4,84.4,0.0,Low,Low
BB_0093,AB_pos,platelet_concentrate,1,244.0,,204.0,153.0,19.12,5,14.27616380960629,14.27616380960629,pooled_blood_group_product,204.0,0.2857142857142857,23.6,267.6,63.6,63.6,0.0,Low,High
BB_0093,AB_pos,whole_blood,1,218.0,,187.0,124.0,21.39,42,13.606168437472475,13.606168437472475,pooled_blood_group_product,187.0,0.2857142857142857,22.5,240.5,53.5,53.5,0.0,Low,High
BB_0093,A_pos,cryoprecipitate,2,248.5,7.7781745930520225,199.0,137.5,13.84,365,15.986014398875405,15.986014398875405,pooled_blood_group_product,199.0,0.2857142857142857,26.4,274.9,75.9,75.9,0.0,Low,Low
BB_0093,A_pos,fresh_frozen_plasma,2,246.0,11.313708498984761,209.5,163.5,17.36,365,15.175972252331889,15.175972252331889,pooled_blood_group_product,209.5,0.2857142857142857,25.0,271.0,61.5,61.5,0.0,Low,Moderate
BB_0093,A_pos,group_O_neg_emergency,3,234.0,20.808652046684813,218.66666666666666,132.66666666666666,16.933333333333334,42,16.934146373239873,16.934146373239873,pooled_blood_group_product,218.66666666666666,0.2857142857142857,27.9,261.9,43.2,43.2,0.0,Low,Moderate
BB_0093,A_pos,packed_RBC,3,244.33333333333334,5.1316014394468805,211.66666666666666,132.0,18.0,42,15.974157533973031,15.974157533973031,pooled_blood_group_product,211.66666666666666,0.2857142857142857,26.4,270.7,59.0,59.0,0.0,Low,Moderate
BB_0093,A_pos,platelet_concentrate,1,252.0,,190.0,126.0,17.89,5,15.570295650182972,15.570295650182972,pooled_blood_group_product,190.0,0.2857142857142857,25.7,277.7,87.7,87.7,0.0,Low,Moderate
BB_0093,A_pos,whole_blood,2,240.5,9.192388155425117,178.5,131.0,20.625,42,16.26859652330014,16.26859652330014,pooled_blood_group_product,178.5,0.2857142857142857,26.8,267.3,88.8,88.8,0.0,Low,High
BB_0093,B_neg,platelet_concentrate,1,274.0,,182.0,150.0,10.99,5,15.063664178898293,15.063664178898293,pooled_blood_group_product,182.0,0.2857142857142857,24.9,298.9,116.9,116.9,0.0,Low,Low
BB_0093,B_neg,whole_blood,2,254.5,0.7071067811865476,194.0,162.5,17.55,42,14.346963359011946,14.346963359011946,pooled_blood_group_product,194.0,0.2857142857142857,23.7,278.2,84.2,84.2,0.0,Low,Moderate
BB_0093,B_pos,group_O_neg_emergency,1,260.0,,185.0,168.0,22.7,42,15.327786820822924,15.327786820822924,pooled_blood_group_product,185.0,0.2857142857142857,25.3,285.3,100.3,100.3,0.0,Low,High
BB_0093,B_pos,packed_RBC,1,264.0,,199.0,153.0,19.6,42,15.425681398117081,15.425681398117081,pooled_blood_group_product,199.0,0.2857142857142857,25.5,289.5,90.5,90.5,0.0,Low,High
BB_0093,B_pos,platelet_concentrate,2,246.0,22.627416997969522,196.5,132.5,13.76,5,15.918915219368015,15.918915219368015,pooled_blood_group_product,196.5,0.2857142857142857,26.3,272.3,75.8,75.8,0.0,Low,Low
BB_0093,O_neg,group_O_neg_emergency,1,272.0,,199.0,192.0,10.55,42,15.737583585569908,15.737583585569908,pooled_blood_group_product,199.0,0.2857142857142857,26.0,298.0,99.0,99.0,0.0,Low,Low
BB_0093,O_neg,platelet_concentrate,1,237.0,,193.0,119.0,16.58,5,16.930706830055033,16.930706830055033,pooled_blood_group_product,193.0,0.2857142857142857,27.9,264.9,71.9,71.9,0.0,Low,Moderate
BB_0093,O_pos,cryoprecipitate,5,251.0,16.94107434609742,200.6,137.6,20.288,365,15.956259435791292,16.94107434609742,own_history,200.6,0.2857142857142857,28.0,279.0,78.4,78.4,0.0,Low,Moderate
BB_0093,O_pos,fresh_frozen_plasma,6,260.5,11.827933040053956,206.16666666666666,164.33333333333334,14.520000000000001,365,16.129072159319048,11.827933040053956,own_history,206.16666666666666,0.2857142857142857,19.5,280.0,73.8,73.8,0.0,Low,Moderate
BB_0093,O_pos,group_O_neg_emergency,4,246.25,26.512575632455377,190.0,139.25,14.92,42,15.59947653940603,15.59947653940603,pooled_blood_group_product,190.0,0.2857142857142857,25.7,272.0,82.0,82.0,0.0,Low,Moderate
BB_0093,O_pos,packed_RBC,6,247.5,7.893034904268446,196.33333333333334,132.5,9.256666666666666,42,16.220879283084294,7.893034904268446,own_history,196.33333333333334,0.2857142857142857,13.0,260.5,64.2,64.2,0.0,Low,Low
BB_0093,O_pos,platelet_concentrate,4,264.75,8.732124598286497,199.5,137.75,19.259999999999998,5,15.814220480272407,15.814220480272407,pooled_blood_group_product,199.5,0.2857142857142857,26.1,290.8,91.3,91.3,0.0,Low,High
BB_0093,O_pos,whole_blood,4,266.0,9.626352718795774,204.0,142.0,22.115,42,15.320728507460478,15.320728507460478,pooled_blood_group_product,204.0,0.2857142857142857,25.3,291.3,87.3,87.3,0.0,Low,High
BB_0094,AB_neg,fresh_frozen_plasma,1,253.0,,207.0,166.0,12.08,365,18.018509002319437,18.018509002319437,pooled_blood_group_product,207.0,0.29508196721311475,29.7,282.7,75.7,75.7,0.0,Low,Low
BB_0094,AB_pos,packed_RBC,1,234.0,,198.0,123.0,23.23,42,17.421402900877148,17.421402900877148,pooled_blood_group_product,198.0,0.29508196721311475,28.7,262.7,64.7,64.7,0.0,Low,High
BB_0094,A_neg,cryoprecipitate,1,263.0,,216.0,166.0,12.04,365,14.243844171226868,14.243844171226868,pooled_blood_group_product,216.0,0.29508196721311475,23.5,286.5,70.5,70.5,0.0,Low,Low
BB_0094,A_neg,group_O_neg_emergency,1,233.0,,186.0,153.0,12.37,42,15.275919791953486,15.275919791953486,pooled_blood_group_product,186.0,0.29508196721311475,25.2,258.2,72.2,72.2,0.0,Low,Low
BB_0094,A_neg,packed_RBC,1,266.0,,199.0,140.0,18.09,42,14.982321915176227,14.982321915176227,pooled_blood_group_product,199.0,0.29508196721311475,24.7,290.7,91.7,91.7,0.0,Low,Moderate
BB_0094,A_neg,whole_blood,1,247.0,,181.0,105.0,14.92,42,16.829684030913054,16.829684030913054,pooled_blood_group_product,181.0,0.29508196721311475,27.8,274.8,93.8,93.8,0.0,Low,Moderate
BB_0094,A_pos,cryoprecipitate,1,251.0,,174.0,114.0,21.26,365,15.986014398875405,15.986014398875405,pooled_blood_group_product,174.0,0.29508196721311475,26.4,277.4,103.4,103.4,0.0,Low,Moderate
BB_0094,A_pos,fresh_frozen_plasma,1,260.0,,211.0,150.0,18.48,365,15.175972252331889,15.175972252331889,pooled_blood_group_product,211.0,0.29508196721311475,25.0,285.0,74.0,74.0,0.0,Low,Moderate
BB_0094,A_pos,group_O_neg_emergency,3,249.0,7.211102550927978,190.33333333333334,148.0,16.30666666666667,42,16.934146373239873,16.934146373239873,pooled_blood_group_product,190.33333333333334,0.29508196721311475,27.9,276.9,86.6,86.6,0.0,Low,Moderate
BB_0094,A_pos,packed_RBC,1,250.0,,181.0,161.0,22.65,42,15.974157533973031,15.974157533973031,pooled_blood_group_product,181.0,0.29508196721311475,26.4,276.4,95.4,95.4,0.0,Low,High
BB_0094,A_pos,platelet_concentrate,4,249.0,17.358955421722044,195.5,140.75,20.4475,5,15.570295650182972,15.570295650182972,pooled_blood_group_product,195.5,0.29508196721311475,25.7,274.7,79.2,79.2,0.0,Low,High
BB_0094,B_neg,packed_RBC,1,227.0,,182.0,138.0,13.19,42,17.510386528104863,17.510386528104863,pooled_blood_group_product,182.0,0.29508196721311475,28.9,255.9,73.9,73.9,0.0,Low,Low
BB_0094,B_neg,platelet_concentrate,1,240.0,,194.0,128.0,15.46,5,15.063664178898293,15.063664178898293,pooled_blood_group_product,194.0,0.29508196721311475,24.9,264.9,70.9,70.9,0.0,Low,Moderate
BB_0094,B_pos,cryoprecipitate,1,246.0,,188.0,144.0,13.3,365,15.142364873820988,15.142364873820988,pooled_blood_group_product,188.0,0.29508196721311475,25.0,271.0,83.0,83.0,0.0,Low,Low
BB_0094,B_pos,fresh_frozen_plasma,3,250.66666666666666,15.821925715074421,188.33333333333334,115.0,15.686666666666667,365,15.753623140581702,15.753623140581702,pooled_blood_group_product,188.33333333333334,0.29508196721311475,26.0,276.7,88.4,88.4,0.0,Low,Moderate
BB_0094,B_pos,group_O_neg_emergency,5,254.0,11.313708498984761,201.6,135.0,15.236,42,15.327786820822924,11.313708498984761,own_history,201.6,0.29508196721311475,18.7,272.7,71.1,71.1,0.0,Low,Moderate
BB_0094,B_pos,packed_RBC,1,234.0,,203.0,159.0,20.69,42,15.425681398117081,15.425681398117081,pooled_blood_group_product,203.0,0.29508196721311475,25.5,259.5,56.5,56.5,0.0,Low,High
BB_0094,B_pos,platelet_concentrate,2,258.5,6.363961030678928,193.0,155.0,15.235,5,15.918915219368015,15.918915219368015,pooled_blood_group_product,193.0,0.29508196721311475,26.3,284.8,91.8,91.8,0.0,Low,Moderate
BB_0094,B_pos,whole_blood,1,244.0,,181.0,154.0,13.26,42,15.616055501636811,15.616055501636811,pooled_blood_group_product,181.0,0.29508196721311475,25.8,269.8,88.8,88.8,0.0,Low,Low
BB_0094,O_neg,fresh_frozen_plasma,1,242.0,,216.0,102.0,5.56,365,14.714175377770642,14.714175377770642,pooled_blood_group_product,216.0,0.29508196721311475,24.3,266.3,50.3,50.3,0.0,Low,Low
BB_0094,O_neg,packed_RBC,1,281.0,,193.0,155.0,20.73,42,16.675768019539497,16.675768019539497,pooled_blood_group_product,193.0,0.29508196721311475,27.5,308.5,115.5,115.5,0.0,Low,High
BB_0094,O_pos,cryoprecipitate,2,252.0,4.242640687119285,210.5,137.5,17.1,365,15.956259435791292,15.956259435791292,pooled_blood_group_product,210.5,0.29508196721311475,26.3,278.3,67.8,67.8,0.0,Low,Moderate
BB_0094,O_pos,fresh_frozen_plasma,3,252.33333333333334,16.258331197676267,206.33333333333334,145.66666666666666,18.98,365,16.129072159319048,16.129072159319048,pooled_blood_group_product,206.33333333333334,0.29508196721311475,26.6,278.9,72.6,72.6,0.0,Low,Moderate
BB_0094,O_pos,group_O_neg_emergency,10,257.1,13.320410404087903,199.0,145.5,18.828,42,15.59947653940603,13.320410404087903,own_history,199.0,0.29508196721311475,22.0,279.1,80.1,80.1,0.0,Low,Moderate
BB_0094,O_pos,packed_RBC,3,246.66666666666666,5.131601439446885,198.66666666666666,141.0,15.176666666666668,42,16.220879283084294,16.220879283084294,pooled_blood_group_product,198.66666666666666,0.29508196721311475,26.8,273.5,74.8,74.8,0.0,Low,Moderate
BB_0094,O_pos,platelet_concentrate,5,253.2,14.584238067173752,197.8,152.8,12.854,5,15.814220480272407,14.584238067173752,own_history,197.8,0.29508196721311475,24.1,277.3,79.5,79.5,0.0,Low,Low
BB_0094,O_pos,whole_blood,5,252.6,8.677557259966655,193.8,141.8,16.080000000000002,42,15.320728507460478,8.677557259966655,own_history,193.8,0.29508196721311475,14.3,266.9,73.1,73.1,0.0,Low,Moderate
BB_0095,AB_pos,fresh_frozen_plasma,1,255.0,,209.0,158.0,21.53,365,15.529870914464443,15.529870914464443,pooled_blood_group_product,209.0,0.3,25.6,280.6,71.6,71.6,0.0,Low,Moderate
BB_0095,AB_pos,group_O_neg_emergency,1,281.0,,206.0,158.0,15.05,42,16.01343479009551,16.01343479009551,pooled_blood_group_product,206.0,0.3,26.4,307.4,101.4,101.4,0.0,Low,Moderate
BB_0095,A_neg,group_O_neg_emergency,1,238.0,,192.0,108.0,25.52,42,15.275919791953486,15.275919791953486,pooled_blood_group_product,192.0,0.3,25.2,263.2,71.2,71.2,0.0,Low,High
BB_0095,A_neg,packed_RBC,1,239.0,,218.0,152.0,21.1,42,14.982321915176227,14.982321915176227,pooled_blood_group_product,218.0,0.3,24.7,263.7,45.7,45.7,0.0,Low,High
BB_0095,A_neg,whole_blood,1,254.0,,194.0,169.0,14.43,42,16.829684030913054,16.829684030913054,pooled_blood_group_product,194.0,0.3,27.8,281.8,87.8,87.8,0.0,Low,Moderate
BB_0095,A_pos,cryoprecipitate,2,258.0,9.899494936611665,210.0,130.5,18.435000000000002,365,15.986014398875405,15.986014398875405,pooled_blood_group_product,210.0,0.3,26.4,284.4,74.4,74.4,0.0,Low,Moderate
BB_0095,A_pos,fresh_frozen_plasma,1,247.0,,214.0,139.0,9.35,365,15.175972252331889,15.175972252331889,pooled_blood_group_product,214.0,0.3,25.0,272.0,58.0,58.0,0.0,Low,Low
BB_0095,A_pos,group_O_neg_emergency,3,262.0,13.45362404707371,214.33333333333334,148.33333333333334,17.416666666666668,42,16.934146373239873,16.934146373239873,pooled_blood_group_product,214.33333333333334,0.3,27.9,289.9,75.6,75.6,0.0,Low,Moderate
BB_0095,A_pos,packed_RBC,4,244.5,16.38088316707415,194.5,141.0,16.7775,42,15.974157533973031,15.974157533973031,pooled_blood_group_product,194.5,0.3,26.4,270.9,76.4,76.4,0.0,Low,Moderate
BB_0095,A_pos,platelet_concentrate,5,262.4,16.876018487783192,211.8,161.4,15.774000000000001,5,15.570295650182972,16.876018487783192,own_history,211.8,0.3,27.8,290.2,78.4,78.4,0.0,Low,Moderate
BB_0095,B_pos,cryoprecipitate,4,263.0,15.470401847829718,201.75,149.25,14.8675,365,15.142364873820988,15.142364873820988,pooled_blood_group_product,201.75,0.3,25.0,288.0,86.2,86.2,0.0,Low,Moderate
BB_0095,B_pos,group_O_neg_emergency,2,253.5,14.849242404917497,216.0,154.5,17.354999999999997,42,15.327786820822924,15.327786820822924,pooled_blood_group_product,216.0,0.3,25.3,278.8,62.8,62.8,0.0,Low,Moderate
BB_0095,B_pos,packed_RBC,1,243.0,,206.0,129.0,21.36,42,15.425681398117081,15.425681398117081,pooled_blood_group_product,206.0,0.3,25.5,268.5,62.5,62.5,0.0,Low,High
BB_0095,B_pos,platelet_concentrate,1,251.0,,183.0,107.0,11.48,5,15.918915219368015,15.918915219368015,pooled_blood_group_product,183.0,0.3,26.3,277.3,94.3,94.3,0.0,Low,Low
BB_0095,B_pos,whole_blood,2,255.0,14.142135623730951,198.5,141.0,17.115000000000002,42,15.616055501636811,15.616055501636811,pooled_blood_group_product,198.5,0.3,25.8,280.8,82.3,82.3,0.0,Low,Moderate
BB_0095,O_neg,whole_blood,2,265.5,3.5355339059327378,218.5,154.0,15.565000000000001,42,15.177301566829424,15.177301566829424,pooled_blood_group_product,218.5,0.3,25.0,290.5,72.0,72.0,0.0,Low,Moderate
BB_0095,O_pos,cryoprecipitate,8,256.125,21.026768653314278,200.25,141.25,17.0125,365,15.956259435791292,21.026768653314278,own_history,200.25,0.3,34.7,290.8,90.6,90.6,0.0,Low,Moderate
BB_0095,O_pos,fresh_frozen_plasma,10,250.8,13.685353078707504,195.7,148.9,16.818,365,16.129072159319048,13.685353078707504,own_history,195.7,0.3,22.6,273.4,77.7,77.7,0.0,Low,Moderate
BB_0095,O_pos,group_O_neg_emergency,7,244.14285714285714,9.99047165100446,199.14285714285714,149.14285714285714,17.585714285714285,42,15.59947653940603,9.99047165100446,own_history,199.14285714285714,0.3,16.5,260.6,61.5,61.5,0.0,Low,Moderate
BB_0095,O_pos,packed_RBC,4,262.75,12.76388133236386,194.0,141.0,13.3225,42,16.220879283084294,16.220879283084294,pooled_blood_group_product,194.0,0.3,26.8,289.6,95.6,95.6,0.0,Low,Low
BB_0095,O_pos,platelet_concentrate,6,241.5,13.487030807409019,203.0,143.16666666666666,15.981666666666667,5,15.814220480272407,13.487030807409019,own_history,203.0,0.3,22.3,263.8,60.8,60.8,0.0,Low,Moderate
BB_0095,O_pos,whole_blood,3,248.0,8.18535277187245,203.66666666666666,139.33333333333334,12.530000000000001,42,15.320728507460478,15.320728507460478,pooled_blood_group_product,203.66666666666666,0.3,25.3,273.3,69.6,69.6,0.0,Low,Low
BB_0096,AB_neg,group_O_neg_emergency,1,249.0,,208.0,157.0,5.77,42,14.768157012249755,14.768157012249755,pooled_blood_group_product,208.0,0.22950819672131148,24.4,273.4,65.4,65.4,0.0,Low,Low
BB_0096,AB_neg,platelet_concentrate,1,278.0,,197.0,171.0,15.23,5,12.389960093200914,12.389960093200914,pooled_blood_group_product,197.0,0.22950819672131148,20.4,298.4,101.4,101.4,0.0,Low,Moderate
BB_0096,AB_pos,group_O_neg_emergency,1,293.0,,195.0,184.0,18.46,42,16.01343479009551,16.01343479009551,pooled_blood_group_product,195.0,0.22950819672131148,26.4,319.4,124.4,124.4,0.0,Low,Moderate
BB_0096,A_pos,cryoprecipitate,5,252.4,21.419617176784463,209.6,150.2,19.924,365,15.986014398875405,21.419617176784463,own_history,209.6,0.22950819672131148,35.3,287.7,78.1,78.1,0.0,Low,Moderate
BB_0096,A_pos,fresh_frozen_plasma,1,271.0,,190.0,137.0,5.79,365,15.175972252331889,15.175972252331889,pooled_blood_group_product,190.0,0.22950819672131148,25.0,296.0,106.0,106.0,0.0,Low,Low
BB_0096,A_pos,group_O_neg_emergency,2,232.0,2.8284271247461903,181.0,127.5,19.955,42,16.934146373239873,16.934146373239873,pooled_blood_group_product,181.0,0.22950819672131148,27.9,259.9,78.9,78.9,0.0,Low,High
BB_0096,A_pos,packed_RBC,2,249.5,3.5355339059327378,204.0,163.5,19.240000000000002,42,15.974157533973031,15.974157533973031,pooled_blood_group_product,204.0,0.22950819672131148,26.4,275.9,71.9,71.9,0.0,Low,High
BB_0096,A_pos,platelet_concentrate,3,244.66666666666666,13.576941236277538,209.0,134.33333333333334,20.283333333333335,5,15.570295650182972,15.570295650182972,pooled_blood_group_product,209.0,0.22950819672131148,25.7,270.4,61.4,61.4,0.0,Low,High
BB_0096,A_pos,whole_blood,1,258.0,,182.0,134.0,8.79,42,16.26859652330014,16.26859652330014,pooled_blood_group_product,182.0,0.22950819672131148,26.8,284.8,102.8,102.8,0.0,Low,Low
BB_0096,B_neg,packed_RBC,1,271.0,,214.0,199.0,21.96,42,17.510386528104863,17.510386528104863,pooled_blood_group_product,214.0,0.22950819672131148,28.9,299.9,85.9,85.9,0.0,Low,High
BB_0096,B_pos,cryoprecipitate,1,243.0,,189.0,126.0,17.46,365,15.142364873820988,15.142364873820988,pooled_blood_group_product,189.0,0.22950819672131148,25.0,268.0,79.0,79.0,0.0,Low,Moderate
BB_0096,B_pos,fresh_frozen_plasma,3,254.66666666666666,19.008769905844336,214.0,148.0,19.580000000000002,365,15.753623140581702,15.753623140581702,pooled_blood_group_product,214.0,0.22950819672131148,26.0,280.7,66.7,66.7,0.0,Low,Moderate
BB_0096,B_pos,group_O_neg_emergency,3,236.0,7.810249675906654,208.66666666666666,133.0,21.290000000000003,42,15.327786820822924,15.327786820822924,pooled_blood_group_product,208.66666666666666,0.22950819672131148,25.3,261.3,52.6,52.6,0.0,Low,High
BB_0096,B_pos,packed_RBC,2,246.0,15.556349186104045,194.5,136.5,22.61,42,15.425681398117081,15.425681398117081,pooled_blood_group_product,194.5,0.22950819672131148,25.5,271.5,77.0,77.0,0.0,Low,High
BB_0096,B_pos,platelet_concentrate,1,231.0,,190.0,118.0,22.11,5,15.918915219368015,15.918915219368015,pooled_blood_group_product,190.0,0.22950819672131148,26.3,257.3,67.3,67.3,0.0,Low,High
BB_0096,O_neg,whole_blood,1,234.0,,207.0,169.0,23.19,42,15.177301566829424,15.177301566829424,pooled_blood_group_product,207.0,0.22950819672131148,25.0,259.0,52.0,52.0,0.0,Low,High
BB_0096,O_pos,cryoprecipitate,5,239.4,10.014988766843427,203.2,151.0,18.028,365,15.956259435791292,10.014988766843427,own_history,203.2,0.22950819672131148,16.5,255.9,52.7,52.7,0.0,Low,Moderate
BB_0096,O_pos,fresh_frozen_plasma,5,240.4,8.018728078691781,202.2,134.0,18.836000000000002,365,16.129072159319048,8.018728078691781,own_history,202.2,0.22950819672131148,13.2,253.6,51.4,51.4,0.0,Low,Moderate
BB_0096,O_pos,group_O_neg_emergency,2,242.0,2.8284271247461903,200.0,143.5,16.455,42,15.59947653940603,15.59947653940603,pooled_blood_group_product,200.0,0.22950819672131148,25.7,267.7,67.7,67.7,0.0,Low,Moderate
BB_0096,O_pos,packed_RBC,8,251.375,11.758735354741901,197.75,145.25,16.345,42,16.220879283084294,11.758735354741901,own_history,197.75,0.22950819672131148,19.4,270.8,73.1,73.1,0.0,Low,Moderate
BB_0096,O_pos,platelet_concentrate,6,247.0,18.352111595127138,194.83333333333334,142.16666666666666,15.855000000000002,5,15.814220480272407,18.352111595127138,own_history,194.83333333333334,0.22950819672131148,30.3,277.3,82.5,82.5,0.0,Low,Moderate
BB_0096,O_pos,whole_blood,6,248.83333333333334,15.065412927187444,203.33333333333334,135.66666666666666,17.18166666666667,42,15.320728507460478,15.065412927187444,own_history,203.33333333333334,0.22950819672131148,24.9,273.7,70.4,70.4,0.0,Low,Moderate
BB_0097,AB_pos,cryoprecipitate,3,253.33333333333334,17.616280348965088,212.0,151.33333333333334,13.766666666666666,365,16.64565006228281,16.64565006228281,pooled_blood_group_product,212.0,0.26865671641791045,27.5,280.8,68.8,68.8,0.0,Low,Low
BB_0097,AB_pos,fresh_frozen_plasma,3,268.0,4.358898943540674,199.66666666666666,143.33333333333334,14.520000000000001,365,15.529870914464443,15.529870914464443,pooled_blood_group_product,199.66666666666666,0.26865671641791045,25.6,293.6,93.9,93.9,0.0,Low,Moderate
BB_0097,AB_pos,whole_blood,1,240.0,,219.0,159.0,26.94,42,13.606168437472475,13.606168437472475,pooled_blood_group_product,219.0,0.26865671641791045,22.5,262.5,43.5,43.5,0.0,Low,High
BB_0097,A_pos,cryoprecipitate,3,248.66666666666666,7.5055534994651305,195.33333333333334,146.0,15.286666666666667,365,15.986014398875405,15.986014398875405,pooled_blood_group_product,195.33333333333334,0.26865671641791045,26.4,275.1,79.8,79.8,0.0,Low,Moderate
BB_0097,A_pos,fresh_frozen_plasma,1,268.0,,215.0,135.0,12.56,365,15.175972252331889,15.175972252331889,pooled_blood_group_product,215.0,0.26865671641791045,25.0,293.0,78.0,78.0,0.0,Low,Low
BB_0097,A_pos,group_O_neg_emergency,1,258.0,,178.0,135.0,15.17,42,16.934146373239873,16.934146373239873,pooled_blood_group_product,178.0,0.26865671641791045,27.9,285.9,107.9,107.9,0.0,Low,Moderate
BB_0097,A_pos,packed_RBC,5,250.8,9.523654760647302,194.0,132.6,17.802,42,15.974157533973031,9.523654760647302,own_history,194.0,0.26865671641791045,15.7,266.5,72.5,72.5,0.0,Low,Moderate
BB_0097,A_pos,platelet_concentrate,3,253.33333333333334,24.501700621249398,205.33333333333334,157.0,17.64,5,15.570295650182972,15.570295650182972,pooled_blood_group_product,205.33333333333334,0.26865671641791045,25.7,279.0,73.7,73.7,0.0,Low,Moderate
BB_0097,A_pos,whole_blood,1,243.0,,195.0,170.0,27.18,42,16.26859652330014,16.26859652330014,pooled_blood_group_product,195.0,0.26865671641791045,26.8,269.8,74.8,74.8,0.0,Low,High
BB_0097,B_neg,group_O_neg_emergency,1,269.0,,184.0,162.0,19.02,42,16.421857975114715,16.421857975114715,pooled_blood_group_product,184.0,0.26865671641791045,27.1,296.1,112.1,112.1,0.0,Low,High
BB_0097,B_pos,cryoprecipitate,1,291.0,,188.0,143.0,20.21,365,15.142364873820988,15.142364873820988,pooled_blood_group_product,188.0,0.26865671641791045,25.0,316.0,128.0,128.0,0.0,Low,Moderate
BB_0097,B_pos,fresh_frozen_plasma,1,247.0,,188.0,137.0,21.28,365,15.753623140581702,15.753623140581702,pooled_blood_group_product,188.0,0.26865671641791045,26.0,273.0,85.0,85.0,0.0,Low,Moderate
BB_0097,B_pos,group_O_neg_emergency,2,242.5,6.363961030678928,178.5,128.5,28.02,42,15.327786820822924,15.327786820822924,pooled_blood_group_product,178.5,0.26865671641791045,25.3,267.8,89.3,89.3,0.0,Low,High
BB_0097,B_pos,packed_RBC,2,249.5,0.7071067811865476,200.0,161.5,17.475,42,15.425681398117081,15.425681398117081,pooled_blood_group_product,200.0,0.26865671641791045,25.5,275.0,75.0,75.0,0.0,Low,Moderate
BB_0097,B_pos,platelet_concentrate,2,235.0,2.8284271247461903,202.5,126.0,18.34,5,15.918915219368015,15.918915219368015,pooled_blood_group_product,202.5,0.26865671641791045,26.3,261.3,58.8,58.8,0.0,Low,Moderate
BB_0097,O_neg,platelet_concentrate,2,228.5,17.67766952966369,198.5,126.5,13.325,5,16.930706830055033,16.930706830055033,pooled_blood_group_product,198.5,0.26865671641791045,27.9,256.4,57.9,57.9,0.0,Low,Low
BB_0097,O_neg,whole_blood,1,257.0,,186.0,119.0,19.35,42,15.177301566829424,15.177301566829424,pooled_blood_group_product,186.0,0.26865671641791045,25.0,282.0,96.0,96.0,0.0,Low,High
BB_0097,O_pos,cryoprecipitate,11,242.0909090909091,17.1956654157642,201.63636363636363,140.0,18.752727272727274,365,15.956259435791292,17.1956654157642,own_history,201.63636363636363,0.26865671641791045,28.4,270.5,68.9,68.9,0.0,Low,Moderate
BB_0097,O_pos,fresh_frozen_plasma,6,247.0,21.014280858501916,201.33333333333334,141.16666666666666,19.136666666666667,365,16.129072159319048,21.014280858501916,own_history,201.33333333333334,0.26865671641791045,34.7,281.7,80.4,80.4,0.0,Low,Moderate
BB_0097,O_pos,group_O_neg_emergency,5,251.6,12.660963628413125,195.6,146.6,9.83,42,15.59947653940603,12.660963628413125,own_history,195.6,0.26865671641791045,20.9,272.5,76.9,76.9,0.0,Low,Low
BB_0097,O_pos,packed_RBC,4,240.5,23.727621035409346,188.5,137.5,15.022499999999999,42,16.220879283084294,16.220879283084294,pooled_blood_group_product,188.5,0.26865671641791045,26.8,267.3,78.8,78.8,0.0,Low,Moderate
BB_0097,O_pos,platelet_concentrate,4,239.25,21.975364995072702,191.75,144.0,14.565,5,15.814220480272407,15.814220480272407,pooled_blood_group_product,191.75,0.26865671641791045,26.1,265.4,73.6,73.6,0.0,Low,Moderate
BB_0097,O_pos,whole_blood,4,258.0,25.350871122442058,181.25,135.5,15.3775,42,15.320728507460478,15.320728507460478,pooled_blood_group_product,181.25,0.26865671641791045,25.3,283.3,102.1,102.1,0.0,Low,Moderate
BB_0098,AB_neg,whole_blood,1,251.0,,194.0,143.0,18.56,42,17.64053303608203,17.64053303608203,pooled_blood_group_product,194.0,0.22972972972972974,29.1,280.1,86.1,86.1,0.0,Low,Moderate
BB_0098,AB_pos,cryoprecipitate,1,229.0,,211.0,152.0,25.12,365,16.64565006228281,16.64565006228281,pooled_blood_group_product,211.0,0.22972972972972974,27.5,256.5,45.5,45.5,0.0,Low,Moderate
BB_0098,AB_pos,platelet_concentrate,1,260.0,,214.0,168.0,12.15,5,14.27616380960629,14.27616380960629,pooled_blood_group_product,214.0,0.22972972972972974,23.6,283.6,69.6,69.6,0.0,Low,Low
BB_0098,AB_pos,whole_blood,2,265.5,6.363961030678928,203.5,127.5,13.155000000000001,42,13.606168437472475,13.606168437472475,pooled_blood_group_product,203.5,0.22972972972972974,22.5,288.0,84.5,84.5,0.0,Low,Low
BB_0098,A_neg,cryoprecipitate,1,254.0,,195.0,124.0,11.79,365,14.243844171226868,14.243844171226868,pooled_blood_group_product,195.0,0.22972972972972974,23.5,277.5,82.5,82.5,0.0,Low,Low
BB_0098,A_pos,cryoprecipitate,3,244.0,10.392304845413264,184.0,132.66666666666666,11.63,365,15.986014398875405,15.986014398875405,pooled_blood_group_product,184.0,0.22972972972972974,26.4,270.4,86.4,86.4,0.0,Low,Low
BB_0098,A_pos,fresh_frozen_plasma,3,244.66666666666666,4.041451884327377,205.0,165.66666666666666,14.589999999999998,365,15.175972252331889,15.175972252331889,pooled_blood_group_product,205.0,0.22972972972972974,25.0,269.7,64.7,64.7,0.0,Low,Moderate
BB_0098,A_pos,group_O_neg_emergency,1,249.0,,183.0,157.0,28.42,42,16.934146373239873,16.934146373239873,pooled_blood_group_product,183.0,0.22972972972972974,27.9,276.9,93.9,93.9,0.0,Low,High
BB_0098,A_pos,platelet_concentrate,5,251.0,13.37908816025965,200.6,155.4,12.668000000000001,5,15.570295650182972,13.37908816025965,own_history,200.6,0.22972972972972974,22.1,273.1,72.5,72.5,0.0,Low,Low
BB_0098,A_pos,whole_blood,2,260.5,7.7781745930520225,219.5,143.5,21.045,42,16.26859652330014,16.26859652330014,pooled_blood_group_product,219.5,0.22972972972972974,26.8,287.3,67.8,67.8,0.0,Low,High
BB_0098,B_neg,fresh_frozen_plasma,1,267.0,,207.0,165.0,26.09,365,18.483089984756752,18.483089984756752,pooled_blood_group_product,207.0,0.22972972972972974,30.5,297.5,90.5,90.5,0.0,Low,Moderate
BB_0098,B_neg,group_O_neg_emergency,1,253.0,,200.0,166.0,20.0,42,16.421857975114715,16.421857975114715,pooled_blood_group_product,200.0,0.22972972972972974,27.1,280.1,80.1,80.1,0.0,Low,High
BB_0098,B_pos,fresh_frozen_plasma,2,257.0,4.242640687119285,208.0,171.0,19.755000000000003,365,15.753623140581702,15.753623140581702,pooled_blood_group_product,208.0,0.22972972972972974,26.0,283.0,75.0,75.0,0.0,Low,Moderate
BB_0098,B_pos,group_O_neg_emergency,3,244.33333333333334,11.59022576714247,200.0,140.0,16.426666666666666,42,15.327786820822924,15.327786820822924,pooled_blood_group_product,200.0,0.22972972972972974,25.3,269.6,69.6,69.6,0.0,Low,Moderate
BB_0098,B_pos,packed_RBC,3,254.33333333333334,13.051181300301263,199.33333333333334,147.33333333333334,21.58,42,15.425681398117081,15.425681398117081,pooled_blood_group_product,199.33333333333334,0.22972972972972974,25.5,279.8,80.5,80.5,0.0,Low,High
BB_0098,B_pos,platelet_concentrate,2,232.0,9.899494936611665,198.0,150.5,15.045000000000002,5,15.918915219368015,15.918915219368015,pooled_blood_group_product,198.0,0.22972972972972974,26.3,258.3,60.3,60.3,0.0,Low,Moderate
BB_0098,O_neg,group_O_neg_emergency,1,232.0,,191.0,125.0,15.71,42,15.737583585569908,15.737583585569908,pooled_blood_group_product,191.0,0.22972972972972974,26.0,258.0,67.0,67.0,0.0,Low,Moderate
BB_0098,O_neg,packed_RBC,2,270.5,14.849242404917497,191.0,120.0,21.14,42,16.675768019539497,16.675768019539497,pooled_blood_group_product,191.0,0.22972972972972974,27.5,298.0,107.0,107.0,0.0,Low,High
BB_0098,O_neg,platelet_concentrate,2,252.0,12.727922061357855,191.0,159.5,23.369999999999997,5,16.930706830055033,16.930706830055033,pooled_blood_group_product,191.0,0.22972972972972974,27.9,279.9,88.9,88.9,0.0,Low,High
BB_0098,O_pos,cryoprecipitate,6,252.33333333333334,19.602720899575825,191.83333333333334,127.0,18.506666666666664,365,15.956259435791292,19.602720899575825,own_history,191.83333333333334,0.22972972972972974,32.3,284.6,92.8,92.8,0.0,Low,Moderate
BB_0098,O_pos,fresh_frozen_plasma,3,244.66666666666666,37.978063843926186,203.33333333333334,135.66666666666666,14.783333333333333,365,16.129072159319048,16.129072159319048,pooled_blood_group_product,203.33333333333334,0.22972972972972974,26.6,271.3,68.0,68.0,0.0,Low,Moderate
BB_0098,O_pos,group_O_neg_emergency,5,250.6,19.781304304822772,213.6,152.8,20.951999999999998,42,15.59947653940603,19.781304304822772,own_history,213.6,0.22972972972972974,32.6,283.2,69.6,69.6,0.0,Low,High
BB_0098,O_pos,packed_RBC,12,246.66666666666666,19.373521448960517,193.91666666666666,136.16666666666666,15.436666666666667,42,16.220879283084294,19.373521448960517,own_history,193.91666666666666,0.22972972972972974,32.0,278.7,84.8,84.8,0.0,Low,Moderate
BB_0098,O_pos,platelet_concentrate,7,255.0,13.5400640077266,206.0,140.28571428571428,13.011428571428572,5,15.814220480272407,13.5400640077266,own_history,206.0,0.22972972972972974,22.3,277.3,71.3,71.3,0.0,Low,Low
BB_0098,O_pos,whole_blood,4,246.5,15.92691642053372,198.75,161.0,15.497499999999999,42,15.320728507460478,15.320728507460478,pooled_blood_group_product,198.75,0.22972972972972974,25.3,271.8,73.1,73.1,0.0,Low,Moderate
BB_0099,AB_pos,cryoprecipitate,1,255.0,,204.0,129.0,9.8,365,16.64565006228281,16.64565006228281,pooled_blood_group_product,204.0,0.14754098360655737,27.5,282.5,78.5,78.5,0.0,Low,Low
BB_0099,AB_pos,packed_RBC,1,237.0,,211.0,110.0,14.22,42,17.421402900877148,17.421402900877148,pooled_blood_group_product,211.0,0.14754098360655737,28.7,265.7,54.7,54.7,0.0,Low,Moderate
BB_0099,A_neg,cryoprecipitate,1,263.0,,204.0,176.0,15.69,365,14.243844171226868,14.243844171226868,pooled_blood_group_product,204.0,0.14754098360655737,23.5,286.5,82.5,82.5,0.0,Low,Moderate
BB_0099,A_neg,packed_RBC,1,243.0,,213.0,113.0,21.6,42,14.982321915176227,14.982321915176227,pooled_blood_group_product,213.0,0.14754098360655737,24.7,267.7,54.7,54.7,0.0,Low,High
BB_0099,A_pos,cryoprecipitate,2,228.5,31.81980515339464,214.5,158.0,15.385,365,15.986014398875405,15.986014398875405,pooled_blood_group_product,214.5,0.14754098360655737,26.4,254.9,40.4,40.4,0.0,Low,Moderate
BB_0099,A_pos,group_O_neg_emergency,2,273.0,18.384776310850235,199.5,150.5,9.875,42,16.934146373239873,16.934146373239873,pooled_blood_group_product,199.5,0.14754098360655737,27.9,300.9,101.4,101.4,0.0,Low,Low
BB_0099,A_pos,packed_RBC,4,257.25,16.640813281407453,199.0,153.0,18.515,42,15.974157533973031,15.974157533973031,pooled_blood_group_product,199.0,0.14754098360655737,26.4,283.6,84.6,84.6,0.0,Low,Moderate
BB_0099,A_pos,platelet_concentrate,1,278.0,,189.0,123.0,23.28,5,15.570295650182972,15.570295650182972,pooled_blood_group_product,189.0,0.14754098360655737,25.7,303.7,114.7,114.7,0.0,Low,High
BB_0099,A_pos,whole_blood,5,254.2,12.794530081249565,198.2,132.2,22.992,42,16.26859652330014,12.794530081249565,own_history,198.2,0.14754098360655737,21.1,275.3,77.1,77.1,0.0,Low,High
BB_0099,B_pos,cryoprecipitate,1,255.0,,200.0,120.0,17.0,365,15.142364873820988,15.142364873820988,pooled_blood_group_product,200.0,0.14754098360655737,25.0,280.0,80.0,80.0,0.0,Low,Moderate
BB_0099,B_pos,fresh_frozen_plasma,1,252.0,,199.0,165.0,19.6,365,15.753623140581702,15.753623140581702,pooled_blood_group_product,199.0,0.14754098360655737,26.0,278.0,79.0,79.0,0.0,Low,Moderate
BB_0099,B_pos,group_O_neg_emergency,1,258.0,,195.0,163.0,6.67,42,15.327786820822924,15.327786820822924,pooled_blood_group_product,195.0,0.14754098360655737,25.3,283.3,88.3,88.3,0.0,Low,Low
BB_0099,B_pos,packed_RBC,1,220.0,,215.0,131.0,14.42,42,15.425681398117081,15.425681398117081,pooled_blood_group_product,215.0,0.14754098360655737,25.5,245.5,30.5,30.5,0.0,Low,Moderate
BB_0099,B_pos,platelet_concentrate,2,247.5,7.7781745930520225,208.5,144.0,15.89,5,15.918915219368015,15.918915219368015,pooled_blood_group_product,208.5,0.14754098360655737,26.3,273.8,65.3,65.3,0.0,Low,Moderate
BB_0099,B_pos,whole_blood,1,250.0,,203.0,190.0,5.91,42,15.616055501636811,15.616055501636811,pooled_blood_group_product,203.0,0.14754098360655737,25.8,275.8,72.8,72.8,0.0,Low,Low
BB_0099,O_neg,packed_RBC,1,256.0,,194.0,135.0,16.49,42,16.675768019539497,16.675768019539497,pooled_blood_group_product,194.0,0.14754098360655737,27.5,283.5,89.5,89.5,0.0,Low,Moderate
BB_0099,O_neg,whole_blood,2,260.5,2.1213203435596424,199.5,164.0,10.335,42,15.177301566829424,15.177301566829424,pooled_blood_group_product,199.5,0.14754098360655737,25.0,285.5,86.0,86.0,0.0,Low,Low
BB_0099,O_pos,cryoprecipitate,7,255.28571428571428,17.698533703052792,210.28571428571428,147.71428571428572,13.267142857142856,365,15.956259435791292,17.698533703052792,own_history,210.28571428571428,0.14754098360655737,29.2,284.5,74.2,74.2,0.0,Low,Low
BB_0099,O_pos,fresh_frozen_plasma,3,263.0,29.816103031751148,197.0,156.66666666666666,17.44,365,16.129072159319048,16.129072159319048,pooled_blood_group_product,197.0,0.14754098360655737,26.6,289.6,92.6,92.6,0.0,Low,Moderate
BB_0099,O_pos,group_O_neg_emergency,6,250.0,10.09950493836208,203.66666666666666,153.16666666666666,14.978333333333332,42,15.59947653940603,10.09950493836208,own_history,203.66666666666666,0.14754098360655737,16.7,266.7,63.0,63.0,0.0,Low,Moderate
BB_0099,O_pos,packed_RBC,5,255.2,15.833508770957875,189.6,149.8,21.488,42,16.220879283084294,15.833508770957875,own_history,189.6,0.14754098360655737,26.1,281.3,91.7,91.7,0.0,Low,High
BB_0099,O_pos,platelet_concentrate,3,244.0,11.135528725660043,200.33333333333334,127.66666666666667,14.303333333333335,5,15.814220480272407,15.814220480272407,pooled_blood_group_product,200.33333333333334,0.14754098360655737,26.1,270.1,69.8,69.8,0.0,Low,Moderate
BB_0099,O_pos,whole_blood,9,248.66666666666666,15.411035007422441,201.0,147.66666666666666,16.538888888888888,42,15.320728507460478,15.411035007422441,own_history,201.0,0.14754098360655737,25.4,274.1,73.1,73.1,0.0,Low,Moderate
BB_0100,AB_pos,fresh_frozen_plasma,1,275.0,,197.0,159.0,19.29,365,15.529870914464443,15.529870914464443,pooled_blood_group_product,197.0,0.26582278481012656,25.6,300.6,103.6,103.6,0.0,Low,Moderate
BB_0100,AB_pos,packed_RBC,1,221.0,,225.0,103.0,13.33,42,17.421402900877148,17.421402900877148,pooled_blood_group_product,225.0,0.26582278481012656,28.7,249.7,24.7,24.7,0.0,Low,Low
BB_0100,A_neg,group_O_neg_emergency,1,256.0,,189.0,138.0,14.29,42,15.275919791953486,15.275919791953486,pooled_blood_group_product,189.0,0.26582278481012656,25.2,281.2,92.2,92.2,0.0,Low,Moderate
BB_0100,A_pos,cryoprecipitate,4,260.0,4.690415759823433,197.5,153.5,15.4275,365,15.986014398875405,15.986014398875405,pooled_blood_group_product,197.5,0.26582278481012656,26.4,286.4,88.9,88.9,0.0,Low,Moderate
BB_0100,A_pos,fresh_frozen_plasma,1,243.0,,191.0,140.0,17.28,365,15.175972252331889,15.175972252331889,pooled_blood_group_product,191.0,0.26582278481012656,25.0,268.0,77.0,77.0,0.0,Low,Moderate
BB_0100,A_pos,group_O_neg_emergency,2,277.5,7.7781745930520225,205.0,153.0,17.595,42,16.934146373239873,16.934146373239873,pooled_blood_group_product,205.0,0.26582278481012656,27.9,305.4,100.4,100.4,0.0,Low,Moderate
BB_0100,A_pos,packed_RBC,3,261.3333333333333,8.736894948054099,187.33333333333334,149.66666666666666,13.183333333333335,42,15.974157533973031,15.974157533973031,pooled_blood_group_product,187.33333333333334,0.26582278481012656,26.4,287.7,100.4,100.4,0.0,Low,Low
BB_0100,A_pos,platelet_concentrate,4,245.0,10.132456102380443,196.75,138.0,16.8325,5,15.570295650182972,15.570295650182972,pooled_blood_group_product,196.75,0.26582278481012656,25.7,270.7,73.9,73.9,0.0,Low,Moderate
BB_0100,A_pos,whole_blood,2,232.5,3.5355339059327378,189.5,135.0,15.04,42,16.26859652330014,16.26859652330014,pooled_blood_group_product,189.5,0.26582278481012656,26.8,259.3,69.8,69.8,0.0,Low,Moderate
BB_0100,B_neg,cryoprecipitate,1,240.0,,200.0,153.0,15.0,365,14.855008056807502,14.855008056807502,pooled_blood_group_product,200.0,0.26582278481012656,24.5,264.5,64.5,64.5,0.0,Low,Moderate
BB_0100,B_neg,fresh_frozen_plasma,1,221.0,,206.0,149.0,7.77,365,18.483089984756752,18.483089984756752,pooled_blood_group_product,206.0,0.26582278481012656,30.5,251.5,45.5,45.5,0.0,Low,Low
BB_0100,B_neg,packed_RBC,1,234.0,,197.0,111.0,24.87,42,17.510386528104863,17.510386528104863,pooled_blood_group_product,197.0,0.26582278481012656,28.9,262.9,65.9,65.9,0.0,Low,High
BB_0100,B_pos,cryoprecipitate,4,243.75,20.59732992404598,210.5,156.75,22.7175,365,15.142364873820988,15.142364873820988,pooled_blood_group_product,210.5,0.26582278481012656,25.0,268.8,58.3,58.3,0.0,Low,Moderate
BB_0100,B_pos,fresh_frozen_plasma,1,249.0,,182.0,117.0,16.48,365,15.753623140581702,15.753623140581702,pooled_blood_group_product,182.0,0.26582278481012656,26.0,275.0,93.0,93.0,0.0,Low,Moderate
BB_0100,B_pos,group_O_neg_emergency,1,267.0,,185.0,162.0,8.65,42,15.327786820822924,15.327786820822924,pooled_blood_group_product,185.0,0.26582278481012656,25.3,292.3,107.3,107.3,0.0,Low,Low
BB_0100,B_pos,packed_RBC,4,240.5,16.176114078067904,199.5,125.5,19.1775,42,15.425681398117081,15.425681398117081,pooled_blood_group_product,199.5,0.26582278481012656,25.5,266.0,66.5,66.5,0.0,Low,High
BB_0100,B_pos,platelet_concentrate,2,244.0,18.384776310850235,192.5,138.5,8.28,5,15.918915219368015,15.918915219368015,pooled_blood_group_product,192.5,0.26582278481012656,26.3,270.3,77.8,77.8,0.0,Low,Low
BB_0100,B_pos,whole_blood,3,249.66666666666666,10.785793124908956,200.66666666666666,135.0,9.86,42,15.616055501636811,15.616055501636811,pooled_blood_group_product,200.66666666666666,0.26582278481012656,25.8,275.5,74.8,74.8,0.0,Low,Low
BB_0100,O_neg,cryoprecipitate,2,256.5,30.405591591021544,212.5,159.5,17.47,365,16.832005704612282,16.832005704612282,pooled_blood_group_product,212.5,0.26582278481012656,27.8,284.3,71.8,71.8,0.0,Low,Moderate
BB_0100,O_neg,whole_blood,1,242.0,,209.0,141.0,21.05,42,15.177301566829424,15.177301566829424,pooled_blood_group_product,209.0,0.26582278481012656,25.0,267.0,58.0,58.0,0.0,Low,High
BB_0100,O_pos,cryoprecipitate,5,247.0,12.569805089976537,187.4,147.2,16.924,365,15.956259435791292,12.569805089976537,own_history,187.4,0.26582278481012656,20.7,267.7,80.3,80.3,0.0,Low,Moderate
BB_0100,O_pos,fresh_frozen_plasma,6,247.16666666666666,13.731957859921744,200.16666666666666,162.5,17.871666666666666,365,16.129072159319048,13.731957859921744,own_history,200.16666666666666,0.26582278481012656,22.7,269.9,69.7,69.7,0.0,Low,Moderate
BB_0100,O_pos,group_O_neg_emergency,7,240.85714285714286,6.743603671345942,191.14285714285714,146.14285714285714,13.592857142857143,42,15.59947653940603,6.743603671345942,own_history,191.14285714285714,0.26582278481012656,11.1,252.0,60.9,60.9,0.0,Low,Low
BB_0100,O_pos,packed_RBC,8,245.125,19.423384286546387,206.5,139.375,16.56125,42,16.220879283084294,19.423384286546387,own_history,206.5,0.26582278481012656,32.0,277.1,70.6,70.6,0.0,Low,Moderate
BB_0100,O_pos,platelet_concentrate,6,247.16666666666666,17.870832847594613,190.83333333333334,134.0,18.005,5,15.814220480272407,17.870832847594613,own_history,190.83333333333334,0.26582278481012656,29.5,276.7,85.9,85.9,0.0,Low,Moderate
BB_0100,O_pos,whole_blood,7,255.0,16.391054470858982,200.14285714285714,140.71428571428572,16.65,42,15.320728507460478,16.391054470858982,own_history,200.14285714285714,0.26582278481012656,27.0,282.0,81.9,81.9,0.0,Low,Moderate
BB_0101,AB_pos,cryoprecipitate,2,244.5,28.991378028648448,199.5,148.0,11.81,365,16.64565006228281,16.64565006228281,pooled_blood_group_product,199.5,0.1875,27.5,272.0,72.5,72.5,0.0,Low,Low
BB_0101,AB_pos,packed_RBC,1,269.0,,218.0,151.0,10.09,42,17.421402900877148,17.421402900877148,pooled_blood_group_product,218.0,0.1875,28.7,297.7,79.7,79.7,0.0,Low,Low
BB_0101,AB_pos,platelet_concentrate,1,254.0,,209.0,192.0,19.14,5,14.27616380960629,14.27616380960629,pooled_blood_group_product,209.0,0.1875,23.6,277.6,68.6,68.6,0.0,Low,High
BB_0101,A_neg,group_O_neg_emergency,1,248.0,,212.0,141.0,23.58,42,15.275919791953486,15.275919791953486,pooled_blood_group_product,212.0,0.1875,25.2,273.2,61.2,61.2,0.0,Low,High
BB_0101,A_neg,platelet_concentrate,1,228.0,,201.0,174.0,15.42,5,15.26163614252437,15.26163614252437,pooled_blood_group_product,201.0,0.1875,25.2,253.2,52.2,52.2,0.0,Low,Moderate
BB_0101,A_pos,cryoprecipitate,4,239.75,9.912113800799506,200.0,147.25,13.415,365,15.986014398875405,15.986014398875405,pooled_blood_group_product,200.0,0.1875,26.4,266.2,66.2,66.2,0.0,Low,Low
BB_0101,A_pos,fresh_frozen_plasma,4,253.75,15.58578412100805,217.75,139.25,19.2275,365,15.175972252331889,15.175972252331889,pooled_blood_group_product,217.75,0.1875,25.0,278.8,61.1,61.1,0.0,Low,Moderate
BB_0101,A_pos,packed_RBC,1,270.0,,211.0,164.0,10.9,42,15.974157533973031,15.974157533973031,pooled_blood_group_product,211.0,0.1875,26.4,296.4,85.4,85.4,0.0,Low,Low
BB_0101,A_pos,platelet_concentrate,2,266.5,10.606601717798213,200.0,141.0,21.555,5,15.570295650182972,15.570295650182972,pooled_blood_group_product,200.0,0.1875,25.7,292.2,92.2,92.2,0.0,Low,High
BB_0101,A_pos,whole_blood,1,261.0,,190.0,128.0,20.53,42,16.26859652330014,16.26859652330014,pooled_blood_group_product,190.0,0.1875,26.8,287.8,97.8,97.8,0.0,Low,High
BB_0101,B_neg,fresh_frozen_plasma,1,263.0,,189.0,189.0,20.63,365,18.483089984756752,18.483089984756752,pooled_blood_group_product,189.0,0.1875,30.5,293.5,104.5,104.5,0.0,Low,Moderate
BB_0101,B_neg,packed_RBC,2,252.0,2.8284271247461903,214.0,159.0,12.005,42,17.510386528104863,17.510386528104863,pooled_blood_group_product,214.0,0.1875,28.9,280.9,66.9,66.9,0.0,Low,Low
BB_0101,B_pos,cryoprecipitate,2,255.0,2.8284271247461903,197.5,155.0,15.165,365,15.142364873820988,15.142364873820988,pooled_blood_group_product,197.5,0.1875,25.0,280.0,82.5,82.5,0.0,Low,Moderate
BB_0101,B_pos,fresh_frozen_plasma,1,229.0,,182.0,146.0,12.64,365,15.753623140581702,15.753623140581702,pooled_blood_group_product,182.0,0.1875,26.0,255.0,73.0,73.0,0.0,Low,Low
BB_0101,B_pos,group_O_neg_emergency,4,245.75,24.837807203267097,200.25,140.5,17.015,42,15.327786820822924,15.327786820822924,pooled_blood_group_product,200.25,0.1875,25.3,271.0,70.8,70.8,0.0,Low,Moderate
BB_0101,B_pos,packed_RBC,3,258.3333333333333,11.015141094572204,189.66666666666666,136.33333333333334,19.023333333333333,42,15.425681398117081,15.425681398117081,pooled_blood_group_product,189.66666666666666,0.1875,25.5,283.8,94.1,94.1,0.0,Low,High
BB_0101,B_pos,platelet_concentrate,4,260.5,18.48422751068237,198.5,131.5,14.2225,5,15.918915219368015,15.918915219368015,pooled_blood_group_product,198.5,0.1875,26.3,286.8,88.3,88.3,0.0,Low,Moderate
BB_0101,B_pos,whole_blood,1,245.0,,175.0,134.0,15.43,42,15.616055501636811,15.616055501636811,pooled_blood_group_product,175.0,0.1875,25.8,270.8,95.8,95.8,0.0,Low,Moderate
BB_0101,O_neg,fresh_frozen_plasma,1,265.0,,206.0,150.0,8.25,365,14.714175377770642,14.714175377770642,pooled_blood_group_product,206.0,0.1875,24.3,289.3,83.3,83.3,0.0,Low,Low
BB_0101,O_neg,packed_RBC,1,244.0,,214.0,126.0,7.48,42,16.675768019539497,16.675768019539497,pooled_blood_group_product,214.0,0.1875,27.5,271.5,57.5,57.5,0.0,Low,Low
BB_0101,O_neg,platelet_concentrate,2,237.0,14.142135623730951,189.5,138.0,14.21,5,16.930706830055033,16.930706830055033,pooled_blood_group_product,189.5,0.1875,27.9,264.9,75.4,75.4,0.0,Low,Moderate
BB_0101,O_pos,cryoprecipitate,4,250.25,11.615363389350618,190.25,153.25,12.405,365,15.956259435791292,15.956259435791292,pooled_blood_group_product,190.25,0.1875,26.3,276.6,86.4,86.4,0.0,Low,Low
BB_0101,O_pos,fresh_frozen_plasma,6,262.5,20.88779547965749,202.0,157.66666666666666,15.716666666666667,365,16.129072159319048,20.88779547965749,own_history,202.0,0.1875,34.5,297.0,95.0,95.0,0.0,Low,Moderate
BB_0101,O_pos,group_O_neg_emergency,8,251.25,18.92654975726654,200.5,131.0,17.70125,42,15.59947653940603,18.92654975726654,own_history,200.5,0.1875,31.2,282.4,81.9,81.9,0.0,Low,Moderate
BB_0101,O_pos,packed_RBC,5,253.8,12.833549781724459,193.8,138.0,14.228,42,16.220879283084294,12.833549781724459,own_history,193.8,0.1875,21.2,275.0,81.2,81.2,0.0,Low,Moderate
BB_0101,O_pos,platelet_concentrate,10,257.0,15.888500383750637,198.7,141.7,17.628999999999998,5,15.814220480272407,15.888500383750637,own_history,198.7,0.1875,26.2,283.2,84.5,84.5,0.0,Low,Moderate
BB_0101,O_pos,whole_blood,7,252.71428571428572,9.569296137722388,200.57142857142858,133.42857142857142,16.485714285714288,42,15.320728507460478,9.569296137722388,own_history,200.57142857142858,0.1875,15.8,268.5,67.9,67.9,0.0,Low,Moderate
BB_0102,AB_neg,group_O_neg_emergency,1,257.0,,212.0,155.0,16.51,42,14.768157012249755,14.768157012249755,pooled_blood_group_product,212.0,0.17142857142857143,24.4,281.4,69.4,69.4,0.0,Low,Moderate
BB_0102,AB_pos,group_O_neg_emergency,2,259.0,18.384776310850235,194.5,149.5,13.6,42,16.01343479009551,16.01343479009551,pooled_blood_group_product,194.5,0.17142857142857143,26.4,285.4,90.9,90.9,0.0,Low,Low
BB_0102,AB_pos,whole_blood,2,244.0,21.213203435596427,206.0,146.5,17.21,42,13.606168437472475,13.606168437472475,pooled_blood_group_product,206.0,0.17142857142857143,22.5,266.5,60.5,60.5,0.0,Low,Moderate
BB_0102,A_neg,cryoprecipitate,1,247.0,,201.0,168.0,6.97,365,14.243844171226868,14.243844171226868,pooled_blood_group_product,201.0,0.17142857142857143,23.5,270.5,69.5,69.5,0.0,Low,Low
BB_0102,A_pos,fresh_frozen_plasma,4,242.5,18.929694486000912,202.0,156.75,14.870000000000001,365,15.175972252331889,15.175972252331889,pooled_blood_group_product,202.0,0.17142857142857143,25.0,267.5,65.5,65.5,0.0,Low,Moderate
BB_0102,A_pos,packed_RBC,1,247.0,,225.0,129.0,25.33,42,15.974157533973031,15.974157533973031,pooled_blood_group_product,225.0,0.17142857142857143,26.4,273.4,48.4,48.4,0.0,Low,High
BB_0102,A_pos,platelet_concentrate,2,247.5,17.67766952966369,192.5,131.0,17.3,5,15.570295650182972,15.570295650182972,pooled_blood_group_product,192.5,0.17142857142857143,25.7,273.2,80.7,80.7,0.0,Low,Moderate
BB_0102,A_pos,whole_blood,3,236.33333333333334,21.733231083604053,212.66666666666666,120.0,17.083333333333332,42,16.26859652330014,16.26859652330014,pooled_blood_group_product,212.66666666666666,0.17142857142857143,26.8,263.1,50.4,50.4,0.0,Low,Moderate
BB_0102,B_pos,cryoprecipitate,5,245.2,17.19592975096142,210.2,141.8,15.463999999999999,365,15.142364873820988,17.19592975096142,own_history,210.2,0.17142857142857143,28.4,273.6,63.4,63.4,0.0,Low,Moderate
BB_0102,B_pos,fresh_frozen_plasma,3,241.0,27.184554438136374,201.33333333333334,113.66666666666667,13.823333333333332,365,15.753623140581702,15.753623140581702,pooled_blood_group_product,201.33333333333334,0.17142857142857143,26.0,267.0,65.7,65.7,0.0,Low,Low
BB_0102,B_pos,group_O_neg_emergency,2,254.0,8.48528137423857,211.0,139.0,19.66,42,15.327786820822924,15.327786820822924,pooled_blood_group_product,211.0,0.17142857142857143,25.3,279.3,68.3,68.3,0.0,Low,High
BB_0102,B_pos,packed_RBC,1,247.0,,221.0,161.0,11.31,42,15.425681398117081,15.425681398117081,pooled_blood_group_product,221.0,0.17142857142857143,25.5,272.5,51.5,51.5,0.0,Low,Low
BB_0102,B_pos,platelet_concentrate,4,235.25,13.98511113053212,208.0,143.75,16.427500000000002,5,15.918915219368015,15.918915219368015,pooled_blood_group_product,208.0,0.17142857142857143,26.3,261.6,53.6,53.6,0.0,Low,Moderate
BB_0102,B_pos,whole_blood,1,265.0,,197.0,166.0,19.29,42,15.616055501636811,15.616055501636811,pooled_blood_group_product,197.0,0.17142857142857143,25.8,290.8,93.8,93.8,0.0,Low,High
BB_0102,O_neg,cryoprecipitate,1,255.0,,229.0,117.0,22.27,365,16.832005704612282,16.832005704612282,pooled_blood_group_product,229.0,0.17142857142857143,27.8,282.8,53.8,53.8,0.0,Low,Moderate
BB_0102,O_neg,packed_RBC,1,252.0,,205.0,137.0,22.44,42,16.675768019539497,16.675768019539497,pooled_blood_group_product,205.0,0.17142857142857143,27.5,279.5,74.5,74.5,0.0,Low,High
BB_0102,O_pos,cryoprecipitate,11,249.54545454545453,17.727738921608907,202.8181818181818,144.63636363636363,16.568181818181817,365,15.956259435791292,17.727738921608907,own_history,202.8181818181818,0.17142857142857143,29.3,278.8,76.0,76.0,0.0,Low,Moderate
BB_0102,O_pos,fresh_frozen_plasma,2,255.0,1.4142135623730951,185.5,132.0,20.490000000000002,365,16.129072159319048,16.129072159319048,pooled_blood_group_product,185.5,0.17142857142857143,26.6,281.6,96.1,96.1,0.0,Low,Moderate
BB_0102,O_pos,group_O_neg_emergency,9,261.55555555555554,17.819309127398224,195.55555555555554,149.77777777777777,18.641111111111112,42,15.59947653940603,17.819309127398224,own_history,195.55555555555554,0.17142857142857143,29.4,291.0,95.4,95.4,0.0,Low,Moderate
BB_0102,O_pos,packed_RBC,1,260.0,,217.0,183.0,11.52,42,16.220879283084294,16.220879283084294,pooled_blood_group_product,217.0,0.17142857142857143,26.8,286.8,69.8,69.8,0.0,Low,Low
BB_0102,O_pos,platelet_concentrate,6,238.83333333333334,16.785906787143393,192.5,121.16666666666667,15.191666666666665,5,15.814220480272407,16.785906787143393,own_history,192.5,0.17142857142857143,27.7,266.5,74.0,74.0,0.0,Low,Moderate
BB_0102,O_pos,whole_blood,7,247.28571428571428,9.516902257112271,190.28571428571428,150.28571428571428,14.981428571428571,42,15.320728507460478,9.516902257112271,own_history,190.28571428571428,0.17142857142857143,15.7,263.0,72.7,72.7,0.0,Low,Moderate
BB_0103,AB_pos,fresh_frozen_plasma,1,257.0,,191.0,143.0,13.61,365,15.529870914464443,15.529870914464443,pooled_blood_group_product,191.0,0.3157894736842105,25.6,282.6,91.6,91.6,0.0,Low,Low
BB_0103,AB_pos,packed_RBC,1,248.0,,209.0,172.0,13.4,42,17.421402900877148,17.421402900877148,pooled_blood_group_product,209.0,0.3157894736842105,28.7,276.7,67.7,67.7,0.0,Low,Low
BB_0103,A_pos,cryoprecipitate,1,249.0,,197.0,154.0,16.75,365,15.986014398875405,15.986014398875405,pooled_blood_group_product,197.0,0.3157894736842105,26.4,275.4,78.4,78.4,0.0,Low,Moderate
BB_0103,A_pos,fresh_frozen_plasma,5,240.8,10.05982107196743,191.8,122.0,18.034,365,15.175972252331889,10.05982107196743,own_history,191.8,0.3157894736842105,16.6,257.4,65.6,65.6,0.0,Low,Moderate
BB_0103,A_pos,group_O_neg_emergency,3,264.6666666666667,21.221058723196002,210.0,147.0,20.896666666666665,42,16.934146373239873,16.934146373239873,pooled_blood_group_product,210.0,0.3157894736842105,27.9,292.6,82.6,82.6,0.0,Low,High
BB_0103,A_pos,packed_RBC,3,249.0,19.05255888325765,196.66666666666666,144.0,21.853333333333335,42,15.974157533973031,15.974157533973031,pooled_blood_group_product,196.66666666666666,0.3157894736842105,26.4,275.4,78.7,78.7,0.0,Low,High
BB_0103,A_pos,platelet_concentrate,2,249.5,17.67766952966369,189.5,173.5,15.39,5,15.570295650182972,15.570295650182972,pooled_blood_group_product,189.5,0.3157894736842105,25.7,275.2,85.7,85.7,0.0,Low,Moderate
BB_0103,A_pos,whole_blood,1,247.0,,207.0,114.0,19.81,42,16.26859652330014,16.26859652330014,pooled_blood_group_product,207.0,0.3157894736842105,26.8,273.8,66.8,66.8,0.0,Low,High
BB_0103,B_pos,cryoprecipitate,5,248.0,10.606601717798217,199.8,124.8,16.634,365,15.142364873820988,10.606601717798217,own_history,199.8,0.3157894736842105,17.5,265.5,65.7,65.7,0.0,Low,Moderate
BB_0103,B_pos,fresh_frozen_plasma,2,243.5,13.435028842544403,205.0,136.0,22.215,365,15.753623140581702,15.753623140581702,pooled_blood_group_product,205.0,0.3157894736842105,26.0,269.5,64.5,64.5,0.0,Low,Moderate
BB_0103,B_pos,group_O_neg_emergency,3,244.33333333333334,14.011899704655798,175.66666666666666,122.66666666666667,18.43,42,15.327786820822924,15.327786820822924,pooled_blood_group_product,175.66666666666666,0.3157894736842105,25.3,269.6,93.9,93.9,0.0,Low,Moderate
BB_0103,B_pos,packed_RBC,2,266.5,0.7071067811865476,202.0,156.5,14.489999999999998,42,15.425681398117081,15.425681398117081,pooled_blood_group_product,202.0,0.3157894736842105,25.5,292.0,90.0,90.0,0.0,Low,Moderate
BB_0103,B_pos,platelet_concentrate,4,232.75,13.9134227756269,203.75,175.25,14.585,5,15.918915219368015,15.918915219368015,pooled_blood_group_product,203.75,0.3157894736842105,26.3,259.0,55.2,55.2,0.0,Low,Moderate
BB_0103,B_pos,whole_blood,4,252.5,20.728402414722336,202.25,153.0,14.967500000000001,42,15.616055501636811,15.616055501636811,pooled_blood_group_product,202.25,0.3157894736842105,25.8,278.3,76.1,76.1,0.0,Low,Moderate
BB_0103,O_neg,cryoprecipitate,1,236.0,,200.0,115.0,6.0,365,16.832005704612282,16.832005704612282,pooled_blood_group_product,200.0,0.3157894736842105,27.8,263.8,63.8,63.8,0.0,Low,Low
BB_0103,O_neg,platelet_concentrate,1,266.0,,204.0,195.0,28.43,5,16.930706830055033,16.930706830055033,pooled_blood_group_product,204.0,0.3157894736842105,27.9,293.9,89.9,89.9,0.0,Low,High
BB_0103,O_neg,whole_blood,2,255.5,7.7781745930520225,201.5,123.5,7.575,42,15.177301566829424,15.177301566829424,pooled_blood_group_product,201.5,0.3157894736842105,25.0,280.5,79.0,79.0,0.0,Low,Low
BB_0103,O_pos,cryoprecipitate,6,249.0,13.85640646055102,207.66666666666666,129.0,17.643333333333334,365,15.956259435791292,13.85640646055102,own_history,207.66666666666666,0.3157894736842105,22.9,271.9,64.2,64.2,0.0,Low,Moderate
BB_0103,O_pos,fresh_frozen_plasma,5,261.8,16.05303709582707,198.8,156.4,14.912,365,16.129072159319048,16.05303709582707,own_history,198.8,0.3157894736842105,26.5,288.3,89.5,89.5,0.0,Low,Moderate
BB_0103,O_pos,group_O_neg_emergency,4,248.25,30.80449101456907,199.5,130.75,15.412499999999998,42,15.59947653940603,15.59947653940603,pooled_blood_group_product,199.5,0.3157894736842105,25.7,274.0,74.5,74.5,0.0,Low,Moderate
BB_0103,O_pos,packed_RBC,5,246.8,7.791020472312981,196.6,138.8,17.634,42,16.220879283084294,7.791020472312981,own_history,196.6,0.3157894736842105,12.9,259.7,63.1,63.1,0.0,Low,Moderate
BB_0103,O_pos,platelet_concentrate,6,254.5,22.607520872488422,199.83333333333334,132.16666666666666,15.978333333333333,5,15.814220480272407,22.607520872488422,own_history,199.83333333333334,0.3157894736842105,37.3,291.8,92.0,92.0,0.0,Low,Moderate
BB_0103,O_pos,whole_blood,9,252.55555555555554,16.55378439444521,206.44444444444446,155.55555555555554,15.118888888888888,42,15.320728507460478,16.55378439444521,own_history,206.44444444444446,0.3157894736842105,27.3,279.9,73.5,73.5,0.0,Low,Moderate
BB_0104,AB_neg,group_O_neg_emergency,1,264.0,,200.0,136.0,20.0,42,14.768157012249755,14.768157012249755,pooled_blood_group_product,200.0,0.2222222222222222,24.4,288.4,88.4,88.4,0.0,Low,High
BB_0104,AB_pos,platelet_concentrate,1,277.0,,185.0,145.0,11.89,5,14.27616380960629,14.27616380960629,pooled_blood_group_product,185.0,0.2222222222222222,23.6,300.6,115.6,115.6,0.0,Low,Low
BB_0104,AB_pos,whole_blood,1,237.0,,215.0,156.0,21.86,42,13.606168437472475,13.606168437472475,pooled_blood_group_product,215.0,0.2222222222222222,22.5,259.5,44.5,44.5,0.0,Low,High
BB_0104,A_neg,group_O_neg_emergency,1,242.0,,180.0,139.0,13.89,42,15.275919791953486,15.275919791953486,pooled_blood_group_product,180.0,0.2222222222222222,25.2,267.2,87.2,87.2,0.0,Low,Low
BB_0104,A_neg,packed_RBC,1,249.0,,211.0,148.0,6.64,42,14.982321915176227,14.982321915176227,pooled_blood_group_product,211.0,0.2222222222222222,24.7,273.7,62.7,62.7,0.0,Low,Low
BB_0104,A_neg,platelet_concentrate,1,291.0,,195.0,155.0,20.51,5,15.26163614252437,15.26163614252437,pooled_blood_group_product,195.0,0.2222222222222222,25.2,316.2,121.2,121.2,0.0,Low,High
BB_0104,A_pos,cryoprecipitate,3,239.33333333333334,5.5075705472861065,210.66666666666666,125.0,16.256666666666664,365,15.986014398875405,15.986014398875405,pooled_blood_group_product,210.66666666666666,0.2222222222222222,26.4,265.7,55.0,55.0,0.0,Low,Moderate
BB_0104,A_pos,fresh_frozen_plasma,4,239.75,20.99801577927464,197.25,146.75,18.625,365,15.175972252331889,15.175972252331889,pooled_blood_group_product,197.25,0.2222222222222222,25.0,264.8,67.6,67.6,0.0,Low,Moderate
BB_0104,A_pos,group_O_neg_emergency,2,229.0,18.384776310850235,196.0,128.5,13.265,42,16.934146373239873,16.934146373239873,pooled_blood_group_product,196.0,0.2222222222222222,27.9,256.9,60.9,60.9,0.0,Low,Low
BB_0104,A_pos,packed_RBC,3,263.0,15.874507866387544,200.66666666666666,156.66666666666666,11.016666666666666,42,15.974157533973031,15.974157533973031,pooled_blood_group_product,200.66666666666666,0.2222222222222222,26.4,289.4,88.7,88.7,0.0,Low,Low
BB_0104,A_pos,platelet_concentrate,4,257.75,16.859715300087366,209.5,168.75,14.86,5,15.570295650182972,15.570295650182972,pooled_blood_group_product,209.5,0.2222222222222222,25.7,283.4,73.9,73.9,0.0,Low,Moderate
BB_0104,A_pos,whole_blood,1,243.0,,205.0,125.0,14.15,42,16.26859652330014,16.26859652330014,pooled_blood_group_product,205.0,0.2222222222222222,26.8,269.8,64.8,64.8,0.0,Low,Moderate
BB_0104,B_neg,group_O_neg_emergency,1,227.0,,204.0,133.0,20.1,42,16.421857975114715,16.421857975114715,pooled_blood_group_product,204.0,0.2222222222222222,27.1,254.1,50.1,50.1,0.0,Low,High
BB_0104,B_pos,cryoprecipitate,4,250.75,10.242883708539633,202.0,152.5,15.7875,365,15.142364873820988,15.142364873820988,pooled_blood_group_product,202.0,0.2222222222222222,25.0,275.8,73.8,73.8,0.0,Low,Moderate
BB_0104,B_pos,fresh_frozen_plasma,2,267.5,17.67766952966369,223.5,178.5,16.12,365,15.753623140581702,15.753623140581702,pooled_blood_group_product,223.5,0.2222222222222222,26.0,293.5,70.0,70.0,0.0,Low,Moderate
BB_0104,B_pos,group_O_neg_emergency,4,251.0,9.12870929175277,197.0,134.0,15.9825,42,15.327786820822924,15.327786820822924,pooled_blood_group_product,197.0,0.2222222222222222,25.3,276.3,79.3,79.3,0.0,Low,Moderate
BB_0104,B_pos,packed_RBC,1,226.0,,193.0,137.0,7.77,42,15.425681398117081,15.425681398117081,pooled_blood_group_product,193.0,0.2222222222222222,25.5,251.5,58.5,58.5,0.0,Low,Low
BB_0104,B_pos,platelet_concentrate,2,254.0,8.48528137423857,178.5,139.0,11.645,5,15.918915219368015,15.918915219368015,pooled_blood_group_product,178.5,0.2222222222222222,26.3,280.3,101.8,101.8,0.0,Low,Low
BB_0104,B_pos,whole_blood,2,234.5,0.7071067811865476,193.0,102.0,19.380000000000003,42,15.616055501636811,15.616055501636811,pooled_blood_group_product,193.0,0.2222222222222222,25.8,260.3,67.3,67.3,0.0,Low,High
BB_0104,O_neg,whole_blood,2,250.0,8.48528137423857,194.5,129.5,23.4,42,15.177301566829424,15.177301566829424,pooled_blood_group_product,194.5,0.2222222222222222,25.0,275.0,80.5,80.5,0.0,Low,High
BB_0104,O_pos,cryoprecipitate,3,247.33333333333334,15.176736583776277,201.0,156.33333333333334,15.563333333333333,365,15.956259435791292,15.956259435791292,pooled_blood_group_product,201.0,0.2222222222222222,26.3,273.6,72.6,72.6,0.0,Low,Moderate
BB_0104,O_pos,fresh_frozen_plasma,7,250.85714285714286,12.641579165971464,209.57142857142858,147.71428571428572,17.29285714285714,365,16.129072159319048,12.641579165971464,own_history,209.57142857142858,0.2222222222222222,20.9,271.8,62.2,62.2,0.0,Low,Moderate
BB_0104,O_pos,group_O_neg_emergency,7,254.42857142857142,14.05770420869096,191.0,134.85714285714286,14.79857142857143,42,15.59947653940603,14.05770420869096,own_history,191.0,0.2222222222222222,23.2,277.6,86.6,86.6,0.0,Low,Moderate
BB_0104,O_pos,packed_RBC,8,237.125,20.067297490480094,197.125,145.5,14.6125,42,16.220879283084294,20.067297490480094,own_history,197.125,0.2222222222222222,33.1,270.2,73.1,73.1,0.0,Low,Moderate
BB_0104,O_pos,platelet_concentrate,5,254.4,7.602631123499286,192.0,120.6,15.724,5,15.814220480272407,7.602631123499286,own_history,192.0,0.2222222222222222,12.5,266.9,74.9,74.9,0.0,Low,Moderate
BB_0104,O_pos,whole_blood,10,252.1,14.556022045111702,194.7,133.0,19.182,42,15.320728507460478,14.556022045111702,own_history,194.7,0.2222222222222222,24.0,276.1,81.4,81.4,0.0,Low,High
BB_0105,AB_neg,packed_RBC,1,253.0,,189.0,130.0,11.64,42,13.932332543759145,13.932332543759145,pooled_blood_group_product,189.0,0.2125,23.0,276.0,87.0,87.0,0.0,Low,Low
BB_0105,AB_pos,packed_RBC,1,264.0,,212.0,143.0,19.34,42,17.421402900877148,17.421402900877148,pooled_blood_group_product,212.0,0.2125,28.7,292.7,80.7,80.7,0.0,Low,High
BB_0105,AB_pos,whole_blood,2,239.5,2.1213203435596424,176.0,126.0,15.684999999999999,42,13.606168437472475,13.606168437472475,pooled_blood_group_product,176.0,0.2125,22.5,262.0,86.0,86.0,0.0,Low,Moderate
BB_0105,A_pos,cryoprecipitate,1,251.0,,183.0,165.0,12.57,365,15.986014398875405,15.986014398875405,pooled_blood_group_product,183.0,0.2125,26.4,277.4,94.4,94.4,0.0,Low,Low
BB_0105,A_pos,fresh_frozen_plasma,1,270.0,,202.0,116.0,4.46,365,15.175972252331889,15.175972252331889,pooled_blood_group_product,202.0,0.2125,25.0,295.0,93.0,93.0,0.0,Low,Low
BB_0105,A_pos,group_O_neg_emergency,3,258.0,11.135528725660043,202.0,140.66666666666666,17.060000000000002,42,16.934146373239873,16.934146373239873,pooled_blood_group_product,202.0,0.2125,27.9,285.9,83.9,83.9,0.0,Low,Moderate
BB_0105,A_pos,packed_RBC,4,246.75,4.991659710623977,200.75,139.25,20.432499999999997,42,15.974157533973031,15.974157533973031,pooled_blood_group_product,200.75,0.2125,26.4,273.2,72.4,72.4,0.0,Low,High
BB_0105,A_pos,platelet_concentrate,2,245.0,7.0710678118654755,196.0,141.5,13.024999999999999,5,15.570295650182972,15.570295650182972,pooled_blood_group_product,196.0,0.2125,25.7,270.7,74.7,74.7,0.0,Low,Low
BB_0105,A_pos,whole_blood,3,240.33333333333334,36.226141573915015,220.33333333333334,168.0,17.073333333333334,42,16.26859652330014,16.26859652330014,pooled_blood_group_product,220.33333333333334,0.2125,26.8,267.1,46.8,46.8,0.0,Low,Moderate
BB_0105,B_pos,cryoprecipitate,1,259.0,,189.0,127.0,19.58,365,15.142364873820988,15.142364873820988,pooled_blood_group_product,189.0,0.2125,25.0,284.0,95.0,95.0,0.0,Low,Moderate
BB_0105,B_pos,fresh_frozen_plasma,6,235.66666666666666,20.558858593479037,196.16666666666666,135.33333333333334,16.801666666666666,365,15.753623140581702,20.558858593479037,own_history,196.16666666666666,0.2125,33.9,269.6,73.4,73.4,0.0,Low,Moderate
BB_0105,B_pos,group_O_neg_emergency,4,243.25,16.580611166861935,204.75,146.25,15.9325,42,15.327786820822924,15.327786820822924,pooled_blood_group_product,204.75,0.2125,25.3,268.6,63.9,63.9,0.0,Low,Moderate
BB_0105,B_pos,platelet_concentrate,5,237.6,16.133815419794537,193.6,145.2,14.107999999999999,5,15.918915219368015,16.133815419794537,own_history,193.6,0.2125,26.6,264.2,70.6,70.6,0.0,Low,Moderate
BB_0105,B_pos,whole_blood,3,241.33333333333334,17.473789896108208,210.33333333333334,139.33333333333334,16.796666666666667,42,15.616055501636811,15.616055501636811,pooled_blood_group_product,210.33333333333334,0.2125,25.8,267.1,56.8,56.8,0.0,Low,Moderate
BB_0105,O_neg,cryoprecipitate,1,257.0,,200.0,133.0,24.5,365,16.832005704612282,16.832005704612282,pooled_blood_group_product,200.0,0.2125,27.8,284.8,84.8,84.8,0.0,Low,Moderate
BB_0105,O_neg,packed_RBC,1,252.0,,196.0,149.0,21.43,42,16.675768019539497,16.675768019539497,pooled_blood_group_product,196.0,0.2125,27.5,279.5,83.5,83.5,0.0,Low,High
BB_0105,O_neg,platelet_concentrate,1,279.0,,211.0,145.0,22.75,5,16.930706830055033,16.930706830055033,pooled_blood_group_product,211.0,0.2125,27.9,306.9,95.9,95.9,0.0,Low,High
BB_0105,O_pos,cryoprecipitate,9,252.66666666666666,10.770329614269004,194.0,141.44444444444446,14.22,365,15.956259435791292,10.770329614269004,own_history,194.0,0.2125,17.8,270.5,76.5,76.5,0.0,Low,Moderate
BB_0105,O_pos,fresh_frozen_plasma,6,245.83333333333334,24.260392961917717,193.5,148.0,19.093333333333334,365,16.129072159319048,24.260392961917717,own_history,193.5,0.2125,40.0,285.8,92.3,92.3,0.0,Low,Moderate
BB_0105,O_pos,group_O_neg_emergency,11,250.63636363636363,16.93678084685946,201.45454545454547,139.1818181818182,17.085454545454546,42,15.59947653940603,16.93678084685946,own_history,201.45454545454547,0.2125,27.9,278.5,77.0,77.0,0.0,Low,Moderate
BB_0105,O_pos,packed_RBC,9,259.0,13.266499161421601,201.11111111111111,142.55555555555554,15.083333333333334,42,16.220879283084294,13.266499161421601,own_history,201.11111111111111,0.2125,21.9,280.9,79.8,79.8,0.0,Low,Moderate
BB_0105,O_pos,platelet_concentrate,3,247.66666666666666,27.02468007827906,202.0,152.66666666666666,19.53,5,15.814220480272407,15.814220480272407,pooled_blood_group_product,202.0,0.2125,26.1,273.8,71.8,71.8,0.0,Low,High
BB_0105,O_pos,whole_blood,2,254.5,4.949747468305833,194.5,130.5,15.495000000000001,42,15.320728507460478,15.320728507460478,pooled_blood_group_product,194.5,0.2125,25.3,279.8,85.3,85.3,0.0,Low,Moderate
BB_0106,AB_pos,cryoprecipitate,1,240.0,,189.0,146.0,19.05,365,16.64565006228281,16.64565006228281,pooled_blood_group_product,189.0,0.22058823529411764,27.5,267.5,78.5,78.5,0.0,Low,Moderate
BB_0106,AB_pos,group_O_neg_emergency,1,232.0,,230.0,127.0,21.74,42,16.01343479009551,16.01343479009551,pooled_blood_group_product,230.0,0.22058823529411764,26.4,258.4,28.4,28.4,0.0,Low,High
BB_0106,AB_pos,platelet_concentrate,1,222.0,,187.0,125.0,12.83,5,14.27616380960629,14.27616380960629,pooled_blood_group_product,187.0,0.22058823529411764,23.6,245.6,58.6,58.6,0.0,Low,Low
BB_0106,A_neg,cryoprecipitate,1,259.0,,173.0,108.0,17.34,365,14.243844171226868,14.243844171226868,pooled_blood_group_product,173.0,0.22058823529411764,23.5,282.5,109.5,109.5,0.0,Low,Moderate
BB_0106,A_neg,group_O_neg_emergency,1,234.0,,187.0,123.0,26.2,42,15.275919791953486,15.275919791953486,pooled_blood_group_product,187.0,0.22058823529411764,25.2,259.2,72.2,72.2,0.0,Low,High
BB_0106,A_pos,cryoprecipitate,3,251.33333333333334,23.755701070129113,192.0,130.0,16.526666666666667,365,15.986014398875405,15.986014398875405,pooled_blood_group_product,192.0,0.22058823529411764,26.4,277.7,85.7,85.7,0.0,Low,Moderate
BB_0106,A_pos,group_O_neg_emergency,2,252.0,11.313708498984761,221.0,138.0,21.73,42,16.934146373239873,16.934146373239873,pooled_blood_group_product,221.0,0.22058823529411764,27.9,279.9,58.9,58.9,0.0,Low,High
BB_0106,A_pos,packed_RBC,1,244.0,,198.0,149.0,7.58,42,15.974157533973031,15.974157533973031,pooled_blood_group_product,198.0,0.22058823529411764,26.4,270.4,72.4,72.4,0.0,Low,Low
BB_0106,A_pos,platelet_concentrate,3,243.66666666666666,15.143755588800728,197.0,138.33333333333334,8.959999999999999,5,15.570295650182972,15.570295650182972,pooled_blood_group_product,197.0,0.22058823529411764,25.7,269.4,72.4,72.4,0.0,Low,Low
BB_0106,A_pos,whole_blood,1,239.0,,208.0,167.0,18.27,42,16.26859652330014,16.26859652330014,pooled_blood_group_product,208.0,0.22058823529411764,26.8,265.8,57.8,57.8,0.0,Low,Moderate
BB_0106,B_pos,cryoprecipitate,4,253.0,12.516655570345728,210.5,146.75,17.2,365,15.142364873820988,15.142364873820988,pooled_blood_group_product,210.5,0.22058823529411764,25.0,278.0,67.5,67.5,0.0,Low,Moderate
BB_0106,B_pos,fresh_frozen_plasma,1,244.0,,191.0,151.0,16.75,365,15.753623140581702,15.753623140581702,pooled_blood_group_product,191.0,0.22058823529411764,26.0,270.0,79.0,79.0,0.0,Low,Moderate
BB_0106,B_pos,group_O_neg_emergency,3,250.0,9.0,203.33333333333334,155.0,17.06,42,15.327786820822924,15.327786820822924,pooled_blood_group_product,203.33333333333334,0.22058823529411764,25.3,275.3,72.0,72.0,0.0,Low,Moderate
BB_0106,B_pos,packed_RBC,4,253.5,18.430047929038782,200.25,148.25,16.6325,42,15.425681398117081,15.425681398117081,pooled_blood_group_product,200.25,0.22058823529411764,25.5,279.0,78.8,78.8,0.0,Low,Moderate
BB_0106,B_pos,platelet_concentrate,2,258.5,10.606601717798213,198.5,135.0,14.139999999999999,5,15.918915219368015,15.918915219368015,pooled_blood_group_product,198.5,0.22058823529411764,26.3,284.8,86.3,86.3,0.0,Low,Moderate
BB_0106,B_pos,whole_blood,1,229.0,,230.0,140.0,14.78,42,15.616055501636811,15.616055501636811,pooled_blood_group_product,230.0,0.22058823529411764,25.8,254.8,24.8,24.8,0.0,Low,Moderate
BB_0106,O_neg,platelet_concentrate,1,231.0,,171.0,106.0,20.47,5,16.930706830055033,16.930706830055033,pooled_blood_group_product,171.0,0.22058823529411764,27.9,258.9,87.9,87.9,0.0,Low,High
BB_0106,O_pos,cryoprecipitate,10,252.7,24.590196782005986,199.4,141.4,16.355,365,15.956259435791292,24.590196782005986,own_history,199.4,0.22058823529411764,40.6,293.3,93.9,93.9,0.0,Low,Moderate
BB_0106,O_pos,fresh_frozen_plasma,3,247.33333333333334,11.503622617824929,201.0,146.66666666666666,13.979999999999999,365,16.129072159319048,16.129072159319048,pooled_blood_group_product,201.0,0.22058823529411764,26.6,273.9,72.9,72.9,0.0,Low,Moderate
BB_0106,O_pos,group_O_neg_emergency,7,255.42857142857142,21.219936717288164,199.14285714285714,138.0,15.254285714285714,42,15.59947653940603,21.219936717288164,own_history,199.14285714285714,0.22058823529411764,35.0,290.4,91.3,91.3,0.0,Low,Moderate
BB_0106,O_pos,packed_RBC,5,250.8,15.27088733505686,188.4,140.2,13.166,42,16.220879283084294,15.27088733505686,own_history,188.4,0.22058823529411764,25.2,276.0,87.6,87.6,0.0,Low,Low
BB_0106,O_pos,platelet_concentrate,6,247.0,13.971399357258385,191.33333333333334,135.0,17.185,5,15.814220480272407,13.971399357258385,own_history,191.33333333333334,0.22058823529411764,23.1,270.1,78.8,78.8,0.0,Low,Moderate
BB_0106,O_pos,whole_blood,6,235.33333333333334,9.416297927883694,211.66666666666666,140.5,15.473333333333334,42,15.320728507460478,9.416297927883694,own_history,211.66666666666666,0.22058823529411764,15.5,250.8,39.1,39.1,0.0,Low,Moderate
BB_0107,AB_neg,packed_RBC,1,247.0,,199.0,163.0,12.56,42,13.932332543759145,13.932332543759145,pooled_blood_group_product,199.0,0.23214285714285715,23.0,270.0,71.0,71.0,0.0,Low,Low
BB_0107,AB_pos,fresh_frozen_plasma,1,260.0,,200.0,148.0,15.0,365,15.529870914464443,15.529870914464443,pooled_blood_group_product,200.0,0.23214285714285715,25.6,285.6,85.6,85.6,0.0,Low,Moderate
BB_0107,AB_pos,group_O_neg_emergency,1,266.0,,192.0,145.0,17.71,42,16.01343479009551,16.01343479009551,pooled_blood_group_product,192.0,0.23214285714285715,26.4,292.4,100.4,100.4,0.0,Low,Moderate
BB_0107,AB_pos,packed_RBC,1,235.0,,215.0,188.0,15.81,42,17.421402900877148,17.421402900877148,pooled_blood_group_product,215.0,0.23214285714285715,28.7,263.7,48.7,48.7,0.0,Low,Moderate
BB_0107,AB_pos,whole_blood,1,257.0,,220.0,102.0,16.36,42,13.606168437472475,13.606168437472475,pooled_blood_group_product,220.0,0.23214285714285715,22.5,279.5,59.5,59.5,0.0,Low,Moderate
BB_0107,A_neg,cryoprecipitate,1,282.0,,190.0,140.0,22.11,365,14.243844171226868,14.243844171226868,pooled_blood_group_product,190.0,0.23214285714285715,23.5,305.5,115.5,115.5,0.0,Low,Moderate
BB_0107,A_neg,packed_RBC,1,244.0,,192.0,154.0,11.46,42,14.982321915176227,14.982321915176227,pooled_blood_group_product,192.0,0.23214285714285715,24.7,268.7,76.7,76.7,0.0,Low,Low
BB_0107,A_pos,cryoprecipitate,1,263.0,,165.0,121.0,17.58,365,15.986014398875405,15.986014398875405,pooled_blood_group_product,165.0,0.23214285714285715,26.4,289.4,124.4,124.4,0.0,Low,Moderate
BB_0107,A_pos,fresh_frozen_plasma,2,253.0,19.79898987322333,208.0,155.0,18.905,365,15.175972252331889,15.175972252331889,pooled_blood_group_product,208.0,0.23214285714285715,25.0,278.0,70.0,70.0,0.0,Low,Moderate
BB_0107,A_pos,platelet_concentrate,1,274.0,,228.0,144.0,16.67,5,15.570295650182972,15.570295650182972,pooled_blood_group_product,228.0,0.23214285714285715,25.7,299.7,71.7,71.7,0.0,Low,Moderate
BB_0107,A_pos,whole_blood,3,247.66666666666666,19.5021366350801,201.33333333333334,149.33333333333334,14.450000000000001,42,16.26859652330014,16.26859652330014,pooled_blood_group_product,201.33333333333334,0.23214285714285715,26.8,274.5,73.2,73.2,0.0,Low,Moderate
BB_0107,B_neg,packed_RBC,1,259.0,,203.0,91.0,7.39,42,17.510386528104863,17.510386528104863,pooled_blood_group_product,203.0,0.23214285714285715,28.9,287.9,84.9,84.9,0.0,Low,Low
BB_0107,B_neg,platelet_concentrate,1,247.0,,178.0,108.0,12.36,5,15.063664178898293,15.063664178898293,pooled_blood_group_product,178.0,0.23214285714285715,24.9,271.9,93.9,93.9,0.0,Low,Low
BB_0107,B_pos,cryoprecipitate,4,244.0,7.788880963698615,205.0,133.5,13.93,365,15.142364873820988,15.142364873820988,pooled_blood_group_product,205.0,0.23214285714285715,25.0,269.0,64.0,64.0,0.0,Low,Low
BB_0107,B_pos,fresh_frozen_plasma,2,261.5,4.949747468305833,226.0,161.5,13.88,365,15.753623140581702,15.753623140581702,pooled_blood_group_product,226.0,0.23214285714285715,26.0,287.5,61.5,61.5,0.0,Low,Low
BB_0107,B_pos,group_O_neg_emergency,2,256.5,2.1213203435596424,207.0,124.5,16.43,42,15.327786820822924,15.327786820822924,pooled_blood_group_product,207.0,0.23214285714285715,25.3,281.8,74.8,74.8,0.0,Low,Moderate
BB_0107,B_pos,packed_RBC,1,275.0,,214.0,147.0,17.29,42,15.425681398117081,15.425681398117081,pooled_blood_group_product,214.0,0.23214285714285715,25.5,300.5,86.5,86.5,0.0,Low,Moderate
BB_0107,B_pos,platelet_concentrate,4,259.0,25.390286856722717,197.0,151.0,17.9925,5,15.918915219368015,15.918915219368015,pooled_blood_group_product,197.0,0.23214285714285715,26.3,285.3,88.3,88.3,0.0,Low,Moderate
BB_0107,B_pos,whole_blood,2,249.0,21.213203435596427,192.0,156.5,13.53,42,15.616055501636811,15.616055501636811,pooled_blood_group_product,192.0,0.23214285714285715,25.8,274.8,82.8,82.8,0.0,Low,Low
BB_0107,O_neg,cryoprecipitate,1,268.0,,207.0,145.0,14.01,365,16.832005704612282,16.832005704612282,pooled_blood_group_product,207.0,0.23214285714285715,27.8,295.8,88.8,88.8,0.0,Low,Moderate
BB_0107,O_neg,platelet_concentrate,1,254.0,,216.0,154.0,20.83,5,16.930706830055033,16.930706830055033,pooled_blood_group_product,216.0,0.23214285714285715,27.9,281.9,65.9,65.9,0.0,Low,High
BB_0107,O_pos,cryoprecipitate,4,239.25,18.391574157749524,201.25,144.25,14.57,365,15.956259435791292,15.956259435791292,pooled_blood_group_product,201.25,0.23214285714285715,26.3,265.6,64.4,64.4,0.0,Low,Moderate
BB_0107,O_pos,fresh_frozen_plasma,3,247.0,14.422205101855956,197.66666666666666,154.33333333333334,10.196666666666667,365,16.129072159319048,16.129072159319048,pooled_blood_group_product,197.66666666666666,0.23214285714285715,26.6,273.6,75.9,75.9,0.0,Low,Low
BB_0107,O_pos,group_O_neg_emergency,4,234.0,20.016659728003237,200.0,138.0,14.7975,42,15.59947653940603,15.59947653940603,pooled_blood_group_product,200.0,0.23214285714285715,25.7,259.7,59.7,59.7,0.0,Low,Moderate
BB_0107,O_pos,packed_RBC,2,221.5,33.23401871576773,215.5,126.0,19.96,42,16.220879283084294,16.220879283084294,pooled_blood_group_product,215.5,0.23214285714285715,26.8,248.3,32.8,32.8,0.0,Low,High
BB_0107,O_pos,platelet_concentrate,4,247.25,10.531698185319723,199.75,145.5,15.245000000000001,5,15.814220480272407,15.814220480272407,pooled_blood_group_product,199.75,0.23214285714285715,26.1,273.4,73.6,73.6,0.0,Low,Moderate
BB_0107,O_pos,whole_blood,6,253.16666666666666,24.701551908061703,190.16666666666666,128.33333333333334,17.49,42,15.320728507460478,24.701551908061703,own_history,190.16666666666666,0.23214285714285715,40.8,294.0,103.8,103.8,0.0,Low,Moderate
BB_0108,AB_neg,cryoprecipitate,1,250.0,,185.0,145.0,17.84,365,13.13504517558679,13.13504517558679,pooled_blood_group_product,185.0,0.2222222222222222,21.7,271.7,86.7,86.7,0.0,Low,Moderate
BB_0108,AB_pos,fresh_frozen_plasma,1,229.0,,218.0,144.0,8.26,365,15.529870914464443,15.529870914464443,pooled_blood_group_product,218.0,0.2222222222222222,25.6,254.6,36.6,36.6,0.0,Low,Low
BB_0108,AB_pos,packed_RBC,1,240.0,,213.0,129.0,8.92,42,17.421402900877148,17.421402900877148,pooled_blood_group_product,213.0,0.2222222222222222,28.7,268.7,55.7,55.7,0.0,Low,Low
BB_0108,AB_pos,platelet_concentrate,1,254.0,,206.0,193.0,23.3,5,14.27616380960629,14.27616380960629,pooled_blood_group_product,206.0,0.2222222222222222,23.6,277.6,71.6,71.6,0.0,Low,High
BB_0108,AB_pos,whole_blood,2,237.0,12.727922061357855,206.0,148.0,14.440000000000001,42,13.606168437472475,13.606168437472475,pooled_blood_group_product,206.0,0.2222222222222222,22.5,259.5,53.5,53.5,0.0,Low,Moderate
BB_0108,A_neg,packed_RBC,1,252.0,,188.0,131.0,18.09,42,14.982321915176227,14.982321915176227,pooled_blood_group_product,188.0,0.2222222222222222,24.7,276.7,88.7,88.7,0.0,Low,Moderate
BB_0108,A_neg,whole_blood,2,229.0,14.142135623730951,190.0,119.0,19.545,42,16.829684030913054,16.829684030913054,pooled_blood_group_product,190.0,0.2222222222222222,27.8,256.8,66.8,66.8,0.0,Low,High
BB_0108,A_pos,cryoprecipitate,3,249.66666666666666,14.224392195567917,199.0,158.0,13.53,365,15.986014398875405,15.986014398875405,pooled_blood_group_product,199.0,0.2222222222222222,26.4,276.1,77.1,77.1,0.0,Low,Low
BB_0108,A_pos,fresh_frozen_plasma,1,237.0,,191.0,162.0,21.99,365,15.175972252331889,15.175972252331889,pooled_blood_group_product,191.0,0.2222222222222222,25.0,262.0,71.0,71.0,0.0,Low,Moderate
BB_0108,A_pos,group_O_neg_emergency,3,267.6666666666667,9.073771725877465,195.0,137.0,14.196666666666667,42,16.934146373239873,16.934146373239873,pooled_blood_group_product,195.0,0.2222222222222222,27.9,295.6,100.6,100.6,0.0,Low,Moderate
BB_0108,A_pos,platelet_concentrate,3,259.3333333333333,13.316656236958794,206.0,143.66666666666666,16.466666666666665,5,15.570295650182972,15.570295650182972,pooled_blood_group_product,206.0,0.2222222222222222,25.7,285.0,79.0,79.0,0.0,Low,Moderate
BB_0108,A_pos,whole_blood,1,276.0,,206.0,158.0,14.56,42,16.26859652330014,16.26859652330014,pooled_blood_group_product,206.0,0.2222222222222222,26.8,302.8,96.8,96.8,0.0,Low,Moderate
BB_0108,B_neg,fresh_frozen_plasma,1,253.0,,200.0,140.0,22.0,365,18.483089984756752,18.483089984756752,pooled_blood_group_product,200.0,0.2222222222222222,30.5,283.5,83.5,83.5,0.0,Low,Moderate
BB_0108,B_neg,packed_RBC,1,232.0,,209.0,166.0,23.92,42,17.510386528104863,17.510386528104863,pooled_blood_group_product,209.0,0.2222222222222222,28.9,260.9,51.9,51.9,0.0,Low,High
BB_0108,B_pos,cryoprecipitate,4,248.25,10.812801055539063,203.0,150.0,11.2975,365,15.142364873820988,15.142364873820988,pooled_blood_group_product,203.0,0.2222222222222222,25.0,273.2,70.2,70.2,0.0,Low,Low
BB_0108,B_pos,fresh_frozen_plasma,1,245.0,,194.0,105.0,17.53,365,15.753623140581702,15.753623140581702,pooled_blood_group_product,194.0,0.2222222222222222,26.0,271.0,77.0,77.0,0.0,Low,Moderate
BB_0108,B_pos,group_O_neg_emergency,3,251.33333333333334,18.036999011291574,212.33333333333334,148.66666666666666,11.963333333333333,42,15.327786820822924,15.327786820822924,pooled_blood_group_product,212.33333333333334,0.2222222222222222,25.3,276.6,64.3,64.3,0.0,Low,Low
BB_0108,B_pos,packed_RBC,5,254.0,20.432816741702553,201.4,154.8,14.224,42,15.425681398117081,20.432816741702553,own_history,201.4,0.2222222222222222,33.7,287.7,86.3,86.3,0.0,Low,Moderate
BB_0108,B_pos,platelet_concentrate,2,248.5,9.192388155425117,203.0,152.0,17.799999999999997,5,15.918915219368015,15.918915219368015,pooled_blood_group_product,203.0,0.2222222222222222,26.3,274.8,71.8,71.8,0.0,Low,Moderate
BB_0108,B_pos,whole_blood,2,247.0,14.142135623730951,215.0,147.5,15.585,42,15.616055501636811,15.616055501636811,pooled_blood_group_product,215.0,0.2222222222222222,25.8,272.8,57.8,57.8,0.0,Low,Moderate
BB_0108,O_pos,cryoprecipitate,7,255.0,14.571661996262938,208.14285714285714,149.0,17.764285714285712,365,15.956259435791292,14.571661996262938,own_history,208.14285714285714,0.2222222222222222,24.0,279.0,70.9,70.9,0.0,Low,Moderate
BB_0108,O_pos,fresh_frozen_plasma,4,242.75,6.396613687465162,201.25,145.5,14.9125,365,16.129072159319048,16.129072159319048,pooled_blood_group_product,201.25,0.2222222222222222,26.6,269.4,68.1,68.1,0.0,Low,Moderate
BB_0108,O_pos,group_O_neg_emergency,3,242.66666666666666,8.082903768654758,201.33333333333334,143.66666666666666,8.8,42,15.59947653940603,15.59947653940603,pooled_blood_group_product,201.33333333333334,0.2222222222222222,25.7,268.4,67.1,67.1,0.0,Low,Low
BB_0108,O_pos,packed_RBC,6,252.33333333333334,26.112576791015222,206.83333333333334,150.5,16.105,42,16.220879283084294,26.112576791015222,own_history,206.83333333333334,0.2222222222222222,43.1,295.4,88.6,88.6,0.0,Low,Moderate
BB_0108,O_pos,platelet_concentrate,2,260.5,2.1213203435596424,189.5,139.0,17.705,5,15.814220480272407,15.814220480272407,pooled_blood_group_product,189.5,0.2222222222222222,26.1,286.6,97.1,97.1,0.0,Low,Moderate
BB_0108,O_pos,whole_blood,2,252.0,9.899494936611665,199.5,134.5,9.76,42,15.320728507460478,15.320728507460478,pooled_blood_group_product,199.5,0.2222222222222222,25.3,277.3,77.8,77.8,0.0,Low,Low
BB_0109,AB_neg,cryoprecipitate,1,227.0,,197.0,150.0,9.64,365,13.13504517558679,13.13504517558679,pooled_blood_group_product,197.0,0.1917808219178082,21.7,248.7,51.7,51.7,0.0,Low,Low
BB_0109,AB_pos,fresh_frozen_plasma,2,243.0,8.48528137423857,209.0,139.0,14.115,365,15.529870914464443,15.529870914464443,pooled_blood_group_product,209.0,0.1917808219178082,25.6,268.6,59.6,59.6,0.0,Low,Moderate
BB_0109,AB_pos,group_O_neg_emergency,1,251.0,,194.0,143.0,4.12,42,16.01343479009551,16.01343479009551,pooled_blood_group_product,194.0,0.1917808219178082,26.4,277.4,83.4,83.4,0.0,Low,Low
BB_0109,AB_pos,platelet_concentrate,1,237.0,,177.0,125.0,28.81,5,14.27616380960629,14.27616380960629,pooled_blood_group_product,177.0,0.1917808219178082,23.6,260.6,83.6,83.6,0.0,Low,High
BB_0109,A_pos,fresh_frozen_plasma,2,243.0,1.4142135623730951,198.0,154.5,17.93,365,15.175972252331889,15.175972252331889,pooled_blood_group_product,198.0,0.1917808219178082,25.0,268.0,70.0,70.0,0.0,Low,Moderate
BB_0109,A_pos,group_O_neg_emergency,4,262.5,12.288205727444504,203.25,136.25,11.115,42,16.934146373239873,16.934146373239873,pooled_blood_group_product,203.25,0.1917808219178082,27.9,290.4,87.1,87.1,0.0,Low,Low
BB_0109,A_pos,packed_RBC,4,251.75,10.1447851956888,189.75,146.25,16.425,42,15.974157533973031,15.974157533973031,pooled_blood_group_product,189.75,0.1917808219178082,26.4,278.2,88.4,88.4,0.0,Low,Moderate
BB_0109,A_pos,platelet_concentrate,3,256.6666666666667,6.658328118479389,206.0,140.33333333333334,16.766666666666666,5,15.570295650182972,15.570295650182972,pooled_blood_group_product,206.0,0.1917808219178082,25.7,282.4,76.4,76.4,0.0,Low,Moderate
BB_0109,A_pos,whole_blood,1,269.0,,230.0,168.0,16.52,42,16.26859652330014,16.26859652330014,pooled_blood_group_product,230.0,0.1917808219178082,26.8,295.8,65.8,65.8,0.0,Low,Moderate
BB_0109,B_pos,fresh_frozen_plasma,1,254.0,,203.0,155.0,12.81,365,15.753623140581702,15.753623140581702,pooled_blood_group_product,203.0,0.1917808219178082,26.0,280.0,77.0,77.0,0.0,Low,Low
BB_0109,B_pos,group_O_neg_emergency,2,247.0,15.556349186104045,192.5,164.5,20.68,42,15.327786820822924,15.327786820822924,pooled_blood_group_product,192.5,0.1917808219178082,25.3,272.3,79.8,79.8,0.0,Low,High
BB_0109,B_pos,packed_RBC,2,260.0,15.556349186104045,193.0,153.0,17.35,42,15.425681398117081,15.425681398117081,pooled_blood_group_product,193.0,0.1917808219178082,25.5,285.5,92.5,92.5,0.0,Low,Moderate
BB_0109,B_pos,whole_blood,3,259.0,22.64950330581225,193.0,122.66666666666667,16.80333333333333,42,15.616055501636811,15.616055501636811,pooled_blood_group_product,193.0,0.1917808219178082,25.8,284.8,91.8,91.8,0.0,Low,Moderate
BB_0109,O_neg,cryoprecipitate,1,250.0,,200.0,158.0,18.5,365,16.832005704612282,16.832005704612282,pooled_blood_group_product,200.0,0.1917808219178082,27.8,277.8,77.8,77.8,0.0,Low,Moderate
BB_0109,O_neg,group_O_neg_emergency,1,236.0,,197.0,155.0,23.86,42,15.737583585569908,15.737583585569908,pooled_blood_group_product,197.0,0.1917808219178082,26.0,262.0,65.0,65.0,0.0,Low,High
BB_0109,O_neg,platelet_concentrate,1,241.0,,202.0,173.0,20.3,5,16.930706830055033,16.930706830055033,pooled_blood_group_product,202.0,0.1917808219178082,27.9,268.9,66.9,66.9,0.0,Low,High
BB_0109,O_neg,whole_blood,1,225.0,,214.0,166.0,15.89,42,15.177301566829424,15.177301566829424,pooled_blood_group_product,214.0,0.1917808219178082,25.0,250.0,36.0,36.0,0.0,Low,Moderate
BB_0109,O_pos,cryoprecipitate,4,245.75,13.098982148752372,202.5,148.25,16.9125,365,15.956259435791292,15.956259435791292,pooled_blood_group_product,202.5,0.1917808219178082,26.3,272.0,69.5,69.5,0.0,Low,Moderate
BB_0109,O_pos,fresh_frozen_plasma,10,249.0,17.77638883463118,196.5,137.5,15.330000000000002,365,16.129072159319048,17.77638883463118,own_history,196.5,0.1917808219178082,29.3,278.3,81.8,81.8,0.0,Low,Moderate
BB_0109,O_pos,group_O_neg_emergency,10,246.9,12.591443302673623,200.9,151.0,19.018,42,15.59947653940603,12.591443302673623,own_history,200.9,0.1917808219178082,20.8,267.7,66.8,66.8,0.0,Low,High
BB_0109,O_pos,packed_RBC,4,233.75,17.727097901235837,191.75,127.5,18.7225,42,16.220879283084294,16.220879283084294,pooled_blood_group_product,191.75,0.1917808219178082,26.8,260.6,68.9,68.9,0.0,Low,Moderate
BB_0109,O_pos,platelet_concentrate,9,259.22222222222223,20.51693067796556,192.55555555555554,136.66666666666666,17.336666666666666,5,15.814220480272407,20.51693067796556,own_history,192.55555555555554,0.1917808219178082,33.9,293.1,100.5,100.5,0.0,Low,Moderate
BB_0109,O_pos,whole_blood,5,243.4,8.384509526501834,203.2,149.2,19.28,42,15.320728507460478,8.384509526501834,own_history,203.2,0.1917808219178082,13.8,257.2,54.0,54.0,0.0,Low,High
BB_0110,AB_neg,group_O_neg_emergency,1,265.0,,193.0,144.0,24.35,42,14.768157012249755,14.768157012249755,pooled_blood_group_product,193.0,0.2878787878787879,24.4,289.4,96.4,96.4,0.0,Low,High
BB_0110,AB_pos,group_O_neg_emergency,2,245.5,13.435028842544403,203.0,153.5,26.144999999999996,42,16.01343479009551,16.01343479009551,pooled_blood_group_product,203.0,0.2878787878787879,26.4,271.9,68.9,68.9,0.0,Low,High
BB_0110,A_neg,group_O_neg_emergency,2,228.0,8.48528137423857,188.0,138.0,17.295,42,15.275919791953486,15.275919791953486,pooled_blood_group_product,188.0,0.2878787878787879,25.2,253.2,65.2,65.2,0.0,Low,Moderate
BB_0110,A_pos,cryoprecipitate,4,250.5,19.739976359323904,200.75,164.0,17.6225,365,15.986014398875405,15.986014398875405,pooled_blood_group_product,200.75,0.2878787878787879,26.4,276.9,76.1,76.1,0.0,Low,Moderate
BB_0110,A_pos,fresh_frozen_plasma,1,248.0,,213.0,146.0,13.15,365,15.175972252331889,15.175972252331889,pooled_blood_group_product,213.0,0.2878787878787879,25.0,273.0,60.0,60.0,0.0,Low,Low
BB_0110,A_pos,packed_RBC,2,231.5,17.67766952966369,199.0,134.5,17.505,42,15.974157533973031,15.974157533973031,pooled_blood_group_product,199.0,0.2878787878787879,26.4,257.9,58.9,58.9,0.0,Low,Moderate
BB_0110,A_pos,platelet_concentrate,3,254.33333333333334,14.22439219556791,194.66666666666666,145.33333333333334,14.543333333333331,5,15.570295650182972,15.570295650182972,pooled_blood_group_product,194.66666666666666,0.2878787878787879,25.7,280.0,85.3,85.3,0.0,Low,Moderate
BB_0110,A_pos,whole_blood,3,238.0,26.153393661244042,198.0,155.0,17.426666666666666,42,16.26859652330014,16.26859652330014,pooled_blood_group_product,198.0,0.2878787878787879,26.8,264.8,66.8,66.8,0.0,Low,Moderate
BB_0110,B_neg,packed_RBC,1,258.0,,182.0,162.0,23.08,42,17.510386528104863,17.510386528104863,pooled_blood_group_product,182.0,0.2878787878787879,28.9,286.9,104.9,104.9,0.0,Low,High
BB_0110,B_pos,cryoprecipitate,3,245.33333333333334,12.66227994214839,209.33333333333334,166.0,18.68,365,15.142364873820988,15.142364873820988,pooled_blood_group_product,209.33333333333334,0.2878787878787879,25.0,270.3,61.0,61.0,0.0,Low,Moderate
BB_0110,B_pos,fresh_frozen_plasma,1,254.0,,208.0,160.0,17.31,365,15.753623140581702,15.753623140581702,pooled_blood_group_product,208.0,0.2878787878787879,26.0,280.0,72.0,72.0,0.0,Low,Moderate
BB_0110,B_pos,group_O_neg_emergency,5,241.0,4.123105625617661,190.8,135.8,14.347999999999999,42,15.327786820822924,4.123105625617661,own_history,190.8,0.2878787878787879,6.8,247.8,57.0,57.0,0.0,Low,Moderate
BB_0110,B_pos,packed_RBC,4,251.0,9.128709291752765,199.25,136.25,20.8,42,15.425681398117081,15.425681398117081,pooled_blood_group_product,199.25,0.2878787878787879,25.5,276.5,77.2,77.2,0.0,Low,High
BB_0110,B_pos,platelet_concentrate,1,244.0,,199.0,174.0,9.55,5,15.918915219368015,15.918915219368015,pooled_blood_group_product,199.0,0.2878787878787879,26.3,270.3,71.3,71.3,0.0,Low,Low
BB_0110,B_pos,whole_blood,2,239.5,13.435028842544403,200.0,151.5,17.990000000000002,42,15.616055501636811,15.616055501636811,pooled_blood_group_product,200.0,0.2878787878787879,25.8,265.3,65.3,65.3,0.0,Low,Moderate
BB_0110,O_neg,packed_RBC,1,239.0,,195.0,132.0,6.67,42,16.675768019539497,16.675768019539497,pooled_blood_group_product,195.0,0.2878787878787879,27.5,266.5,71.5,71.5,0.0,Low,Low
BB_0110,O_neg,whole_blood,2,250.5,9.192388155425117,197.5,120.5,14.690000000000001,42,15.177301566829424,15.177301566829424,pooled_blood_group_product,197.5,0.2878787878787879,25.0,275.5,78.0,78.0,0.0,Low,Moderate
BB_0110,O_pos,cryoprecipitate,5,246.0,16.3707055437449,193.0,133.0,16.266,365,15.956259435791292,16.3707055437449,own_history,193.0,0.2878787878787879,27.0,273.0,80.0,80.0,0.0,Low,Moderate
BB_0110,O_pos,fresh_frozen_plasma,3,251.33333333333334,10.016652800877813,187.33333333333334,121.33333333333333,15.86,365,16.129072159319048,16.129072159319048,pooled_blood_group_product,187.33333333333334,0.2878787878787879,26.6,277.9,90.6,90.6,0.0,Low,Moderate
BB_0110,O_pos,group_O_neg_emergency,4,254.75,11.324751652906125,196.75,151.75,17.265,42,15.59947653940603,15.59947653940603,pooled_blood_group_product,196.75,0.2878787878787879,25.7,280.4,83.6,83.6,0.0,Low,Moderate
BB_0110,O_pos,packed_RBC,9,248.66666666666666,13.200378782444098,202.55555555555554,144.55555555555554,13.338888888888889,42,16.220879283084294,13.200378782444098,own_history,202.55555555555554,0.2878787878787879,21.8,270.5,67.9,67.9,0.0,Low,Low
BB_0110,O_pos,platelet_concentrate,2,251.5,6.363961030678928,197.5,119.5,16.974999999999998,5,15.814220480272407,15.814220480272407,pooled_blood_group_product,197.5,0.2878787878787879,26.1,277.6,80.1,80.1,0.0,Low,Moderate
BB_0110,O_pos,whole_blood,5,259.0,11.335784048754636,203.0,141.4,16.528,42,15.320728507460478,11.335784048754636,own_history,203.0,0.2878787878787879,18.7,277.7,74.7,74.7,0.0,Low,Moderate
BB_0111,AB_neg,platelet_concentrate,1,247.0,,193.0,158.0,16.06,5,12.389960093200914,12.389960093200914,pooled_blood_group_product,193.0,0.21428571428571427,20.4,267.4,74.4,74.4,0.0,Low,Moderate
BB_0111,AB_pos,cryoprecipitate,1,253.0,,194.0,163.0,18.04,365,16.64565006228281,16.64565006228281,pooled_blood_group_product,194.0,0.21428571428571427,27.5,280.5,86.5,86.5,0.0,Low,Moderate
BB_0111,AB_pos,packed_RBC,1,243.0,,212.0,98.0,12.26,42,17.421402900877148,17.421402900877148,pooled_blood_group_product,212.0,0.21428571428571427,28.7,271.7,59.7,59.7,0.0,Low,Low
BB_0111,A_neg,packed_RBC,1,251.0,,198.0,140.0,27.27,42,14.982321915176227,14.982321915176227,pooled_blood_group_product,198.0,0.21428571428571427,24.7,275.7,77.7,77.7,0.0,Low,High
BB_0111,A_pos,cryoprecipitate,1,248.0,,231.0,155.0,8.66,365,15.986014398875405,15.986014398875405,pooled_blood_group_product,231.0,0.21428571428571427,26.4,274.4,43.4,43.4,0.0,Low,Low
BB_0111,A_pos,fresh_frozen_plasma,1,237.0,,199.0,126.0,12.06,365,15.175972252331889,15.175972252331889,pooled_blood_group_product,199.0,0.21428571428571427,25.0,262.0,63.0,63.0,0.0,Low,Low
BB_0111,A_pos,group_O_neg_emergency,2,261.5,0.7071067811865476,206.5,173.0,21.814999999999998,42,16.934146373239873,16.934146373239873,pooled_blood_group_product,206.5,0.21428571428571427,27.9,289.4,82.9,82.9,0.0,Low,High
BB_0111,A_pos,packed_RBC,4,249.25,12.867918764638409,199.0,154.75,17.57,42,15.974157533973031,15.974157533973031,pooled_blood_group_product,199.0,0.21428571428571427,26.4,275.6,76.6,76.6,0.0,Low,Moderate
BB_0111,A_pos,platelet_concentrate,2,264.5,4.949747468305833,207.0,139.5,18.845,5,15.570295650182972,15.570295650182972,pooled_blood_group_product,207.0,0.21428571428571427,25.7,290.2,83.2,83.2,0.0,Low,Moderate
BB_0111,A_pos,whole_blood,1,236.0,,193.0,137.0,12.44,42,16.26859652330014,16.26859652330014,pooled_blood_group_product,193.0,0.21428571428571427,26.8,262.8,69.8,69.8,0.0,Low,Low
BB_0111,B_neg,packed_RBC,2,247.5,13.435028842544403,207.0,122.5,23.515,42,17.510386528104863,17.510386528104863,pooled_blood_group_product,207.0,0.21428571428571427,28.9,276.4,69.4,69.4,0.0,Low,High
BB_0111,B_neg,whole_blood,1,260.0,,182.0,102.0,18.68,42,14.346963359011946,14.346963359011946,pooled_blood_group_product,182.0,0.21428571428571427,23.7,283.7,101.7,101.7,0.0,Low,Moderate
BB_0111,B_pos,cryoprecipitate,2,262.5,7.7781745930520225,196.0,151.5,18.61,365,15.142364873820988,15.142364873820988,pooled_blood_group_product,196.0,0.21428571428571427,25.0,287.5,91.5,91.5,0.0,Low,Moderate
BB_0111,B_pos,fresh_frozen_plasma,2,250.0,22.627416997969522,205.0,162.5,17.005000000000003,365,15.753623140581702,15.753623140581702,pooled_blood_group_product,205.0,0.21428571428571427,26.0,276.0,71.0,71.0,0.0,Low,Moderate
BB_0111,B_pos,group_O_neg_emergency,3,230.33333333333334,12.342339054382414,193.66666666666666,128.66666666666666,17.953333333333333,42,15.327786820822924,15.327786820822924,pooled_blood_group_product,193.66666666666666,0.21428571428571427,25.3,255.6,61.9,61.9,0.0,Low,Moderate
BB_0111,B_pos,platelet_concentrate,1,244.0,,194.0,122.0,10.31,5,15.918915219368015,15.918915219368015,pooled_blood_group_product,194.0,0.21428571428571427,26.3,270.3,76.3,76.3,0.0,Low,Low
BB_0111,B_pos,whole_blood,1,237.0,,211.0,123.0,26.07,42,15.616055501636811,15.616055501636811,pooled_blood_group_product,211.0,0.21428571428571427,25.8,262.8,51.8,51.8,0.0,Low,High
BB_0111,O_neg,packed_RBC,1,236.0,,189.0,118.0,22.75,42,16.675768019539497,16.675768019539497,pooled_blood_group_product,189.0,0.21428571428571427,27.5,263.5,74.5,74.5,0.0,Low,High
BB_0111,O_pos,cryoprecipitate,6,251.5,11.57151675451408,196.16666666666666,146.0,16.883333333333333,365,15.956259435791292,11.57151675451408,own_history,196.16666666666666,0.21428571428571427,19.1,270.6,74.4,74.4,0.0,Low,Moderate
BB_0111,O_pos,fresh_frozen_plasma,3,260.6666666666667,7.234178138070227,192.0,159.66666666666666,13.12,365,16.129072159319048,16.129072159319048,pooled_blood_group_product,192.0,0.21428571428571427,26.6,287.3,95.3,95.3,0.0,Low,Low
BB_0111,O_pos,group_O_neg_emergency,5,248.0,14.611639196202457,200.2,135.6,15.41,42,15.59947653940603,14.611639196202457,own_history,200.2,0.21428571428571427,24.1,272.1,71.9,71.9,0.0,Low,Moderate
BB_0111,O_pos,packed_RBC,3,265.3333333333333,10.01665280087782,201.66666666666666,142.33333333333334,19.04,42,16.220879283084294,16.220879283084294,pooled_blood_group_product,201.66666666666666,0.21428571428571427,26.8,292.1,90.4,90.4,0.0,Low,High
BB_0111,O_pos,platelet_concentrate,4,233.75,17.74589154330282,198.25,141.0,19.23,5,15.814220480272407,15.814220480272407,pooled_blood_group_product,198.25,0.21428571428571427,26.1,259.8,61.6,61.6,0.0,Low,High
BB_0111,O_pos,whole_blood,7,244.14285714285714,15.63573440795764,197.71428571428572,133.14285714285714,15.569999999999999,42,15.320728507460478,15.63573440795764,own_history,197.71428571428572,0.21428571428571427,25.8,269.9,72.2,72.2,0.0,Low,Moderate
BB_0112,AB_neg,group_O_neg_emergency,1,253.0,,204.0,143.0,7.35,42,14.768157012249755,14.768157012249755,pooled_blood_group_product,204.0,0.2753623188405797,24.4,277.4,73.4,73.4,0.0,Low,Low
BB_0112,AB_neg,whole_blood,1,218.0,,198.0,131.0,21.21,42,17.64053303608203,17.64053303608203,pooled_blood_group_product,198.0,0.2753623188405797,29.1,247.1,49.1,49.1,0.0,Low,High
BB_0112,AB_pos,cryoprecipitate,2,249.0,4.242640687119285,205.0,133.0,18.11,365,16.64565006228281,16.64565006228281,pooled_blood_group_product,205.0,0.2753623188405797,27.5,276.5,71.5,71.5,0.0,Low,Moderate
BB_0112,AB_pos,platelet_concentrate,1,253.0,,209.0,150.0,8.13,5,14.27616380960629,14.27616380960629,pooled_blood_group_product,209.0,0.2753623188405797,23.6,276.6,67.6,67.6,0.0,Low,Low
BB_0112,AB_pos,whole_blood,1,263.0,,210.0,117.0,16.67,42,13.606168437472475,13.606168437472475,pooled_blood_group_product,210.0,0.2753623188405797,22.5,285.5,75.5,75.5,0.0,Low,Moderate
BB_0112,A_neg,cryoprecipitate,1,252.0,,191.0,191.0,23.56,365,14.243844171226868,14.243844171226868,pooled_blood_group_product,191.0,0.2753623188405797,23.5,275.5,84.5,84.5,0.0,Low,Moderate
BB_0112,A_pos,cryoprecipitate,2,253.5,9.192388155425117,209.0,163.5,15.295000000000002,365,15.986014398875405,15.986014398875405,pooled_blood_group_product,209.0,0.2753623188405797,26.4,279.9,70.9,70.9,0.0,Low,Moderate
BB_0112,A_pos,fresh_frozen_plasma,2,249.5,30.405591591021544,213.0,128.5,15.385,365,15.175972252331889,15.175972252331889,pooled_blood_group_product,213.0,0.2753623188405797,25.0,274.5,61.5,61.5,0.0,Low,Moderate
BB_0112,A_pos,group_O_neg_emergency,1,260.0,,215.0,175.0,19.53,42,16.934146373239873,16.934146373239873,pooled_blood_group_product,215.0,0.2753623188405797,27.9,287.9,72.9,72.9,0.0,Low,High
BB_0112,A_pos,packed_RBC,1,264.0,,200.0,147.0,24.5,42,15.974157533973031,15.974157533973031,pooled_blood_group_product,200.0,0.2753623188405797,26.4,290.4,90.4,90.4,0.0,Low,High
BB_0112,A_pos,whole_blood,5,252.8,13.627178724886523,210.6,154.2,17.484,42,16.26859652330014,13.627178724886523,own_history,210.6,0.2753623188405797,22.5,275.3,64.7,64.7,0.0,Low,Moderate
BB_0112,B_pos,cryoprecipitate,2,246.0,19.79898987322333,197.0,136.0,15.99,365,15.142364873820988,15.142364873820988,pooled_blood_group_product,197.0,0.2753623188405797,25.0,271.0,74.0,74.0,0.0,Low,Moderate
BB_0112,B_pos,fresh_frozen_plasma,1,238.0,,201.0,166.0,21.89,365,15.753623140581702,15.753623140581702,pooled_blood_group_product,201.0,0.2753623188405797,26.0,264.0,63.0,63.0,0.0,Low,Moderate
BB_0112,B_pos,group_O_neg_emergency,4,255.0,6.2182527020592095,206.75,157.75,17.427500000000002,42,15.327786820822924,15.327786820822924,pooled_blood_group_product,206.75,0.2753623188405797,25.3,280.3,73.6,73.6,0.0,Low,Moderate
BB_0112,B_pos,packed_RBC,5,253.2,13.553597308463912,220.2,135.6,16.276,42,15.425681398117081,13.553597308463912,own_history,220.2,0.2753623188405797,22.4,275.6,55.4,55.4,0.0,Low,Moderate
BB_0112,B_pos,platelet_concentrate,5,250.4,19.59081417399491,194.0,117.8,14.34,5,15.918915219368015,19.59081417399491,own_history,194.0,0.2753623188405797,32.3,282.7,88.7,88.7,0.0,Low,Moderate
BB_0112,B_pos,whole_blood,1,303.0,,231.0,184.0,3.46,42,15.616055501636811,15.616055501636811,pooled_blood_group_product,231.0,0.2753623188405797,25.8,328.8,97.8,97.8,0.0,Low,Low
BB_0112,O_neg,fresh_frozen_plasma,1,270.0,,191.0,151.0,22.51,365,14.714175377770642,14.714175377770642,pooled_blood_group_product,191.0,0.2753623188405797,24.3,294.3,103.3,103.3,0.0,Low,Moderate
BB_0112,O_neg,platelet_concentrate,1,251.0,,226.0,160.0,16.81,5,16.930706830055033,16.930706830055033,pooled_blood_group_product,226.0,0.2753623188405797,27.9,278.9,52.9,52.9,0.0,Low,Moderate
BB_0112,O_pos,cryoprecipitate,3,267.0,21.656407827707714,178.66666666666666,119.0,16.05666666666667,365,15.956259435791292,15.956259435791292,pooled_blood_group_product,178.66666666666666,0.2753623188405797,26.3,293.3,114.6,114.6,0.0,Low,Moderate
BB_0112,O_pos,fresh_frozen_plasma,4,256.25,13.74469594667946,210.5,140.25,15.6375,365,16.129072159319048,16.129072159319048,pooled_blood_group_product,210.5,0.2753623188405797,26.6,282.8,72.3,72.3,0.0,Low,Moderate
BB_0112,O_pos,group_O_neg_emergency,4,249.25,16.580611166861935,205.0,138.5,20.4175,42,15.59947653940603,15.59947653940603,pooled_blood_group_product,205.0,0.2753623188405797,25.7,275.0,70.0,70.0,0.0,Low,High
BB_0112,O_pos,packed_RBC,5,261.8,16.917446615846025,190.0,134.0,15.346,42,16.220879283084294,16.917446615846025,own_history,190.0,0.2753623188405797,27.9,289.7,99.7,99.7,0.0,Low,Moderate
BB_0112,O_pos,platelet_concentrate,10,251.5,19.794780456810656,197.9,140.7,14.716,5,15.814220480272407,19.794780456810656,own_history,197.9,0.2753623188405797,32.7,284.2,86.3,86.3,0.0,Low,Moderate
BB_0112,O_pos,whole_blood,5,238.0,14.08900280360537,203.0,135.4,17.328,42,15.320728507460478,14.08900280360537,own_history,203.0,0.2753623188405797,23.2,261.2,58.2,58.2,0.0,Low,Moderate
BB_0113,AB_pos,cryoprecipitate,1,223.0,,218.0,146.0,9.17,365,16.64565006228281,16.64565006228281,pooled_blood_group_product,218.0,0.24675324675324675,27.5,250.5,32.5,32.5,0.0,Low,Low
BB_0113,AB_pos,group_O_neg_emergency,1,277.0,,208.0,147.0,14.9,42,16.01343479009551,16.01343479009551,pooled_blood_group_product,208.0,0.24675324675324675,26.4,303.4,95.4,95.4,0.0,Low,Moderate
BB_0113,AB_pos,packed_RBC,1,277.0,,201.0,174.0,24.38,42,17.421402900877148,17.421402900877148,pooled_blood_group_product,201.0,0.24675324675324675,28.7,305.7,104.7,104.7,0.0,Low,High
BB_0113,AB_pos,platelet_concentrate,1,233.0,,182.0,130.0,14.29,5,14.27616380960629,14.27616380960629,pooled_blood_group_product,182.0,0.24675324675324675,23.6,256.6,74.6,74.6,0.0,Low,Moderate
BB_0113,A_pos,cryoprecipitate,3,249.33333333333334,13.65039681962885,214.66666666666666,149.33333333333334,20.073333333333334,365,15.986014398875405,15.986014398875405,pooled_blood_group_product,214.66666666666666,0.24675324675324675,26.4,275.7,61.0,61.0,0.0,Low,Moderate
BB_0113,A_pos,fresh_frozen_plasma,3,254.66666666666666,7.0237691685684895,202.33333333333334,131.66666666666666,11.506666666666666,365,15.175972252331889,15.175972252331889,pooled_blood_group_product,202.33333333333334,0.24675324675324675,25.0,279.7,77.4,77.4,0.0,Low,Low
BB_0113,A_pos,group_O_neg_emergency,2,252.5,12.020815280171307,180.0,126.0,14.835,42,16.934146373239873,16.934146373239873,pooled_blood_group_product,180.0,0.24675324675324675,27.9,280.4,100.4,100.4,0.0,Low,Moderate
BB_0113,A_pos,packed_RBC,3,248.0,17.320508075688775,200.0,139.33333333333334,18.66,42,15.974157533973031,15.974157533973031,pooled_blood_group_product,200.0,0.24675324675324675,26.4,274.4,74.4,74.4,0.0,Low,Moderate
BB_0113,A_pos,platelet_concentrate,2,245.0,7.0710678118654755,199.5,142.5,20.78,5,15.570295650182972,15.570295650182972,pooled_blood_group_product,199.5,0.24675324675324675,25.7,270.7,71.2,71.2,0.0,Low,High
BB_0113,A_pos,whole_blood,8,246.25,15.040421726610113,201.375,138.0,16.74875,42,16.26859652330014,15.040421726610113,own_history,201.375,0.24675324675324675,24.8,271.0,69.6,69.6,0.0,Low,Moderate
BB_0113,B_pos,cryoprecipitate,2,258.5,12.020815280171307,198.0,159.5,19.895,365,15.142364873820988,15.142364873820988,pooled_blood_group_product,198.0,0.24675324675324675,25.0,283.5,85.5,85.5,0.0,Low,Moderate
BB_0113,B_pos,fresh_frozen_plasma,2,247.0,0.0,202.5,158.5,14.595,365,15.753623140581702,15.753623140581702,pooled_blood_group_product,202.5,0.24675324675324675,26.0,273.0,70.5,70.5,0.0,Low,Moderate
BB_0113,B_pos,group_O_neg_emergency,1,239.0,,212.0,130.0,15.09,42,15.327786820822924,15.327786820822924,pooled_blood_group_product,212.0,0.24675324675324675,25.3,264.3,52.3,52.3,0.0,Low,Moderate
BB_0113,B_pos,packed_RBC,5,242.8,14.906374475371273,200.4,144.6,16.842000000000002,42,15.425681398117081,14.906374475371273,own_history,200.4,0.24675324675324675,24.6,267.4,67.0,67.0,0.0,Low,Moderate
BB_0113,B_pos,platelet_concentrate,1,250.0,,217.0,135.0,11.06,5,15.918915219368015,15.918915219368015,pooled_blood_group_product,217.0,0.24675324675324675,26.3,276.3,59.3,59.3,0.0,Low,Low
BB_0113,B_pos,whole_blood,3,260.3333333333333,10.969655114602892,214.66666666666666,154.66666666666666,14.61,42,15.616055501636811,15.616055501636811,pooled_blood_group_product,214.66666666666666,0.24675324675324675,25.8,286.1,71.4,71.4,0.0,Low,Moderate
BB_0113,O_neg,packed_RBC,1,236.0,,183.0,73.0,13.11,42,16.675768019539497,16.675768019539497,pooled_blood_group_product,183.0,0.24675324675324675,27.5,263.5,80.5,80.5,0.0,Low,Low
BB_0113,O_pos,cryoprecipitate,8,259.125,24.2748400024152,199.625,154.0,14.3725,365,15.956259435791292,24.2748400024152,own_history,199.625,0.24675324675324675,40.1,299.2,99.6,99.6,0.0,Low,Moderate
BB_0113,O_pos,fresh_frozen_plasma,4,235.75,12.010412149464313,185.5,142.75,16.34,365,16.129072159319048,16.129072159319048,pooled_blood_group_product,185.5,0.24675324675324675,26.6,262.4,76.9,76.9,0.0,Low,Moderate
BB_0113,O_pos,group_O_neg_emergency,5,262.4,15.757537878742355,193.2,134.2,21.358,42,15.59947653940603,15.757537878742355,own_history,193.2,0.24675324675324675,26.0,288.4,95.2,95.2,0.0,Low,High
BB_0113,O_pos,packed_RBC,6,242.0,19.266551326067674,209.5,149.33333333333334,19.833333333333332,42,16.220879283084294,19.266551326067674,own_history,209.5,0.24675324675324675,31.8,273.8,64.3,64.3,0.0,Low,High
BB_0113,O_pos,platelet_concentrate,8,254.5,13.363062095621222,204.375,143.125,16.81,5,15.814220480272407,13.363062095621222,own_history,204.375,0.24675324675324675,22.0,276.5,72.1,72.1,0.0,Low,Moderate
BB_0113,O_pos,whole_blood,6,257.5,11.844830095868831,207.5,154.16666666666666,19.428333333333335,42,15.320728507460478,11.844830095868831,own_history,207.5,0.24675324675324675,19.5,277.0,69.5,69.5,0.0,Low,High
BB_0114,AB_neg,packed_RBC,1,253.0,,218.0,145.0,9.63,42,13.932332543759145,13.932332543759145,pooled_blood_group_product,218.0,0.20833333333333334,23.0,276.0,58.0,58.0,0.0,Low,Low
BB_0114,AB_pos,cryoprecipitate,1,251.0,,176.0,117.0,9.66,365,16.64565006228281,16.64565006228281,pooled_blood_group_product,176.0,0.20833333333333334,27.5,278.5,102.5,102.5,0.0,Low,Low
BB_0114,AB_pos,fresh_frozen_plasma,1,238.0,,203.0,140.0,14.78,365,15.529870914464443,15.529870914464443,pooled_blood_group_product,203.0,0.20833333333333334,25.6,263.6,60.6,60.6,0.0,Low,Moderate
BB_0114,A_neg,cryoprecipitate,1,253.0,,190.0,133.0,17.37,365,14.243844171226868,14.243844171226868,pooled_blood_group_product,190.0,0.20833333333333334,23.5,276.5,86.5,86.5,0.0,Low,Moderate
BB_0114,A_neg,fresh_frozen_plasma,1,260.0,,169.0,151.0,14.2,365,15.630530767171415,15.630530767171415,pooled_blood_group_product,169.0,0.20833333333333334,25.8,285.8,116.8,116.8,0.0,Low,Moderate
BB_0114,A_neg,platelet_concentrate,1,251.0,,218.0,179.0,22.02,5,15.26163614252437,15.26163614252437,pooled_blood_group_product,218.0,0.20833333333333334,25.2,276.2,58.2,58.2,0.0,Low,High
BB_0114,A_neg,whole_blood,1,239.0,,213.0,132.0,28.17,42,16.829684030913054,16.829684030913054,pooled_blood_group_product,213.0,0.20833333333333334,27.8,266.8,53.8,53.8,0.0,Low,High
BB_0114,A_pos,fresh_frozen_plasma,4,252.25,7.455423082115014,198.75,135.25,19.9,365,15.175972252331889,15.175972252331889,pooled_blood_group_product,198.75,0.20833333333333334,25.0,277.2,78.4,78.4,0.0,Low,Moderate
BB_0114,A_pos,group_O_neg_emergency,1,268.0,,215.0,178.0,23.26,42,16.934146373239873,16.934146373239873,pooled_blood_group_product,215.0,0.20833333333333334,27.9,295.9,80.9,80.9,0.0,Low,High
BB_0114,A_pos,packed_RBC,2,251.5,7.7781745930520225,201.5,169.0,12.55,42,15.974157533973031,15.974157533973031,pooled_blood_group_product,201.5,0.20833333333333334,26.4,277.9,76.4,76.4,0.0,Low,Low
BB_0114,B_neg,cryoprecipitate,1,260.0,,196.0,155.0,16.33,365,14.855008056807502,14.855008056807502,pooled_blood_group_product,196.0,0.20833333333333334,24.5,284.5,88.5,88.5,0.0,Low,Moderate
BB_0114,B_pos,cryoprecipitate,3,232.33333333333334,11.37248140615465,206.0,132.33333333333334,10.686666666666667,365,15.142364873820988,15.142364873820988,pooled_blood_group_product,206.0,0.20833333333333334,25.0,257.3,51.3,51.3,0.0,Low,Low
BB_0114,B_pos,fresh_frozen_plasma,1,239.0,,211.0,113.0,21.33,365,15.753623140581702,15.753623140581702,pooled_blood_group_product,211.0,0.20833333333333334,26.0,265.0,54.0,54.0,0.0,Low,Moderate
BB_0114,B_pos,group_O_neg_emergency,2,246.5,27.577164466275352,183.0,130.0,20.195,42,15.327786820822924,15.327786820822924,pooled_blood_group_product,183.0,0.20833333333333334,25.3,271.8,88.8,88.8,0.0,Low,High
BB_0114,B_pos,platelet_concentrate,2,239.5,9.192388155425117,196.0,112.0,15.29,5,15.918915219368015,15.918915219368015,pooled_blood_group_product,196.0,0.20833333333333334,26.3,265.8,69.8,69.8,0.0,Low,Moderate
BB_0114,B_pos,whole_blood,4,260.0,20.412414523193153,193.5,127.75,20.945,42,15.616055501636811,15.616055501636811,pooled_blood_group_product,193.5,0.20833333333333334,25.8,285.8,92.3,92.3,0.0,Low,High
BB_0114,O_neg,platelet_concentrate,1,269.0,,204.0,171.0,12.25,5,16.930706830055033,16.930706830055033,pooled_blood_group_product,204.0,0.20833333333333334,27.9,296.9,92.9,92.9,0.0,Low,Low
BB_0114,O_pos,cryoprecipitate,4,262.5,18.375708603116966,204.75,130.25,16.9925,365,15.956259435791292,15.956259435791292,pooled_blood_group_product,204.75,0.20833333333333334,26.3,288.8,84.1,84.1,0.0,Low,Moderate
BB_0114,O_pos,fresh_frozen_plasma,4,253.75,10.04572877727976,188.75,147.75,16.8525,365,16.129072159319048,16.129072159319048,pooled_blood_group_product,188.75,0.20833333333333334,26.6,280.4,91.6,91.6,0.0,Low,Moderate
BB_0114,O_pos,group_O_neg_emergency,2,258.0,9.899494936611665,187.5,139.5,11.35,42,15.59947653940603,15.59947653940603,pooled_blood_group_product,187.5,0.20833333333333334,25.7,283.7,96.2,96.2,0.0,Low,Low
BB_0114,O_pos,packed_RBC,2,260.5,36.062445840513924,203.0,160.0,14.315,42,16.220879283084294,16.220879283084294,pooled_blood_group_product,203.0,0.20833333333333334,26.8,287.3,84.3,84.3,0.0,Low,Moderate
BB_0114,O_pos,platelet_concentrate,6,249.66666666666666,20.607442021431645,207.16666666666666,141.5,18.463333333333335,5,15.814220480272407,20.607442021431645,own_history,207.16666666666666,0.20833333333333334,34.0,283.7,76.5,76.5,0.0,Low,Moderate
BB_0114,O_pos,whole_blood,2,230.0,5.656854249492381,186.5,148.0,12.615,42,15.320728507460478,15.320728507460478,pooled_blood_group_product,186.5,0.20833333333333334,25.3,255.3,68.8,68.8,0.0,Low,Low
BB_0115,AB_neg,group_O_neg_emergency,1,221.0,,197.0,159.0,15.74,42,14.768157012249755,14.768157012249755,pooled_blood_group_product,197.0,0.2727272727272727,24.4,245.4,48.4,48.4,0.0,Low,Moderate
BB_0115,AB_pos,cryoprecipitate,1,268.0,,198.0,145.0,14.65,365,16.64565006228281,16.64565006228281,pooled_blood_group_product,198.0,0.2727272727272727,27.5,295.5,97.5,97.5,0.0,Low,Moderate
BB_0115,AB_pos,packed_RBC,3,249.33333333333334,6.4291005073286405,202.0,136.33333333333334,16.606666666666666,42,17.421402900877148,17.421402900877148,pooled_blood_group_product,202.0,0.2727272727272727,28.7,278.0,76.0,76.0,0.0,Low,Moderate
BB_0115,AB_pos,platelet_concentrate,1,250.0,,212.0,149.0,15.57,5,14.27616380960629,14.27616380960629,pooled_blood_group_product,212.0,0.2727272727272727,23.6,273.6,61.6,61.6,0.0,Low,Moderate
BB_0115,A_neg,fresh_frozen_plasma,1,217.0,,216.0,124.0,13.89,365,15.630530767171415,15.630530767171415,pooled_blood_group_product,216.0,0.2727272727272727,25.8,242.8,26.8,26.8,0.0,Low,Low
BB_0115,A_pos,cryoprecipitate,5,258.8,10.497618777608569,194.6,148.4,19.456,365,15.986014398875405,10.497618777608569,own_history,194.6,0.2727272727272727,17.3,276.1,81.5,81.5,0.0,Low,Moderate
BB_0115,A_pos,fresh_frozen_plasma,2,225.0,21.213203435596427,206.0,135.0,17.605,365,15.175972252331889,15.175972252331889,pooled_blood_group_product,206.0,0.2727272727272727,25.0,250.0,44.0,44.0,0.0,Low,Moderate
BB_0115,A_pos,group_O_neg_emergency,1,260.0,,218.0,99.0,13.3,42,16.934146373239873,16.934146373239873,pooled_blood_group_product,218.0,0.2727272727272727,27.9,287.9,69.9,69.9,0.0,Low,Low
BB_0115,A_pos,packed_RBC,3,259.0,7.0,188.33333333333334,127.33333333333333,13.9,42,15.974157533973031,15.974157533973031,pooled_blood_group_product,188.33333333333334,0.2727272727272727,26.4,285.4,97.1,97.1,0.0,Low,Low
BB_0115,A_pos,platelet_concentrate,1,253.0,,194.0,134.0,18.04,5,15.570295650182972,15.570295650182972,pooled_blood_group_product,194.0,0.2727272727272727,25.7,278.7,84.7,84.7,0.0,Low,Moderate
BB_0115,A_pos,whole_blood,1,259.0,,211.0,131.0,20.38,42,16.26859652330014,16.26859652330014,pooled_blood_group_product,211.0,0.2727272727272727,26.8,285.8,74.8,74.8,0.0,Low,High
BB_0115,B_neg,platelet_concentrate,1,258.0,,185.0,151.0,23.24,5,15.063664178898293,15.063664178898293,pooled_blood_group_product,185.0,0.2727272727272727,24.9,282.9,97.9,97.9,0.0,Low,High
BB_0115,B_pos,cryoprecipitate,1,249.0,,186.0,140.0,17.2,365,15.142364873820988,15.142364873820988,pooled_blood_group_product,186.0,0.2727272727272727,25.0,274.0,88.0,88.0,0.0,Low,Moderate
BB_0115,B_pos,fresh_frozen_plasma,1,246.0,,185.0,143.0,14.59,365,15.753623140581702,15.753623140581702,pooled_blood_group_product,185.0,0.2727272727272727,26.0,272.0,87.0,87.0,0.0,Low,Moderate
BB_0115,B_pos,group_O_neg_emergency,1,266.0,,209.0,154.0,13.88,42,15.327786820822924,15.327786820822924,pooled_blood_group_product,209.0,0.2727272727272727,25.3,291.3,82.3,82.3,0.0,Low,Low
BB_0115,B_pos,packed_RBC,3,238.66666666666666,13.428824718989128,200.0,146.66666666666666,16.123333333333335,42,15.425681398117081,15.425681398117081,pooled_blood_group_product,200.0,0.2727272727272727,25.5,264.2,64.2,64.2,0.0,Low,Moderate
BB_0115,B_pos,platelet_concentrate,2,265.5,33.23401871576773,191.0,132.0,18.064999999999998,5,15.918915219368015,15.918915219368015,pooled_blood_group_product,191.0,0.2727272727272727,26.3,291.8,100.8,100.8,0.0,Low,Moderate
BB_0115,B_pos,whole_blood,1,253.0,,191.0,141.0,7.33,42,15.616055501636811,15.616055501636811,pooled_blood_group_product,191.0,0.2727272727272727,25.8,278.8,87.8,87.8,0.0,Low,Low
BB_0115,O_pos,cryoprecipitate,10,241.1,15.975328200419264,200.1,130.3,19.134999999999998,365,15.956259435791292,15.975328200419264,own_history,200.1,0.2727272727272727,26.4,267.5,67.4,67.4,0.0,Low,Moderate
BB_0115,O_pos,fresh_frozen_plasma,6,240.66666666666666,12.225656083281038,210.33333333333334,158.83333333333334,14.388333333333334,365,16.129072159319048,12.225656083281038,own_history,210.33333333333334,0.2727272727272727,20.2,260.9,50.6,50.6,0.0,Low,Moderate
BB_0115,O_pos,group_O_neg_emergency,5,245.6,9.864076236526156,199.0,147.4,19.119999999999997,42,15.59947653940603,9.864076236526156,own_history,199.0,0.2727272727272727,16.3,261.9,62.9,62.9,0.0,Low,High
BB_0115,O_pos,packed_RBC,7,252.42857142857142,17.462885813987928,195.42857142857142,141.42857142857142,16.62,42,16.220879283084294,17.462885813987928,own_history,195.42857142857142,0.2727272727272727,28.8,281.2,85.8,85.8,0.0,Low,Moderate
BB_0115,O_pos,platelet_concentrate,5,250.4,11.844830095868831,197.0,122.4,20.932,5,15.814220480272407,11.844830095868831,own_history,197.0,0.2727272727272727,19.5,269.9,72.9,72.9,0.0,Low,High
BB_0115,O_pos,whole_blood,3,248.33333333333334,7.094598884597591,190.33333333333334,135.33333333333334,22.46666666666667,42,15.320728507460478,15.320728507460478,pooled_blood_group_product,190.33333333333334,0.2727272727272727,25.3,273.6,83.3,83.3,0.0,Low,High
BB_0116,AB_neg,platelet_concentrate,1,249.0,,192.0,136.0,10.42,5,12.389960093200914,12.389960093200914,pooled_blood_group_product,192.0,0.2857142857142857,20.4,269.4,77.4,77.4,0.0,Low,Low
BB_0116,AB_pos,cryoprecipitate,2,236.0,36.76955262170047,197.5,127.0,15.93,365,16.64565006228281,16.64565006228281,pooled_blood_group_product,197.5,0.2857142857142857,27.5,263.5,66.0,66.0,0.0,Low,Moderate
BB_0116,AB_pos,group_O_neg_emergency,1,236.0,,225.0,135.0,12.0,42,16.01343479009551,16.01343479009551,pooled_blood_group_product,225.0,0.2857142857142857,26.4,262.4,37.4,37.4,0.0,Low,Low
BB_0116,AB_pos,platelet_concentrate,1,249.0,,187.0,116.0,18.18,5,14.27616380960629,14.27616380960629,pooled_blood_group_product,187.0,0.2857142857142857,23.6,272.6,85.6,85.6,0.0,Low,Moderate
BB_0116,AB_pos,whole_blood,1,241.0,,200.0,127.0,24.0,42,13.606168437472475,13.606168437472475,pooled_blood_group_product,200.0,0.2857142857142857,22.5,263.5,63.5,63.5,0.0,Low,High
BB_0116,A_neg,platelet_concentrate,1,262.0,,195.0,124.0,9.74,5,15.26163614252437,15.26163614252437,pooled_blood_group_product,195.0,0.2857142857142857,25.2,287.2,92.2,92.2,0.0,Low,Low
BB_0116,A_pos,cryoprecipitate,2,257.5,6.363961030678928,192.0,131.5,17.705,365,15.986014398875405,15.986014398875405,pooled_blood_group_product,192.0,0.2857142857142857,26.4,283.9,91.9,91.9,0.0,Low,Moderate
BB_0116,A_pos,fresh_frozen_plasma,2,258.0,1.4142135623730951,190.5,163.0,10.77,365,15.175972252331889,15.175972252331889,pooled_blood_group_product,190.5,0.2857142857142857,25.0,283.0,92.5,92.5,0.0,Low,Low
BB_0116,A_pos,group_O_neg_emergency,2,259.5,27.577164466275352,193.0,141.0,18.495,42,16.934146373239873,16.934146373239873,pooled_blood_group_product,193.0,0.2857142857142857,27.9,287.4,94.4,94.4,0.0,Low,Moderate
BB_0116,A_pos,packed_RBC,4,234.0,20.704266871026046,207.5,129.0,19.1625,42,15.974157533973031,15.974157533973031,pooled_blood_group_product,207.5,0.2857142857142857,26.4,260.4,52.9,52.9,0.0,Low,High
BB_0116,A_pos,platelet_concentrate,4,238.75,3.774917217635375,209.25,136.75,23.1375,5,15.570295650182972,15.570295650182972,pooled_blood_group_product,209.25,0.2857142857142857,25.7,264.4,55.1,55.1,0.0,Low,High
BB_0116,A_pos,whole_blood,3,247.33333333333334,24.006943440041116,203.66666666666666,135.33333333333334,12.06,42,16.26859652330014,16.26859652330014,pooled_blood_group_product,203.66666666666666,0.2857142857142857,26.8,274.1,70.4,70.4,0.0,Low,Low
BB_0116,B_neg,cryoprecipitate,1,253.0,,172.0,148.0,2.33,365,14.855008056807502,14.855008056807502,pooled_blood_group_product,172.0,0.2857142857142857,24.5,277.5,105.5,105.5,0.0,Low,Low
BB_0116,B_pos,fresh_frozen_plasma,1,267.0,,201.0,150.0,16.42,365,15.753623140581702,15.753623140581702,pooled_blood_group_product,201.0,0.2857142857142857,26.0,293.0,92.0,92.0,0.0,Low,Moderate
BB_0116,B_pos,group_O_neg_emergency,1,268.0,,180.0,128.0,15.56,42,15.327786820822924,15.327786820822924,pooled_blood_group_product,180.0,0.2857142857142857,25.3,293.3,113.3,113.3,0.0,Low,Moderate
BB_0116,B_pos,platelet_concentrate,2,260.5,0.7071067811865476,200.5,164.5,5.694999999999999,5,15.918915219368015,15.918915219368015,pooled_blood_group_product,200.5,0.2857142857142857,26.3,286.8,86.3,86.3,0.0,Low,Low
BB_0116,B_pos,whole_blood,1,268.0,,229.0,128.0,16.16,42,15.616055501636811,15.616055501636811,pooled_blood_group_product,229.0,0.2857142857142857,25.8,293.8,64.8,64.8,0.0,Low,Moderate
BB_0116,O_neg,packed_RBC,1,240.0,,212.0,178.0,7.08,42,16.675768019539497,16.675768019539497,pooled_blood_group_product,212.0,0.2857142857142857,27.5,267.5,55.5,55.5,0.0,Low,Low
BB_0116,O_neg,platelet_concentrate,1,248.0,,210.0,163.0,18.57,5,16.930706830055033,16.930706830055033,pooled_blood_group_product,210.0,0.2857142857142857,27.9,275.9,65.9,65.9,0.0,Low,Moderate
BB_0116,O_pos,cryoprecipitate,7,252.57142857142858,15.109126853849437,198.28571428571428,152.0,18.641428571428573,365,15.956259435791292,15.109126853849437,own_history,198.28571428571428,0.2857142857142857,24.9,277.5,79.2,79.2,0.0,Low,Moderate
BB_0116,O_pos,fresh_frozen_plasma,2,263.5,26.16295090390226,205.5,120.0,23.61,365,16.129072159319048,16.129072159319048,pooled_blood_group_product,205.5,0.2857142857142857,26.6,290.1,84.6,84.6,0.0,Low,Moderate
BB_0116,O_pos,group_O_neg_emergency,3,254.33333333333334,12.858201014657276,206.66666666666666,107.66666666666667,14.533333333333331,42,15.59947653940603,15.59947653940603,pooled_blood_group_product,206.66666666666666,0.2857142857142857,25.7,280.0,73.3,73.3,0.0,Low,Moderate
BB_0116,O_pos,packed_RBC,3,258.6666666666667,6.806859285554043,198.0,147.0,20.040000000000003,42,16.220879283084294,16.220879283084294,pooled_blood_group_product,198.0,0.2857142857142857,26.8,285.5,87.5,87.5,0.0,Low,High
BB_0116,O_pos,platelet_concentrate,6,243.33333333333334,10.152175464730048,206.0,144.16666666666666,19.171666666666667,5,15.814220480272407,10.152175464730048,own_history,206.0,0.2857142857142857,16.8,260.1,54.1,54.1,0.0,Low,High
BB_0116,O_pos,whole_blood,3,253.66666666666666,17.097758137642877,194.33333333333334,117.33333333333333,15.966666666666669,42,15.320728507460478,15.320728507460478,pooled_blood_group_product,194.33333333333334,0.2857142857142857,25.3,279.0,84.7,84.7,0.0,Low,Moderate
BB_0117,AB_neg,packed_RBC,1,263.0,,216.0,130.0,24.54,42,13.932332543759145,13.932332543759145,pooled_blood_group_product,216.0,0.22535211267605634,23.0,286.0,70.0,70.0,0.0,Low,High
BB_0117,A_neg,fresh_frozen_plasma,1,238.0,,195.0,140.0,6.67,365,15.630530767171415,15.630530767171415,pooled_blood_group_product,195.0,0.22535211267605634,25.8,263.8,68.8,68.8,0.0,Low,Low
BB_0117,A_neg,group_O_neg_emergency,1,258.0,,200.0,125.0,19.0,42,15.275919791953486,15.275919791953486,pooled_blood_group_product,200.0,0.22535211267605634,25.2,283.2,83.2,83.2,0.0,Low,High
BB_0117,A_neg,packed_RBC,1,257.0,,188.0,111.0,19.15,42,14.982321915176227,14.982321915176227,pooled_blood_group_product,188.0,0.22535211267605634,24.7,281.7,93.7,93.7,0.0,Low,High
BB_0117,A_neg,platelet_concentrate,1,240.0,,190.0,111.0,16.32,5,15.26163614252437,15.26163614252437,pooled_blood_group_product,190.0,0.22535211267605634,25.2,265.2,75.2,75.2,0.0,Low,Moderate
BB_0117,A_pos,cryoprecipitate,1,250.0,,179.0,133.0,27.37,365,15.986014398875405,15.986014398875405,pooled_blood_group_product,179.0,0.22535211267605634,26.4,276.4,97.4,97.4,0.0,Low,Moderate
BB_0117,A_pos,fresh_frozen_plasma,1,269.0,,196.0,170.0,14.8,365,15.175972252331889,15.175972252331889,pooled_blood_group_product,196.0,0.22535211267605634,25.0,294.0,98.0,98.0,0.0,Low,Moderate
BB_0117,A_pos,group_O_neg_emergency,1,273.0,,190.0,183.0,22.11,42,16.934146373239873,16.934146373239873,pooled_blood_group_product,190.0,0.22535211267605634,27.9,300.9,110.9,110.9,0.0,Low,High
BB_0117,A_pos,packed_RBC,4,251.5,9.110433579144303,205.0,147.5,18.515,42,15.974157533973031,15.974157533973031,pooled_blood_group_product,205.0,0.22535211267605634,26.4,277.9,72.9,72.9,0.0,Low,Moderate
BB_0117,A_pos,platelet_concentrate,2,234.0,14.142135623730951,195.0,152.0,13.305,5,15.570295650182972,15.570295650182972,pooled_blood_group_product,195.0,0.22535211267605634,25.7,259.7,64.7,64.7,0.0,Low,Low
BB_0117,A_pos,whole_blood,1,257.0,,186.0,140.0,25.81,42,16.26859652330014,16.26859652330014,pooled_blood_group_product,186.0,0.22535211267605634,26.8,283.8,97.8,97.8,0.0,Low,High
BB_0117,B_neg,cryoprecipitate,1,222.0,,177.0,154.0,11.86,365,14.855008056807502,14.855008056807502,pooled_blood_group_product,177.0,0.22535211267605634,24.5,246.5,69.5,69.5,0.0,Low,Low
BB_0117,B_neg,fresh_frozen_plasma,1,259.0,,203.0,157.0,11.82,365,18.483089984756752,18.483089984756752,pooled_blood_group_product,203.0,0.22535211267605634,30.5,289.5,86.5,86.5,0.0,Low,Low
BB_0117,B_neg,whole_blood,1,249.0,,204.0,145.0,17.16,42,14.346963359011946,14.346963359011946,pooled_blood_group_product,204.0,0.22535211267605634,23.7,272.7,68.7,68.7,0.0,Low,Moderate
BB_0117,B_pos,cryoprecipitate,2,268.5,27.577164466275352,187.5,142.5,19.475,365,15.142364873820988,15.142364873820988,pooled_blood_group_product,187.5,0.22535211267605634,25.0,293.5,106.0,106.0,0.0,Low,Moderate
BB_0117,B_pos,fresh_frozen_plasma,3,258.0,10.392304845413264,203.66666666666666,129.66666666666666,22.386666666666667,365,15.753623140581702,15.753623140581702,pooled_blood_group_product,203.66666666666666,0.22535211267605634,26.0,284.0,80.3,80.3,0.0,Low,Moderate
BB_0117,B_pos,group_O_neg_emergency,2,244.0,14.142135623730951,188.5,116.5,26.77,42,15.327786820822924,15.327786820822924,pooled_blood_group_product,188.5,0.22535211267605634,25.3,269.3,80.8,80.8,0.0,Low,High
BB_0117,B_pos,packed_RBC,2,261.0,5.656854249492381,188.0,135.5,7.945,42,15.425681398117081,15.425681398117081,pooled_blood_group_product,188.0,0.22535211267605634,25.5,286.5,98.5,98.5,0.0,Low,Low
BB_0117,B_pos,platelet_concentrate,2,239.0,5.656854249492381,205.5,132.0,14.18,5,15.918915219368015,15.918915219368015,pooled_blood_group_product,205.5,0.22535211267605634,26.3,265.3,59.8,59.8,0.0,Low,Moderate
BB_0117,B_pos,whole_blood,4,244.0,17.795130420052185,199.25,137.75,18.36,42,15.616055501636811,15.616055501636811,pooled_blood_group_product,199.25,0.22535211267605634,25.8,269.8,70.6,70.6,0.0,Low,Moderate
BB_0117,O_neg,platelet_concentrate,1,268.0,,186.0,177.0,22.04,5,16.930706830055033,16.930706830055033,pooled_blood_group_product,186.0,0.22535211267605634,27.9,295.9,109.9,109.9,0.0,Low,High
BB_0117,O_neg,whole_blood,1,269.0,,219.0,144.0,8.22,42,15.177301566829424,15.177301566829424,pooled_blood_group_product,219.0,0.22535211267605634,25.0,294.0,75.0,75.0,0.0,Low,Low
BB_0117,O_pos,cryoprecipitate,8,249.375,8.034523721327322,192.75,142.625,18.30375,365,15.956259435791292,8.034523721327322,own_history,192.75,0.22535211267605634,13.3,262.7,69.9,69.9,0.0,Low,Moderate
BB_0117,O_pos,fresh_frozen_plasma,5,239.0,17.219175357722563,201.8,146.4,12.863999999999999,365,16.129072159319048,17.219175357722563,own_history,201.8,0.22535211267605634,28.4,267.4,65.6,65.6,0.0,Low,Low
BB_0117,O_pos,group_O_neg_emergency,3,261.0,12.165525060596439,196.0,160.66666666666666,15.556666666666667,42,15.59947653940603,15.59947653940603,pooled_blood_group_product,196.0,0.22535211267605634,25.7,286.7,90.7,90.7,0.0,Low,Moderate
BB_0117,O_pos,packed_RBC,7,245.28571428571428,12.579272444704237,201.85714285714286,139.28571428571428,14.375714285714285,42,16.220879283084294,12.579272444704237,own_history,201.85714285714286,0.22535211267605634,20.8,266.1,64.2,64.2,0.0,Low,Moderate
BB_0117,O_pos,platelet_concentrate,4,258.25,9.287087810503351,192.75,134.25,12.6875,5,15.814220480272407,15.814220480272407,pooled_blood_group_product,192.75,0.22535211267605634,26.1,284.4,91.6,91.6,0.0,Low,Low
BB_0117,O_pos,whole_blood,9,247.22222222222223,6.851601597031489,201.66666666666666,155.0,18.767777777777777,42,15.320728507460478,6.851601597031489,own_history,201.66666666666666,0.22535211267605634,11.3,258.5,56.8,56.8,0.0,Low,Moderate
BB_0118,AB_neg,fresh_frozen_plasma,1,215.0,,197.0,142.0,11.68,365,18.018509002319437,18.018509002319437,pooled_blood_group_product,197.0,0.288135593220339,29.7,244.7,47.7,47.7,0.0,Low,Low
BB_0118,AB_pos,whole_blood,1,241.0,,173.0,114.0,12.14,42,13.606168437472475,13.606168437472475,pooled_blood_group_product,173.0,0.288135593220339,22.5,263.5,90.5,90.5,0.0,Low,Low
BB_0118,A_neg,group_O_neg_emergency,1,260.0,,212.0,127.0,20.75,42,15.275919791953486,15.275919791953486,pooled_blood_group_product,212.0,0.288135593220339,25.2,285.2,73.2,73.2,0.0,Low,High
BB_0118,A_pos,cryoprecipitate,1,229.0,,190.0,129.0,22.63,365,15.986014398875405,15.986014398875405,pooled_blood_group_product,190.0,0.288135593220339,26.4,255.4,65.4,65.4,0.0,Low,Moderate
BB_0118,A_pos,fresh_frozen_plasma,1,250.0,,204.0,151.0,20.1,365,15.175972252331889,15.175972252331889,pooled_blood_group_product,204.0,0.288135593220339,25.0,275.0,71.0,71.0,0.0,Low,Moderate
BB_0118,A_pos,group_O_neg_emergency,1,242.0,,184.0,98.0,7.07,42,16.934146373239873,16.934146373239873,pooled_blood_group_product,184.0,0.288135593220339,27.9,269.9,85.9,85.9,0.0,Low,Low
BB_0118,A_pos,packed_RBC,4,248.0,1.8257418583505525,201.5,137.25,17.61,42,15.974157533973031,15.974157533973031,pooled_blood_group_product,201.5,0.288135593220339,26.4,274.4,72.9,72.9,0.0,Low,Moderate
BB_0118,A_pos,whole_blood,5,243.6,10.99090533122727,202.0,136.8,15.719999999999999,42,16.26859652330014,10.99090533122727,own_history,202.0,0.288135593220339,18.1,261.7,59.7,59.7,0.0,Low,Moderate
BB_0118,B_neg,whole_blood,1,252.0,,187.0,118.0,21.39,42,14.346963359011946,14.346963359011946,pooled_blood_group_product,187.0,0.288135593220339,23.7,275.7,88.7,88.7,0.0,Low,High
BB_0118,B_pos,cryoprecipitate,1,293.0,,179.0,136.0,20.11,365,15.142364873820988,15.142364873820988,pooled_blood_group_product,179.0,0.288135593220339,25.0,318.0,139.0,139.0,0.0,Low,Moderate
BB_0118,B_pos,fresh_frozen_plasma,2,250.0,31.11269837220809,202.0,129.5,21.54,365,15.753623140581702,15.753623140581702,pooled_blood_group_product,202.0,0.288135593220339,26.0,276.0,74.0,74.0,0.0,Low,Moderate
BB_0118,B_pos,group_O_neg_emergency,2,263.0,8.48528137423857,195.5,130.5,12.5,42,15.327786820822924,15.327786820822924,pooled_blood_group_product,195.5,0.288135593220339,25.3,288.3,92.8,92.8,0.0,Low,Low
BB_0118,B_pos,packed_RBC,2,259.5,26.16295090390226,195.0,137.0,22.785,42,15.425681398117081,15.425681398117081,pooled_blood_group_product,195.0,0.288135593220339,25.5,285.0,90.0,90.0,0.0,Low,High
BB_0118,B_pos,platelet_concentrate,2,258.5,14.849242404917497,207.5,145.0,17.384999999999998,5,15.918915219368015,15.918915219368015,pooled_blood_group_product,207.5,0.288135593220339,26.3,284.8,77.3,77.3,0.0,Low,Moderate
BB_0118,O_neg,group_O_neg_emergency,1,272.0,,220.0,124.0,20.0,42,15.737583585569908,15.737583585569908,pooled_blood_group_product,220.0,0.288135593220339,26.0,298.0,78.0,78.0,0.0,Low,High
BB_0118,O_neg,platelet_concentrate,1,262.0,,212.0,140.0,16.04,5,16.930706830055033,16.930706830055033,pooled_blood_group_product,212.0,0.288135593220339,27.9,289.9,77.9,77.9,0.0,Low,Moderate
BB_0118,O_pos,cryoprecipitate,3,251.33333333333334,19.731531449264985,207.33333333333334,137.33333333333334,11.969999999999999,365,15.956259435791292,15.956259435791292,pooled_blood_group_product,207.33333333333334,0.288135593220339,26.3,277.6,70.3,70.3,0.0,Low,Low
BB_0118,O_pos,fresh_frozen_plasma,6,252.0,19.839354828219587,195.66666666666666,127.0,13.469999999999999,365,16.129072159319048,19.839354828219587,own_history,195.66666666666666,0.288135593220339,32.7,284.7,89.0,89.0,0.0,Low,Low
BB_0118,O_pos,group_O_neg_emergency,12,260.75,14.309088021254182,195.66666666666666,139.5,15.439166666666665,42,15.59947653940603,14.309088021254182,own_history,195.66666666666666,0.288135593220339,23.6,284.4,88.7,88.7,0.0,Low,Moderate
BB_0118,O_pos,packed_RBC,3,258.3333333333333,20.502032419575702,200.66666666666666,150.0,26.14,42,16.220879283084294,16.220879283084294,pooled_blood_group_product,200.66666666666666,0.288135593220339,26.8,285.1,84.4,84.4,0.0,Low,High
BB_0118,O_pos,platelet_concentrate,6,240.5,8.87130204648675,203.0,132.66666666666666,19.168333333333333,5,15.814220480272407,8.87130204648675,own_history,203.0,0.288135593220339,14.6,255.1,52.1,52.1,0.0,Low,High
BB_0118,O_pos,whole_blood,2,259.0,21.213203435596427,200.5,139.0,24.42,42,15.320728507460478,15.320728507460478,pooled_blood_group_product,200.5,0.288135593220339,25.3,284.3,83.8,83.8,0.0,Low,High
BB_0119,AB_pos,cryoprecipitate,2,247.5,17.67766952966369,185.5,146.5,20.355,365,16.64565006228281,16.64565006228281,pooled_blood_group_product,185.5,0.22033898305084745,27.5,275.0,89.5,89.5,0.0,Low,Moderate
BB_0119,AB_pos,group_O_neg_emergency,2,267.5,7.7781745930520225,197.0,121.5,16.535,42,16.01343479009551,16.01343479009551,pooled_blood_group_product,197.0,0.22033898305084745,26.4,293.9,96.9,96.9,0.0,Low,Moderate
BB_0119,A_neg,group_O_neg_emergency,1,264.0,,190.0,155.0,25.26,42,15.275919791953486,15.275919791953486,pooled_blood_group_product,190.0,0.22033898305084745,25.2,289.2,99.2,99.2,0.0,Low,High
BB_0119,A_neg,platelet_concentrate,1,260.0,,202.0,160.0,23.76,5,15.26163614252437,15.26163614252437,pooled_blood_group_product,202.0,0.22033898305084745,25.2,285.2,83.2,83.2,0.0,Low,High
BB_0119,A_pos,cryoprecipitate,1,259.0,,213.0,154.0,25.35,365,15.986014398875405,15.986014398875405,pooled_blood_group_product,213.0,0.22033898305084745,26.4,285.4,72.4,72.4,0.0,Low,Moderate
BB_0119,A_pos,fresh_frozen_plasma,1,266.0,,226.0,145.0,14.16,365,15.175972252331889,15.175972252331889,pooled_blood_group_product,226.0,0.22033898305084745,25.0,291.0,65.0,65.0,0.0,Low,Moderate
BB_0119,A_pos,group_O_neg_emergency,2,240.5,2.1213203435596424,201.0,152.0,18.68,42,16.934146373239873,16.934146373239873,pooled_blood_group_product,201.0,0.22033898305084745,27.9,268.4,67.4,67.4,0.0,Low,Moderate
BB_0119,A_pos,packed_RBC,3,262.3333333333333,23.43786110832927,204.0,144.33333333333334,10.270000000000001,42,15.974157533973031,15.974157533973031,pooled_blood_group_product,204.0,0.22033898305084745,26.4,288.7,84.7,84.7,0.0,Low,Low
BB_0119,A_pos,platelet_concentrate,5,261.0,24.423349483639626,186.8,149.8,15.112,5,15.570295650182972,24.423349483639626,own_history,186.8,0.22033898305084745,40.3,301.3,114.5,114.5,0.0,Low,Moderate
BB_0119,A_pos,whole_blood,4,260.0,7.438637868140471,191.25,143.25,18.2025,42,16.26859652330014,16.26859652330014,pooled_blood_group_product,191.25,0.22033898305084745,26.8,286.8,95.6,95.6,0.0,Low,Moderate
BB_0119,B_neg,group_O_neg_emergency,2,256.5,13.435028842544403,201.0,142.5,16.67,42,16.421857975114715,16.421857975114715,pooled_blood_group_product,201.0,0.22033898305084745,27.1,283.6,82.6,82.6,0.0,Low,Moderate
BB_0119,B_pos,cryoprecipitate,1,253.0,,193.0,124.0,6.74,365,15.142364873820988,15.142364873820988,pooled_blood_group_product,193.0,0.22033898305084745,25.0,278.0,85.0,85.0,0.0,Low,Low
BB_0119,B_pos,group_O_neg_emergency,2,226.5,31.81980515339464,210.0,131.0,17.21,42,15.327786820822924,15.327786820822924,pooled_blood_group_product,210.0,0.22033898305084745,25.3,251.8,41.8,41.8,0.0,Low,Moderate
BB_0119,B_pos,packed_RBC,1,276.0,,178.0,122.0,19.66,42,15.425681398117081,15.425681398117081,pooled_blood_group_product,178.0,0.22033898305084745,25.5,301.5,123.5,123.5,0.0,Low,High
BB_0119,B_pos,platelet_concentrate,2,258.5,21.920310216782973,203.0,129.5,20.905,5,15.918915219368015,15.918915219368015,pooled_blood_group_product,203.0,0.22033898305084745,26.3,284.8,81.8,81.8,0.0,Low,High
BB_0119,B_pos,whole_blood,2,248.5,6.363961030678928,211.5,154.5,9.98,42,15.616055501636811,15.616055501636811,pooled_blood_group_product,211.5,0.22033898305084745,25.8,274.3,62.8,62.8,0.0,Low,Low
BB_0119,O_neg,cryoprecipitate,1,249.0,,228.0,132.0,20.61,365,16.832005704612282,16.832005704612282,pooled_blood_group_product,228.0,0.22033898305084745,27.8,276.8,48.8,48.8,0.0,Low,Moderate
BB_0119,O_pos,cryoprecipitate,4,255.0,30.930028559098787,195.0,135.5,16.8175,365,15.956259435791292,15.956259435791292,pooled_blood_group_product,195.0,0.22033898305084745,26.3,281.3,86.3,86.3,0.0,Low,Moderate
BB_0119,O_pos,fresh_frozen_plasma,1,231.0,,204.0,137.0,24.51,365,16.129072159319048,16.129072159319048,pooled_blood_group_product,204.0,0.22033898305084745,26.6,257.6,53.6,53.6,0.0,Low,Moderate
BB_0119,O_pos,group_O_neg_emergency,10,255.0,20.11632835948615,200.8,136.0,16.937,42,15.59947653940603,20.11632835948615,own_history,200.8,0.22033898305084745,33.2,288.2,87.4,87.4,0.0,Low,Moderate
BB_0119,O_pos,packed_RBC,6,258.3333333333333,21.020624792490512,194.33333333333334,146.16666666666666,13.793333333333335,42,16.220879283084294,21.020624792490512,own_history,194.33333333333334,0.22033898305084745,34.7,293.0,98.7,98.7,0.0,Low,Low
BB_0119,O_pos,platelet_concentrate,3,248.33333333333334,15.947831618540919,196.66666666666666,155.66666666666666,10.55,5,15.814220480272407,15.814220480272407,pooled_blood_group_product,196.66666666666666,0.22033898305084745,26.1,274.4,77.7,77.7,0.0,Low,Low
BB_0119,O_pos,whole_blood,2,257.0,1.4142135623730951,199.0,161.0,16.425,42,15.320728507460478,15.320728507460478,pooled_blood_group_product,199.0,0.22033898305084745,25.3,282.3,83.3,83.3,0.0,Low,Moderate
BB_0120,AB_pos,cryoprecipitate,1,223.0,,202.0,141.0,11.88,365,16.64565006228281,16.64565006228281,pooled_blood_group_product,202.0,0.2631578947368421,27.5,250.5,48.5,48.5,0.0,Low,Low
BB_0120,AB_pos,fresh_frozen_plasma,1,238.0,,197.0,169.0,17.77,365,15.529870914464443,15.529870914464443,pooled_blood_group_product,197.0,0.2631578947368421,25.6,263.6,66.6,66.6,0.0,Low,Moderate
BB_0120,AB_pos,platelet_concentrate,1,235.0,,213.0,165.0,19.72,5,14.27616380960629,14.27616380960629,pooled_blood_group_product,213.0,0.2631578947368421,23.6,258.6,45.6,45.6,0.0,Low,High
BB_0120,AB_pos,whole_blood,1,272.0,,198.0,114.0,23.23,42,13.606168437472475,13.606168437472475,pooled_blood_group_product,198.0,0.2631578947368421,22.5,294.5,96.5,96.5,0.0,Low,High
BB_0120,A_neg,group_O_neg_emergency,1,227.0,,181.0,128.0,14.92,42,15.275919791953486,15.275919791953486,pooled_blood_group_product,181.0,0.2631578947368421,25.2,252.2,71.2,71.2,0.0,Low,Moderate
BB_0120,A_neg,platelet_concentrate,1,242.0,,209.0,136.0,11.0,5,15.26163614252437,15.26163614252437,pooled_blood_group_product,209.0,0.2631578947368421,25.2,267.2,58.2,58.2,0.0,Low,Low
BB_0120,A_pos,cryoprecipitate,5,254.6,11.717508267545625,205.8,141.2,12.9,365,15.986014398875405,11.717508267545625,own_history,205.8,0.2631578947368421,19.3,273.9,68.1,68.1,0.0,Low,Low
BB_0120,A_pos,fresh_frozen_plasma,3,259.3333333333333,32.88363321370274,204.0,173.33333333333334,14.393333333333333,365,15.175972252331889,15.175972252331889,pooled_blood_group_product,204.0,0.2631578947368421,25.0,284.3,80.3,80.3,0.0,Low,Moderate
BB_0120,A_pos,group_O_neg_emergency,4,270.25,13.12440474840669,193.5,140.5,11.57,42,16.934146373239873,16.934146373239873,pooled_blood_group_product,193.5,0.2631578947368421,27.9,298.2,104.7,104.7,0.0,Low,Low
BB_0120,A_pos,packed_RBC,2,271.0,29.698484809834994,201.5,144.0,11.364999999999998,42,15.974157533973031,15.974157533973031,pooled_blood_group_product,201.5,0.2631578947368421,26.4,297.4,95.9,95.9,0.0,Low,Low
BB_0120,A_pos,platelet_concentrate,3,245.33333333333334,7.637626158259731,208.33333333333334,142.0,19.330000000000002,5,15.570295650182972,15.570295650182972,pooled_blood_group_product,208.33333333333334,0.2631578947368421,25.7,271.0,62.7,62.7,0.0,Low,High
BB_0120,A_pos,whole_blood,3,239.66666666666666,7.505553499465137,207.33333333333334,125.0,17.790000000000003,42,16.26859652330014,16.26859652330014,pooled_blood_group_product,207.33333333333334,0.2631578947368421,26.8,266.5,59.2,59.2,0.0,Low,Moderate
BB_0120,B_neg,platelet_concentrate,1,271.0,,203.0,131.0,15.27,5,15.063664178898293,15.063664178898293,pooled_blood_group_product,203.0,0.2631578947368421,24.9,295.9,92.9,92.9,0.0,Low,Moderate
BB_0120,B_neg,whole_blood,1,266.0,,164.0,101.0,14.02,42,14.346963359011946,14.346963359011946,pooled_blood_group_product,164.0,0.2631578947368421,23.7,289.7,125.7,125.7,0.0,Low,Moderate
BB_0120,B_pos,cryoprecipitate,3,259.6666666666667,3.7859388972001873,220.33333333333334,151.33333333333334,15.233333333333334,365,15.142364873820988,15.142364873820988,pooled_blood_group_product,220.33333333333334,0.2631578947368421,25.0,284.7,64.4,64.4,0.0,Low,Moderate
BB_0120,B_pos,fresh_frozen_plasma,2,237.0,8.48528137423857,194.0,137.5,20.68,365,15.753623140581702,15.753623140581702,pooled_blood_group_product,194.0,0.2631578947368421,26.0,263.0,69.0,69.0,0.0,Low,Moderate
BB_0120,B_pos,group_O_neg_emergency,2,248.5,14.849242404917497,215.0,165.5,20.565,42,15.327786820822924,15.327786820822924,pooled_blood_group_product,215.0,0.2631578947368421,25.3,273.8,58.8,58.8,0.0,Low,High
BB_0120,B_pos,packed_RBC,1,274.0,,194.0,119.0,8.76,42,15.425681398117081,15.425681398117081,pooled_blood_group_product,194.0,0.2631578947368421,25.5,299.5,105.5,105.5,0.0,Low,Low
BB_0120,B_pos,platelet_concentrate,1,271.0,,209.0,154.0,12.44,5,15.918915219368015,15.918915219368015,pooled_blood_group_product,209.0,0.2631578947368421,26.3,297.3,88.3,88.3,0.0,Low,Low
BB_0120,O_neg,platelet_concentrate,1,237.0,,209.0,197.0,22.97,5,16.930706830055033,16.930706830055033,pooled_blood_group_product,209.0,0.2631578947368421,27.9,264.9,55.9,55.9,0.0,Low,High
BB_0120,O_neg,whole_blood,1,255.0,,210.0,134.0,20.0,42,15.177301566829424,15.177301566829424,pooled_blood_group_product,210.0,0.2631578947368421,25.0,280.0,70.0,70.0,0.0,Low,High
BB_0120,O_pos,cryoprecipitate,3,255.66666666666666,22.6789182575654,198.0,141.66666666666666,18.569999999999997,365,15.956259435791292,15.956259435791292,pooled_blood_group_product,198.0,0.2631578947368421,26.3,282.0,84.0,84.0,0.0,Low,Moderate
BB_0120,O_pos,fresh_frozen_plasma,6,257.5,11.726039399558575,192.66666666666666,141.0,12.04,365,16.129072159319048,11.726039399558575,own_history,192.66666666666666,0.2631578947368421,19.3,276.8,84.1,84.1,0.0,Low,Low
BB_0120,O_pos,group_O_neg_emergency,5,249.2,17.426990560621757,202.6,140.8,17.098000000000003,42,15.59947653940603,17.426990560621757,own_history,202.6,0.2631578947368421,28.8,278.0,75.4,75.4,0.0,Low,Moderate
BB_0120,O_pos,packed_RBC,11,248.63636363636363,13.669474951677751,199.72727272727272,146.27272727272728,16.220909090909092,42,16.220879283084294,13.669474951677751,own_history,199.72727272727272,0.2631578947368421,22.6,271.2,71.5,71.5,0.0,Low,Moderate
BB_0120,O_pos,platelet_concentrate,3,252.66666666666666,3.7859388972001864,216.66666666666666,134.66666666666666,18.0,5,15.814220480272407,15.814220480272407,pooled_blood_group_product,216.66666666666666,0.2631578947368421,26.1,278.8,62.1,62.1,0.0,Low,Moderate
BB_0120,O_pos,whole_blood,9,248.33333333333334,18.138357147217054,202.66666666666666,152.22222222222223,16.311111111111114,42,15.320728507460478,18.138357147217054,own_history,202.66666666666666,0.2631578947368421,29.9,278.2,75.5,75.5,0.0,Low,Moderate
BB_0121,AB_neg,cryoprecipitate,1,242.0,,212.0,153.0,24.53,365,13.13504517558679,13.13504517558679,pooled_blood_group_product,212.0,0.23809523809523808,21.7,263.7,51.7,51.7,0.0,Low,Moderate
BB_0121,AB_neg,group_O_neg_emergency,1,241.0,,201.0,156.0,16.92,42,14.768157012249755,14.768157012249755,pooled_blood_group_product,201.0,0.23809523809523808,24.4,265.4,64.4,64.4,0.0,Low,Moderate
BB_0121,A_pos,cryoprecipitate,1,273.0,,196.0,176.0,15.82,365,15.986014398875405,15.986014398875405,pooled_blood_group_product,196.0,0.23809523809523808,26.4,299.4,103.4,103.4,0.0,Low,Moderate
BB_0121,A_pos,fresh_frozen_plasma,2,246.0,8.48528137423857,212.0,139.0,16.285,365,15.175972252331889,15.175972252331889,pooled_blood_group_product,212.0,0.23809523809523808,25.0,271.0,59.0,59.0,0.0,Low,Moderate
BB_0121,A_pos,group_O_neg_emergency,3,242.0,33.71943060017473,199.0,131.0,20.523333333333333,42,16.934146373239873,16.934146373239873,pooled_blood_group_product,199.0,0.23809523809523808,27.9,269.9,70.9,70.9,0.0,Low,High
BB_0121,A_pos,packed_RBC,2,261.0,15.556349186104045,209.0,150.5,15.51,42,15.974157533973031,15.974157533973031,pooled_blood_group_product,209.0,0.23809523809523808,26.4,287.4,78.4,78.4,0.0,Low,Moderate
BB_0121,A_pos,platelet_concentrate,2,245.5,9.192388155425117,191.0,125.5,18.759999999999998,5,15.570295650182972,15.570295650182972,pooled_blood_group_product,191.0,0.23809523809523808,25.7,271.2,80.2,80.2,0.0,Low,Moderate
BB_0121,A_pos,whole_blood,3,239.33333333333334,9.291573243177572,195.66666666666666,144.33333333333334,19.793333333333333,42,16.26859652330014,16.26859652330014,pooled_blood_group_product,195.66666666666666,0.23809523809523808,26.8,266.1,70.4,70.4,0.0,Low,High
BB_0121,B_neg,fresh_frozen_plasma,1,263.0,,188.0,148.0,21.28,365,18.483089984756752,18.483089984756752,pooled_blood_group_product,188.0,0.23809523809523808,30.5,293.5,105.5,105.5,0.0,Low,Moderate
BB_0121,B_pos,cryoprecipitate,2,251.0,1.4142135623730951,196.0,133.5,7.67,365,15.142364873820988,15.142364873820988,pooled_blood_group_product,196.0,0.23809523809523808,25.0,276.0,80.0,80.0,0.0,Low,Low
BB_0121,B_pos,fresh_frozen_plasma,2,260.5,13.435028842544403,173.5,141.5,19.615,365,15.753623140581702,15.753623140581702,pooled_blood_group_product,173.5,0.23809523809523808,26.0,286.5,113.0,113.0,0.0,Low,Moderate
BB_0121,B_pos,group_O_neg_emergency,2,266.0,1.4142135623730951,204.5,156.0,13.315,42,15.327786820822924,15.327786820822924,pooled_blood_group_product,204.5,0.23809523809523808,25.3,291.3,86.8,86.8,0.0,Low,Low
BB_0121,B_pos,platelet_concentrate,2,243.0,9.899494936611665,206.5,134.5,16.990000000000002,5,15.918915219368015,15.918915219368015,pooled_blood_group_product,206.5,0.23809523809523808,26.3,269.3,62.8,62.8,0.0,Low,Moderate
BB_0121,B_pos,whole_blood,3,253.66666666666666,17.009801096230763,205.0,139.33333333333334,15.74,42,15.616055501636811,15.616055501636811,pooled_blood_group_product,205.0,0.23809523809523808,25.8,279.5,74.5,74.5,0.0,Low,Moderate
BB_0121,O_neg,cryoprecipitate,1,237.0,,209.0,116.0,10.53,365,16.832005704612282,16.832005704612282,pooled_blood_group_product,209.0,0.23809523809523808,27.8,264.8,55.8,55.8,0.0,Low,Low
BB_0121,O_neg,group_O_neg_emergency,1,240.0,,206.0,167.0,11.17,42,15.737583585569908,15.737583585569908,pooled_blood_group_product,206.0,0.23809523809523808,26.0,266.0,60.0,60.0,0.0,Low,Low
BB_0121,O_pos,cryoprecipitate,2,248.0,19.79898987322333,194.5,156.0,17.17,365,15.956259435791292,15.956259435791292,pooled_blood_group_product,194.5,0.23809523809523808,26.3,274.3,79.8,79.8,0.0,Low,Moderate
BB_0121,O_pos,fresh_frozen_plasma,5,253.2,3.2710854467592227,193.4,151.4,17.488,365,16.129072159319048,3.2710854467592227,own_history,193.4,0.23809523809523808,5.4,258.6,65.2,65.2,0.0,Low,Moderate
BB_0121,O_pos,group_O_neg_emergency,4,249.5,22.24859546128699,198.0,139.75,21.822499999999998,42,15.59947653940603,15.59947653940603,pooled_blood_group_product,198.0,0.23809523809523808,25.7,275.2,77.2,77.2,0.0,Low,High
BB_0121,O_pos,packed_RBC,7,246.0,14.54876856186346,200.14285714285714,149.85714285714286,13.114285714285714,42,16.220879283084294,14.54876856186346,own_history,200.14285714285714,0.23809523809523808,24.0,270.0,69.9,69.9,0.0,Low,Low
BB_0121,O_pos,platelet_concentrate,5,245.6,9.633275663033839,190.4,136.2,16.252000000000002,5,15.814220480272407,9.633275663033839,own_history,190.4,0.23809523809523808,15.9,261.5,71.1,71.1,0.0,Low,Moderate
BB_0121,O_pos,whole_blood,11,245.72727272727272,18.968874026103443,195.0,148.27272727272728,17.319090909090907,42,15.320728507460478,18.968874026103443,own_history,195.0,0.23809523809523808,31.3,277.0,82.0,82.0,0.0,Low,Moderate
BB_0122,AB_pos,group_O_neg_emergency,1,262.0,,184.0,125.0,21.2,42,16.01343479009551,16.01343479009551,pooled_blood_group_product,184.0,0.25757575757575757,26.4,288.4,104.4,104.4,0.0,Low,High
BB_0122,AB_pos,packed_RBC,1,252.0,,197.0,169.0,20.81,42,17.421402900877148,17.421402900877148,pooled_blood_group_product,197.0,0.25757575757575757,28.7,280.7,83.7,83.7,0.0,Low,High
BB_0122,AB_pos,whole_blood,1,253.0,,210.0,163.0,10.0,42,13.606168437472475,13.606168437472475,pooled_blood_group_product,210.0,0.25757575757575757,22.5,275.5,65.5,65.5,0.0,Low,Low
BB_0122,A_neg,cryoprecipitate,1,245.0,,206.0,136.0,17.48,365,14.243844171226868,14.243844171226868,pooled_blood_group_product,206.0,0.25757575757575757,23.5,268.5,62.5,62.5,0.0,Low,Moderate
BB_0122,A_neg,packed_RBC,1,225.0,,203.0,117.0,30.05,42,14.982321915176227,14.982321915176227,pooled_blood_group_product,203.0,0.25757575757575757,24.7,249.7,46.7,46.7,0.0,Low,High
BB_0122,A_pos,cryoprecipitate,1,234.0,,194.0,120.0,9.79,365,15.986014398875405,15.986014398875405,pooled_blood_group_product,194.0,0.25757575757575757,26.4,260.4,66.4,66.4,0.0,Low,Low
BB_0122,A_pos,fresh_frozen_plasma,2,258.5,0.7071067811865476,199.0,156.0,15.925,365,15.175972252331889,15.175972252331889,pooled_blood_group_product,199.0,0.25757575757575757,25.0,283.5,84.5,84.5,0.0,Low,Moderate
BB_0122,A_pos,group_O_neg_emergency,1,260.0,,206.0,151.0,22.82,42,16.934146373239873,16.934146373239873,pooled_blood_group_product,206.0,0.25757575757575757,27.9,287.9,81.9,81.9,0.0,Low,High
BB_0122,A_pos,packed_RBC,2,228.5,19.091883092036785,214.0,143.5,22.53,42,15.974157533973031,15.974157533973031,pooled_blood_group_product,214.0,0.25757575757575757,26.4,254.9,40.9,40.9,0.0,Low,High
BB_0122,A_pos,platelet_concentrate,5,232.8,16.498484778912275,201.8,150.0,14.594,5,15.570295650182972,16.498484778912275,own_history,201.8,0.25757575757575757,27.2,260.0,58.2,58.2,0.0,Low,Moderate
BB_0122,A_pos,whole_blood,2,260.5,12.020815280171307,199.5,144.0,14.5,42,16.26859652330014,16.26859652330014,pooled_blood_group_product,199.5,0.25757575757575757,26.8,287.3,87.8,87.8,0.0,Low,Moderate
BB_0122,B_neg,group_O_neg_emergency,1,282.0,,184.0,153.0,12.5,42,16.421857975114715,16.421857975114715,pooled_blood_group_product,184.0,0.25757575757575757,27.1,309.1,125.1,125.1,0.0,Low,Low
BB_0122,B_neg,packed_RBC,1,245.0,,218.0,152.0,13.3,42,17.510386528104863,17.510386528104863,pooled_blood_group_product,218.0,0.25757575757575757,28.9,273.9,55.9,55.9,0.0,Low,Low
BB_0122,B_neg,platelet_concentrate,1,255.0,,211.0,183.0,14.69,5,15.063664178898293,15.063664178898293,pooled_blood_group_product,211.0,0.25757575757575757,24.9,279.9,68.9,68.9,0.0,Low,Moderate
BB_0122,B_pos,cryoprecipitate,1,256.0,,193.0,136.0,17.1,365,15.142364873820988,15.142364873820988,pooled_blood_group_product,193.0,0.25757575757575757,25.0,281.0,88.0,88.0,0.0,Low,Moderate
BB_0122,B_pos,fresh_frozen_plasma,1,266.0,,192.0,128.0,9.38,365,15.753623140581702,15.753623140581702,pooled_blood_group_product,192.0,0.25757575757575757,26.0,292.0,100.0,100.0,0.0,Low,Low
BB_0122,B_pos,group_O_neg_emergency,2,264.0,11.313708498984761,203.0,168.5,13.585,42,15.327786820822924,15.327786820822924,pooled_blood_group_product,203.0,0.25757575757575757,25.3,289.3,86.3,86.3,0.0,Low,Low
BB_0122,B_pos,packed_RBC,3,231.33333333333334,23.094010767585033,192.0,141.0,12.990000000000002,42,15.425681398117081,15.425681398117081,pooled_blood_group_product,192.0,0.25757575757575757,25.5,256.8,64.8,64.8,0.0,Low,Low
BB_0122,B_pos,platelet_concentrate,2,248.5,14.849242404917497,228.0,128.0,13.58,5,15.918915219368015,15.918915219368015,pooled_blood_group_product,228.0,0.25757575757575757,26.3,274.8,46.8,46.8,0.0,Low,Low
BB_0122,B_pos,whole_blood,2,251.0,18.384776310850235,216.0,130.0,10.44,42,15.616055501636811,15.616055501636811,pooled_blood_group_product,216.0,0.25757575757575757,25.8,276.8,60.8,60.8,0.0,Low,Low
BB_0122,O_neg,fresh_frozen_plasma,1,250.0,,216.0,149.0,11.57,365,14.714175377770642,14.714175377770642,pooled_blood_group_product,216.0,0.25757575757575757,24.3,274.3,58.3,58.3,0.0,Low,Low
BB_0122,O_neg,platelet_concentrate,1,270.0,,207.0,207.0,16.91,5,16.930706830055033,16.930706830055033,pooled_blood_group_product,207.0,0.25757575757575757,27.9,297.9,90.9,90.9,0.0,Low,Moderate
BB_0122,O_neg,whole_blood,1,259.0,,192.0,125.0,13.02,42,15.177301566829424,15.177301566829424,pooled_blood_group_product,192.0,0.25757575757575757,25.0,284.0,92.0,92.0,0.0,Low,Low
BB_0122,O_pos,cryoprecipitate,6,245.33333333333334,13.706446172026746,199.66666666666666,144.83333333333334,15.006666666666666,365,15.956259435791292,13.706446172026746,own_history,199.66666666666666,0.25757575757575757,22.6,267.9,68.2,68.2,0.0,Low,Moderate
BB_0122,O_pos,fresh_frozen_plasma,4,251.25,15.58578412100805,193.75,143.0,13.5275,365,16.129072159319048,16.129072159319048,pooled_blood_group_product,193.75,0.25757575757575757,26.6,277.8,84.1,84.1,0.0,Low,Low
BB_0122,O_pos,group_O_neg_emergency,8,256.5,17.53364113436144,193.5,148.5,14.818750000000001,42,15.59947653940603,17.53364113436144,own_history,193.5,0.25757575757575757,28.9,285.4,91.9,91.9,0.0,Low,Moderate
BB_0122,O_pos,packed_RBC,4,254.5,12.233832869001715,202.0,159.0,14.445,42,16.220879283084294,16.220879283084294,pooled_blood_group_product,202.0,0.25757575757575757,26.8,281.3,79.3,79.3,0.0,Low,Moderate
BB_0122,O_pos,platelet_concentrate,5,242.4,16.211107303327555,202.0,126.2,16.608,5,15.814220480272407,16.211107303327555,own_history,202.0,0.25757575757575757,26.7,269.1,67.1,67.1,0.0,Low,Moderate
BB_0122,O_pos,whole_blood,4,261.25,15.107944929738133,213.0,153.25,17.5575,42,15.320728507460478,15.320728507460478,pooled_blood_group_product,213.0,0.25757575757575757,25.3,286.6,73.6,73.6,0.0,Low,Moderate
BB_0123,A_neg,fresh_frozen_plasma,1,247.0,,200.0,115.0,21.0,365,15.630530767171415,15.630530767171415,pooled_blood_group_product,200.0,0.2638888888888889,25.8,272.8,72.8,72.8,0.0,Low,Moderate
BB_0123,A_neg,whole_blood,2,251.0,24.041630560342615,201.0,157.0,21.095,42,16.829684030913054,16.829684030913054,pooled_blood_group_product,201.0,0.2638888888888889,27.8,278.8,77.8,77.8,0.0,Low,High
BB_0123,A_pos,cryoprecipitate,1,245.0,,186.0,117.0,14.52,365,15.986014398875405,15.986014398875405,pooled_blood_group_product,186.0,0.2638888888888889,26.4,271.4,85.4,85.4,0.0,Low,Moderate
BB_0123,A_pos,fresh_frozen_plasma,2,249.5,6.363961030678928,199.5,148.0,17.55,365,15.175972252331889,15.175972252331889,pooled_blood_group_product,199.5,0.2638888888888889,25.0,274.5,75.0,75.0,0.0,Low,Moderate
BB_0123,A_pos,group_O_neg_emergency,3,246.66666666666666,18.55622087962237,198.33333333333334,125.33333333333333,12.026666666666666,42,16.934146373239873,16.934146373239873,pooled_blood_group_product,198.33333333333334,0.2638888888888889,27.9,274.6,76.3,76.3,0.0,Low,Low
BB_0123,A_pos,packed_RBC,4,245.5,5.322906474223775,198.5,131.75,15.44,42,15.974157533973031,15.974157533973031,pooled_blood_group_product,198.5,0.2638888888888889,26.4,271.9,73.4,73.4,0.0,Low,Moderate
BB_0123,A_pos,platelet_concentrate,4,255.25,13.425721582097557,197.25,145.25,14.9925,5,15.570295650182972,15.570295650182972,pooled_blood_group_product,197.25,0.2638888888888889,25.7,281.0,83.8,83.8,0.0,Low,Moderate
BB_0123,B_neg,cryoprecipitate,1,238.0,,203.0,124.0,15.27,365,14.855008056807502,14.855008056807502,pooled_blood_group_product,203.0,0.2638888888888889,24.5,262.5,59.5,59.5,0.0,Low,Moderate
BB_0123,B_pos,cryoprecipitate,5,252.0,12.806248474865697,204.6,151.8,18.419999999999998,365,15.142364873820988,12.806248474865697,own_history,204.6,0.2638888888888889,21.1,273.1,68.5,68.5,0.0,Low,Moderate
BB_0123,B_pos,fresh_frozen_plasma,1,259.0,,191.0,124.0,16.75,365,15.753623140581702,15.753623140581702,pooled_blood_group_product,191.0,0.2638888888888889,26.0,285.0,94.0,94.0,0.0,Low,Moderate
BB_0123,B_pos,group_O_neg_emergency,3,245.33333333333334,17.00980109623077,195.66666666666666,160.66666666666666,20.45,42,15.327786820822924,15.327786820822924,pooled_blood_group_product,195.66666666666666,0.2638888888888889,25.3,270.6,74.9,74.9,0.0,Low,High
BB_0123,B_pos,packed_RBC,2,257.0,2.8284271247461903,205.0,121.5,23.095,42,15.425681398117081,15.425681398117081,pooled_blood_group_product,205.0,0.2638888888888889,25.5,282.5,77.5,77.5,0.0,Low,High
BB_0123,B_pos,platelet_concentrate,4,249.5,16.862186493255656,206.25,131.0,17.2975,5,15.918915219368015,15.918915219368015,pooled_blood_group_product,206.25,0.2638888888888889,26.3,275.8,69.6,69.6,0.0,Low,Moderate
BB_0123,B_pos,whole_blood,2,242.0,24.041630560342615,193.0,156.0,18.29,42,15.616055501636811,15.616055501636811,pooled_blood_group_product,193.0,0.2638888888888889,25.8,267.8,74.8,74.8,0.0,Low,Moderate
BB_0123,O_neg,cryoprecipitate,1,233.0,,212.0,165.0,4.72,365,16.832005704612282,16.832005704612282,pooled_blood_group_product,212.0,0.2638888888888889,27.8,260.8,48.8,48.8,0.0,Low,Low
BB_0123,O_neg,packed_RBC,1,262.0,,210.0,166.0,23.81,42,16.675768019539497,16.675768019539497,pooled_blood_group_product,210.0,0.2638888888888889,27.5,289.5,79.5,79.5,0.0,Low,High
BB_0123,O_pos,cryoprecipitate,8,249.625,12.246719677413333,195.375,141.5,16.02,365,15.956259435791292,12.246719677413333,own_history,195.375,0.2638888888888889,20.2,269.8,74.4,74.4,0.0,Low,Moderate
BB_0123,O_pos,fresh_frozen_plasma,3,262.0,12.0,199.33333333333334,160.66666666666666,16.093333333333334,365,16.129072159319048,16.129072159319048,pooled_blood_group_product,199.33333333333334,0.2638888888888889,26.6,288.6,89.3,89.3,0.0,Low,Moderate
BB_0123,O_pos,group_O_neg_emergency,4,250.5,1.2909944487358056,198.25,130.25,15.455,42,15.59947653940603,15.59947653940603,pooled_blood_group_product,198.25,0.2638888888888889,25.7,276.2,77.9,77.9,0.0,Low,Moderate
BB_0123,O_pos,packed_RBC,11,252.36363636363637,13.522372035058986,200.0,147.36363636363637,15.509090909090908,42,16.220879283084294,13.522372035058986,own_history,200.0,0.2638888888888889,22.3,274.7,74.7,74.7,0.0,Low,Moderate
BB_0123,O_pos,platelet_concentrate,6,247.66666666666666,12.452576707921404,201.5,160.0,19.830000000000002,5,15.814220480272407,12.452576707921404,own_history,201.5,0.2638888888888889,20.5,268.2,66.7,66.7,0.0,Low,High
BB_0123,O_pos,whole_blood,3,258.0,14.52583904633395,197.0,139.33333333333334,17.743333333333332,42,15.320728507460478,15.320728507460478,pooled_blood_group_product,197.0,0.2638888888888889,25.3,283.3,86.3,86.3,0.0,Low,Moderate
BB_0124,AB_neg,cryoprecipitate,1,240.0,,190.0,132.0,21.58,365,13.13504517558679,13.13504517558679,pooled_blood_group_product,190.0,0.2153846153846154,21.7,261.7,71.7,71.7,0.0,Low,Moderate
BB_0124,AB_pos,fresh_frozen_plasma,2,243.0,16.97056274847714,198.0,142.0,20.25,365,15.529870914464443,15.529870914464443,pooled_blood_group_product,198.0,0.2153846153846154,25.6,268.6,70.6,70.6,0.0,Low,Moderate
BB_0124,AB_pos,whole_blood,2,260.0,29.698484809834994,191.5,124.0,16.02,42,13.606168437472475,13.606168437472475,pooled_blood_group_product,191.5,0.2153846153846154,22.5,282.5,91.0,91.0,0.0,Low,Moderate
BB_0124,A_neg,cryoprecipitate,1,251.0,,198.0,173.0,10.61,365,14.243844171226868,14.243844171226868,pooled_blood_group_product,198.0,0.2153846153846154,23.5,274.5,76.5,76.5,0.0,Low,Low
BB_0124,A_pos,cryoprecipitate,1,264.0,,219.0,181.0,18.26,365,15.986014398875405,15.986014398875405,pooled_blood_group_product,219.0,0.2153846153846154,26.4,290.4,71.4,71.4,0.0,Low,Moderate
BB_0124,A_pos,fresh_frozen_plasma,1,256.0,,199.0,186.0,13.57,365,15.175972252331889,15.175972252331889,pooled_blood_group_product,199.0,0.2153846153846154,25.0,281.0,82.0,82.0,0.0,Low,Low
BB_0124,A_pos,group_O_neg_emergency,1,265.0,,208.0,162.0,21.63,42,16.934146373239873,16.934146373239873,pooled_blood_group_product,208.0,0.2153846153846154,27.9,292.9,84.9,84.9,0.0,Low,High
BB_0124,A_pos,packed_RBC,2,261.0,18.384776310850235,183.0,155.0,18.490000000000002,42,15.974157533973031,15.974157533973031,pooled_blood_group_product,183.0,0.2153846153846154,26.4,287.4,104.4,104.4,0.0,Low,Moderate
BB_0124,A_pos,platelet_concentrate,1,259.0,,205.0,137.0,11.22,5,15.570295650182972,15.570295650182972,pooled_blood_group_product,205.0,0.2153846153846154,25.7,284.7,79.7,79.7,0.0,Low,Low
BB_0124,A_pos,whole_blood,1,250.0,,219.0,162.0,21.46,42,16.26859652330014,16.26859652330014,pooled_blood_group_product,219.0,0.2153846153846154,26.8,276.8,57.8,57.8,0.0,Low,High
BB_0124,B_neg,whole_blood,1,250.0,,186.0,132.0,12.37,42,14.346963359011946,14.346963359011946,pooled_blood_group_product,186.0,0.2153846153846154,23.7,273.7,87.7,87.7,0.0,Low,Low
BB_0124,B_pos,cryoprecipitate,2,254.0,1.4142135623730951,217.5,134.5,19.64,365,15.142364873820988,15.142364873820988,pooled_blood_group_product,217.5,0.2153846153846154,25.0,279.0,61.5,61.5,0.0,Low,Moderate
BB_0124,B_pos,fresh_frozen_plasma,2,259.0,0.0,206.5,149.0,20.805,365,15.753623140581702,15.753623140581702,pooled_blood_group_product,206.5,0.2153846153846154,26.0,285.0,78.5,78.5,0.0,Low,Moderate
BB_0124,B_pos,group_O_neg_emergency,2,260.5,14.849242404917497,194.0,143.0,13.41,42,15.327786820822924,15.327786820822924,pooled_blood_group_product,194.0,0.2153846153846154,25.3,285.8,91.8,91.8,0.0,Low,Low
BB_0124,B_pos,packed_RBC,1,271.0,,210.0,156.0,24.29,42,15.425681398117081,15.425681398117081,pooled_blood_group_product,210.0,0.2153846153846154,25.5,296.5,86.5,86.5,0.0,Low,High
BB_0124,B_pos,platelet_concentrate,2,253.0,11.313708498984761,197.0,135.0,16.23,5,15.918915219368015,15.918915219368015,pooled_blood_group_product,197.0,0.2153846153846154,26.3,279.3,82.3,82.3,0.0,Low,Moderate
BB_0124,B_pos,whole_blood,5,231.4,18.729655629509047,200.0,143.8,19.302,42,15.616055501636811,18.729655629509047,own_history,200.0,0.2153846153846154,30.9,262.3,62.3,62.3,0.0,Low,High
BB_0124,O_neg,whole_blood,2,238.0,1.4142135623730951,204.5,136.5,13.219999999999999,42,15.177301566829424,15.177301566829424,pooled_blood_group_product,204.5,0.2153846153846154,25.0,263.0,58.5,58.5,0.0,Low,Low
BB_0124,O_pos,cryoprecipitate,9,252.66666666666666,7.681145747868609,197.11111111111111,141.22222222222223,17.89,365,15.956259435791292,7.681145747868609,own_history,197.11111111111111,0.2153846153846154,12.7,265.4,68.3,68.3,0.0,Low,Moderate
BB_0124,O_pos,fresh_frozen_plasma,9,239.33333333333334,13.21930406640229,205.88888888888889,137.0,17.502222222222223,365,16.129072159319048,13.21930406640229,own_history,205.88888888888889,0.2153846153846154,21.8,261.1,55.2,55.2,0.0,Low,Moderate
BB_0124,O_pos,group_O_neg_emergency,4,235.75,24.797513316190933,196.75,147.75,22.8225,42,15.59947653940603,15.59947653940603,pooled_blood_group_product,196.75,0.2153846153846154,25.7,261.4,64.6,64.6,0.0,Low,High
BB_0124,O_pos,packed_RBC,4,239.0,14.628738838327793,201.0,150.25,15.95,42,16.220879283084294,16.220879283084294,pooled_blood_group_product,201.0,0.2153846153846154,26.8,265.8,64.8,64.8,0.0,Low,Moderate
BB_0124,O_pos,platelet_concentrate,6,257.0,14.791889669680478,197.16666666666666,148.0,18.381666666666668,5,15.814220480272407,14.791889669680478,own_history,197.16666666666666,0.2153846153846154,24.4,281.4,84.2,84.2,0.0,Low,Moderate
BB_0124,O_pos,whole_blood,3,244.66666666666666,14.22439219556791,201.33333333333334,153.33333333333334,16.286666666666665,42,15.320728507460478,15.320728507460478,pooled_blood_group_product,201.33333333333334,0.2153846153846154,25.3,270.0,68.7,68.7,0.0,Low,Moderate
BB_0125,AB_pos,packed_RBC,3,251.66666666666666,7.0945988845975885,197.66666666666666,131.33333333333334,11.896666666666667,42,17.421402900877148,17.421402900877148,pooled_blood_group_product,197.66666666666666,0.2948717948717949,28.7,280.4,82.7,82.7,0.0,Low,Low
BB_0125,AB_pos,whole_blood,3,255.66666666666666,10.066445913694336,216.66666666666666,152.33333333333334,15.15,42,13.606168437472475,13.606168437472475,pooled_blood_group_product,216.66666666666666,0.2948717948717949,22.5,278.2,61.5,61.5,0.0,Low,Moderate
BB_0125,A_neg,whole_blood,1,252.0,,192.0,170.0,18.75,42,16.829684030913054,16.829684030913054,pooled_blood_group_product,192.0,0.2948717948717949,27.8,279.8,87.8,87.8,0.0,Low,Moderate
BB_0125,A_pos,cryoprecipitate,1,234.0,,180.0,163.0,12.78,365,15.986014398875405,15.986014398875405,pooled_blood_group_product,180.0,0.2948717948717949,26.4,260.4,80.4,80.4,0.0,Low,Low
BB_0125,A_pos,fresh_frozen_plasma,1,272.0,,207.0,144.0,9.66,365,15.175972252331889,15.175972252331889,pooled_blood_group_product,207.0,0.2948717948717949,25.0,297.0,90.0,90.0,0.0,Low,Low
BB_0125,A_pos,group_O_neg_emergency,3,247.0,10.535653752852738,195.33333333333334,124.33333333333333,17.973333333333333,42,16.934146373239873,16.934146373239873,pooled_blood_group_product,195.33333333333334,0.2948717948717949,27.9,274.9,79.6,79.6,0.0,Low,Moderate
BB_0125,A_pos,packed_RBC,1,259.0,,185.0,131.0,26.49,42,15.974157533973031,15.974157533973031,pooled_blood_group_product,185.0,0.2948717948717949,26.4,285.4,100.4,100.4,0.0,Low,High
BB_0125,A_pos,platelet_concentrate,1,221.0,,213.0,149.0,19.25,5,15.570295650182972,15.570295650182972,pooled_blood_group_product,213.0,0.2948717948717949,25.7,246.7,33.7,33.7,0.0,Low,High
BB_0125,A_pos,whole_blood,2,242.5,9.192388155425117,220.0,138.0,17.645,42,16.26859652330014,16.26859652330014,pooled_blood_group_product,220.0,0.2948717948717949,26.8,269.3,49.3,49.3,0.0,Low,Moderate
BB_0125,B_neg,cryoprecipitate,1,248.0,,209.0,130.0,5.74,365,14.855008056807502,14.855008056807502,pooled_blood_group_product,209.0,0.2948717948717949,24.5,272.5,63.5,63.5,0.0,Low,Low
BB_0125,B_pos,cryoprecipitate,2,254.5,30.405591591021544,187.5,137.0,29.445,365,15.142364873820988,15.142364873820988,pooled_blood_group_product,187.5,0.2948717948717949,25.0,279.5,92.0,92.0,0.0,Low,Moderate
BB_0125,B_pos,fresh_frozen_plasma,3,266.6666666666667,4.509249752822893,191.33333333333334,150.0,12.073333333333332,365,15.753623140581702,15.753623140581702,pooled_blood_group_product,191.33333333333334,0.2948717948717949,26.0,292.7,101.4,101.4,0.0,Low,Low
BB_0125,B_pos,group_O_neg_emergency,4,251.25,17.914147109663542,190.75,135.25,13.3075,42,15.327786820822924,15.327786820822924,pooled_blood_group_product,190.75,0.2948717948717949,25.3,276.6,85.9,85.9,0.0,Low,Low
BB_0125,B_pos,packed_RBC,2,258.5,10.606601717798213,191.0,144.0,18.56,42,15.425681398117081,15.425681398117081,pooled_blood_group_product,191.0,0.2948717948717949,25.5,284.0,93.0,93.0,0.0,Low,Moderate
BB_0125,B_pos,platelet_concentrate,5,259.0,13.490737563232042,202.6,169.8,20.766,5,15.918915219368015,13.490737563232042,own_history,202.6,0.2948717948717949,22.3,281.3,78.7,78.7,0.0,Low,High
BB_0125,O_neg,fresh_frozen_plasma,1,247.0,,230.0,171.0,13.04,365,14.714175377770642,14.714175377770642,pooled_blood_group_product,230.0,0.2948717948717949,24.3,271.3,41.3,41.3,0.0,Low,Low
BB_0125,O_neg,group_O_neg_emergency,1,235.0,,201.0,164.0,13.93,42,15.737583585569908,15.737583585569908,pooled_blood_group_product,201.0,0.2948717948717949,26.0,261.0,60.0,60.0,0.0,Low,Low
BB_0125,O_neg,platelet_concentrate,1,267.0,,194.0,170.0,6.19,5,16.930706830055033,16.930706830055033,pooled_blood_group_product,194.0,0.2948717948717949,27.9,294.9,100.9,100.9,0.0,Low,Low
BB_0125,O_neg,whole_blood,1,243.0,,205.0,109.0,4.39,42,15.177301566829424,15.177301566829424,pooled_blood_group_product,205.0,0.2948717948717949,25.0,268.0,63.0,63.0,0.0,Low,Low
BB_0125,O_pos,cryoprecipitate,9,258.55555555555554,24.09933147989333,208.77777777777777,143.33333333333334,16.405555555555555,365,15.956259435791292,24.09933147989333,own_history,208.77777777777777,0.2948717948717949,39.8,298.4,89.6,89.6,0.0,Low,Moderate
BB_0125,O_pos,fresh_frozen_plasma,5,253.0,12.144957801491122,190.4,136.0,12.962,365,16.129072159319048,12.144957801491122,own_history,190.4,0.2948717948717949,20.0,273.0,82.6,82.6,0.0,Low,Low
BB_0125,O_pos,group_O_neg_emergency,5,263.6,21.99545407578575,201.2,153.4,14.994,42,15.59947653940603,21.99545407578575,own_history,201.2,0.2948717948717949,36.3,299.9,98.7,98.7,0.0,Low,Moderate
BB_0125,O_pos,packed_RBC,8,239.75,21.93334057026947,207.5,147.875,19.58,42,16.220879283084294,21.93334057026947,own_history,207.5,0.2948717948717949,36.2,276.0,68.5,68.5,0.0,Low,High
BB_0125,O_pos,platelet_concentrate,8,248.375,12.489281118508897,190.75,153.75,19.06625,5,15.814220480272407,12.489281118508897,own_history,190.75,0.2948717948717949,20.6,269.0,78.2,78.2,0.0,Low,High
BB_0125,O_pos,whole_blood,6,253.0,13.696714934611146,208.66666666666666,148.16666666666666,15.271666666666667,42,15.320728507460478,13.696714934611146,own_history,208.66666666666666,0.2948717948717949,22.6,275.6,66.9,66.9,0.0,Low,Moderate
BB_0126,AB_neg,platelet_concentrate,1,251.0,,204.0,126.0,16.18,5,12.389960093200914,12.389960093200914,pooled_blood_group_product,204.0,0.2786885245901639,20.4,271.4,67.4,67.4,0.0,Low,Moderate
BB_0126,AB_pos,fresh_frozen_plasma,1,233.0,,166.0,112.0,17.47,365,15.529870914464443,15.529870914464443,pooled_blood_group_product,166.0,0.2786885245901639,25.6,258.6,92.6,92.6,0.0,Low,Moderate
BB_0126,AB_pos,platelet_concentrate,1,248.0,,177.0,126.0,7.91,5,14.27616380960629,14.27616380960629,pooled_blood_group_product,177.0,0.2786885245901639,23.6,271.6,94.6,94.6,0.0,Low,Low
BB_0126,A_neg,cryoprecipitate,1,264.0,,201.0,144.0,12.94,365,14.243844171226868,14.243844171226868,pooled_blood_group_product,201.0,0.2786885245901639,23.5,287.5,86.5,86.5,0.0,Low,Low
BB_0126,A_neg,fresh_frozen_plasma,1,253.0,,203.0,140.0,22.66,365,15.630530767171415,15.630530767171415,pooled_blood_group_product,203.0,0.2786885245901639,25.8,278.8,75.8,75.8,0.0,Low,Moderate
BB_0126,A_pos,cryoprecipitate,3,264.6666666666667,20.256686138984655,206.66666666666666,143.66666666666666,16.34,365,15.986014398875405,15.986014398875405,pooled_blood_group_product,206.66666666666666,0.2786885245901639,26.4,291.1,84.4,84.4,0.0,Low,Moderate
BB_0126,A_pos,fresh_frozen_plasma,3,252.0,10.14889156509222,191.0,135.0,16.353333333333335,365,15.175972252331889,15.175972252331889,pooled_blood_group_product,191.0,0.2786885245901639,25.0,277.0,86.0,86.0,0.0,Low,Moderate
BB_0126,A_pos,group_O_neg_emergency,2,263.5,24.748737341529164,194.0,150.0,18.3,42,16.934146373239873,16.934146373239873,pooled_blood_group_product,194.0,0.2786885245901639,27.9,291.4,97.4,97.4,0.0,Low,Moderate
BB_0126,A_pos,packed_RBC,3,257.6666666666667,5.507570547286101,194.0,133.66666666666666,10.643333333333333,42,15.974157533973031,15.974157533973031,pooled_blood_group_product,194.0,0.2786885245901639,26.4,284.1,90.1,90.1,0.0,Low,Low
BB_0126,A_pos,platelet_concentrate,2,247.5,9.192388155425117,215.5,143.5,22.58,5,15.570295650182972,15.570295650182972,pooled_blood_group_product,215.5,0.2786885245901639,25.7,273.2,57.7,57.7,0.0,Low,High
BB_0126,A_pos,whole_blood,3,268.3333333333333,21.079215671683162,197.66666666666666,140.66666666666666,13.906666666666666,42,16.26859652330014,16.26859652330014,pooled_blood_group_product,197.66666666666666,0.2786885245901639,26.8,295.1,97.4,97.4,0.0,Low,Low
BB_0126,B_pos,cryoprecipitate,2,254.0,1.4142135623730951,185.5,161.0,12.45,365,15.142364873820988,15.142364873820988,pooled_blood_group_product,185.5,0.2786885245901639,25.0,279.0,93.5,93.5,0.0,Low,Low
BB_0126,B_pos,fresh_frozen_plasma,3,256.0,7.0,187.66666666666666,150.0,14.4,365,15.753623140581702,15.753623140581702,pooled_blood_group_product,187.66666666666666,0.2786885245901639,26.0,282.0,94.3,94.3,0.0,Low,Moderate
BB_0126,B_pos,group_O_neg_emergency,1,227.0,,204.0,139.0,17.16,42,15.327786820822924,15.327786820822924,pooled_blood_group_product,204.0,0.2786885245901639,25.3,252.3,48.3,48.3,0.0,Low,Moderate
BB_0126,B_pos,packed_RBC,1,271.0,,182.0,137.0,22.53,42,15.425681398117081,15.425681398117081,pooled_blood_group_product,182.0,0.2786885245901639,25.5,296.5,114.5,114.5,0.0,Low,High
BB_0126,B_pos,platelet_concentrate,3,236.33333333333334,17.039170558842745,202.0,161.33333333333334,23.12,5,15.918915219368015,15.918915219368015,pooled_blood_group_product,202.0,0.2786885245901639,26.3,262.6,60.6,60.6,0.0,Low,High
BB_0126,B_pos,whole_blood,2,237.0,15.556349186104045,202.0,120.0,12.899999999999999,42,15.616055501636811,15.616055501636811,pooled_blood_group_product,202.0,0.2786885245901639,25.8,262.8,60.8,60.8,0.0,Low,Low
BB_0126,O_pos,cryoprecipitate,7,251.14285714285714,13.909571901255282,204.14285714285714,151.85714285714286,16.552857142857142,365,15.956259435791292,13.909571901255282,own_history,204.14285714285714,0.2786885245901639,23.0,274.1,70.0,70.0,0.0,Low,Moderate
BB_0126,O_pos,fresh_frozen_plasma,6,250.66666666666666,10.819735055289787,200.66666666666666,144.0,12.906666666666666,365,16.129072159319048,10.819735055289787,own_history,200.66666666666666,0.2786885245901639,17.9,268.6,67.9,67.9,0.0,Low,Low
BB_0126,O_pos,group_O_neg_emergency,1,237.0,,212.0,143.0,8.02,42,15.59947653940603,15.59947653940603,pooled_blood_group_product,212.0,0.2786885245901639,25.7,262.7,50.7,50.7,0.0,Low,Low
BB_0126,O_pos,packed_RBC,3,230.33333333333334,16.04161255402128,201.33333333333334,133.0,14.043333333333335,42,16.220879283084294,16.220879283084294,pooled_blood_group_product,201.33333333333334,0.2786885245901639,26.8,257.1,55.8,55.8,0.0,Low,Moderate
BB_0126,O_pos,platelet_concentrate,6,258.1666666666667,6.6156380392723,211.16666666666666,159.33333333333334,15.43,5,15.814220480272407,6.6156380392723,own_history,211.16666666666666,0.2786885245901639,10.9,269.1,57.9,57.9,0.0,Low,Moderate
BB_0126,O_pos,whole_blood,5,253.0,11.335784048754636,198.2,156.6,15.274000000000001,42,15.320728507460478,11.335784048754636,own_history,198.2,0.2786885245901639,18.7,271.7,73.5,73.5,0.0,Low,Moderate
BB_0127,AB_neg,whole_blood,1,257.0,,190.0,132.0,20.53,42,17.64053303608203,17.64053303608203,pooled_blood_group_product,190.0,0.2413793103448276,29.1,286.1,96.1,96.1,0.0,Low,High
BB_0127,AB_pos,fresh_frozen_plasma,2,246.5,19.091883092036785,183.5,109.0,14.225000000000001,365,15.529870914464443,15.529870914464443,pooled_blood_group_product,183.5,0.2413793103448276,25.6,272.1,88.6,88.6,0.0,Low,Moderate
BB_0127,AB_pos,group_O_neg_emergency,1,248.0,,216.0,175.0,25.0,42,16.01343479009551,16.01343479009551,pooled_blood_group_product,216.0,0.2413793103448276,26.4,274.4,58.4,58.4,0.0,Low,High
BB_0127,AB_pos,packed_RBC,2,256.0,35.35533905932738,193.0,156.5,12.834999999999999,42,17.421402900877148,17.421402900877148,pooled_blood_group_product,193.0,0.2413793103448276,28.7,284.7,91.7,91.7,0.0,Low,Low
BB_0127,A_pos,fresh_frozen_plasma,1,272.0,,179.0,154.0,5.59,365,15.175972252331889,15.175972252331889,pooled_blood_group_product,179.0,0.2413793103448276,25.0,297.0,118.0,118.0,0.0,Low,Low
BB_0127,A_pos,group_O_neg_emergency,2,252.5,14.849242404917497,189.5,118.5,11.985,42,16.934146373239873,16.934146373239873,pooled_blood_group_product,189.5,0.2413793103448276,27.9,280.4,90.9,90.9,0.0,Low,Low
BB_0127,A_pos,packed_RBC,2,248.5,4.949747468305833,193.5,164.5,11.17,42,15.974157533973031,15.974157533973031,pooled_blood_group_product,193.5,0.2413793103448276,26.4,274.9,81.4,81.4,0.0,Low,Low
BB_0127,A_pos,whole_blood,2,265.0,18.384776310850235,194.5,163.0,12.45,42,16.26859652330014,16.26859652330014,pooled_blood_group_product,194.5,0.2413793103448276,26.8,291.8,97.3,97.3,0.0,Low,Low
BB_0127,B_neg,group_O_neg_emergency,2,251.5,16.263455967290593,205.0,173.5,17.605,42,16.421857975114715,16.421857975114715,pooled_blood_group_product,205.0,0.2413793103448276,27.1,278.6,73.6,73.6,0.0,Low,Moderate
BB_0127,B_pos,cryoprecipitate,2,259.5,9.192388155425117,198.5,145.5,13.34,365,15.142364873820988,15.142364873820988,pooled_blood_group_product,198.5,0.2413793103448276,25.0,284.5,86.0,86.0,0.0,Low,Low
BB_0127,B_pos,fresh_frozen_plasma,1,237.0,,199.0,123.0,16.08,365,15.753623140581702,15.753623140581702,pooled_blood_group_product,199.0,0.2413793103448276,26.0,263.0,64.0,64.0,0.0,Low,Moderate
BB_0127,B_pos,group_O_neg_emergency,1,264.0,,186.0,121.0,26.34,42,15.327786820822924,15.327786820822924,pooled_blood_group_product,186.0,0.2413793103448276,25.3,289.3,103.3,103.3,0.0,Low,High
BB_0127,B_pos,packed_RBC,2,273.0,8.48528137423857,210.5,176.5,17.145,42,15.425681398117081,15.425681398117081,pooled_blood_group_product,210.5,0.2413793103448276,25.5,298.5,88.0,88.0,0.0,Low,Moderate
BB_0127,B_pos,platelet_concentrate,1,264.0,,190.0,164.0,12.11,5,15.918915219368015,15.918915219368015,pooled_blood_group_product,190.0,0.2413793103448276,26.3,290.3,100.3,100.3,0.0,Low,Low
BB_0127,B_pos,whole_blood,2,263.0,24.041630560342615,190.0,143.5,15.275,42,15.616055501636811,15.616055501636811,pooled_blood_group_product,190.0,0.2413793103448276,25.8,288.8,98.8,98.8,0.0,Low,Moderate
BB_0127,O_neg,fresh_frozen_plasma,1,256.0,,220.0,151.0,22.73,365,14.714175377770642,14.714175377770642,pooled_blood_group_product,220.0,0.2413793103448276,24.3,280.3,60.3,60.3,0.0,Low,Moderate
BB_0127,O_neg,group_O_neg_emergency,1,218.0,,212.0,123.0,15.09,42,15.737583585569908,15.737583585569908,pooled_blood_group_product,212.0,0.2413793103448276,26.0,244.0,32.0,32.0,0.0,Low,Moderate
BB_0127,O_pos,cryoprecipitate,9,253.0,16.78541033159452,201.33333333333334,140.77777777777777,14.277777777777779,365,15.956259435791292,16.78541033159452,own_history,201.33333333333334,0.2413793103448276,27.7,280.7,79.4,79.4,0.0,Low,Moderate
BB_0127,O_pos,fresh_frozen_plasma,6,244.33333333333334,24.735938766633996,206.66666666666666,146.66666666666666,20.163333333333334,365,16.129072159319048,24.735938766633996,own_history,206.66666666666666,0.2413793103448276,40.8,285.1,78.4,78.4,0.0,Low,Moderate
BB_0127,O_pos,group_O_neg_emergency,5,249.8,15.205262246998569,201.0,125.4,14.845999999999998,42,15.59947653940603,15.205262246998569,own_history,201.0,0.2413793103448276,25.1,274.9,73.9,73.9,0.0,Low,Moderate
BB_0127,O_pos,packed_RBC,6,252.83333333333334,5.269408568963564,214.16666666666666,143.16666666666666,18.221666666666668,42,16.220879283084294,5.269408568963564,own_history,214.16666666666666,0.2413793103448276,8.7,261.5,47.3,47.3,0.0,Low,Moderate
BB_0127,O_pos,platelet_concentrate,3,270.3333333333333,4.509249752822901,194.66666666666666,147.0,11.926666666666668,5,15.814220480272407,15.814220480272407,pooled_blood_group_product,194.66666666666666,0.2413793103448276,26.1,296.4,101.7,101.7,0.0,Low,Low
BB_0127,O_pos,whole_blood,3,255.33333333333334,18.17507450695411,202.0,150.0,14.81,42,15.320728507460478,15.320728507460478,pooled_blood_group_product,202.0,0.2413793103448276,25.3,280.6,78.6,78.6,0.0,Low,Moderate
BB_0128,AB_pos,cryoprecipitate,1,248.0,,206.0,163.0,11.17,365,16.64565006228281,16.64565006228281,pooled_blood_group_product,206.0,0.29411764705882354,27.5,275.5,69.5,69.5,0.0,Low,Low
BB_0128,AB_pos,group_O_neg_emergency,1,246.0,,205.0,142.0,18.54,42,16.01343479009551,16.01343479009551,pooled_blood_group_product,205.0,0.29411764705882354,26.4,272.4,67.4,67.4,0.0,Low,Moderate
BB_0128,AB_pos,whole_blood,1,254.0,,191.0,153.0,12.04,42,13.606168437472475,13.606168437472475,pooled_blood_group_product,191.0,0.29411764705882354,22.5,276.5,85.5,85.5,0.0,Low,Low
BB_0128,A_neg,cryoprecipitate,1,247.0,,216.0,120.0,15.74,365,14.243844171226868,14.243844171226868,pooled_blood_group_product,216.0,0.29411764705882354,23.5,270.5,54.5,54.5,0.0,Low,Moderate
BB_0128,A_neg,packed_RBC,1,243.0,,208.0,144.0,23.08,42,14.982321915176227,14.982321915176227,pooled_blood_group_product,208.0,0.29411764705882354,24.7,267.7,59.7,59.7,0.0,Low,High
BB_0128,A_neg,platelet_concentrate,1,253.0,,218.0,174.0,14.68,5,15.26163614252437,15.26163614252437,pooled_blood_group_product,218.0,0.29411764705882354,25.2,278.2,60.2,60.2,0.0,Low,Moderate
BB_0128,A_pos,cryoprecipitate,3,254.66666666666666,4.725815626252612,196.66666666666666,110.33333333333333,13.069999999999999,365,15.986014398875405,15.986014398875405,pooled_blood_group_product,196.66666666666666,0.29411764705882354,26.4,281.1,84.4,84.4,0.0,Low,Low
BB_0128,A_pos,fresh_frozen_plasma,1,221.0,,198.0,135.0,17.17,365,15.175972252331889,15.175972252331889,pooled_blood_group_product,198.0,0.29411764705882354,25.0,246.0,48.0,48.0,0.0,Low,Moderate
BB_0128,A_pos,group_O_neg_emergency,3,246.0,10.816653826391969,213.33333333333334,157.66666666666666,22.546666666666667,42,16.934146373239873,16.934146373239873,pooled_blood_group_product,213.33333333333334,0.29411764705882354,27.9,273.9,60.6,60.6,0.0,Low,High
BB_0128,A_pos,packed_RBC,4,251.0,12.192894105447921,214.25,160.75,11.585,42,15.974157533973031,15.974157533973031,pooled_blood_group_product,214.25,0.29411764705882354,26.4,277.4,63.1,63.1,0.0,Low,Low
BB_0128,A_pos,platelet_concentrate,2,250.0,22.627416997969522,194.5,151.0,14.905,5,15.570295650182972,15.570295650182972,pooled_blood_group_product,194.5,0.29411764705882354,25.7,275.7,81.2,81.2,0.0,Low,Moderate
BB_0128,B_neg,cryoprecipitate,1,240.0,,193.0,143.0,23.83,365,14.855008056807502,14.855008056807502,pooled_blood_group_product,193.0,0.29411764705882354,24.5,264.5,71.5,71.5,0.0,Low,Moderate
BB_0128,B_neg,whole_blood,1,247.0,,215.0,132.0,21.86,42,14.346963359011946,14.346963359011946,pooled_blood_group_product,215.0,0.29411764705882354,23.7,270.7,55.7,55.7,0.0,Low,High
BB_0128,B_pos,cryoprecipitate,4,249.25,4.856267428111157,191.5,144.25,13.842500000000001,365,15.142364873820988,15.142364873820988,pooled_blood_group_product,191.5,0.29411764705882354,25.0,274.2,82.7,82.7,0.0,Low,Low
BB_0128,B_pos,fresh_frozen_plasma,2,245.5,0.7071067811865476,196.5,141.0,20.130000000000003,365,15.753623140581702,15.753623140581702,pooled_blood_group_product,196.5,0.29411764705882354,26.0,271.5,75.0,75.0,0.0,Low,Moderate
BB_0128,B_pos,group_O_neg_emergency,2,245.5,0.7071067811865476,180.5,119.5,17.82,42,15.327786820822924,15.327786820822924,pooled_blood_group_product,180.5,0.29411764705882354,25.3,270.8,90.3,90.3,0.0,Low,Moderate
BB_0128,B_pos,packed_RBC,1,247.0,,217.0,178.0,3.69,42,15.425681398117081,15.425681398117081,pooled_blood_group_product,217.0,0.29411764705882354,25.5,272.5,55.5,55.5,0.0,Low,Low
BB_0128,B_pos,platelet_concentrate,1,243.0,,193.0,145.0,19.17,5,15.918915219368015,15.918915219368015,pooled_blood_group_product,193.0,0.29411764705882354,26.3,269.3,76.3,76.3,0.0,Low,High
BB_0128,B_pos,whole_blood,5,260.6,10.261578825892245,201.6,137.0,16.988,42,15.616055501636811,10.261578825892245,own_history,201.6,0.29411764705882354,16.9,277.5,75.9,75.9,0.0,Low,Moderate
BB_0128,O_neg,packed_RBC,2,254.5,13.435028842544403,189.0,133.5,12.18,42,16.675768019539497,16.675768019539497,pooled_blood_group_product,189.0,0.29411764705882354,27.5,282.0,93.0,93.0,0.0,Low,Low
BB_0128,O_pos,cryoprecipitate,6,251.33333333333334,9.647106647418525,196.5,141.0,17.603333333333335,365,15.956259435791292,9.647106647418525,own_history,196.5,0.29411764705882354,15.9,267.2,70.7,70.7,0.0,Low,Moderate
BB_0128,O_pos,fresh_frozen_plasma,11,258.54545454545456,15.055654328946561,199.36363636363637,142.45454545454547,14.957272727272727,365,16.129072159319048,15.055654328946561,own_history,199.36363636363637,0.29411764705882354,24.8,283.3,83.9,83.9,0.0,Low,Moderate
BB_0128,O_pos,group_O_neg_emergency,2,239.5,17.67766952966369,187.5,128.0,15.05,42,15.59947653940603,15.59947653940603,pooled_blood_group_product,187.5,0.29411764705882354,25.7,265.2,77.7,77.7,0.0,Low,Moderate
BB_0128,O_pos,platelet_concentrate,8,243.875,21.08105107165471,207.0,149.75,13.9475,5,15.814220480272407,21.08105107165471,own_history,207.0,0.29411764705882354,34.8,278.7,71.7,71.7,0.0,Low,Low
BB_0128,O_pos,whole_blood,3,236.0,8.0,204.33333333333334,142.33333333333334,14.763333333333334,42,15.320728507460478,15.320728507460478,pooled_blood_group_product,204.33333333333334,0.29411764705882354,25.3,261.3,57.0,57.0,0.0,Low,Moderate
BB_0129,AB_neg,packed_RBC,1,262.0,,181.0,181.0,12.71,42,13.932332543759145,13.932332543759145,pooled_blood_group_product,181.0,0.28169014084507044,23.0,285.0,104.0,104.0,0.0,Low,Low
BB_0129,AB_pos,group_O_neg_emergency,1,255.0,,192.0,128.0,35.42,42,16.01343479009551,16.01343479009551,pooled_blood_group_product,192.0,0.28169014084507044,26.4,281.4,89.4,89.4,0.0,Low,High
BB_0129,AB_pos,whole_blood,2,250.0,15.556349186104045,204.5,146.5,18.625,42,13.606168437472475,13.606168437472475,pooled_blood_group_product,204.5,0.28169014084507044,22.5,272.5,68.0,68.0,0.0,Low,Moderate
BB_0129,A_pos,cryoprecipitate,1,246.0,,219.0,149.0,12.33,365,15.986014398875405,15.986014398875405,pooled_blood_group_product,219.0,0.28169014084507044,26.4,272.4,53.4,53.4,0.0,Low,Low
BB_0129,A_pos,group_O_neg_emergency,3,237.66666666666666,9.609023536933053,195.33333333333334,146.0,17.963333333333335,42,16.934146373239873,16.934146373239873,pooled_blood_group_product,195.33333333333334,0.28169014084507044,27.9,265.6,70.3,70.3,0.0,Low,Moderate
BB_0129,A_pos,packed_RBC,5,247.4,19.982492337043446,201.0,137.2,16.148000000000003,42,15.974157533973031,19.982492337043446,own_history,201.0,0.28169014084507044,33.0,280.4,79.4,79.4,0.0,Low,Moderate
BB_0129,A_pos,platelet_concentrate,6,258.0,30.809089567853185,196.66666666666666,141.0,19.485000000000003,5,15.570295650182972,30.809089567853185,own_history,196.66666666666666,0.28169014084507044,50.8,308.8,112.1,112.1,0.0,Low,High
BB_0129,A_pos,whole_blood,6,252.16666666666666,24.67724998184901,198.66666666666666,140.5,19.516666666666666,42,16.26859652330014,24.67724998184901,own_history,198.66666666666666,0.28169014084507044,40.7,292.9,94.2,94.2,0.0,Low,High
BB_0129,B_neg,fresh_frozen_plasma,1,200.0,,189.0,144.0,14.81,365,18.483089984756752,18.483089984756752,pooled_blood_group_product,189.0,0.28169014084507044,30.5,230.5,41.5,41.5,0.0,Low,Moderate
BB_0129,B_pos,fresh_frozen_plasma,3,252.33333333333334,5.131601439446885,193.0,133.33333333333334,13.13,365,15.753623140581702,15.753623140581702,pooled_blood_group_product,193.0,0.28169014084507044,26.0,278.3,85.3,85.3,0.0,Low,Low
BB_0129,B_pos,group_O_neg_emergency,2,256.0,8.48528137423857,189.0,126.0,19.740000000000002,42,15.327786820822924,15.327786820822924,pooled_blood_group_product,189.0,0.28169014084507044,25.3,281.3,92.3,92.3,0.0,Low,High
BB_0129,B_pos,packed_RBC,4,241.25,10.500000000000004,204.75,134.0,17.5475,42,15.425681398117081,15.425681398117081,pooled_blood_group_product,204.75,0.28169014084507044,25.5,266.8,62.1,62.1,0.0,Low,Moderate
BB_0129,B_pos,platelet_concentrate,1,250.0,,165.0,150.0,4.85,5,15.918915219368015,15.918915219368015,pooled_blood_group_product,165.0,0.28169014084507044,26.3,276.3,111.3,111.3,0.0,Low,Low
BB_0129,B_pos,whole_blood,1,235.0,,194.0,159.0,17.01,42,15.616055501636811,15.616055501636811,pooled_blood_group_product,194.0,0.28169014084507044,25.8,260.8,66.8,66.8,0.0,Low,Moderate
BB_0129,O_neg,cryoprecipitate,1,224.0,,207.0,166.0,20.29,365,16.832005704612282,16.832005704612282,pooled_blood_group_product,207.0,0.28169014084507044,27.8,251.8,44.8,44.8,0.0,Low,Moderate
BB_0129,O_neg,fresh_frozen_plasma,1,250.0,,196.0,143.0,10.2,365,14.714175377770642,14.714175377770642,pooled_blood_group_product,196.0,0.28169014084507044,24.3,274.3,78.3,78.3,0.0,Low,Low
BB_0129,O_neg,packed_RBC,2,249.0,4.242640687119285,192.0,159.0,14.059999999999999,42,16.675768019539497,16.675768019539497,pooled_blood_group_product,192.0,0.28169014084507044,27.5,276.5,84.5,84.5,0.0,Low,Moderate
BB_0129,O_pos,cryoprecipitate,5,245.8,20.92128103152386,220.0,145.8,14.202000000000002,365,15.956259435791292,20.92128103152386,own_history,220.0,0.28169014084507044,34.5,280.3,60.3,60.3,0.0,Low,Moderate
BB_0129,O_pos,fresh_frozen_plasma,4,258.25,33.1800642956982,185.75,124.5,14.195,365,16.129072159319048,16.129072159319048,pooled_blood_group_product,185.75,0.28169014084507044,26.6,284.8,99.1,99.1,0.0,Low,Moderate
BB_0129,O_pos,group_O_neg_emergency,6,255.5,19.42935922772545,201.0,157.83333333333334,13.401666666666666,42,15.59947653940603,19.42935922772545,own_history,201.0,0.28169014084507044,32.1,287.6,86.6,86.6,0.0,Low,Low
BB_0129,O_pos,packed_RBC,5,245.0,16.718253497300488,197.4,142.2,16.1,42,16.220879283084294,16.718253497300488,own_history,197.4,0.28169014084507044,27.6,272.6,75.2,75.2,0.0,Low,Moderate
BB_0129,O_pos,platelet_concentrate,6,258.5,13.794926603646717,205.16666666666666,165.66666666666666,15.041666666666666,5,15.814220480272407,13.794926603646717,own_history,205.16666666666666,0.28169014084507044,22.8,281.3,76.1,76.1,0.0,Low,Moderate
BB_0129,O_pos,whole_blood,4,250.75,9.60468635614927,199.75,142.25,14.76,42,15.320728507460478,15.320728507460478,pooled_blood_group_product,199.75,0.28169014084507044,25.3,276.0,76.2,76.2,0.0,Low,Moderate
BB_0130,AB_neg,group_O_neg_emergency,1,237.0,,217.0,136.0,22.12,42,14.768157012249755,14.768157012249755,pooled_blood_group_product,217.0,0.2727272727272727,24.4,261.4,44.4,44.4,0.0,Low,High
BB_0130,AB_pos,cryoprecipitate,1,236.0,,228.0,161.0,14.91,365,16.64565006228281,16.64565006228281,pooled_blood_group_product,228.0,0.2727272727272727,27.5,263.5,35.5,35.5,0.0,Low,Moderate
BB_0130,AB_pos,group_O_neg_emergency,1,260.0,,183.0,156.0,20.77,42,16.01343479009551,16.01343479009551,pooled_blood_group_product,183.0,0.2727272727272727,26.4,286.4,103.4,103.4,0.0,Low,High
BB_0130,AB_pos,whole_blood,1,243.0,,217.0,119.0,12.9,42,13.606168437472475,13.606168437472475,pooled_blood_group_product,217.0,0.2727272727272727,22.5,265.5,48.5,48.5,0.0,Low,Low
BB_0130,A_neg,cryoprecipitate,2,256.0,21.213203435596427,178.0,114.0,18.244999999999997,365,14.243844171226868,14.243844171226868,pooled_blood_group_product,178.0,0.2727272727272727,23.5,279.5,101.5,101.5,0.0,Low,Moderate
BB_0130,A_neg,fresh_frozen_plasma,1,255.0,,185.0,136.0,12.97,365,15.630530767171415,15.630530767171415,pooled_blood_group_product,185.0,0.2727272727272727,25.8,280.8,95.8,95.8,0.0,Low,Low
BB_0130,A_neg,group_O_neg_emergency,1,269.0,,170.0,137.0,18.24,42,15.275919791953486,15.275919791953486,pooled_blood_group_product,170.0,0.2727272727272727,25.2,294.2,124.2,124.2,0.0,Low,Moderate
BB_0130,A_pos,cryoprecipitate,2,255.0,2.8284271247461903,182.5,134.0,16.705000000000002,365,15.986014398875405,15.986014398875405,pooled_blood_group_product,182.5,0.2727272727272727,26.4,281.4,98.9,98.9,0.0,Low,Moderate
BB_0130,A_pos,fresh_frozen_plasma,4,246.5,15.673757260678329,203.0,129.0,18.035,365,15.175972252331889,15.175972252331889,pooled_blood_group_product,203.0,0.2727272727272727,25.0,271.5,68.5,68.5,0.0,Low,Moderate
BB_0130,A_pos,group_O_neg_emergency,3,257.3333333333333,14.153915830374768,194.66666666666666,124.66666666666667,12.023333333333333,42,16.934146373239873,16.934146373239873,pooled_blood_group_product,194.66666666666666,0.2727272727272727,27.9,285.2,90.5,90.5,0.0,Low,Low
BB_0130,A_pos,packed_RBC,2,260.0,2.8284271247461903,209.5,108.5,17.42,42,15.974157533973031,15.974157533973031,pooled_blood_group_product,209.5,0.2727272727272727,26.4,286.4,76.9,76.9,0.0,Low,Moderate
BB_0130,A_pos,whole_blood,1,259.0,,200.0,155.0,15.5,42,16.26859652330014,16.26859652330014,pooled_blood_group_product,200.0,0.2727272727272727,26.8,285.8,85.8,85.8,0.0,Low,Moderate
BB_0130,B_neg,whole_blood,1,222.0,,177.0,149.0,15.25,42,14.346963359011946,14.346963359011946,pooled_blood_group_product,177.0,0.2727272727272727,23.7,245.7,68.7,68.7,0.0,Low,Moderate
BB_0130,B_pos,cryoprecipitate,2,252.0,29.698484809834994,213.5,165.5,14.205000000000002,365,15.142364873820988,15.142364873820988,pooled_blood_group_product,213.5,0.2727272727272727,25.0,277.0,63.5,63.5,0.0,Low,Moderate
BB_0130,B_pos,fresh_frozen_plasma,1,224.0,,196.0,154.0,6.63,365,15.753623140581702,15.753623140581702,pooled_blood_group_product,196.0,0.2727272727272727,26.0,250.0,54.0,54.0,0.0,Low,Low
BB_0130,B_pos,group_O_neg_emergency,2,245.5,13.435028842544403,207.0,155.0,20.119999999999997,42,15.327786820822924,15.327786820822924,pooled_blood_group_product,207.0,0.2727272727272727,25.3,270.8,63.8,63.8,0.0,Low,High
BB_0130,B_pos,packed_RBC,2,253.0,4.242640687119285,198.5,123.5,11.27,42,15.425681398117081,15.425681398117081,pooled_blood_group_product,198.5,0.2727272727272727,25.5,278.5,80.0,80.0,0.0,Low,Low
BB_0130,B_pos,platelet_concentrate,6,247.83333333333334,11.16094380716374,206.5,139.16666666666666,13.858333333333334,5,15.918915219368015,11.16094380716374,own_history,206.5,0.2727272727272727,18.4,266.2,59.7,59.7,0.0,Low,Low
BB_0130,B_pos,whole_blood,1,268.0,,198.0,134.0,10.1,42,15.616055501636811,15.616055501636811,pooled_blood_group_product,198.0,0.2727272727272727,25.8,293.8,95.8,95.8,0.0,Low,Low
BB_0130,O_neg,fresh_frozen_plasma,1,255.0,,205.0,171.0,14.15,365,14.714175377770642,14.714175377770642,pooled_blood_group_product,205.0,0.2727272727272727,24.3,279.3,74.3,74.3,0.0,Low,Moderate
BB_0130,O_neg,platelet_concentrate,1,256.0,,203.0,130.0,23.15,5,16.930706830055033,16.930706830055033,pooled_blood_group_product,203.0,0.2727272727272727,27.9,283.9,80.9,80.9,0.0,Low,High
BB_0130,O_pos,cryoprecipitate,2,260.5,21.920310216782973,209.0,146.0,15.945,365,15.956259435791292,15.956259435791292,pooled_blood_group_product,209.0,0.2727272727272727,26.3,286.8,77.8,77.8,0.0,Low,Moderate
BB_0130,O_pos,fresh_frozen_plasma,11,250.8181818181818,19.2811731065212,200.54545454545453,142.45454545454547,13.15,365,16.129072159319048,19.2811731065212,own_history,200.54545454545453,0.2727272727272727,31.8,282.6,82.1,82.1,0.0,Low,Low
BB_0130,O_pos,group_O_neg_emergency,5,251.4,17.700282483621553,206.8,129.4,18.764,42,15.59947653940603,17.700282483621553,own_history,206.8,0.2727272727272727,29.2,280.6,73.8,73.8,0.0,Low,Moderate
BB_0130,O_pos,packed_RBC,3,242.33333333333334,16.258331197676267,203.33333333333334,125.0,11.713333333333333,42,16.220879283084294,16.220879283084294,pooled_blood_group_product,203.33333333333334,0.2727272727272727,26.8,269.1,65.8,65.8,0.0,Low,Low
BB_0130,O_pos,platelet_concentrate,5,245.6,11.193748255164579,189.8,142.4,17.532,5,15.814220480272407,11.193748255164579,own_history,189.8,0.2727272727272727,18.5,264.1,74.3,74.3,0.0,Low,Moderate
BB_0130,O_pos,whole_blood,3,241.66666666666666,8.386497083606086,188.33333333333334,129.66666666666666,16.323333333333334,42,15.320728507460478,15.320728507460478,pooled_blood_group_product,188.33333333333334,0.2727272727272727,25.3,267.0,78.7,78.7,0.0,Low,Moderate
BB_0131,AB_pos,cryoprecipitate,1,255.0,,195.0,158.0,12.31,365,16.64565006228281,16.64565006228281,pooled_blood_group_product,195.0,0.24615384615384617,27.5,282.5,87.5,87.5,0.0,Low,Low
BB_0131,AB_pos,fresh_frozen_plasma,1,261.0,,203.0,123.0,17.24,365,15.529870914464443,15.529870914464443,pooled_blood_group_product,203.0,0.24615384615384617,25.6,286.6,83.6,83.6,0.0,Low,Moderate
BB_0131,AB_pos,packed_RBC,1,244.0,,181.0,118.0,23.76,42,17.421402900877148,17.421402900877148,pooled_blood_group_product,181.0,0.24615384615384617,28.7,272.7,91.7,91.7,0.0,Low,High
BB_0131,A_neg,fresh_frozen_plasma,1,230.0,,181.0,160.0,16.57,365,15.630530767171415,15.630530767171415,pooled_blood_group_product,181.0,0.24615384615384617,25.8,255.8,74.8,74.8,0.0,Low,Moderate
BB_0131,A_neg,group_O_neg_emergency,1,256.0,,187.0,143.0,13.9,42,15.275919791953486,15.275919791953486,pooled_blood_group_product,187.0,0.24615384615384617,25.2,281.2,94.2,94.2,0.0,Low,Low
BB_0131,A_pos,cryoprecipitate,4,253.5,20.744477176668813,199.25,156.5,14.06,365,15.986014398875405,15.986014398875405,pooled_blood_group_product,199.25,0.24615384615384617,26.4,279.9,80.6,80.6,0.0,Low,Moderate
BB_0131,A_pos,fresh_frozen_plasma,2,247.5,0.7071067811865476,191.0,138.0,15.915,365,15.175972252331889,15.175972252331889,pooled_blood_group_product,191.0,0.24615384615384617,25.0,272.5,81.5,81.5,0.0,Low,Moderate
BB_0131,A_pos,group_O_neg_emergency,6,240.33333333333334,20.617144968852177,194.5,140.16666666666666,14.485,42,16.934146373239873,20.617144968852177,own_history,194.5,0.24615384615384617,34.0,274.3,79.8,79.8,0.0,Low,Moderate
BB_0131,A_pos,packed_RBC,2,249.0,18.384776310850235,208.0,154.5,18.86,42,15.974157533973031,15.974157533973031,pooled_blood_group_product,208.0,0.24615384615384617,26.4,275.4,67.4,67.4,0.0,Low,Moderate
BB_0131,A_pos,platelet_concentrate,6,251.0,7.823042886243178,189.33333333333334,156.0,16.418333333333333,5,15.570295650182972,7.823042886243178,own_history,189.33333333333334,0.24615384615384617,12.9,263.9,74.6,74.6,0.0,Low,Moderate
BB_0131,A_pos,whole_blood,1,245.0,,200.0,138.0,12.0,42,16.26859652330014,16.26859652330014,pooled_blood_group_product,200.0,0.24615384615384617,26.8,271.8,71.8,71.8,0.0,Low,Low
BB_0131,B_neg,cryoprecipitate,1,261.0,,190.0,148.0,10.53,365,14.855008056807502,14.855008056807502,pooled_blood_group_product,190.0,0.24615384615384617,24.5,285.5,95.5,95.5,0.0,Low,Low
BB_0131,B_neg,fresh_frozen_plasma,1,238.0,,212.0,139.0,17.45,365,18.483089984756752,18.483089984756752,pooled_blood_group_product,212.0,0.24615384615384617,30.5,268.5,56.5,56.5,0.0,Low,Moderate
BB_0131,B_pos,cryoprecipitate,1,230.0,,192.0,116.0,16.67,365,15.142364873820988,15.142364873820988,pooled_blood_group_product,192.0,0.24615384615384617,25.0,255.0,63.0,63.0,0.0,Low,Moderate
BB_0131,B_pos,group_O_neg_emergency,3,255.66666666666666,13.316656236958782,205.66666666666666,154.0,12.71,42,15.327786820822924,15.327786820822924,pooled_blood_group_product,205.66666666666666,0.24615384615384617,25.3,281.0,75.3,75.3,0.0,Low,Low
BB_0131,B_pos,platelet_concentrate,1,242.0,,203.0,117.0,19.21,5,15.918915219368015,15.918915219368015,pooled_blood_group_product,203.0,0.24615384615384617,26.3,268.3,65.3,65.3,0.0,Low,High
BB_0131,B_pos,whole_blood,1,259.0,,184.0,106.0,17.39,42,15.616055501636811,15.616055501636811,pooled_blood_group_product,184.0,0.24615384615384617,25.8,284.8,100.8,100.8,0.0,Low,Moderate
BB_0131,O_neg,fresh_frozen_plasma,3,241.33333333333334,7.371114795831991,201.0,123.66666666666667,16.67,365,14.714175377770642,14.714175377770642,pooled_blood_group_product,201.0,0.24615384615384617,24.3,265.6,64.6,64.6,0.0,Low,Moderate
BB_0131,O_neg,packed_RBC,1,250.0,,211.0,192.0,10.9,42,16.675768019539497,16.675768019539497,pooled_blood_group_product,211.0,0.24615384615384617,27.5,277.5,66.5,66.5,0.0,Low,Low
BB_0131,O_pos,cryoprecipitate,6,245.5,27.237841324157827,196.33333333333334,145.83333333333334,16.349999999999998,365,15.956259435791292,27.237841324157827,own_history,196.33333333333334,0.24615384615384617,44.9,290.4,94.1,94.1,0.0,Low,Moderate
BB_0131,O_pos,fresh_frozen_plasma,5,256.4,10.597169433391162,202.2,152.6,14.906,365,16.129072159319048,10.597169433391162,own_history,202.2,0.24615384615384617,17.5,273.9,71.7,71.7,0.0,Low,Moderate
BB_0131,O_pos,group_O_neg_emergency,3,265.6666666666667,10.692676621563626,191.66666666666666,137.66666666666666,17.536666666666665,42,15.59947653940603,15.59947653940603,pooled_blood_group_product,191.66666666666666,0.24615384615384617,25.7,291.4,99.7,99.7,0.0,Low,Moderate
BB_0131,O_pos,packed_RBC,2,254.0,9.899494936611665,212.0,151.0,17.54,42,16.220879283084294,16.220879283084294,pooled_blood_group_product,212.0,0.24615384615384617,26.8,280.8,68.8,68.8,0.0,Low,Moderate
BB_0131,O_pos,platelet_concentrate,6,234.66666666666666,16.182294851678694,196.33333333333334,129.83333333333334,17.976666666666667,5,15.814220480272407,16.182294851678694,own_history,196.33333333333334,0.24615384615384617,26.7,261.4,65.1,65.1,0.0,Low,Moderate
BB_0131,O_pos,whole_blood,5,247.4,15.662056059151366,187.2,140.8,14.95,42,15.320728507460478,15.662056059151366,own_history,187.2,0.24615384615384617,25.8,273.2,86.0,86.0,0.0,Low,Moderate
BB_0132,AB_neg,fresh_frozen_plasma,1,255.0,,215.0,129.0,8.84,365,18.018509002319437,18.018509002319437,pooled_blood_group_product,215.0,0.2328767123287671,29.7,284.7,69.7,69.7,0.0,Low,Low
BB_0132,AB_neg,group_O_neg_emergency,1,283.0,,199.0,145.0,23.12,42,14.768157012249755,14.768157012249755,pooled_blood_group_product,199.0,0.2328767123287671,24.4,307.4,108.4,108.4,0.0,Low,High
BB_0132,AB_pos,group_O_neg_emergency,1,242.0,,210.0,107.0,27.14,42,16.01343479009551,16.01343479009551,pooled_blood_group_product,210.0,0.2328767123287671,26.4,268.4,58.4,58.4,0.0,Low,High
BB_0132,AB_pos,packed_RBC,2,263.0,12.727922061357855,205.0,168.0,20.03,42,17.421402900877148,17.421402900877148,pooled_blood_group_product,205.0,0.2328767123287671,28.7,291.7,86.7,86.7,0.0,Low,High
BB_0132,A_neg,cryoprecipitate,2,246.5,2.1213203435596424,224.0,144.0,17.409999999999997,365,14.243844171226868,14.243844171226868,pooled_blood_group_product,224.0,0.2328767123287671,23.5,270.0,46.0,46.0,0.0,Low,Moderate
BB_0132,A_neg,packed_RBC,1,291.0,,218.0,123.0,18.81,42,14.982321915176227,14.982321915176227,pooled_blood_group_product,218.0,0.2328767123287671,24.7,315.7,97.7,97.7,0.0,Low,Moderate
BB_0132,A_pos,cryoprecipitate,3,248.66666666666666,9.073771725877462,195.33333333333334,123.0,10.030000000000001,365,15.986014398875405,15.986014398875405,pooled_blood_group_product,195.33333333333334,0.2328767123287671,26.4,275.1,79.8,79.8,0.0,Low,Low
BB_0132,A_pos,fresh_frozen_plasma,3,252.0,7.211102550927978,212.66666666666666,134.0,14.323333333333332,365,15.175972252331889,15.175972252331889,pooled_blood_group_product,212.66666666666666,0.2328767123287671,25.0,277.0,64.3,64.3,0.0,Low,Moderate
BB_0132,A_pos,group_O_neg_emergency,3,253.66666666666666,2.0816659994661366,186.66666666666666,147.66666666666666,15.113333333333335,42,16.934146373239873,16.934146373239873,pooled_blood_group_product,186.66666666666666,0.2328767123287671,27.9,281.6,94.9,94.9,0.0,Low,Moderate
BB_0132,A_pos,packed_RBC,3,246.66666666666666,6.658328118479397,206.0,150.0,20.526666666666667,42,15.974157533973031,15.974157533973031,pooled_blood_group_product,206.0,0.2328767123287671,26.4,273.1,67.1,67.1,0.0,Low,High
BB_0132,A_pos,platelet_concentrate,6,244.83333333333334,14.497126151988425,203.16666666666666,147.83333333333334,15.313333333333333,5,15.570295650182972,14.497126151988425,own_history,203.16666666666666,0.2328767123287671,23.9,268.7,65.5,65.5,0.0,Low,Moderate
BB_0132,B_neg,whole_blood,1,260.0,,217.0,153.0,23.96,42,14.346963359011946,14.346963359011946,pooled_blood_group_product,217.0,0.2328767123287671,23.7,283.7,66.7,66.7,0.0,Low,High
BB_0132,B_pos,cryoprecipitate,1,256.0,,171.0,142.0,22.22,365,15.142364873820988,15.142364873820988,pooled_blood_group_product,171.0,0.2328767123287671,25.0,281.0,110.0,110.0,0.0,Low,Moderate
BB_0132,B_pos,group_O_neg_emergency,2,244.5,10.606601717798213,225.0,126.0,25.195,42,15.327786820822924,15.327786820822924,pooled_blood_group_product,225.0,0.2328767123287671,25.3,269.8,44.8,44.8,0.0,Low,High
BB_0132,B_pos,packed_RBC,3,255.0,6.082762530298219,193.66666666666666,141.0,17.03,42,15.425681398117081,15.425681398117081,pooled_blood_group_product,193.66666666666666,0.2328767123287671,25.5,280.5,86.8,86.8,0.0,Low,Moderate
BB_0132,B_pos,whole_blood,3,267.3333333333333,12.662279942148391,216.33333333333334,147.0,9.336666666666668,42,15.616055501636811,15.616055501636811,pooled_blood_group_product,216.33333333333334,0.2328767123287671,25.8,293.1,76.8,76.8,0.0,Low,Low
BB_0132,O_pos,cryoprecipitate,1,243.0,,221.0,118.0,11.31,365,15.956259435791292,15.956259435791292,pooled_blood_group_product,221.0,0.2328767123287671,26.3,269.3,48.3,48.3,0.0,Low,Low
BB_0132,O_pos,fresh_frozen_plasma,9,251.0,13.209844813622905,200.0,148.55555555555554,11.975555555555555,365,16.129072159319048,13.209844813622905,own_history,200.0,0.2328767123287671,21.8,272.8,72.8,72.8,0.0,Low,Low
BB_0132,O_pos,group_O_neg_emergency,5,242.6,5.89915248150105,202.6,137.0,21.436,42,15.59947653940603,5.89915248150105,own_history,202.6,0.2328767123287671,9.7,252.3,49.7,49.7,0.0,Low,High
BB_0132,O_pos,packed_RBC,8,253.125,9.613049166924833,191.0,134.625,13.935,42,16.220879283084294,9.613049166924833,own_history,191.0,0.2328767123287671,15.9,269.0,78.0,78.0,0.0,Low,Low
BB_0132,O_pos,platelet_concentrate,4,250.0,14.899664425751334,204.0,149.25,15.8325,5,15.814220480272407,15.814220480272407,pooled_blood_group_product,204.0,0.2328767123287671,26.1,276.1,72.1,72.1,0.0,Low,Moderate
BB_0132,O_pos,whole_blood,10,252.1,12.431590583849053,202.5,148.9,18.601,42,15.320728507460478,12.431590583849053,own_history,202.5,0.2328767123287671,20.5,272.6,70.1,70.1,0.0,Low,Moderate
BB_0133,AB_pos,group_O_neg_emergency,1,254.0,,189.0,165.0,22.22,42,16.01343479009551,16.01343479009551,pooled_blood_group_product,189.0,0.21666666666666667,26.4,280.4,91.4,91.4,0.0,Low,High
BB_0133,A_neg,packed_RBC,1,249.0,,217.0,177.0,15.21,42,14.982321915176227,14.982321915176227,pooled_blood_group_product,217.0,0.21666666666666667,24.7,273.7,56.7,56.7,0.0,Low,Moderate
BB_0133,A_neg,platelet_concentrate,1,243.0,,191.0,85.0,24.08,5,15.26163614252437,15.26163614252437,pooled_blood_group_product,191.0,0.21666666666666667,25.2,268.2,77.2,77.2,0.0,Low,High
BB_0133,A_pos,cryoprecipitate,1,250.0,,214.0,171.0,9.35,365,15.986014398875405,15.986014398875405,pooled_blood_group_product,214.0,0.21666666666666667,26.4,276.4,62.4,62.4,0.0,Low,Low
BB_0133,A_pos,group_O_neg_emergency,2,257.0,16.97056274847714,224.0,142.0,16.255,42,16.934146373239873,16.934146373239873,pooled_blood_group_product,224.0,0.21666666666666667,27.9,284.9,60.9,60.9,0.0,Low,Moderate
BB_0133,A_pos,packed_RBC,2,247.5,21.920310216782973,195.0,149.5,11.53,42,15.974157533973031,15.974157533973031,pooled_blood_group_product,195.0,0.21666666666666667,26.4,273.9,78.9,78.9,0.0,Low,Low
BB_0133,A_pos,platelet_concentrate,1,287.0,,200.0,155.0,15.5,5,15.570295650182972,15.570295650182972,pooled_blood_group_product,200.0,0.21666666666666667,25.7,312.7,112.7,112.7,0.0,Low,Moderate
BB_0133,A_pos,whole_blood,3,258.0,9.643650760992955,201.0,145.0,13.666666666666666,42,16.26859652330014,16.26859652330014,pooled_blood_group_product,201.0,0.21666666666666667,26.8,284.8,83.8,83.8,0.0,Low,Low
BB_0133,B_pos,cryoprecipitate,1,237.0,,170.0,141.0,21.18,365,15.142364873820988,15.142364873820988,pooled_blood_group_product,170.0,0.21666666666666667,25.0,262.0,92.0,92.0,0.0,Low,Moderate
BB_0133,B_pos,fresh_frozen_plasma,3,250.0,18.520259177452136,189.33333333333334,154.33333333333334,13.863333333333335,365,15.753623140581702,15.753623140581702,pooled_blood_group_product,189.33333333333334,0.21666666666666667,26.0,276.0,86.7,86.7,0.0,Low,Low
BB_0133,B_pos,group_O_neg_emergency,1,253.0,,208.0,141.0,21.63,42,15.327786820822924,15.327786820822924,pooled_blood_group_product,208.0,0.21666666666666667,25.3,278.3,70.3,70.3,0.0,Low,High
BB_0133,B_pos,packed_RBC,2,243.5,38.890872965260115,184.5,133.0,22.9,42,15.425681398117081,15.425681398117081,pooled_blood_group_product,184.5,0.21666666666666667,25.5,269.0,84.5,84.5,0.0,Low,High
BB_0133,B_pos,platelet_concentrate,5,240.4,17.03819239238717,205.4,122.4,14.722,5,15.918915219368015,17.03819239238717,own_history,205.4,0.21666666666666667,28.1,268.5,63.1,63.1,0.0,Low,Moderate
BB_0133,B_pos,whole_blood,1,280.0,,177.0,131.0,23.73,42,15.616055501636811,15.616055501636811,pooled_blood_group_product,177.0,0.21666666666666667,25.8,305.8,128.8,128.8,0.0,Low,High
BB_0133,O_neg,whole_blood,2,245.0,12.727922061357855,203.5,119.0,20.11,42,15.177301566829424,15.177301566829424,pooled_blood_group_product,203.5,0.21666666666666667,25.0,270.0,66.5,66.5,0.0,Low,High
BB_0133,O_pos,cryoprecipitate,7,247.42857142857142,14.920423841803137,199.14285714285714,151.28571428571428,15.891428571428573,365,15.956259435791292,14.920423841803137,own_history,199.14285714285714,0.21666666666666667,24.6,272.0,72.9,72.9,0.0,Low,Moderate
BB_0133,O_pos,fresh_frozen_plasma,7,234.0,16.329931618554514,195.42857142857142,129.0,17.247142857142855,365,16.129072159319048,16.329931618554514,own_history,195.42857142857142,0.21666666666666667,26.9,260.9,65.5,65.5,0.0,Low,Moderate
BB_0133,O_pos,group_O_neg_emergency,1,272.0,,194.0,139.0,18.56,42,15.59947653940603,15.59947653940603,pooled_blood_group_product,194.0,0.21666666666666667,25.7,297.7,103.7,103.7,0.0,Low,Moderate
BB_0133,O_pos,packed_RBC,5,240.8,13.77316230936091,200.2,129.4,13.996,42,16.220879283084294,13.77316230936091,own_history,200.2,0.21666666666666667,22.7,263.5,63.3,63.3,0.0,Low,Moderate
BB_0133,O_pos,platelet_concentrate,6,255.5,7.120393247567153,200.66666666666666,149.16666666666666,14.923333333333334,5,15.814220480272407,7.120393247567153,own_history,200.66666666666666,0.21666666666666667,11.7,267.2,66.5,66.5,0.0,Low,Moderate
BB_0133,O_pos,whole_blood,7,244.28571428571428,14.209319544044392,199.85714285714286,134.85714285714286,15.551428571428573,42,15.320728507460478,14.209319544044392,own_history,199.85714285714286,0.21666666666666667,23.4,267.7,67.8,67.8,0.0,Low,Moderate
BB_0134,AB_neg,fresh_frozen_plasma,1,264.0,,213.0,184.0,16.9,365,18.018509002319437,18.018509002319437,pooled_blood_group_product,213.0,0.25,29.7,293.7,80.7,80.7,0.0,Low,Moderate
BB_0134,AB_neg,group_O_neg_emergency,1,254.0,,192.0,176.0,27.6,42,14.768157012249755,14.768157012249755,pooled_blood_group_product,192.0,0.25,24.4,278.4,86.4,86.4,0.0,Low,High
BB_0134,AB_neg,whole_blood,1,239.0,,205.0,148.0,17.07,42,17.64053303608203,17.64053303608203,pooled_blood_group_product,205.0,0.25,29.1,268.1,63.1,63.1,0.0,Low,Moderate
BB_0134,AB_pos,cryoprecipitate,1,273.0,,201.0,126.0,8.96,365,16.64565006228281,16.64565006228281,pooled_blood_group_product,201.0,0.25,27.5,300.5,99.5,99.5,0.0,Low,Low
BB_0134,AB_pos,fresh_frozen_plasma,1,248.0,,232.0,172.0,28.88,365,15.529870914464443,15.529870914464443,pooled_blood_group_product,232.0,0.25,25.6,273.6,41.6,41.6,0.0,Low,Moderate
BB_0134,AB_pos,group_O_neg_emergency,1,275.0,,192.0,102.0,15.63,42,16.01343479009551,16.01343479009551,pooled_blood_group_product,192.0,0.25,26.4,301.4,109.4,109.4,0.0,Low,Moderate
BB_0134,AB_pos,whole_blood,1,244.0,,193.0,149.0,26.42,42,13.606168437472475,13.606168437472475,pooled_blood_group_product,193.0,0.25,22.5,266.5,73.5,73.5,0.0,Low,High
BB_0134,A_neg,cryoprecipitate,1,251.0,,197.0,137.0,18.27,365,14.243844171226868,14.243844171226868,pooled_blood_group_product,197.0,0.25,23.5,274.5,77.5,77.5,0.0,Low,Moderate
BB_0134,A_neg,packed_RBC,1,242.0,,188.0,121.0,18.09,42,14.982321915176227,14.982321915176227,pooled_blood_group_product,188.0,0.25,24.7,266.7,78.7,78.7,0.0,Low,Moderate
BB_0134,A_pos,cryoprecipitate,1,235.0,,204.0,128.0,15.2,365,15.986014398875405,15.986014398875405,pooled_blood_group_product,204.0,0.25,26.4,261.4,57.4,57.4,0.0,Low,Moderate
BB_0134,A_pos,fresh_frozen_plasma,1,250.0,,196.0,154.0,11.73,365,15.175972252331889,15.175972252331889,pooled_blood_group_product,196.0,0.25,25.0,275.0,79.0,79.0,0.0,Low,Low
BB_0134,A_pos,group_O_neg_emergency,2,263.0,22.627416997969522,188.5,135.0,12.7,42,16.934146373239873,16.934146373239873,pooled_blood_group_product,188.5,0.25,27.9,290.9,102.4,102.4,0.0,Low,Low
BB_0134,A_pos,packed_RBC,3,243.33333333333334,14.294521094927715,196.0,139.66666666666666,14.823333333333332,42,15.974157533973031,15.974157533973031,pooled_blood_group_product,196.0,0.25,26.4,269.7,73.7,73.7,0.0,Low,Moderate
BB_0134,A_pos,platelet_concentrate,2,243.0,21.213203435596427,212.5,131.0,20.53,5,15.570295650182972,15.570295650182972,pooled_blood_group_product,212.5,0.25,25.7,268.7,56.2,56.2,0.0,Low,High
BB_0134,A_pos,whole_blood,3,247.66666666666666,17.502380790433435,212.0,117.0,18.916666666666668,42,16.26859652330014,16.26859652330014,pooled_blood_group_product,212.0,0.25,26.8,274.5,62.5,62.5,0.0,Low,Moderate
BB_0134,B_neg,whole_blood,2,259.5,20.506096654409877,190.0,124.5,12.01,42,14.346963359011946,14.346963359011946,pooled_blood_group_product,190.0,0.25,23.7,283.2,93.2,93.2,0.0,Low,Low
BB_0134,B_pos,cryoprecipitate,3,240.66666666666666,15.567059238447486,190.66666666666666,132.66666666666666,19.040000000000003,365,15.142364873820988,15.142364873820988,pooled_blood_group_product,190.66666666666666,0.25,25.0,265.7,75.0,75.0,0.0,Low,Moderate
BB_0134,B_pos,fresh_frozen_plasma,4,235.5,13.076696830622021,215.5,138.0,21.625,365,15.753623140581702,15.753623140581702,pooled_blood_group_product,215.5,0.25,26.0,261.5,46.0,46.0,0.0,Low,Moderate
BB_0134,B_pos,group_O_neg_emergency,3,261.6666666666667,23.288051299611418,206.33333333333334,162.0,12.63,42,15.327786820822924,15.327786820822924,pooled_blood_group_product,206.33333333333334,0.25,25.3,287.0,80.7,80.7,0.0,Low,Low
BB_0134,B_pos,packed_RBC,1,256.0,,205.0,125.0,18.05,42,15.425681398117081,15.425681398117081,pooled_blood_group_product,205.0,0.25,25.5,281.5,76.5,76.5,0.0,Low,Moderate
BB_0134,B_pos,platelet_concentrate,1,232.0,,214.0,149.0,21.96,5,15.918915219368015,15.918915219368015,pooled_blood_group_product,214.0,0.25,26.3,258.3,44.3,44.3,0.0,Low,High
BB_0134,B_pos,whole_blood,2,250.5,4.949747468305833,209.0,138.5,18.195,42,15.616055501636811,15.616055501636811,pooled_blood_group_product,209.0,0.25,25.8,276.3,67.3,67.3,0.0,Low,Moderate
BB_0134,O_neg,cryoprecipitate,1,254.0,,189.0,145.0,28.57,365,16.832005704612282,16.832005704612282,pooled_blood_group_product,189.0,0.25,27.8,281.8,92.8,92.8,0.0,Low,Moderate
BB_0134,O_neg,fresh_frozen_plasma,2,240.0,24.041630560342615,202.5,122.0,18.12,365,14.714175377770642,14.714175377770642,pooled_blood_group_product,202.5,0.25,24.3,264.3,61.8,61.8,0.0,Low,Moderate
BB_0134,O_neg,group_O_neg_emergency,1,231.0,,202.0,101.0,26.24,42,15.737583585569908,15.737583585569908,pooled_blood_group_product,202.0,0.25,26.0,257.0,55.0,55.0,0.0,Low,High
BB_0134,O_neg,packed_RBC,1,230.0,,203.0,127.0,15.76,42,16.675768019539497,16.675768019539497,pooled_blood_group_product,203.0,0.25,27.5,257.5,54.5,54.5,0.0,Low,Moderate
BB_0134,O_pos,cryoprecipitate,5,250.2,8.31865373723417,196.8,151.6,14.378,365,15.956259435791292,8.31865373723417,own_history,196.8,0.25,13.7,263.9,67.1,67.1,0.0,Low,Moderate
BB_0134,O_pos,fresh_frozen_plasma,5,264.2,16.315636671610456,200.6,150.2,16.516,365,16.129072159319048,16.315636671610456,own_history,200.6,0.25,26.9,291.1,90.5,90.5,0.0,Low,Moderate
BB_0134,O_pos,group_O_neg_emergency,3,247.33333333333334,18.147543451754938,199.0,143.66666666666666,17.63,42,15.59947653940603,15.59947653940603,pooled_blood_group_product,199.0,0.25,25.7,273.0,74.0,74.0,0.0,Low,Moderate
BB_0134,O_pos,packed_RBC,4,238.5,18.15672510852843,204.75,132.0,15.9625,42,16.220879283084294,16.220879283084294,pooled_blood_group_product,204.75,0.25,26.8,265.3,60.6,60.6,0.0,Low,Moderate
BB_0134,O_pos,whole_blood,5,238.2,13.292855223765883,189.0,132.8,20.068,42,15.320728507460478,13.292855223765883,own_history,189.0,0.25,21.9,260.1,71.1,71.1,0.0,Low,High
BB_0135,AB_neg,cryoprecipitate,1,233.0,,168.0,114.0,14.88,365,13.13504517558679,13.13504517558679,pooled_blood_group_product,168.0,0.25,21.7,254.7,86.7,86.7,0.0,Low,Moderate
BB_0135,AB_pos,fresh_frozen_plasma,1,249.0,,193.0,129.0,19.17,365,15.529870914464443,15.529870914464443,pooled_blood_group_product,193.0,0.25,25.6,274.6,81.6,81.6,0.0,Low,Moderate
BB_0135,AB_pos,group_O_neg_emergency,1,235.0,,188.0,167.0,23.4,42,16.01343479009551,16.01343479009551,pooled_blood_group_product,188.0,0.25,26.4,261.4,73.4,73.4,0.0,Low,High
BB_0135,AB_pos,packed_RBC,1,292.0,,202.0,164.0,14.36,42,17.421402900877148,17.421402900877148,pooled_blood_group_product,202.0,0.25,28.7,320.7,118.7,118.7,0.0,Low,Moderate
BB_0135,AB_pos,platelet_concentrate,1,258.0,,216.0,164.0,14.81,5,14.27616380960629,14.27616380960629,pooled_blood_group_product,216.0,0.25,23.6,281.6,65.6,65.6,0.0,Low,Moderate
BB_0135,A_neg,platelet_concentrate,1,237.0,,196.0,150.0,15.31,5,15.26163614252437,15.26163614252437,pooled_blood_group_product,196.0,0.25,25.2,262.2,66.2,66.2,0.0,Low,Moderate
BB_0135,A_pos,cryoprecipitate,4,270.75,7.410578025138566,197.75,151.75,21.9025,365,15.986014398875405,15.986014398875405,pooled_blood_group_product,197.75,0.25,26.4,297.2,99.4,99.4,0.0,Low,Moderate
BB_0135,A_pos,fresh_frozen_plasma,3,234.66666666666666,9.291573243177568,214.0,108.0,15.049999999999999,365,15.175972252331889,15.175972252331889,pooled_blood_group_product,214.0,0.25,25.0,259.7,45.7,45.7,0.0,Low,Moderate
BB_0135,A_pos,group_O_neg_emergency,2,263.0,18.384776310850235,198.0,164.5,17.665,42,16.934146373239873,16.934146373239873,pooled_blood_group_product,198.0,0.25,27.9,290.9,92.9,92.9,0.0,Low,Moderate
BB_0135,A_pos,packed_RBC,3,245.66666666666666,8.7368949480541,203.66666666666666,143.0,16.436666666666667,42,15.974157533973031,15.974157533973031,pooled_blood_group_product,203.66666666666666,0.25,26.4,272.1,68.4,68.4,0.0,Low,Moderate
BB_0135,A_pos,platelet_concentrate,3,253.66666666666666,11.590225767142478,210.0,184.33333333333334,19.843333333333334,5,15.570295650182972,15.570295650182972,pooled_blood_group_product,210.0,0.25,25.7,279.4,69.4,69.4,0.0,Low,High
BB_0135,A_pos,whole_blood,1,259.0,,206.0,122.0,15.05,42,16.26859652330014,16.26859652330014,pooled_blood_group_product,206.0,0.25,26.8,285.8,79.8,79.8,0.0,Low,Moderate
BB_0135,B_neg,platelet_concentrate,1,246.0,,204.0,136.0,11.27,5,15.063664178898293,15.063664178898293,pooled_blood_group_product,204.0,0.25,24.9,270.9,66.9,66.9,0.0,Low,Low
BB_0135,B_pos,cryoprecipitate,6,238.66666666666666,13.125039682479693,201.5,138.83333333333334,14.461666666666666,365,15.142364873820988,13.125039682479693,own_history,201.5,0.25,21.7,260.4,58.9,58.9,0.0,Low,Moderate
BB_0135,B_pos,fresh_frozen_plasma,4,255.5,21.64101045083924,205.5,157.75,17.4175,365,15.753623140581702,15.753623140581702,pooled_blood_group_product,205.5,0.25,26.0,281.5,76.0,76.0,0.0,Low,Moderate
BB_0135,B_pos,group_O_neg_emergency,2,254.5,30.405591591021544,193.5,127.0,17.955,42,15.327786820822924,15.327786820822924,pooled_blood_group_product,193.5,0.25,25.3,279.8,86.3,86.3,0.0,Low,Moderate
BB_0135,B_pos,packed_RBC,1,213.0,,191.0,130.0,11.52,42,15.425681398117081,15.425681398117081,pooled_blood_group_product,191.0,0.25,25.5,238.5,47.5,47.5,0.0,Low,Low
BB_0135,B_pos,platelet_concentrate,2,247.5,19.091883092036785,189.5,164.5,17.05,5,15.918915219368015,15.918915219368015,pooled_blood_group_product,189.5,0.25,26.3,273.8,84.3,84.3,0.0,Low,Moderate
BB_0135,O_neg,packed_RBC,2,268.0,2.8284271247461903,212.5,154.0,14.39,42,16.675768019539497,16.675768019539497,pooled_blood_group_product,212.5,0.25,27.5,295.5,83.0,83.0,0.0,Low,Moderate
BB_0135,O_neg,platelet_concentrate,2,255.0,9.899494936611665,204.5,140.0,19.335,5,16.930706830055033,16.930706830055033,pooled_blood_group_product,204.5,0.25,27.9,282.9,78.4,78.4,0.0,Low,High
BB_0135,O_pos,cryoprecipitate,3,249.66666666666666,14.153915830374762,212.66666666666666,135.0,7.68,365,15.956259435791292,15.956259435791292,pooled_blood_group_product,212.66666666666666,0.25,26.3,276.0,63.3,63.3,0.0,Low,Low
BB_0135,O_pos,fresh_frozen_plasma,3,252.0,22.869193252058544,209.0,150.66666666666666,17.176666666666666,365,16.129072159319048,16.129072159319048,pooled_blood_group_product,209.0,0.25,26.6,278.6,69.6,69.6,0.0,Low,Moderate
BB_0135,O_pos,group_O_neg_emergency,2,247.5,3.5355339059327378,218.0,153.0,11.76,42,15.59947653940603,15.59947653940603,pooled_blood_group_product,218.0,0.25,25.7,273.2,55.2,55.2,0.0,Low,Low
BB_0135,O_pos,packed_RBC,4,247.0,12.35583532856709,207.0,142.75,24.405,42,16.220879283084294,16.220879283084294,pooled_blood_group_product,207.0,0.25,26.8,273.8,66.8,66.8,0.0,Low,High
BB_0135,O_pos,platelet_concentrate,7,248.28571428571428,11.45591965920219,195.14285714285714,144.14285714285714,11.854285714285714,5,15.814220480272407,11.45591965920219,own_history,195.14285714285714,0.25,18.9,267.2,72.1,72.1,0.0,Low,Low
BB_0135,O_pos,whole_blood,7,242.42857142857142,17.859237972331883,209.14285714285714,140.57142857142858,13.554285714285713,42,15.320728507460478,17.859237972331883,own_history,209.14285714285714,0.25,29.5,271.9,62.8,62.8,0.0,Low,Low
BB_0136,AB_neg,whole_blood,1,260.0,,221.0,119.0,14.93,42,17.64053303608203,17.64053303608203,pooled_blood_group_product,221.0,0.32786885245901637,29.1,289.1,68.1,68.1,0.0,Low,Moderate
BB_0136,AB_pos,packed_RBC,1,243.0,,183.0,131.0,24.04,42,17.421402900877148,17.421402900877148,pooled_blood_group_product,183.0,0.32786885245901637,28.7,271.7,88.7,88.7,0.0,Low,High
BB_0136,A_neg,whole_blood,1,258.0,,172.0,143.0,25.0,42,16.829684030913054,16.829684030913054,pooled_blood_group_product,172.0,0.32786885245901637,27.8,285.8,113.8,113.8,0.0,Low,High
BB_0136,A_pos,cryoprecipitate,1,260.0,,198.0,114.0,16.16,365,15.986014398875405,15.986014398875405,pooled_blood_group_product,198.0,0.32786885245901637,26.4,286.4,88.4,88.4,0.0,Low,Moderate
BB_0136,A_pos,fresh_frozen_plasma,2,261.0,5.656854249492381,197.5,150.0,13.765,365,15.175972252331889,15.175972252331889,pooled_blood_group_product,197.5,0.32786885245901637,25.0,286.0,88.5,88.5,0.0,Low,Low
BB_0136,A_pos,group_O_neg_emergency,1,244.0,,181.0,151.0,18.78,42,16.934146373239873,16.934146373239873,pooled_blood_group_product,181.0,0.32786885245901637,27.9,271.9,90.9,90.9,0.0,Low,Moderate
BB_0136,A_pos,packed_RBC,2,247.0,28.284271247461902,189.0,134.0,15.515,42,15.974157533973031,15.974157533973031,pooled_blood_group_product,189.0,0.32786885245901637,26.4,273.4,84.4,84.4,0.0,Low,Moderate
BB_0136,A_pos,platelet_concentrate,2,255.5,0.7071067811865476,185.5,128.0,19.294999999999998,5,15.570295650182972,15.570295650182972,pooled_blood_group_product,185.5,0.32786885245901637,25.7,281.2,95.7,95.7,0.0,Low,High
BB_0136,A_pos,whole_blood,1,241.0,,220.0,152.0,27.73,42,16.26859652330014,16.26859652330014,pooled_blood_group_product,220.0,0.32786885245901637,26.8,267.8,47.8,47.8,0.0,Low,High
BB_0136,B_pos,fresh_frozen_plasma,1,250.0,,174.0,139.0,3.45,365,15.753623140581702,15.753623140581702,pooled_blood_group_product,174.0,0.32786885245901637,26.0,276.0,102.0,102.0,0.0,Low,Low
BB_0136,B_pos,group_O_neg_emergency,4,251.5,20.6801031589948,198.25,138.75,16.43,42,15.327786820822924,15.327786820822924,pooled_blood_group_product,198.25,0.32786885245901637,25.3,276.8,78.6,78.6,0.0,Low,Moderate
BB_0136,B_pos,packed_RBC,1,236.0,,212.0,129.0,8.02,42,15.425681398117081,15.425681398117081,pooled_blood_group_product,212.0,0.32786885245901637,25.5,261.5,49.5,49.5,0.0,Low,Low
BB_0136,B_pos,platelet_concentrate,4,251.75,11.086778913041725,199.75,156.25,17.7275,5,15.918915219368015,15.918915219368015,pooled_blood_group_product,199.75,0.32786885245901637,26.3,278.0,78.2,78.2,0.0,Low,Moderate
BB_0136,B_pos,whole_blood,1,250.0,,220.0,193.0,24.09,42,15.616055501636811,15.616055501636811,pooled_blood_group_product,220.0,0.32786885245901637,25.8,275.8,55.8,55.8,0.0,Low,High
BB_0136,O_neg,cryoprecipitate,1,263.0,,192.0,155.0,17.71,365,16.832005704612282,16.832005704612282,pooled_blood_group_product,192.0,0.32786885245901637,27.8,290.8,98.8,98.8,0.0,Low,Moderate
BB_0136,O_neg,platelet_concentrate,1,246.0,,214.0,144.0,14.49,5,16.930706830055033,16.930706830055033,pooled_blood_group_product,214.0,0.32786885245901637,27.9,273.9,59.9,59.9,0.0,Low,Moderate
BB_0136,O_neg,whole_blood,1,255.0,,185.0,109.0,22.16,42,15.177301566829424,15.177301566829424,pooled_blood_group_product,185.0,0.32786885245901637,25.0,280.0,95.0,95.0,0.0,Low,High
BB_0136,O_pos,cryoprecipitate,4,247.0,16.3707055437449,203.75,128.5,22.245,365,15.956259435791292,15.956259435791292,pooled_blood_group_product,203.75,0.32786885245901637,26.3,273.3,69.6,69.6,0.0,Low,Moderate
BB_0136,O_pos,fresh_frozen_plasma,11,251.63636363636363,14.888067216887,199.63636363636363,141.27272727272728,15.911818181818182,365,16.129072159319048,14.888067216887,own_history,199.63636363636363,0.32786885245901637,24.6,276.2,76.6,76.6,0.0,Low,Moderate
BB_0136,O_pos,group_O_neg_emergency,5,254.0,30.347981810987037,182.8,136.6,17.082,42,15.59947653940603,30.347981810987037,own_history,182.8,0.32786885245901637,50.1,304.1,121.3,121.3,0.0,Low,Moderate
BB_0136,O_pos,packed_RBC,4,246.25,9.63932916061417,195.25,131.75,14.0225,42,16.220879283084294,16.220879283084294,pooled_blood_group_product,195.25,0.32786885245901637,26.8,273.0,77.8,77.8,0.0,Low,Moderate
BB_0136,O_pos,platelet_concentrate,7,239.28571428571428,18.803495115840263,196.42857142857142,136.85714285714286,17.512857142857143,5,15.814220480272407,18.803495115840263,own_history,196.42857142857142,0.32786885245901637,31.0,270.3,73.9,73.9,0.0,Low,Moderate
BB_0136,O_pos,whole_blood,4,249.75,7.274384280931732,209.0,146.5,11.77,42,15.320728507460478,15.320728507460478,pooled_blood_group_product,209.0,0.32786885245901637,25.3,275.0,66.0,66.0,0.0,Low,Low
BB_0137,AB_pos,cryoprecipitate,1,259.0,,190.0,160.0,23.16,365,16.64565006228281,16.64565006228281,pooled_blood_group_product,190.0,0.2833333333333333,27.5,286.5,96.5,96.5,0.0,Low,Moderate
BB_0137,AB_pos,packed_RBC,2,255.0,15.556349186104045,201.5,162.0,17.38,42,17.421402900877148,17.421402900877148,pooled_blood_group_product,201.5,0.2833333333333333,28.7,283.7,82.2,82.2,0.0,Low,Moderate
BB_0137,AB_pos,platelet_concentrate,1,262.0,,205.0,132.0,13.66,5,14.27616380960629,14.27616380960629,pooled_blood_group_product,205.0,0.2833333333333333,23.6,285.6,80.6,80.6,0.0,Low,Low
BB_0137,A_neg,fresh_frozen_plasma,1,236.0,,199.0,161.0,20.1,365,15.630530767171415,15.630530767171415,pooled_blood_group_product,199.0,0.2833333333333333,25.8,261.8,62.8,62.8,0.0,Low,Moderate
BB_0137,A_neg,platelet_concentrate,2,255.5,3.5355339059327378,186.5,164.5,12.8,5,15.26163614252437,15.26163614252437,pooled_blood_group_product,186.5,0.2833333333333333,25.2,280.7,94.2,94.2,0.0,Low,Low
BB_0137,A_pos,cryoprecipitate,2,254.0,16.97056274847714,204.5,144.5,15.405000000000001,365,15.986014398875405,15.986014398875405,pooled_blood_group_product,204.5,0.2833333333333333,26.4,280.4,75.9,75.9,0.0,Low,Moderate
BB_0137,A_pos,group_O_neg_emergency,3,249.66666666666666,21.361959960016154,181.0,121.33333333333333,13.983333333333334,42,16.934146373239873,16.934146373239873,pooled_blood_group_product,181.0,0.2833333333333333,27.9,277.6,96.6,96.6,0.0,Low,Moderate
BB_0137,A_pos,packed_RBC,2,253.5,6.363961030678928,178.0,143.5,13.34,42,15.974157533973031,15.974157533973031,pooled_blood_group_product,178.0,0.2833333333333333,26.4,279.9,101.9,101.9,0.0,Low,Low
BB_0137,A_pos,platelet_concentrate,3,239.66666666666666,6.806859285554048,200.66666666666666,142.33333333333334,13.949999999999998,5,15.570295650182972,15.570295650182972,pooled_blood_group_product,200.66666666666666,0.2833333333333333,25.7,265.4,64.7,64.7,0.0,Low,Low
BB_0137,B_neg,platelet_concentrate,1,249.0,,214.0,151.0,17.29,5,15.063664178898293,15.063664178898293,pooled_blood_group_product,214.0,0.2833333333333333,24.9,273.9,59.9,59.9,0.0,Low,Moderate
BB_0137,B_pos,cryoprecipitate,2,253.5,0.7071067811865476,188.0,135.0,18.4,365,15.142364873820988,15.142364873820988,pooled_blood_group_product,188.0,0.2833333333333333,25.0,278.5,90.5,90.5,0.0,Low,Moderate
BB_0137,B_pos,fresh_frozen_plasma,5,235.6,31.157663583779836,203.2,125.2,20.369999999999997,365,15.753623140581702,31.157663583779836,own_history,203.2,0.2833333333333333,51.4,287.0,83.8,83.8,0.0,Low,Moderate
BB_0137,B_pos,group_O_neg_emergency,2,251.5,27.577164466275352,206.0,131.5,20.585,42,15.327786820822924,15.327786820822924,pooled_blood_group_product,206.0,0.2833333333333333,25.3,276.8,70.8,70.8,0.0,Low,High
BB_0137,B_pos,packed_RBC,3,245.33333333333334,26.102362600602525,204.0,146.33333333333334,19.13,42,15.425681398117081,15.425681398117081,pooled_blood_group_product,204.0,0.2833333333333333,25.5,270.8,66.8,66.8,0.0,Low,High
BB_0137,B_pos,platelet_concentrate,4,246.5,12.974333637352379,209.75,146.0,19.302500000000002,5,15.918915219368015,15.918915219368015,pooled_blood_group_product,209.75,0.2833333333333333,26.3,272.8,63.1,63.1,0.0,Low,High
BB_0137,B_pos,whole_blood,3,252.66666666666666,5.131601439446885,205.33333333333334,157.0,18.043333333333333,42,15.616055501636811,15.616055501636811,pooled_blood_group_product,205.33333333333334,0.2833333333333333,25.8,278.5,73.2,73.2,0.0,Low,Moderate
BB_0137,O_neg,cryoprecipitate,1,239.0,,196.0,176.0,13.27,365,16.832005704612282,16.832005704612282,pooled_blood_group_product,196.0,0.2833333333333333,27.8,266.8,70.8,70.8,0.0,Low,Low
BB_0137,O_neg,platelet_concentrate,1,271.0,,211.0,197.0,15.64,5,16.930706830055033,16.930706830055033,pooled_blood_group_product,211.0,0.2833333333333333,27.9,298.9,87.9,87.9,0.0,Low,Moderate
BB_0137,O_pos,cryoprecipitate,4,250.0,14.537308324904355,192.75,139.5,21.0175,365,15.956259435791292,15.956259435791292,pooled_blood_group_product,192.75,0.2833333333333333,26.3,276.3,83.6,83.6,0.0,Low,Moderate
BB_0137,O_pos,fresh_frozen_plasma,2,242.5,4.949747468305833,217.5,135.5,12.165,365,16.129072159319048,16.129072159319048,pooled_blood_group_product,217.5,0.2833333333333333,26.6,269.1,51.6,51.6,0.0,Low,Low
BB_0137,O_pos,group_O_neg_emergency,3,246.0,4.58257569495584,198.33333333333334,148.0,23.543333333333333,42,15.59947653940603,15.59947653940603,pooled_blood_group_product,198.33333333333334,0.2833333333333333,25.7,271.7,73.4,73.4,0.0,Low,High
BB_0137,O_pos,packed_RBC,5,255.0,14.69693845669907,202.2,149.4,13.492,42,16.220879283084294,14.69693845669907,own_history,202.2,0.2833333333333333,24.2,279.2,77.0,77.0,0.0,Low,Low
BB_0137,O_pos,platelet_concentrate,5,239.4,11.104053313993045,207.4,129.4,17.747999999999998,5,15.814220480272407,11.104053313993045,own_history,207.4,0.2833333333333333,18.3,257.7,50.3,50.3,0.0,Low,Moderate
BB_0137,O_pos,whole_blood,2,244.0,9.899494936611665,214.5,172.5,14.530000000000001,42,15.320728507460478,15.320728507460478,pooled_blood_group_product,214.5,0.2833333333333333,25.3,269.3,54.8,54.8,0.0,Low,Moderate
BB_0138,AB_neg,platelet_concentrate,1,250.0,,211.0,151.0,7.11,5,12.389960093200914,12.389960093200914,pooled_blood_group_product,211.0,0.28,20.4,270.4,59.4,59.4,0.0,Low,Low
BB_0138,AB_pos,fresh_frozen_plasma,2,255.5,4.949747468305833,193.5,152.0,23.979999999999997,365,15.529870914464443,15.529870914464443,pooled_blood_group_product,193.5,0.28,25.6,281.1,87.6,87.6,0.0,Low,Moderate
BB_0138,AB_pos,group_O_neg_emergency,2,261.5,24.748737341529164,190.5,136.0,19.369999999999997,42,16.01343479009551,16.01343479009551,pooled_blood_group_product,190.5,0.28,26.4,287.9,97.4,97.4,0.0,Low,High
BB_0138,A_pos,cryoprecipitate,4,243.75,28.68652413009751,196.0,142.75,13.965,365,15.986014398875405,15.986014398875405,pooled_blood_group_product,196.0,0.28,26.4,270.2,74.2,74.2,0.0,Low,Moderate
BB_0138,A_pos,fresh_frozen_plasma,3,262.3333333333333,11.718930554164633,215.0,152.33333333333334,19.82,365,15.175972252331889,15.175972252331889,pooled_blood_group_product,215.0,0.28,25.0,287.3,72.3,72.3,0.0,Low,Moderate
BB_0138,A_pos,group_O_neg_emergency,1,233.0,,232.0,143.0,14.22,42,16.934146373239873,16.934146373239873,pooled_blood_group_product,232.0,0.28,27.9,260.9,28.9,28.9,0.0,Low,Moderate
BB_0138,A_pos,packed_RBC,3,275.0,11.357816691600547,191.0,132.33333333333334,11.68,42,15.974157533973031,15.974157533973031,pooled_blood_group_product,191.0,0.28,26.4,301.4,110.4,110.4,0.0,Low,Low
BB_0138,A_pos,whole_blood,3,255.33333333333334,9.504384952922171,197.0,121.33333333333333,19.430000000000003,42,16.26859652330014,16.26859652330014,pooled_blood_group_product,197.0,0.28,26.8,282.1,85.1,85.1,0.0,Low,High
BB_0138,B_neg,fresh_frozen_plasma,2,255.0,19.79898987322333,191.5,142.5,13.559999999999999,365,18.483089984756752,18.483089984756752,pooled_blood_group_product,191.5,0.28,30.5,285.5,94.0,94.0,0.0,Low,Low
BB_0138,B_pos,cryoprecipitate,1,249.0,,204.0,135.0,25.98,365,15.142364873820988,15.142364873820988,pooled_blood_group_product,204.0,0.28,25.0,274.0,70.0,70.0,0.0,Low,Moderate
BB_0138,B_pos,fresh_frozen_plasma,4,250.5,14.66287829861518,191.75,152.25,20.314999999999998,365,15.753623140581702,15.753623140581702,pooled_blood_group_product,191.75,0.28,26.0,276.5,84.8,84.8,0.0,Low,Moderate
BB_0138,B_pos,group_O_neg_emergency,3,244.33333333333334,21.96208854670551,214.66666666666666,141.0,16.093333333333334,42,15.327786820822924,15.327786820822924,pooled_blood_group_product,214.66666666666666,0.28,25.3,269.6,54.9,54.9,0.0,Low,Moderate
BB_0138,B_pos,packed_RBC,1,250.0,,212.0,135.0,20.28,42,15.425681398117081,15.425681398117081,pooled_blood_group_product,212.0,0.28,25.5,275.5,63.5,63.5,0.0,Low,High
BB_0138,B_pos,platelet_concentrate,1,258.0,,186.0,112.0,20.97,5,15.918915219368015,15.918915219368015,pooled_blood_group_product,186.0,0.28,26.3,284.3,98.3,98.3,0.0,Low,High
BB_0138,B_pos,whole_blood,4,259.75,25.17108129050743,198.5,148.5,16.295,42,15.616055501636811,15.616055501636811,pooled_blood_group_product,198.5,0.28,25.8,285.6,87.1,87.1,0.0,Low,Moderate
BB_0138,O_neg,fresh_frozen_plasma,1,232.0,,207.0,154.0,14.49,365,14.714175377770642,14.714175377770642,pooled_blood_group_product,207.0,0.28,24.3,256.3,49.3,49.3,0.0,Low,Moderate
BB_0138,O_neg,group_O_neg_emergency,1,249.0,,217.0,132.0,11.52,42,15.737583585569908,15.737583585569908,pooled_blood_group_product,217.0,0.28,26.0,275.0,58.0,58.0,0.0,Low,Low
BB_0138,O_neg,packed_RBC,1,267.0,,160.0,109.0,11.25,42,16.675768019539497,16.675768019539497,pooled_blood_group_product,160.0,0.28,27.5,294.5,134.5,134.5,0.0,Low,Low
BB_0138,O_pos,cryoprecipitate,7,255.42857142857142,25.50070027049678,196.85714285714286,135.71428571428572,20.16142857142857,365,15.956259435791292,25.50070027049678,own_history,196.85714285714286,0.28,42.1,297.5,100.6,100.6,0.0,Low,Moderate
BB_0138,O_pos,fresh_frozen_plasma,5,251.4,19.79393846610623,197.0,153.0,15.35,365,16.129072159319048,19.79393846610623,own_history,197.0,0.28,32.7,284.1,87.1,87.1,0.0,Low,Moderate
BB_0138,O_pos,group_O_neg_emergency,6,245.0,12.280065146407,209.16666666666666,133.0,14.485,42,15.59947653940603,12.280065146407,own_history,209.16666666666666,0.28,20.3,265.3,56.1,56.1,0.0,Low,Moderate
BB_0138,O_pos,packed_RBC,8,262.0,17.54992877478424,203.0,147.75,16.415,42,16.220879283084294,17.54992877478424,own_history,203.0,0.28,29.0,291.0,88.0,88.0,0.0,Low,Moderate
BB_0138,O_pos,platelet_concentrate,6,253.5,9.5236547606473,200.5,140.33333333333334,18.73,5,15.814220480272407,9.5236547606473,own_history,200.5,0.28,15.7,269.2,68.7,68.7,0.0,Low,Moderate
BB_0138,O_pos,whole_blood,5,258.6,8.142481194328905,196.0,143.8,16.11,42,15.320728507460478,8.142481194328905,own_history,196.0,0.28,13.4,272.0,76.0,76.0,0.0,Low,Moderate
BB_0139,AB_pos,fresh_frozen_plasma,2,265.0,7.0710678118654755,199.5,159.5,15.765,365,15.529870914464443,15.529870914464443,pooled_blood_group_product,199.5,0.25,25.6,290.6,91.1,91.1,0.0,Low,Moderate
BB_0139,AB_pos,whole_blood,1,241.0,,202.0,162.0,16.83,42,13.606168437472475,13.606168437472475,pooled_blood_group_product,202.0,0.25,22.5,263.5,61.5,61.5,0.0,Low,Moderate
BB_0139,A_neg,packed_RBC,1,260.0,,212.0,167.0,12.26,42,14.982321915176227,14.982321915176227,pooled_blood_group_product,212.0,0.25,24.7,284.7,72.7,72.7,0.0,Low,Low
BB_0139,A_pos,cryoprecipitate,2,266.0,7.0710678118654755,178.0,139.0,15.639999999999999,365,15.986014398875405,15.986014398875405,pooled_blood_group_product,178.0,0.25,26.4,292.4,114.4,114.4,0.0,Low,Moderate
BB_0139,A_pos,fresh_frozen_plasma,1,222.0,,219.0,117.0,15.98,365,15.175972252331889,15.175972252331889,pooled_blood_group_product,219.0,0.25,25.0,247.0,28.0,28.0,0.0,Low,Moderate
BB_0139,A_pos,group_O_neg_emergency,2,246.0,25.45584412271571,192.5,131.5,18.73,42,16.934146373239873,16.934146373239873,pooled_blood_group_product,192.5,0.25,27.9,273.9,81.4,81.4,0.0,Low,Moderate
BB_0139,A_pos,packed_RBC,2,242.5,6.363961030678928,201.0,141.5,11.62,42,15.974157533973031,15.974157533973031,pooled_blood_group_product,201.0,0.25,26.4,268.9,67.9,67.9,0.0,Low,Low
BB_0139,A_pos,whole_blood,1,258.0,,193.0,132.0,25.91,42,16.26859652330014,16.26859652330014,pooled_blood_group_product,193.0,0.25,26.8,284.8,91.8,91.8,0.0,Low,High
BB_0139,B_neg,fresh_frozen_plasma,2,256.5,19.091883092036785,214.5,159.0,22.37,365,18.483089984756752,18.483089984756752,pooled_blood_group_product,214.5,0.25,30.5,287.0,72.5,72.5,0.0,Low,Moderate
BB_0139,B_pos,fresh_frozen_plasma,2,261.0,22.627416997969522,197.0,141.5,19.1,365,15.753623140581702,15.753623140581702,pooled_blood_group_product,197.0,0.25,26.0,287.0,90.0,90.0,0.0,Low,Moderate
BB_0139,B_pos,packed_RBC,3,261.6666666666667,7.767453465154037,198.33333333333334,151.33333333333334,19.80666666666667,42,15.425681398117081,15.425681398117081,pooled_blood_group_product,198.33333333333334,0.25,25.5,287.2,88.9,88.9,0.0,Low,High
BB_0139,B_pos,platelet_concentrate,2,219.0,11.313708498984761,210.0,154.5,14.665,5,15.918915219368015,15.918915219368015,pooled_blood_group_product,210.0,0.25,26.3,245.3,35.3,35.3,0.0,Low,Moderate
BB_0139,B_pos,whole_blood,3,249.66666666666666,1.5275252316519428,197.33333333333334,131.0,17.30666666666667,42,15.616055501636811,15.616055501636811,pooled_blood_group_product,197.33333333333334,0.25,25.8,275.5,78.2,78.2,0.0,Low,Moderate
BB_0139,O_neg,cryoprecipitate,1,249.0,,234.0,168.0,12.82,365,16.832005704612282,16.832005704612282,pooled_blood_group_product,234.0,0.25,27.8,276.8,42.8,42.8,0.0,Low,Low
BB_0139,O_neg,group_O_neg_emergency,1,250.0,,203.0,154.0,17.73,42,15.737583585569908,15.737583585569908,pooled_blood_group_product,203.0,0.25,26.0,276.0,73.0,73.0,0.0,Low,Moderate
BB_0139,O_neg,packed_RBC,1,241.0,,207.0,107.0,23.19,42,16.675768019539497,16.675768019539497,pooled_blood_group_product,207.0,0.25,27.5,268.5,61.5,61.5,0.0,Low,High
BB_0139,O_pos,cryoprecipitate,6,254.33333333333334,11.413442367080435,197.83333333333334,143.33333333333334,13.796666666666667,365,15.956259435791292,11.413442367080435,own_history,197.83333333333334,0.25,18.8,273.1,75.3,75.3,0.0,Low,Low
BB_0139,O_pos,fresh_frozen_plasma,7,248.0,10.263202878893766,207.14285714285714,121.57142857142857,17.665714285714284,365,16.129072159319048,10.263202878893766,own_history,207.14285714285714,0.25,16.9,264.9,57.8,57.8,0.0,Low,Moderate
BB_0139,O_pos,group_O_neg_emergency,6,243.33333333333334,11.826523862347155,201.33333333333334,130.83333333333334,15.968333333333334,42,15.59947653940603,11.826523862347155,own_history,201.33333333333334,0.25,19.5,262.8,61.5,61.5,0.0,Low,Moderate
BB_0139,O_pos,packed_RBC,7,240.71428571428572,15.272134599920706,206.85714285714286,127.0,12.634285714285713,42,16.220879283084294,15.272134599920706,own_history,206.85714285714286,0.25,25.2,265.9,59.0,59.0,0.0,Low,Low
BB_0139,O_pos,platelet_concentrate,9,253.77777777777777,12.686388155990054,194.77777777777777,142.55555555555554,15.213333333333335,5,15.814220480272407,12.686388155990054,own_history,194.77777777777777,0.25,20.9,274.7,79.9,79.9,0.0,Low,Moderate
BB_0139,O_pos,whole_blood,6,252.33333333333334,15.641824275533422,208.0,152.16666666666666,14.948333333333332,42,15.320728507460478,15.641824275533422,own_history,208.0,0.25,25.8,278.1,70.1,70.1,0.0,Low,Moderate
BB_0140,AB_pos,fresh_frozen_plasma,1,249.0,,204.0,107.0,16.18,365,15.529870914464443,15.529870914464443,pooled_blood_group_product,204.0,0.19696969696969696,25.6,274.6,70.6,70.6,0.0,Low,Moderate
BB_0140,AB_pos,group_O_neg_emergency,1,230.0,,208.0,163.0,19.71,42,16.01343479009551,16.01343479009551,pooled_blood_group_product,208.0,0.19696969696969696,26.4,256.4,48.4,48.4,0.0,Low,High
BB_0140,A_neg,fresh_frozen_plasma,1,228.0,,208.0,154.0,6.73,365,15.630530767171415,15.630530767171415,pooled_blood_group_product,208.0,0.19696969696969696,25.8,253.8,45.8,45.8,0.0,Low,Low
BB_0140,A_neg,group_O_neg_emergency,1,258.0,,199.0,137.0,12.56,42,15.275919791953486,15.275919791953486,pooled_blood_group_product,199.0,0.19696969696969696,25.2,283.2,84.2,84.2,0.0,Low,Low
BB_0140,A_pos,cryoprecipitate,3,238.33333333333334,23.158871590242335,200.0,157.0,16.376666666666665,365,15.986014398875405,15.986014398875405,pooled_blood_group_product,200.0,0.19696969696969696,26.4,264.7,64.7,64.7,0.0,Low,Moderate
BB_0140,A_pos,fresh_frozen_plasma,2,260.0,14.142135623730951,195.5,134.5,15.559999999999999,365,15.175972252331889,15.175972252331889,pooled_blood_group_product,195.5,0.19696969696969696,25.0,285.0,89.5,89.5,0.0,Low,Moderate
BB_0140,A_pos,group_O_neg_emergency,3,255.0,8.18535277187245,195.66666666666666,133.33333333333334,13.113333333333335,42,16.934146373239873,16.934146373239873,pooled_blood_group_product,195.66666666666666,0.19696969696969696,27.9,282.9,87.2,87.2,0.0,Low,Low
BB_0140,A_pos,packed_RBC,1,258.0,,217.0,154.0,8.76,42,15.974157533973031,15.974157533973031,pooled_blood_group_product,217.0,0.19696969696969696,26.4,284.4,67.4,67.4,0.0,Low,Low
BB_0140,A_pos,platelet_concentrate,1,232.0,,203.0,143.0,22.17,5,15.570295650182972,15.570295650182972,pooled_blood_group_product,203.0,0.19696969696969696,25.7,257.7,54.7,54.7,0.0,Low,High
BB_0140,A_pos,whole_blood,4,245.25,18.246004128758347,181.0,134.5,16.3425,42,16.26859652330014,16.26859652330014,pooled_blood_group_product,181.0,0.19696969696969696,26.8,272.0,91.0,91.0,0.0,Low,Moderate
BB_0140,B_neg,fresh_frozen_plasma,1,240.0,,199.0,147.0,11.06,365,18.483089984756752,18.483089984756752,pooled_blood_group_product,199.0,0.19696969696969696,30.5,270.5,71.5,71.5,0.0,Low,Low
BB_0140,B_pos,fresh_frozen_plasma,5,245.0,14.195069566578393,185.6,127.8,17.796,365,15.753623140581702,14.195069566578393,own_history,185.6,0.19696969696969696,23.4,268.4,82.8,82.8,0.0,Low,Moderate
BB_0140,B_pos,group_O_neg_emergency,1,242.0,,191.0,139.0,4.19,42,15.327786820822924,15.327786820822924,pooled_blood_group_product,191.0,0.19696969696969696,25.3,267.3,76.3,76.3,0.0,Low,Low
BB_0140,B_pos,packed_RBC,3,252.33333333333334,14.294521094927708,203.66666666666666,155.33333333333334,17.169999999999998,42,15.425681398117081,15.425681398117081,pooled_blood_group_product,203.66666666666666,0.19696969696969696,25.5,277.8,74.1,74.1,0.0,Low,Moderate
BB_0140,B_pos,whole_blood,2,274.5,14.849242404917497,192.5,125.0,13.855,42,15.616055501636811,15.616055501636811,pooled_blood_group_product,192.5,0.19696969696969696,25.8,300.3,107.8,107.8,0.0,Low,Low
BB_0140,O_neg,cryoprecipitate,1,230.0,,189.0,146.0,21.16,365,16.832005704612282,16.832005704612282,pooled_blood_group_product,189.0,0.19696969696969696,27.8,257.8,68.8,68.8,0.0,Low,Moderate
BB_0140,O_neg,whole_blood,1,260.0,,195.0,168.0,17.95,42,15.177301566829424,15.177301566829424,pooled_blood_group_product,195.0,0.19696969696969696,25.0,285.0,90.0,90.0,0.0,Low,Moderate
BB_0140,O_pos,cryoprecipitate,4,257.25,11.32475165290612,182.75,146.75,20.2325,365,15.956259435791292,15.956259435791292,pooled_blood_group_product,182.75,0.19696969696969696,26.3,283.6,100.9,100.9,0.0,Low,Moderate
BB_0140,O_pos,fresh_frozen_plasma,4,255.5,11.000000000000005,180.0,143.0,18.7,365,16.129072159319048,16.129072159319048,pooled_blood_group_product,180.0,0.19696969696969696,26.6,282.1,102.1,102.1,0.0,Low,Moderate
BB_0140,O_pos,group_O_neg_emergency,7,248.14285714285714,11.334733807028305,202.0,135.14285714285714,22.16,42,15.59947653940603,11.334733807028305,own_history,202.0,0.19696969696969696,18.7,266.8,64.8,64.8,0.0,Low,High
BB_0140,O_pos,packed_RBC,6,253.0,8.602325267042628,194.5,131.33333333333334,14.808333333333335,42,16.220879283084294,8.602325267042628,own_history,194.5,0.19696969696969696,14.2,267.2,72.7,72.7,0.0,Low,Moderate
BB_0140,O_pos,platelet_concentrate,5,249.4,9.813256340277675,198.6,153.0,17.47,5,15.814220480272407,9.813256340277675,own_history,198.6,0.19696969696969696,16.2,265.6,67.0,67.0,0.0,Low,Moderate
BB_0140,O_pos,whole_blood,8,251.25,13.328272849205073,204.0,149.0,18.7025,42,15.320728507460478,13.328272849205073,own_history,204.0,0.19696969696969696,22.0,273.2,69.2,69.2,0.0,Low,Moderate
BB_0141,AB_neg,packed_RBC,1,260.0,,207.0,103.0,12.08,42,13.932332543759145,13.932332543759145,pooled_blood_group_product,207.0,0.26785714285714285,23.0,283.0,76.0,76.0,0.0,Low,Low
BB_0141,AB_pos,platelet_concentrate,1,272.0,,170.0,131.0,14.12,5,14.27616380960629,14.27616380960629,pooled_blood_group_product,170.0,0.26785714285714285,23.6,295.6,125.6,125.6,0.0,Low,Moderate
BB_0141,A_neg,platelet_concentrate,1,243.0,,169.0,169.0,12.43,5,15.26163614252437,15.26163614252437,pooled_blood_group_product,169.0,0.26785714285714285,25.2,268.2,99.2,99.2,0.0,Low,Low
BB_0141,A_pos,cryoprecipitate,4,265.0,9.591663046625438,201.25,130.25,16.435,365,15.986014398875405,15.986014398875405,pooled_blood_group_product,201.25,0.26785714285714285,26.4,291.4,90.1,90.1,0.0,Low,Moderate
BB_0141,A_pos,fresh_frozen_plasma,1,249.0,,231.0,187.0,11.26,365,15.175972252331889,15.175972252331889,pooled_blood_group_product,231.0,0.26785714285714285,25.0,274.0,43.0,43.0,0.0,Low,Low
BB_0141,A_pos,group_O_neg_emergency,10,254.7,21.990149309785654,197.6,144.1,16.000999999999998,42,16.934146373239873,21.990149309785654,own_history,197.6,0.26785714285714285,36.3,291.0,93.4,93.4,0.0,Low,Moderate
BB_0141,A_pos,packed_RBC,1,238.0,,199.0,151.0,5.53,42,15.974157533973031,15.974157533973031,pooled_blood_group_product,199.0,0.26785714285714285,26.4,264.4,65.4,65.4,0.0,Low,Low
BB_0141,A_pos,platelet_concentrate,1,264.0,,222.0,132.0,18.02,5,15.570295650182972,15.570295650182972,pooled_blood_group_product,222.0,0.26785714285714285,25.7,289.7,67.7,67.7,0.0,Low,Moderate
BB_0141,B_pos,cryoprecipitate,1,250.0,,210.0,140.0,5.24,365,15.142364873820988,15.142364873820988,pooled_blood_group_product,210.0,0.26785714285714285,25.0,275.0,65.0,65.0,0.0,Low,Low
BB_0141,B_pos,group_O_neg_emergency,2,252.5,7.7781745930520225,201.5,141.5,17.605,42,15.327786820822924,15.327786820822924,pooled_blood_group_product,201.5,0.26785714285714285,25.3,277.8,76.3,76.3,0.0,Low,Moderate
BB_0141,B_pos,packed_RBC,1,246.0,,181.0,116.0,22.1,42,15.425681398117081,15.425681398117081,pooled_blood_group_product,181.0,0.26785714285714285,25.5,271.5,90.5,90.5,0.0,Low,High
BB_0141,B_pos,platelet_concentrate,1,250.0,,211.0,191.0,15.17,5,15.918915219368015,15.918915219368015,pooled_blood_group_product,211.0,0.26785714285714285,26.3,276.3,65.3,65.3,0.0,Low,Moderate
BB_0141,B_pos,whole_blood,1,240.0,,209.0,122.0,10.53,42,15.616055501636811,15.616055501636811,pooled_blood_group_product,209.0,0.26785714285714285,25.8,265.8,56.8,56.8,0.0,Low,Low
BB_0141,O_neg,whole_blood,1,235.0,,214.0,144.0,15.42,42,15.177301566829424,15.177301566829424,pooled_blood_group_product,214.0,0.26785714285714285,25.0,260.0,46.0,46.0,0.0,Low,Moderate
BB_0141,O_pos,cryoprecipitate,6,251.5,19.39845354661036,198.0,146.16666666666666,15.396666666666667,365,15.956259435791292,19.39845354661036,own_history,198.0,0.26785714285714285,32.0,283.5,85.5,85.5,0.0,Low,Moderate
BB_0141,O_pos,fresh_frozen_plasma,2,248.5,7.7781745930520225,221.0,161.5,12.29,365,16.129072159319048,16.129072159319048,pooled_blood_group_product,221.0,0.26785714285714285,26.6,275.1,54.1,54.1,0.0,Low,Low
BB_0141,O_pos,group_O_neg_emergency,4,256.0,14.023789311975086,193.75,142.0,12.84,42,15.59947653940603,15.59947653940603,pooled_blood_group_product,193.75,0.26785714285714285,25.7,281.7,87.9,87.9,0.0,Low,Low
BB_0141,O_pos,packed_RBC,5,255.4,21.279097725232617,201.8,140.8,19.580000000000002,42,16.220879283084294,21.279097725232617,own_history,201.8,0.26785714285714285,35.1,290.5,88.7,88.7,0.0,Low,High
BB_0141,O_pos,platelet_concentrate,4,252.25,7.675719293112967,203.0,123.5,20.6175,5,15.814220480272407,15.814220480272407,pooled_blood_group_product,203.0,0.26785714285714285,26.1,278.4,75.4,75.4,0.0,Low,High
BB_0141,O_pos,whole_blood,8,260.625,19.15304899263525,202.625,138.5,19.9675,42,15.320728507460478,19.15304899263525,own_history,202.625,0.26785714285714285,31.6,292.2,89.6,89.6,0.0,Low,High
BB_0142,AB_neg,fresh_frozen_plasma,1,243.0,,229.0,131.0,14.85,365,18.018509002319437,18.018509002319437,pooled_blood_group_product,229.0,0.2,29.7,272.7,43.7,43.7,0.0,Low,Moderate
BB_0142,AB_pos,cryoprecipitate,1,283.0,,206.0,123.0,30.1,365,16.64565006228281,16.64565006228281,pooled_blood_group_product,206.0,0.2,27.5,310.5,104.5,104.5,0.0,Low,Moderate
BB_0142,AB_pos,fresh_frozen_plasma,1,245.0,,201.0,130.0,7.96,365,15.529870914464443,15.529870914464443,pooled_blood_group_product,201.0,0.2,25.6,270.6,69.6,69.6,0.0,Low,Low
BB_0142,AB_pos,platelet_concentrate,1,219.0,,168.0,120.0,10.12,5,14.27616380960629,14.27616380960629,pooled_blood_group_product,168.0,0.2,23.6,242.6,74.6,74.6,0.0,Low,Low
BB_0142,AB_pos,whole_blood,1,233.0,,185.0,114.0,28.11,42,13.606168437472475,13.606168437472475,pooled_blood_group_product,185.0,0.2,22.5,255.5,70.5,70.5,0.0,Low,High
BB_0142,A_neg,packed_RBC,1,257.0,,207.0,136.0,16.91,42,14.982321915176227,14.982321915176227,pooled_blood_group_product,207.0,0.2,24.7,281.7,74.7,74.7,0.0,Low,Moderate
BB_0142,A_pos,cryoprecipitate,3,263.3333333333333,14.977761292440645,187.33333333333334,154.0,16.94333333333333,365,15.986014398875405,15.986014398875405,pooled_blood_group_product,187.33333333333334,0.2,26.4,289.7,102.4,102.4,0.0,Low,Moderate
BB_0142,A_pos,fresh_frozen_plasma,7,245.71428571428572,10.641338977689568,201.14285714285714,155.57142857142858,13.141428571428571,365,15.175972252331889,10.641338977689568,own_history,201.14285714285714,0.2,17.6,263.3,62.2,62.2,0.0,Low,Low
BB_0142,A_pos,group_O_neg_emergency,2,241.0,0.0,206.5,127.5,14.685,42,16.934146373239873,16.934146373239873,pooled_blood_group_product,206.5,0.2,27.9,268.9,62.4,62.4,0.0,Low,Moderate
BB_0142,A_pos,packed_RBC,3,227.66666666666666,18.036999011291577,204.66666666666666,128.0,17.66,42,15.974157533973031,15.974157533973031,pooled_blood_group_product,204.66666666666666,0.2,26.4,254.1,49.4,49.4,0.0,Low,Moderate
BB_0142,A_pos,platelet_concentrate,4,247.0,17.262676501632072,198.0,148.75,17.884999999999998,5,15.570295650182972,15.570295650182972,pooled_blood_group_product,198.0,0.2,25.7,272.7,74.7,74.7,0.0,Low,Moderate
BB_0142,A_pos,whole_blood,5,254.0,18.23458252881047,202.0,152.4,18.657999999999998,42,16.26859652330014,18.23458252881047,own_history,202.0,0.2,30.1,284.1,82.1,82.1,0.0,Low,Moderate
BB_0142,B_neg,cryoprecipitate,1,258.0,,182.0,149.0,12.09,365,14.855008056807502,14.855008056807502,pooled_blood_group_product,182.0,0.2,24.5,282.5,100.5,100.5,0.0,Low,Low
BB_0142,B_neg,group_O_neg_emergency,1,233.0,,210.0,108.0,23.33,42,16.421857975114715,16.421857975114715,pooled_blood_group_product,210.0,0.2,27.1,260.1,50.1,50.1,0.0,Low,High
BB_0142,B_neg,packed_RBC,1,248.0,,181.0,144.0,17.13,42,17.510386528104863,17.510386528104863,pooled_blood_group_product,181.0,0.2,28.9,276.9,95.9,95.9,0.0,Low,Moderate
BB_0142,B_neg,whole_blood,1,225.0,,189.0,131.0,12.7,42,14.346963359011946,14.346963359011946,pooled_blood_group_product,189.0,0.2,23.7,248.7,59.7,59.7,0.0,Low,Low
BB_0142,B_pos,cryoprecipitate,3,228.0,5.5677643628300215,210.66666666666666,148.66666666666666,13.503333333333332,365,15.142364873820988,15.142364873820988,pooled_blood_group_product,210.66666666666666,0.2,25.0,253.0,42.3,42.3,0.0,Low,Low
BB_0142,B_pos,fresh_frozen_plasma,1,213.0,,198.0,113.0,13.64,365,15.753623140581702,15.753623140581702,pooled_blood_group_product,198.0,0.2,26.0,239.0,41.0,41.0,0.0,Low,Low
BB_0142,B_pos,packed_RBC,1,268.0,,221.0,166.0,18.55,42,15.425681398117081,15.425681398117081,pooled_blood_group_product,221.0,0.2,25.5,293.5,72.5,72.5,0.0,Low,Moderate
BB_0142,B_pos,platelet_concentrate,1,243.0,,193.0,134.0,15.03,5,15.918915219368015,15.918915219368015,pooled_blood_group_product,193.0,0.2,26.3,269.3,76.3,76.3,0.0,Low,Moderate
BB_0142,B_pos,whole_blood,1,234.0,,214.0,174.0,8.88,42,15.616055501636811,15.616055501636811,pooled_blood_group_product,214.0,0.2,25.8,259.8,45.8,45.8,0.0,Low,Low
BB_0142,O_neg,cryoprecipitate,1,228.0,,201.0,134.0,31.34,365,16.832005704612282,16.832005704612282,pooled_blood_group_product,201.0,0.2,27.8,255.8,54.8,54.8,0.0,Low,Moderate
BB_0142,O_neg,fresh_frozen_plasma,1,279.0,,194.0,134.0,17.53,365,14.714175377770642,14.714175377770642,pooled_blood_group_product,194.0,0.2,24.3,303.3,109.3,109.3,0.0,Low,Moderate
BB_0142,O_neg,packed_RBC,1,232.0,,215.0,134.0,14.42,42,16.675768019539497,16.675768019539497,pooled_blood_group_product,215.0,0.2,27.5,259.5,44.5,44.5,0.0,Low,Moderate
BB_0142,O_neg,platelet_concentrate,1,222.0,,212.0,140.0,20.28,5,16.930706830055033,16.930706830055033,pooled_blood_group_product,212.0,0.2,27.9,249.9,37.9,37.9,0.0,Low,High
BB_0142,O_pos,cryoprecipitate,6,252.83333333333334,7.139094246938234,209.33333333333334,126.5,14.61,365,15.956259435791292,7.139094246938234,own_history,209.33333333333334,0.2,11.8,264.6,55.3,55.3,0.0,Low,Moderate
BB_0142,O_pos,fresh_frozen_plasma,7,251.71428571428572,13.707835784862683,201.85714285714286,156.0,16.86,365,16.129072159319048,13.707835784862683,own_history,201.85714285714286,0.2,22.6,274.3,72.4,72.4,0.0,Low,Moderate
BB_0142,O_pos,group_O_neg_emergency,5,241.0,8.366600265340752,204.8,131.6,16.625999999999998,42,15.59947653940603,8.366600265340752,own_history,204.8,0.2,13.8,254.8,50.0,50.0,0.0,Low,Moderate
BB_0142,O_pos,packed_RBC,6,252.66666666666666,16.74116682512503,204.0,146.66666666666666,17.21666666666667,42,16.220879283084294,16.74116682512503,own_history,204.0,0.2,27.6,280.3,76.3,76.3,0.0,Low,Moderate
BB_0142,O_pos,platelet_concentrate,8,248.125,12.744046228953902,197.875,134.25,20.38375,5,15.814220480272407,12.744046228953902,own_history,197.875,0.2,21.0,269.1,71.2,71.2,0.0,Low,High
BB_0142,O_pos,whole_blood,3,252.33333333333334,8.621678104251712,192.66666666666666,134.0,17.49,42,15.320728507460478,15.320728507460478,pooled_blood_group_product,192.66666666666666,0.2,25.3,277.6,84.9,84.9,0.0,Low,Moderate
BB_0143,AB_pos,fresh_frozen_plasma,1,239.0,,212.0,164.0,15.57,365,15.529870914464443,15.529870914464443,pooled_blood_group_product,212.0,0.24,25.6,264.6,52.6,52.6,0.0,Low,Moderate
BB_0143,AB_pos,packed_RBC,1,238.0,,191.0,152.0,20.42,42,17.421402900877148,17.421402900877148,pooled_blood_group_product,191.0,0.24,28.7,266.7,75.7,75.7,0.0,Low,High
BB_0143,A_pos,cryoprecipitate,1,227.0,,199.0,145.0,26.63,365,15.986014398875405,15.986014398875405,pooled_blood_group_product,199.0,0.24,26.4,253.4,54.4,54.4,0.0,Low,Moderate
BB_0143,A_pos,fresh_frozen_plasma,5,255.0,13.114877048603999,200.8,120.6,14.963999999999999,365,15.175972252331889,13.114877048603999,own_history,200.8,0.24,21.6,276.6,75.8,75.8,0.0,Low,Moderate
BB_0143,A_pos,group_O_neg_emergency,4,245.0,12.192894105447925,196.5,127.0,17.35,42,16.934146373239873,16.934146373239873,pooled_blood_group_product,196.5,0.24,27.9,272.9,76.4,76.4,0.0,Low,Moderate
BB_0143,A_pos,packed_RBC,3,241.0,11.532562594670797,201.33333333333334,137.33333333333334,15.116666666666667,42,15.974157533973031,15.974157533973031,pooled_blood_group_product,201.33333333333334,0.24,26.4,267.4,66.1,66.1,0.0,Low,Moderate
BB_0143,A_pos,platelet_concentrate,2,253.0,14.142135623730951,200.5,136.0,20.995,5,15.570295650182972,15.570295650182972,pooled_blood_group_product,200.5,0.24,25.7,278.7,78.2,78.2,0.0,Low,High
BB_0143,A_pos,whole_blood,2,265.5,21.920310216782973,202.0,152.0,21.105,42,16.26859652330014,16.26859652330014,pooled_blood_group_product,202.0,0.24,26.8,292.3,90.3,90.3,0.0,Low,High
BB_0143,B_neg,packed_RBC,1,215.0,,200.0,123.0,8.5,42,17.510386528104863,17.510386528104863,pooled_blood_group_product,200.0,0.24,28.9,243.9,43.9,43.9,0.0,Low,Low
BB_0143,B_pos,cryoprecipitate,6,247.0,5.656854249492381,203.83333333333334,137.33333333333334,16.62,365,15.142364873820988,5.656854249492381,own_history,203.83333333333334,0.24,9.3,256.3,52.5,52.5,0.0,Low,Moderate
BB_0143,B_pos,fresh_frozen_plasma,1,242.0,,179.0,164.0,11.73,365,15.753623140581702,15.753623140581702,pooled_blood_group_product,179.0,0.24,26.0,268.0,89.0,89.0,0.0,Low,Low
BB_0143,B_pos,group_O_neg_emergency,4,254.25,15.173990905493525,199.25,141.25,18.295,42,15.327786820822924,15.327786820822924,pooled_blood_group_product,199.25,0.24,25.3,279.6,80.4,80.4,0.0,Low,Moderate
BB_0143,B_pos,packed_RBC,3,245.66666666666666,13.650396819628844,202.0,158.33333333333334,14.026666666666666,42,15.425681398117081,15.425681398117081,pooled_blood_group_product,202.0,0.24,25.5,271.2,69.2,69.2,0.0,Low,Moderate
BB_0143,B_pos,platelet_concentrate,3,232.0,14.730919862656235,192.0,144.33333333333334,17.493333333333336,5,15.918915219368015,15.918915219368015,pooled_blood_group_product,192.0,0.24,26.3,258.3,66.3,66.3,0.0,Low,Moderate
BB_0143,B_pos,whole_blood,3,244.0,8.18535277187245,188.33333333333334,128.0,15.229999999999999,42,15.616055501636811,15.616055501636811,pooled_blood_group_product,188.33333333333334,0.24,25.8,269.8,81.5,81.5,0.0,Low,Moderate
BB_0143,O_neg,group_O_neg_emergency,2,241.5,19.091883092036785,196.5,126.5,16.39,42,15.737583585569908,15.737583585569908,pooled_blood_group_product,196.5,0.24,26.0,267.5,71.0,71.0,0.0,Low,Moderate
BB_0143,O_neg,packed_RBC,3,229.0,11.357816691600547,195.0,141.0,15.633333333333335,42,16.675768019539497,16.675768019539497,pooled_blood_group_product,195.0,0.24,27.5,256.5,61.5,61.5,0.0,Low,Moderate
BB_0143,O_neg,platelet_concentrate,1,230.0,,194.0,126.0,5.67,5,16.930706830055033,16.930706830055033,pooled_blood_group_product,194.0,0.24,27.9,257.9,63.9,63.9,0.0,Low,Low
BB_0143,O_pos,cryoprecipitate,9,256.6666666666667,21.51743479135001,201.0,137.33333333333334,17.142222222222223,365,15.956259435791292,21.51743479135001,own_history,201.0,0.24,35.5,292.2,91.2,91.2,0.0,Low,Moderate
BB_0143,O_pos,fresh_frozen_plasma,2,231.5,0.7071067811865476,200.0,142.5,13.96,365,16.129072159319048,16.129072159319048,pooled_blood_group_product,200.0,0.24,26.6,258.1,58.1,58.1,0.0,Low,Moderate
BB_0143,O_pos,group_O_neg_emergency,1,238.0,,189.0,186.0,19.05,42,15.59947653940603,15.59947653940603,pooled_blood_group_product,189.0,0.24,25.7,263.7,74.7,74.7,0.0,Low,High
BB_0143,O_pos,packed_RBC,7,255.14285714285714,15.741966961263886,200.71428571428572,124.71428571428571,20.021428571428572,42,16.220879283084294,15.741966961263886,own_history,200.71428571428572,0.24,26.0,281.1,80.4,80.4,0.0,Low,High
BB_0143,O_pos,platelet_concentrate,4,250.0,25.152865973217974,195.75,160.25,11.7875,5,15.814220480272407,15.814220480272407,pooled_blood_group_product,195.75,0.24,26.1,276.1,80.4,80.4,0.0,Low,Low
BB_0143,O_pos,whole_blood,6,254.33333333333334,16.045767874011723,197.83333333333334,142.33333333333334,21.39833333333333,42,15.320728507460478,16.045767874011723,own_history,197.83333333333334,0.24,26.5,280.8,83.0,83.0,0.0,Low,High
BB_0144,AB_neg,whole_blood,1,237.0,,195.0,143.0,21.03,42,17.64053303608203,17.64053303608203,pooled_blood_group_product,195.0,0.25,29.1,266.1,71.1,71.1,0.0,Low,High
BB_0144,AB_pos,platelet_concentrate,1,257.0,,220.0,156.0,18.18,5,14.27616380960629,14.27616380960629,pooled_blood_group_product,220.0,0.25,23.6,280.6,60.6,60.6,0.0,Low,Moderate
BB_0144,A_pos,cryoprecipitate,3,250.66666666666666,3.0550504633038904,207.33333333333334,134.0,18.82,365,15.986014398875405,15.986014398875405,pooled_blood_group_product,207.33333333333334,0.25,26.4,277.1,69.8,69.8,0.0,Low,Moderate
BB_0144,A_pos,fresh_frozen_plasma,2,246.0,4.242640687119285,196.0,109.5,13.01,365,15.175972252331889,15.175972252331889,pooled_blood_group_product,196.0,0.25,25.0,271.0,75.0,75.0,0.0,Low,Low
BB_0144,A_pos,group_O_neg_emergency,3,254.0,13.856406460551018,204.66666666666666,138.0,15.293333333333335,42,16.934146373239873,16.934146373239873,pooled_blood_group_product,204.66666666666666,0.25,27.9,281.9,77.2,77.2,0.0,Low,Moderate
BB_0144,A_pos,packed_RBC,1,216.0,,211.0,120.0,19.91,42,15.974157533973031,15.974157533973031,pooled_blood_group_product,211.0,0.25,26.4,242.4,31.4,31.4,0.0,Low,High
BB_0144,A_pos,platelet_concentrate,1,241.0,,189.0,136.0,23.28,5,15.570295650182972,15.570295650182972,pooled_blood_group_product,189.0,0.25,25.7,266.7,77.7,77.7,0.0,Low,High
BB_0144,A_pos,whole_blood,4,244.25,27.980648074457935,211.75,136.25,13.344999999999999,42,16.26859652330014,16.26859652330014,pooled_blood_group_product,211.75,0.25,26.8,271.0,59.2,59.2,0.0,Low,Low
BB_0144,B_neg,platelet_concentrate,1,251.0,,202.0,166.0,14.85,5,15.063664178898293,15.063664178898293,pooled_blood_group_product,202.0,0.25,24.9,275.9,73.9,73.9,0.0,Low,Moderate
BB_0144,B_pos,cryoprecipitate,4,250.0,5.944184833375671,192.5,144.25,12.5525,365,15.142364873820988,15.142364873820988,pooled_blood_group_product,192.5,0.25,25.0,275.0,82.5,82.5,0.0,Low,Low
BB_0144,B_pos,fresh_frozen_plasma,1,253.0,,204.0,150.0,22.06,365,15.753623140581702,15.753623140581702,pooled_blood_group_product,204.0,0.25,26.0,279.0,75.0,75.0,0.0,Low,Moderate
BB_0144,B_pos,group_O_neg_emergency,2,271.0,8.48528137423857,188.0,108.0,17.33,42,15.327786820822924,15.327786820822924,pooled_blood_group_product,188.0,0.25,25.3,296.3,108.3,108.3,0.0,Low,Moderate
BB_0144,B_pos,packed_RBC,3,256.3333333333333,14.189197769195182,190.66666666666666,145.0,16.49,42,15.425681398117081,15.425681398117081,pooled_blood_group_product,190.66666666666666,0.25,25.5,281.8,91.1,91.1,0.0,Low,Moderate
BB_0144,B_pos,platelet_concentrate,2,254.5,6.363961030678928,195.0,147.5,21.015,5,15.918915219368015,15.918915219368015,pooled_blood_group_product,195.0,0.25,26.3,280.8,85.8,85.8,0.0,Low,High
BB_0144,B_pos,whole_blood,2,252.0,8.48528137423857,200.0,134.5,12.885,42,15.616055501636811,15.616055501636811,pooled_blood_group_product,200.0,0.25,25.8,277.8,77.8,77.8,0.0,Low,Low
BB_0144,O_neg,packed_RBC,1,223.0,,198.0,141.0,21.72,42,16.675768019539497,16.675768019539497,pooled_blood_group_product,198.0,0.25,27.5,250.5,52.5,52.5,0.0,Low,High
BB_0144,O_pos,cryoprecipitate,5,265.4,14.415269681833916,191.4,141.8,18.46,365,15.956259435791292,14.415269681833916,own_history,191.4,0.25,23.8,289.2,97.8,97.8,0.0,Low,Moderate
BB_0144,O_pos,fresh_frozen_plasma,2,250.0,11.313708498984761,205.5,146.0,11.865,365,16.129072159319048,16.129072159319048,pooled_blood_group_product,205.5,0.25,26.6,276.6,71.1,71.1,0.0,Low,Low
BB_0144,O_pos,group_O_neg_emergency,3,248.0,24.06241883103193,181.33333333333334,135.66666666666666,21.153333333333332,42,15.59947653940603,15.59947653940603,pooled_blood_group_product,181.33333333333334,0.25,25.7,273.7,92.4,92.4,0.0,Low,High
BB_0144,O_pos,packed_RBC,3,257.0,13.892443989449804,196.33333333333334,120.33333333333333,17.38,42,16.220879283084294,16.220879283084294,pooled_blood_group_product,196.33333333333334,0.25,26.8,283.8,87.5,87.5,0.0,Low,Moderate
BB_0144,O_pos,platelet_concentrate,5,258.0,10.271319292087073,198.6,142.0,17.351999999999997,5,15.814220480272407,10.271319292087073,own_history,198.6,0.25,16.9,274.9,76.3,76.3,0.0,Low,Moderate
BB_0144,O_pos,whole_blood,6,247.5,12.012493496356202,201.33333333333334,152.16666666666666,16.599999999999998,42,15.320728507460478,12.012493496356202,own_history,201.33333333333334,0.25,19.8,267.3,66.0,66.0,0.0,Low,Moderate
BB_0145,AB_neg,cryoprecipitate,1,247.0,,190.0,170.0,12.11,365,13.13504517558679,13.13504517558679,pooled_blood_group_product,190.0,0.22388059701492538,21.7,268.7,78.7,78.7,0.0,Low,Low
BB_0145,AB_neg,group_O_neg_emergency,1,243.0,,189.0,106.0,6.88,42,14.768157012249755,14.768157012249755,pooled_blood_group_product,189.0,0.22388059701492538,24.4,267.4,78.4,78.4,0.0,Low,Low
BB_0145,AB_pos,platelet_concentrate,1,260.0,,215.0,126.0,13.02,5,14.27616380960629,14.27616380960629,pooled_blood_group_product,215.0,0.22388059701492538,23.6,283.6,68.6,68.6,0.0,Low,Low
BB_0145,AB_pos,whole_blood,1,237.0,,205.0,158.0,23.9,42,13.606168437472475,13.606168437472475,pooled_blood_group_product,205.0,0.22388059701492538,22.5,259.5,54.5,54.5,0.0,Low,High
BB_0145,A_neg,group_O_neg_emergency,1,243.0,,195.0,143.0,28.72,42,15.275919791953486,15.275919791953486,pooled_blood_group_product,195.0,0.22388059701492538,25.2,268.2,73.2,73.2,0.0,Low,High
BB_0145,A_pos,cryoprecipitate,3,243.33333333333334,6.658328118479395,180.0,129.0,20.176666666666666,365,15.986014398875405,15.986014398875405,pooled_blood_group_product,180.0,0.22388059701492538,26.4,269.7,89.7,89.7,0.0,Low,Moderate
BB_0145,A_pos,fresh_frozen_plasma,1,252.0,,196.0,158.0,22.45,365,15.175972252331889,15.175972252331889,pooled_blood_group_product,196.0,0.22388059701492538,25.0,277.0,81.0,81.0,0.0,Low,Moderate
BB_0145,A_pos,packed_RBC,3,253.0,13.0,195.66666666666666,162.0,12.313333333333333,42,15.974157533973031,15.974157533973031,pooled_blood_group_product,195.66666666666666,0.22388059701492538,26.4,279.4,83.7,83.7,0.0,Low,Low
BB_0145,A_pos,platelet_concentrate,3,257.3333333333333,11.50362261782493,204.66666666666666,127.66666666666667,20.786666666666665,5,15.570295650182972,15.570295650182972,pooled_blood_group_product,204.66666666666666,0.22388059701492538,25.7,283.0,78.3,78.3,0.0,Low,High
BB_0145,A_pos,whole_blood,3,264.3333333333333,6.506407098647712,210.33333333333334,156.0,21.50666666666667,42,16.26859652330014,16.26859652330014,pooled_blood_group_product,210.33333333333334,0.22388059701492538,26.8,291.1,80.8,80.8,0.0,Low,High
BB_0145,B_neg,group_O_neg_emergency,1,251.0,,195.0,150.0,23.59,42,16.421857975114715,16.421857975114715,pooled_blood_group_product,195.0,0.22388059701492538,27.1,278.1,83.1,83.1,0.0,Low,High
BB_0145,B_pos,cryoprecipitate,1,264.0,,203.0,153.0,25.12,365,15.142364873820988,15.142364873820988,pooled_blood_group_product,203.0,0.22388059701492538,25.0,289.0,86.0,86.0,0.0,Low,Moderate
BB_0145,B_pos,fresh_frozen_plasma,1,249.0,,196.0,161.0,17.35,365,15.753623140581702,15.753623140581702,pooled_blood_group_product,196.0,0.22388059701492538,26.0,275.0,79.0,79.0,0.0,Low,Moderate
BB_0145,B_pos,group_O_neg_emergency,4,252.75,9.912113800799501,212.0,148.25,13.6375,42,15.327786820822924,15.327786820822924,pooled_blood_group_product,212.0,0.22388059701492538,25.3,278.0,66.0,66.0,0.0,Low,Low
BB_0145,B_pos,packed_RBC,2,243.5,0.7071067811865476,203.5,141.0,20.119999999999997,42,15.425681398117081,15.425681398117081,pooled_blood_group_product,203.5,0.22388059701492538,25.5,269.0,65.5,65.5,0.0,Low,High
BB_0145,B_pos,platelet_concentrate,3,253.0,2.6457513110645907,197.33333333333334,146.33333333333334,20.28,5,15.918915219368015,15.918915219368015,pooled_blood_group_product,197.33333333333334,0.22388059701492538,26.3,279.3,82.0,82.0,0.0,Low,High
BB_0145,O_neg,packed_RBC,1,209.0,,233.0,109.0,10.3,42,16.675768019539497,16.675768019539497,pooled_blood_group_product,233.0,0.22388059701492538,27.5,236.5,3.5,3.5,0.0,Low,Low
BB_0145,O_neg,whole_blood,2,251.5,2.1213203435596424,218.0,155.0,18.615000000000002,42,15.177301566829424,15.177301566829424,pooled_blood_group_product,218.0,0.22388059701492538,25.0,276.5,58.5,58.5,0.0,Low,Moderate
BB_0145,O_pos,cryoprecipitate,4,243.25,9.358596760910972,198.0,138.75,19.490000000000002,365,15.956259435791292,15.956259435791292,pooled_blood_group_product,198.0,0.22388059701492538,26.3,269.6,71.6,71.6,0.0,Low,Moderate
BB_0145,O_pos,fresh_frozen_plasma,5,242.4,16.41036257978476,198.6,151.8,15.956,365,16.129072159319048,16.41036257978476,own_history,198.6,0.22388059701492538,27.1,269.5,70.9,70.9,0.0,Low,Moderate
BB_0145,O_pos,group_O_neg_emergency,5,260.4,5.727128425310535,191.2,146.8,15.374,42,15.59947653940603,5.727128425310535,own_history,191.2,0.22388059701492538,9.4,269.8,78.6,78.6,0.0,Low,Moderate
BB_0145,O_pos,packed_RBC,7,245.85714285714286,21.728848500158886,195.71428571428572,137.0,17.894285714285715,42,16.220879283084294,21.728848500158886,own_history,195.71428571428572,0.22388059701492538,35.9,281.8,86.1,86.1,0.0,Low,Moderate
BB_0145,O_pos,platelet_concentrate,8,257.125,13.881513914967222,198.0,143.875,15.58375,5,15.814220480272407,13.881513914967222,own_history,198.0,0.22388059701492538,22.9,280.0,82.0,82.0,0.0,Low,Moderate
BB_0145,O_pos,whole_blood,5,251.8,26.109385285755007,182.0,129.2,18.762,42,15.320728507460478,26.109385285755007,own_history,182.0,0.22388059701492538,43.1,294.9,112.9,112.9,0.0,Low,Moderate
BB_0146,AB_pos,cryoprecipitate,1,263.0,,217.0,173.0,21.2,365,16.64565006228281,16.64565006228281,pooled_blood_group_product,217.0,0.18181818181818182,27.5,290.5,73.5,73.5,0.0,Low,Moderate
BB_0146,AB_pos,platelet_concentrate,1,255.0,,231.0,128.0,16.88,5,14.27616380960629,14.27616380960629,pooled_blood_group_product,231.0,0.18181818181818182,23.6,278.6,47.6,47.6,0.0,Low,Moderate
BB_0146,AB_pos,whole_blood,2,239.0,5.656854249492381,188.5,119.0,11.415,42,13.606168437472475,13.606168437472475,pooled_blood_group_product,188.5,0.18181818181818182,22.5,261.5,73.0,73.0,0.0,Low,Low
BB_0146,A_neg,platelet_concentrate,1,230.0,,193.0,169.0,19.69,5,15.26163614252437,15.26163614252437,pooled_blood_group_product,193.0,0.18181818181818182,25.2,255.2,62.2,62.2,0.0,Low,High
BB_0146,A_pos,cryoprecipitate,3,284.3333333333333,4.1633319989322635,180.33333333333334,130.0,15.866666666666667,365,15.986014398875405,15.986014398875405,pooled_blood_group_product,180.33333333333334,0.18181818181818182,26.4,310.7,130.4,130.4,0.0,Low,Moderate
BB_0146,A_pos,fresh_frozen_plasma,1,253.0,,204.0,143.0,17.16,365,15.175972252331889,15.175972252331889,pooled_blood_group_product,204.0,0.18181818181818182,25.0,278.0,74.0,74.0,0.0,Low,Moderate
BB_0146,A_pos,group_O_neg_emergency,7,254.85714285714286,21.828334578620293,210.57142857142858,156.14285714285714,13.958571428571428,42,16.934146373239873,21.828334578620293,own_history,210.57142857142858,0.18181818181818182,36.0,290.9,80.3,80.3,0.0,Low,Moderate
BB_0146,A_pos,packed_RBC,1,239.0,,191.0,156.0,12.04,42,15.974157533973031,15.974157533973031,pooled_blood_group_product,191.0,0.18181818181818182,26.4,265.4,74.4,74.4,0.0,Low,Low
BB_0146,A_pos,platelet_concentrate,1,270.0,,189.0,119.0,12.17,5,15.570295650182972,15.570295650182972,pooled_blood_group_product,189.0,0.18181818181818182,25.7,295.7,106.7,106.7,0.0,Low,Low
BB_0146,A_pos,whole_blood,1,245.0,,192.0,129.0,14.58,42,16.26859652330014,16.26859652330014,pooled_blood_group_product,192.0,0.18181818181818182,26.8,271.8,79.8,79.8,0.0,Low,Moderate
BB_0146,B_pos,cryoprecipitate,1,262.0,,184.0,167.0,13.04,365,15.142364873820988,15.142364873820988,pooled_blood_group_product,184.0,0.18181818181818182,25.0,287.0,103.0,103.0,0.0,Low,Low
BB_0146,B_pos,fresh_frozen_plasma,4,246.0,26.08958923913266,203.0,153.25,18.04,365,15.753623140581702,15.753623140581702,pooled_blood_group_product,203.0,0.18181818181818182,26.0,272.0,69.0,69.0,0.0,Low,Moderate
BB_0146,B_pos,group_O_neg_emergency,5,248.4,10.382677881933926,204.4,142.4,13.524000000000001,42,15.327786820822924,10.382677881933926,own_history,204.4,0.18181818181818182,17.1,265.5,61.1,61.1,0.0,Low,Low
BB_0146,B_pos,packed_RBC,3,248.0,9.539392014169456,197.66666666666666,146.66666666666666,12.963333333333333,42,15.425681398117081,15.425681398117081,pooled_blood_group_product,197.66666666666666,0.18181818181818182,25.5,273.5,75.8,75.8,0.0,Low,Low
BB_0146,B_pos,platelet_concentrate,1,234.0,,203.0,98.0,13.79,5,15.918915219368015,15.918915219368015,pooled_blood_group_product,203.0,0.18181818181818182,26.3,260.3,57.3,57.3,0.0,Low,Low
BB_0146,B_pos,whole_blood,3,248.0,4.358898943540674,194.0,147.66666666666666,16.456666666666667,42,15.616055501636811,15.616055501636811,pooled_blood_group_product,194.0,0.18181818181818182,25.8,273.8,79.8,79.8,0.0,Low,Moderate
BB_0146,O_neg,packed_RBC,1,242.0,,207.0,139.0,16.91,42,16.675768019539497,16.675768019539497,pooled_blood_group_product,207.0,0.18181818181818182,27.5,269.5,62.5,62.5,0.0,Low,Moderate
BB_0146,O_neg,whole_blood,1,251.0,,176.0,121.0,18.18,42,15.177301566829424,15.177301566829424,pooled_blood_group_product,176.0,0.18181818181818182,25.0,276.0,100.0,100.0,0.0,Low,Moderate
BB_0146,O_pos,cryoprecipitate,3,256.3333333333333,23.544284515213736,194.33333333333334,150.66666666666666,8.343333333333334,365,15.956259435791292,15.956259435791292,pooled_blood_group_product,194.33333333333334,0.18181818181818182,26.3,282.6,88.3,88.3,0.0,Low,Low
BB_0146,O_pos,fresh_frozen_plasma,7,248.57142857142858,22.933651714290527,205.0,160.85714285714286,19.63,365,16.129072159319048,22.933651714290527,own_history,205.0,0.18181818181818182,37.8,286.4,81.4,81.4,0.0,Low,Moderate
BB_0146,O_pos,group_O_neg_emergency,6,245.0,13.870832707519762,188.5,131.66666666666666,17.69333333333333,42,15.59947653940603,13.870832707519762,own_history,188.5,0.18181818181818182,22.9,267.9,79.4,79.4,0.0,Low,Moderate
BB_0146,O_pos,packed_RBC,6,247.83333333333334,19.508117968339917,193.5,148.83333333333334,16.661666666666665,42,16.220879283084294,19.508117968339917,own_history,193.5,0.18181818181818182,32.2,280.0,86.5,86.5,0.0,Low,Moderate
BB_0146,O_pos,platelet_concentrate,8,245.5,16.29197874503191,204.75,128.625,18.995,5,15.814220480272407,16.29197874503191,own_history,204.75,0.18181818181818182,26.9,272.4,67.6,67.6,0.0,Low,High
BB_0146,O_pos,whole_blood,9,251.44444444444446,19.64758961750214,195.77777777777777,143.66666666666666,20.837777777777777,42,15.320728507460478,19.64758961750214,own_history,195.77777777777777,0.18181818181818182,32.4,283.8,88.0,88.0,0.0,Low,High
BB_0147,AB_neg,cryoprecipitate,1,261.0,,207.0,133.0,3.38,365,13.13504517558679,13.13504517558679,pooled_blood_group_product,207.0,0.23880597014925373,21.7,282.7,75.7,75.7,0.0,Low,Low
BB_0147,AB_neg,packed_RBC,1,254.0,,194.0,128.0,10.82,42,13.932332543759145,13.932332543759145,pooled_blood_group_product,194.0,0.23880597014925373,23.0,277.0,83.0,83.0,0.0,Low,Low
BB_0147,AB_pos,cryoprecipitate,1,240.0,,205.0,168.0,17.56,365,16.64565006228281,16.64565006228281,pooled_blood_group_product,205.0,0.23880597014925373,27.5,267.5,62.5,62.5,0.0,Low,Moderate
BB_0147,AB_pos,group_O_neg_emergency,1,269.0,,211.0,142.0,13.74,42,16.01343479009551,16.01343479009551,pooled_blood_group_product,211.0,0.23880597014925373,26.4,295.4,84.4,84.4,0.0,Low,Low
BB_0147,A_pos,cryoprecipitate,5,249.0,5.5677643628300215,200.2,134.2,20.15,365,15.986014398875405,5.5677643628300215,own_history,200.2,0.23880597014925373,9.2,258.2,58.0,58.0,0.0,Low,Moderate
BB_0147,A_pos,fresh_frozen_plasma,6,255.16666666666666,13.166877635440635,198.83333333333334,134.0,17.966666666666665,365,15.175972252331889,13.166877635440635,own_history,198.83333333333334,0.23880597014925373,21.7,276.9,78.1,78.1,0.0,Low,Moderate
BB_0147,A_pos,group_O_neg_emergency,4,240.25,16.91892431568863,194.75,145.0,16.1975,42,16.934146373239873,16.934146373239873,pooled_blood_group_product,194.75,0.23880597014925373,27.9,268.2,73.4,73.4,0.0,Low,Moderate
BB_0147,A_pos,packed_RBC,4,258.75,12.148388096094616,192.0,140.25,18.14,42,15.974157533973031,15.974157533973031,pooled_blood_group_product,192.0,0.23880597014925373,26.4,285.2,93.2,93.2,0.0,Low,Moderate
BB_0147,A_pos,platelet_concentrate,4,251.25,16.580611166861935,190.5,149.5,16.125,5,15.570295650182972,15.570295650182972,pooled_blood_group_product,190.5,0.23880597014925373,25.7,277.0,86.5,86.5,0.0,Low,Moderate
BB_0147,A_pos,whole_blood,1,218.0,,173.0,115.0,15.03,42,16.26859652330014,16.26859652330014,pooled_blood_group_product,173.0,0.23880597014925373,26.8,244.8,71.8,71.8,0.0,Low,Moderate
BB_0147,B_neg,group_O_neg_emergency,1,257.0,,224.0,134.0,4.46,42,16.421857975114715,16.421857975114715,pooled_blood_group_product,224.0,0.23880597014925373,27.1,284.1,60.1,60.1,0.0,Low,Low
BB_0147,B_pos,cryoprecipitate,1,268.0,,178.0,102.0,13.48,365,15.142364873820988,15.142364873820988,pooled_blood_group_product,178.0,0.23880597014925373,25.0,293.0,115.0,115.0,0.0,Low,Low
BB_0147,B_pos,fresh_frozen_plasma,2,260.0,14.142135623730951,192.5,159.0,14.92,365,15.753623140581702,15.753623140581702,pooled_blood_group_product,192.5,0.23880597014925373,26.0,286.0,93.5,93.5,0.0,Low,Moderate
BB_0147,B_pos,group_O_neg_emergency,3,239.0,20.518284528683193,201.0,132.33333333333334,14.479999999999999,42,15.327786820822924,15.327786820822924,pooled_blood_group_product,201.0,0.23880597014925373,25.3,264.3,63.3,63.3,0.0,Low,Moderate
BB_0147,B_pos,packed_RBC,1,247.0,,199.0,137.0,9.55,42,15.425681398117081,15.425681398117081,pooled_blood_group_product,199.0,0.23880597014925373,25.5,272.5,73.5,73.5,0.0,Low,Low
BB_0147,B_pos,platelet_concentrate,2,253.0,21.213203435596427,211.5,120.5,11.41,5,15.918915219368015,15.918915219368015,pooled_blood_group_product,211.5,0.23880597014925373,26.3,279.3,67.8,67.8,0.0,Low,Low
BB_0147,O_neg,cryoprecipitate,1,273.0,,212.0,138.0,17.92,365,16.832005704612282,16.832005704612282,pooled_blood_group_product,212.0,0.23880597014925373,27.8,300.8,88.8,88.8,0.0,Low,Moderate
BB_0147,O_neg,group_O_neg_emergency,1,247.0,,221.0,141.0,32.58,42,15.737583585569908,15.737583585569908,pooled_blood_group_product,221.0,0.23880597014925373,26.0,273.0,52.0,52.0,0.0,Low,High
BB_0147,O_neg,packed_RBC,1,282.0,,193.0,102.0,21.24,42,16.675768019539497,16.675768019539497,pooled_blood_group_product,193.0,0.23880597014925373,27.5,309.5,116.5,116.5,0.0,Low,High
BB_0147,O_neg,platelet_concentrate,1,272.0,,221.0,185.0,19.46,5,16.930706830055033,16.930706830055033,pooled_blood_group_product,221.0,0.23880597014925373,27.9,299.9,78.9,78.9,0.0,Low,High
BB_0147,O_pos,cryoprecipitate,6,247.33333333333334,9.287985070329663,194.83333333333334,133.33333333333334,17.418333333333333,365,15.956259435791292,9.287985070329663,own_history,194.83333333333334,0.23880597014925373,15.3,262.6,67.8,67.8,0.0,Low,Moderate
BB_0147,O_pos,fresh_frozen_plasma,5,247.6,18.474306482247176,211.0,152.2,13.580000000000002,365,16.129072159319048,18.474306482247176,own_history,211.0,0.23880597014925373,30.5,278.1,67.1,67.1,0.0,Low,Low
BB_0147,O_pos,group_O_neg_emergency,4,252.0,27.36177382164151,208.75,156.75,18.7125,42,15.59947653940603,15.59947653940603,pooled_blood_group_product,208.75,0.23880597014925373,25.7,277.7,68.9,68.9,0.0,Low,Moderate
BB_0147,O_pos,packed_RBC,4,251.25,12.28481447424692,200.5,126.0,19.845,42,16.220879283084294,16.220879283084294,pooled_blood_group_product,200.5,0.23880597014925373,26.8,278.0,77.5,77.5,0.0,Low,High
BB_0147,O_pos,platelet_concentrate,1,258.0,,219.0,159.0,8.68,5,15.814220480272407,15.814220480272407,pooled_blood_group_product,219.0,0.23880597014925373,26.1,284.1,65.1,65.1,0.0,Low,Low
BB_0147,O_pos,whole_blood,5,237.8,11.861703081766965,184.2,125.0,20.27,42,15.320728507460478,11.861703081766965,own_history,184.2,0.23880597014925373,19.6,257.4,73.2,73.2,0.0,Low,High
BB_0148,AB_neg,whole_blood,1,262.0,,193.0,169.0,12.44,42,17.64053303608203,17.64053303608203,pooled_blood_group_product,193.0,0.265625,29.1,291.1,98.1,98.1,0.0,Low,Low
BB_0148,AB_pos,cryoprecipitate,1,250.0,,193.0,109.0,4.15,365,16.64565006228281,16.64565006228281,pooled_blood_group_product,193.0,0.265625,27.5,277.5,84.5,84.5,0.0,Low,Low
BB_0148,AB_pos,group_O_neg_emergency,1,262.0,,188.0,155.0,6.91,42,16.01343479009551,16.01343479009551,pooled_blood_group_product,188.0,0.265625,26.4,288.4,100.4,100.4,0.0,Low,Low
BB_0148,A_neg,packed_RBC,1,264.0,,197.0,172.0,27.41,42,14.982321915176227,14.982321915176227,pooled_blood_group_product,197.0,0.265625,24.7,288.7,91.7,91.7,0.0,Low,High
BB_0148,A_neg,whole_blood,1,239.0,,198.0,122.0,19.7,42,16.829684030913054,16.829684030913054,pooled_blood_group_product,198.0,0.265625,27.8,266.8,68.8,68.8,0.0,Low,High
BB_0148,A_pos,cryoprecipitate,2,256.0,11.313708498984761,200.5,151.5,17.46,365,15.986014398875405,15.986014398875405,pooled_blood_group_product,200.5,0.265625,26.4,282.4,81.9,81.9,0.0,Low,Moderate
BB_0148,A_pos,fresh_frozen_plasma,2,263.0,7.0710678118654755,196.5,142.5,15.715,365,15.175972252331889,15.175972252331889,pooled_blood_group_product,196.5,0.265625,25.0,288.0,91.5,91.5,0.0,Low,Moderate
BB_0148,A_pos,group_O_neg_emergency,3,227.66666666666666,15.373136743466942,200.0,146.0,16.916666666666668,42,16.934146373239873,16.934146373239873,pooled_blood_group_product,200.0,0.265625,27.9,255.6,55.6,55.6,0.0,Low,Moderate
BB_0148,A_pos,platelet_concentrate,3,260.0,14.177446878757825,201.0,130.0,13.013333333333334,5,15.570295650182972,15.570295650182972,pooled_blood_group_product,201.0,0.265625,25.7,285.7,84.7,84.7,0.0,Low,Low
BB_0148,A_pos,whole_blood,2,244.0,1.4142135623730951,212.5,165.5,11.41,42,16.26859652330014,16.26859652330014,pooled_blood_group_product,212.5,0.265625,26.8,270.8,58.3,58.3,0.0,Low,Low
BB_0148,B_pos,fresh_frozen_plasma,1,220.0,,185.0,147.0,17.84,365,15.753623140581702,15.753623140581702,pooled_blood_group_product,185.0,0.265625,26.0,246.0,61.0,61.0,0.0,Low,Moderate
BB_0148,B_pos,group_O_neg_emergency,1,259.0,,224.0,113.0,15.63,42,15.327786820822924,15.327786820822924,pooled_blood_group_product,224.0,0.265625,25.3,284.3,60.3,60.3,0.0,Low,Moderate
BB_0148,B_pos,packed_RBC,2,255.5,24.748737341529164,199.5,149.5,25.66,42,15.425681398117081,15.425681398117081,pooled_blood_group_product,199.5,0.265625,25.5,281.0,81.5,81.5,0.0,Low,High
BB_0148,B_pos,platelet_concentrate,3,246.66666666666666,26.501572280401277,200.0,141.33333333333334,22.073333333333334,5,15.918915219368015,15.918915219368015,pooled_blood_group_product,200.0,0.265625,26.3,273.0,73.0,73.0,0.0,Low,High
BB_0148,B_pos,whole_blood,4,251.0,19.026297590440443,191.25,141.5,15.072500000000002,42,15.616055501636811,15.616055501636811,pooled_blood_group_product,191.25,0.265625,25.8,276.8,85.6,85.6,0.0,Low,Moderate
BB_0148,O_neg,cryoprecipitate,2,254.0,2.8284271247461903,197.0,127.0,16.555,365,16.832005704612282,16.832005704612282,pooled_blood_group_product,197.0,0.265625,27.8,281.8,84.8,84.8,0.0,Low,Moderate
BB_0148,O_neg,platelet_concentrate,1,254.0,,189.0,135.0,29.1,5,16.930706830055033,16.930706830055033,pooled_blood_group_product,189.0,0.265625,27.9,281.9,92.9,92.9,0.0,Low,High
BB_0148,O_neg,whole_blood,1,231.0,,208.0,124.0,11.54,42,15.177301566829424,15.177301566829424,pooled_blood_group_product,208.0,0.265625,25.0,256.0,48.0,48.0,0.0,Low,Low
BB_0148,O_pos,cryoprecipitate,5,249.6,16.786899654194638,197.4,152.2,19.816,365,15.956259435791292,16.786899654194638,own_history,197.4,0.265625,27.7,277.3,79.9,79.9,0.0,Low,Moderate
BB_0148,O_pos,fresh_frozen_plasma,4,247.0,18.529256146249725,191.5,146.0,16.247500000000002,365,16.129072159319048,16.129072159319048,pooled_blood_group_product,191.5,0.265625,26.6,273.6,82.1,82.1,0.0,Low,Moderate
BB_0148,O_pos,group_O_neg_emergency,9,242.0,12.519984025548906,195.55555555555554,142.77777777777777,13.931111111111111,42,15.59947653940603,12.519984025548906,own_history,195.55555555555554,0.265625,20.7,262.7,67.1,67.1,0.0,Low,Low
BB_0148,O_pos,packed_RBC,3,238.0,8.888194417315589,192.66666666666666,137.33333333333334,16.68,42,16.220879283084294,16.220879283084294,pooled_blood_group_product,192.66666666666666,0.265625,26.8,264.8,72.1,72.1,0.0,Low,Moderate
BB_0148,O_pos,platelet_concentrate,7,253.14285714285714,23.989084819479682,191.14285714285714,134.57142857142858,21.202857142857145,5,15.814220480272407,23.989084819479682,own_history,191.14285714285714,0.265625,39.6,292.7,101.6,101.6,0.0,Low,High
BB_0148,O_pos,whole_blood,4,263.5,18.26654501176035,193.75,140.25,11.7825,42,15.320728507460478,15.320728507460478,pooled_blood_group_product,193.75,0.265625,25.3,288.8,95.1,95.1,0.0,Low,Low
BB_0149,AB_pos,group_O_neg_emergency,1,234.0,,224.0,125.0,13.84,42,16.01343479009551,16.01343479009551,pooled_blood_group_product,224.0,0.19696969696969696,26.4,260.4,36.4,36.4,0.0,Low,Low
BB_0149,A_neg,platelet_concentrate,1,258.0,,216.0,162.0,16.67,5,15.26163614252437,15.26163614252437,pooled_blood_group_product,216.0,0.19696969696969696,25.2,283.2,67.2,67.2,0.0,Low,Moderate
BB_0149,A_pos,cryoprecipitate,2,234.5,12.020815280171307,203.0,166.0,18.875,365,15.986014398875405,15.986014398875405,pooled_blood_group_product,203.0,0.19696969696969696,26.4,260.9,57.9,57.9,0.0,Low,Moderate
BB_0149,A_pos,fresh_frozen_plasma,3,246.0,7.0,196.0,147.33333333333334,20.393333333333334,365,15.175972252331889,15.175972252331889,pooled_blood_group_product,196.0,0.19696969696969696,25.0,271.0,75.0,75.0,0.0,Low,Moderate
BB_0149,A_pos,group_O_neg_emergency,3,264.0,12.767145334803704,203.66666666666666,142.33333333333334,22.866666666666664,42,16.934146373239873,16.934146373239873,pooled_blood_group_product,203.66666666666666,0.19696969696969696,27.9,291.9,88.2,88.2,0.0,Low,High
BB_0149,A_pos,packed_RBC,2,247.0,31.11269837220809,205.5,152.0,17.28,42,15.974157533973031,15.974157533973031,pooled_blood_group_product,205.5,0.19696969696969696,26.4,273.4,67.9,67.9,0.0,Low,Moderate
BB_0149,A_pos,platelet_concentrate,2,257.5,3.5355339059327378,209.0,137.0,14.545,5,15.570295650182972,15.570295650182972,pooled_blood_group_product,209.0,0.19696969696969696,25.7,283.2,74.2,74.2,0.0,Low,Moderate
BB_0149,A_pos,whole_blood,3,247.33333333333334,4.509249752822891,183.33333333333334,122.33333333333333,17.72,42,16.26859652330014,16.26859652330014,pooled_blood_group_product,183.33333333333334,0.19696969696969696,26.8,274.1,90.8,90.8,0.0,Low,Moderate
BB_0149,B_neg,group_O_neg_emergency,2,263.0,16.97056274847714,192.0,157.5,14.205,42,16.421857975114715,16.421857975114715,pooled_blood_group_product,192.0,0.19696969696969696,27.1,290.1,98.1,98.1,0.0,Low,Moderate
BB_0149,B_neg,packed_RBC,2,243.0,14.142135623730951,199.5,148.0,16.36,42,17.510386528104863,17.510386528104863,pooled_blood_group_product,199.5,0.19696969696969696,28.9,271.9,72.4,72.4,0.0,Low,Moderate
BB_0149,B_pos,cryoprecipitate,3,262.6666666666667,6.5064070986477045,201.66666666666666,153.0,17.846666666666668,365,15.142364873820988,15.142364873820988,pooled_blood_group_product,201.66666666666666,0.19696969696969696,25.0,287.7,86.0,86.0,0.0,Low,Moderate
BB_0149,B_pos,fresh_frozen_plasma,4,255.25,26.874709300753377,205.0,152.0,16.365000000000002,365,15.753623140581702,15.753623140581702,pooled_blood_group_product,205.0,0.19696969696969696,26.0,281.2,76.2,76.2,0.0,Low,Moderate
BB_0149,B_pos,group_O_neg_emergency,2,244.5,7.7781745930520225,195.5,141.0,18.55,42,15.327786820822924,15.327786820822924,pooled_blood_group_product,195.5,0.19696969696969696,25.3,269.8,74.3,74.3,0.0,Low,Moderate
BB_0149,B_pos,packed_RBC,3,256.6666666666667,24.664414311581243,190.0,128.66666666666666,19.47,42,15.425681398117081,15.425681398117081,pooled_blood_group_product,190.0,0.19696969696969696,25.5,282.2,92.2,92.2,0.0,Low,High
BB_0149,B_pos,platelet_concentrate,1,262.0,,222.0,167.0,13.06,5,15.918915219368015,15.918915219368015,pooled_blood_group_product,222.0,0.19696969696969696,26.3,288.3,66.3,66.3,0.0,Low,Low
BB_0149,B_pos,whole_blood,2,236.5,10.606601717798213,206.0,130.5,18.57,42,15.616055501636811,15.616055501636811,pooled_blood_group_product,206.0,0.19696969696969696,25.8,262.3,56.3,56.3,0.0,Low,Moderate
BB_0149,O_neg,fresh_frozen_plasma,1,241.0,,200.0,160.0,22.0,365,14.714175377770642,14.714175377770642,pooled_blood_group_product,200.0,0.19696969696969696,24.3,265.3,65.3,65.3,0.0,Low,Moderate
BB_0149,O_pos,cryoprecipitate,7,253.14285714285714,17.742872479097734,198.14285714285714,141.0,16.08142857142857,365,15.956259435791292,17.742872479097734,own_history,198.14285714285714,0.19696969696969696,29.3,282.4,84.3,84.3,0.0,Low,Moderate
BB_0149,O_pos,fresh_frozen_plasma,6,249.16666666666666,15.458546719102237,192.83333333333334,146.33333333333334,17.941666666666666,365,16.129072159319048,15.458546719102237,own_history,192.83333333333334,0.19696969696969696,25.5,274.7,81.9,81.9,0.0,Low,Moderate
BB_0149,O_pos,group_O_neg_emergency,2,244.0,5.656854249492381,211.0,148.5,15.32,42,15.59947653940603,15.59947653940603,pooled_blood_group_product,211.0,0.19696969696969696,25.7,269.7,58.7,58.7,0.0,Low,Moderate
BB_0149,O_pos,packed_RBC,4,256.75,22.60346581094737,195.5,134.5,13.48,42,16.220879283084294,16.220879283084294,pooled_blood_group_product,195.5,0.19696969696969696,26.8,283.6,88.1,88.1,0.0,Low,Low
BB_0149,O_pos,platelet_concentrate,4,239.25,9.742518497116993,190.5,137.75,18.6925,5,15.814220480272407,15.814220480272407,pooled_blood_group_product,190.5,0.19696969696969696,26.1,265.4,74.9,74.9,0.0,Low,Moderate
BB_0149,O_pos,whole_blood,6,248.5,9.731392500562293,208.33333333333334,128.83333333333334,19.968333333333334,42,15.320728507460478,9.731392500562293,own_history,208.33333333333334,0.19696969696969696,16.1,264.6,56.3,56.3,0.0,Low,High
